t,p_hpa,t_c,isa_alt_m,qnh_offset_m,alt_above_ref_m,accepted
669.1549,1008.44,23.1,41.28,+67.28,0.26,1
669.2855,1008.46,23.1,41.11,+95.47,-0.12,1
669.4140,1008.49,23.1,40.85,+95.47,-0.38,1
669.5431,1008.51,23.1,40.68,+95.47,-0.55,1
669.6721,1008.51,23.1,40.68,+95.47,-0.55,1
669.8028,1008.39,23.1,41.71,+95.47,0.48,1
669.9347,1008.43,23.1,41.37,+95.60,0.26,1
670.0642,1008.44,23.1,41.28,+95.60,0.18,1
670.1983,1008.46,23.2,41.12,+95.60,0.02,1
670.3317,1008.50,23.1,40.77,+95.60,-0.34,1
670.4663,1008.44,23.1,41.28,+95.60,0.18,1
670.6004,1008.43,23.1,41.37,+95.60,0.26,1
670.7329,1008.52,23.1,40.59,+95.60,-0.51,1
670.8685,1008.39,23.1,41.71,+95.60,0.61,1
671.0053,1008.43,23.1,41.37,+95.74,0.41,1
671.1388,1008.44,23.1,41.28,+95.74,0.33,1
671.2731,1008.47,23.1,41.02,+95.74,0.07,1
671.4085,1008.44,23.1,41.28,+95.74,0.33,1
671.5410,1008.47,23.1,41.02,+95.74,0.07,1
671.6759,1008.47,23.1,41.02,+95.74,0.07,1
671.8106,1008.47,23.1,41.02,+95.74,0.07,1
671.9463,1008.44,23.1,41.28,+95.91,0.50,1
672.0837,1008.43,23.1,41.37,+95.91,0.58,1
672.2205,1008.46,23.1,41.11,+95.91,0.32,1
672.3527,1008.44,23.1,41.28,+95.91,0.50,1
672.4892,1008.48,23.1,40.94,+95.91,0.15,1
672.6252,1008.50,23.1,40.77,+95.91,-0.02,1
672.7575,1008.52,23.1,40.59,+95.91,-0.19,1
672.8946,1008.52,23.1,40.59,+95.91,-0.19,1
673.0208,1008.52,23.1,40.59,+96.11,0.00,1
673.1529,1008.44,23.1,41.28,+96.11,0.69,1
673.2895,1008.48,23.1,40.94,+96.11,0.35,1
673.4261,1008.44,23.1,41.28,+96.11,0.69,1
673.5616,1008.45,23.1,41.20,+96.11,0.60,1
673.6961,1008.44,23.1,41.28,+96.11,0.69,1
673.8336,1008.48,23.1,40.94,+96.11,0.35,1
673.9728,1008.48,23.1,40.94,+96.30,0.54,1
674.1061,1008.48,23.1,40.94,+96.30,0.54,1
674.2430,1008.47,23.1,41.02,+96.30,0.63,1
674.3794,1008.51,23.1,40.68,+96.30,0.28,1
674.5115,1008.43,23.1,41.37,+96.30,0.97,1
674.6477,1008.44,23.1,41.28,+96.30,0.88,1
674.7845,1008.46,23.1,41.11,+96.30,0.71,1
674.9194,1008.43,23.1,41.37,+96.48,1.14,1
675.0552,1008.48,23.1,40.94,+96.48,0.71,1
675.1936,1008.52,23.1,40.59,+96.48,0.37,1
675.3301,1008.51,23.1,40.68,+96.48,0.46,1
675.4625,1008.45,23.1,41.20,+96.48,0.97,1
675.5986,1008.49,23.1,40.85,+96.48,0.63,1
675.7346,1008.46,23.1,41.11,+96.48,0.89,1
675.8693,1008.38,23.1,41.80,+96.48,1.57,1
675.9945,1008.51,23.1,40.68,+96.60,0.58,1
676.1294,1008.51,23.1,40.68,+96.60,0.58,1
676.2647,1008.46,23.1,41.11,+96.60,1.01,1
676.4010,1008.51,23.1,40.68,+96.60,0.58,1
676.5355,1008.59,23.1,39.99,+96.60,-0.11,1
676.6694,1008.49,23.1,40.85,+96.60,0.75,1
676.8075,1008.55,23.1,40.34,+96.60,0.24,1
676.9439,1008.48,23.1,40.94,+96.77,1.00,1
677.0799,1008.51,23.1,40.68,+96.77,0.75,1
677.2144,1008.50,23.1,40.77,+96.77,0.83,1
677.3500,1008.46,23.1,41.11,+96.77,1.18,1
677.4865,1008.55,23.1,40.34,+96.77,0.40,1
677.6204,1008.46,23.1,41.11,+96.77,1.18,1
677.7552,1008.50,23.1,40.77,+96.77,0.83,1
677.8808,1008.50,23.1,40.77,+96.77,0.83,1
678.0158,1008.46,23.1,41.11,+96.92,1.33,1
678.1520,1008.48,23.1,40.94,+96.92,1.16,1
678.2871,1008.49,23.1,40.85,+96.92,1.07,1
678.4221,1008.47,23.1,41.02,+96.92,1.24,1
678.5562,1008.53,23.1,40.51,+96.92,0.73,1
678.6942,1008.44,23.1,41.28,+96.92,1.50,1
678.8306,1008.47,23.1,41.02,+96.92,1.24,1
678.9686,1008.54,23.1,40.42,+97.05,0.77,1
679.1035,1008.50,23.1,40.77,+97.05,1.11,1
679.2404,1008.48,23.1,40.94,+97.05,1.28,1
679.3745,1008.47,23.1,41.02,+97.05,1.37,1
679.5105,1008.51,23.1,40.68,+97.05,1.03,1
679.6470,1008.45,23.1,41.20,+97.05,1.54,1
679.7812,1008.50,23.1,40.77,+97.05,1.11,1
679.9189,1008.51,23.1,40.68,+97.17,1.15,1
680.0565,1008.51,23.1,40.68,+97.17,1.15,1
680.1934,1008.49,23.1,40.85,+97.17,1.33,1
680.3257,1008.52,23.2,40.61,+97.17,1.08,1
680.4609,1008.45,23.2,41.21,+97.17,1.69,1
680.5981,1008.55,23.2,40.35,+97.17,0.82,1
680.7304,1008.49,23.2,40.87,+97.17,1.34,1
680.8675,1008.51,23.2,40.69,+97.17,1.17,1
680.9926,1008.53,23.2,40.52,+97.33,1.15,1
681.1262,1008.46,23.2,41.12,+97.33,1.75,1
681.2630,1008.44,23.2,41.30,+97.33,1.92,1
681.3997,1008.47,23.2,41.04,+97.33,1.66,1
681.5318,1008.52,23.2,40.61,+97.33,1.23,1
681.6683,1008.51,23.2,40.69,+97.33,1.32,1
681.8049,1008.56,23.2,40.26,+97.33,0.89,1
681.9421,1008.52,23.2,40.61,+97.47,1.38,1
682.0764,1008.55,23.2,40.35,+97.47,1.12,1
682.2145,1008.50,23.2,40.78,+97.47,1.55,1
682.3496,1008.49,23.2,40.87,+97.47,1.64,1
682.4825,1008.49,23.2,40.87,+97.47,1.64,1
682.6186,1008.46,23.2,41.12,+97.47,1.90,1
682.7547,1008.51,23.2,40.69,+97.47,1.47,1
682.8893,1008.47,23.2,41.04,+97.47,1.81,1
683.0146,1008.45,23.2,41.21,+97.59,2.10,1
683.1493,1008.45,23.2,41.21,+97.59,2.10,1
683.2832,1008.51,23.2,40.69,+97.59,1.58,1
683.4182,1008.44,23.2,41.30,+97.59,2.18,1
683.5543,1008.47,23.2,41.04,+97.59,1.92,1
683.6892,1008.50,23.2,40.78,+97.59,1.67,1
683.8236,1008.51,23.2,40.69,+97.59,1.58,1
683.9622,1008.50,23.2,40.78,+97.68,1.76,1
684.0975,1008.49,23.2,40.87,+97.68,1.85,1
684.2303,1008.50,23.2,40.78,+97.68,1.76,1
684.3675,1008.47,23.2,41.04,+97.68,2.02,1
684.5021,1008.50,23.2,40.78,+97.68,1.76,1
684.6361,1008.46,23.2,41.12,+97.68,2.11,1
684.7728,1008.47,23.2,41.04,+97.68,2.02,1
684.9112,1008.44,23.2,41.30,+97.70,2.30,1
685.0457,1008.45,23.2,41.21,+97.70,2.21,1
685.1801,1008.45,23.2,41.21,+97.70,2.21,1
685.3124,1008.48,23.2,40.95,+97.70,1.95,1
685.4476,1008.49,23.2,40.87,+97.70,1.87,1
685.5815,1008.45,23.2,41.21,+97.70,2.21,1
685.7139,1008.47,23.2,41.04,+97.70,2.04,1
685.8485,1008.49,23.2,40.87,+97.70,1.87,1
685.9862,1008.46,23.2,41.12,+97.72,2.14,1
686.1187,1008.45,23.2,41.21,+97.72,2.23,1
686.2531,1008.45,23.2,41.21,+97.72,2.23,1
686.3870,1008.46,23.2,41.12,+97.72,2.14,1
686.5206,1008.44,23.2,41.30,+97.72,2.31,1
686.6547,1008.55,23.2,40.35,+97.72,1.37,1
686.7897,1008.46,23.2,41.12,+97.72,2.14,1
686.9250,1008.47,23.2,41.04,+97.71,2.05,1
687.0594,1008.47,23.2,41.04,+97.71,2.05,1
687.1935,1008.44,23.2,41.30,+97.71,2.31,1
687.3259,1008.49,23.2,40.87,+97.71,1.88,1
687.4603,1008.49,23.2,40.87,+97.71,1.88,1
687.5963,1008.47,23.2,41.04,+97.71,2.05,1
687.7307,1008.48,23.2,40.95,+97.71,1.96,1
687.8652,1008.48,23.2,40.95,+97.71,1.96,1
688.0021,1008.44,23.2,41.30,+97.71,2.31,1
688.1384,1008.52,23.2,40.61,+97.71,1.62,1
688.2712,1008.45,23.2,41.21,+97.71,2.22,1
688.4070,1008.43,23.2,41.38,+97.71,2.40,1
688.5414,1008.49,23.2,40.87,+97.71,1.88,1
688.6751,1008.54,23.2,40.44,+97.71,1.45,1
688.8119,1008.47,23.2,41.04,+97.71,2.05,1
688.9484,1008.48,23.2,40.95,+97.69,1.94,1
689.0835,1008.44,23.2,41.30,+97.69,2.28,1
689.2184,1008.49,23.2,40.87,+97.69,1.85,1
689.3527,1008.44,23.2,41.30,+97.69,2.28,1
689.4891,1008.49,23.2,40.87,+97.69,1.85,1
689.6228,1008.50,23.2,40.78,+97.69,1.76,1
689.7586,1008.53,23.2,40.52,+97.69,1.51,1
689.8945,1008.54,23.2,40.44,+97.69,1.42,1
690.0307,1008.49,23.2,40.87,+97.70,1.86,1
690.1655,1008.51,23.2,40.69,+97.70,1.69,1
690.3032,1008.53,23.2,40.52,+97.70,1.52,1
690.4396,1008.47,23.2,41.04,+97.70,2.03,1
690.5723,1008.52,23.2,40.61,+97.70,1.60,1
690.7073,1008.44,23.2,41.30,+97.70,2.29,1
690.8454,1008.49,23.3,40.88,+97.70,1.88,1
690.9796,1008.46,23.3,41.14,+97.69,2.13,1
691.1164,1008.48,23.3,40.97,+97.69,1.96,1
691.2530,1008.58,23.3,40.10,+97.69,1.10,1
691.3862,1008.49,23.3,40.88,+97.69,1.87,1
691.5225,1008.54,23.3,40.45,+97.69,1.44,1
691.6587,1008.46,23.3,41.14,+97.69,2.13,1
691.7937,1008.45,23.3,41.22,+97.69,2.22,1
691.9298,1008.54,23.3,40.45,+97.68,1.42,1
692.0662,1008.48,23.3,40.97,+97.68,1.94,1
692.2013,1008.50,23.3,40.79,+97.68,1.77,1
692.3335,1008.49,23.3,40.88,+97.68,1.86,1
692.4703,1008.50,23.3,40.79,+97.68,1.77,1
692.6044,1008.44,23.3,41.31,+97.68,2.29,1
692.7382,1008.49,23.3,40.88,+97.68,1.86,1
692.8751,1008.54,23.3,40.45,+97.68,1.42,1
693.0124,1008.53,23.3,40.54,+97.67,1.50,1
693.1477,1008.53,23.3,40.54,+97.67,1.50,1
693.2818,1008.52,23.3,40.62,+97.67,1.59,1
693.4165,1008.49,23.3,40.88,+97.67,1.85,1
693.5524,1008.56,23.3,40.28,+97.67,1.25,1
693.6857,1008.53,23.3,40.54,+97.67,1.50,1
693.8206,1008.39,23.3,41.74,+97.67,2.71,1
693.9588,1008.59,23.3,40.02,+97.61,0.93,1
694.0938,1008.60,23.3,39.93,+97.61,0.84,1
694.2286,1008.45,23.3,41.22,+97.61,2.13,1
694.3650,1008.52,23.3,40.62,+97.61,1.53,1
694.5014,1008.56,23.3,40.28,+97.61,1.19,1
694.6347,1008.50,23.3,40.79,+97.61,1.70,1
694.7713,1008.52,23.3,40.62,+97.61,1.53,1
694.9103,1008.51,23.3,40.71,+97.56,1.57,1
695.0437,1008.49,23.3,40.88,+97.56,1.74,1
695.1819,1008.46,23.3,41.14,+97.56,2.00,1
695.3186,1008.54,23.3,40.45,+97.56,1.31,1
695.4510,1008.49,23.3,40.88,+97.56,1.74,1
695.5874,1008.53,23.3,40.54,+97.56,1.40,1
695.7252,1008.46,23.3,41.14,+97.56,2.00,1
695.8603,1008.56,23.3,40.28,+97.56,1.14,1
695.9953,1008.50,23.3,40.79,+97.50,1.59,1
696.1319,1008.55,23.3,40.36,+97.50,1.16,1
696.2679,1008.50,23.3,40.79,+97.50,1.59,1
696.4004,1008.47,23.3,41.05,+97.50,1.85,1
696.5364,1008.51,23.3,40.71,+97.50,1.51,1
696.6706,1008.49,23.3,40.88,+97.50,1.68,1
696.8062,1008.49,23.3,40.88,+97.50,1.68,1
696.9315,1008.47,23.3,41.05,+97.39,1.75,1
697.0665,1008.51,23.3,40.71,+97.39,1.40,1
697.2010,1008.52,23.3,40.62,+97.39,1.32,1
697.3387,1008.50,23.3,40.79,+97.39,1.49,1
697.4734,1008.54,23.3,40.45,+97.39,1.14,1
697.6102,1008.49,23.3,40.88,+97.39,1.57,1
697.7444,1008.49,23.3,40.88,+97.39,1.57,1
697.8807,1008.55,23.3,40.36,+97.39,1.06,1
698.0182,1008.56,23.3,40.28,+97.29,0.87,1
698.1521,1008.52,23.3,40.62,+97.29,1.21,1
698.2868,1008.54,23.3,40.45,+97.29,1.04,1
698.4244,1008.57,23.3,40.19,+97.29,0.78,1
698.5586,1008.56,23.3,40.28,+97.29,0.87,1
698.6928,1008.53,23.3,40.54,+97.29,1.13,1
698.8300,1008.58,23.3,40.10,+97.29,0.70,1
698.9701,1008.54,23.3,40.45,+97.19,0.94,1
699.1026,1008.53,23.3,40.54,+97.19,1.02,1
699.2393,1008.49,23.3,40.88,+97.19,1.37,1
699.3760,1008.47,23.3,41.05,+97.19,1.54,1
699.5093,1008.53,23.3,40.54,+97.19,1.02,1
699.6456,1008.57,23.3,40.19,+97.19,0.68,1
699.7826,1008.53,23.3,40.54,+97.19,1.02,1
699.9176,1008.51,23.3,40.71,+97.06,1.07,1
700.0540,1008.53,23.3,40.54,+97.06,0.90,1
700.1906,1008.55,23.3,40.36,+97.06,0.73,1
700.3252,1008.54,23.3,40.45,+97.06,0.81,1
700.4593,1008.53,23.3,40.54,+97.06,0.90,1
700.5970,1008.53,23.3,40.54,+97.06,0.90,1
700.7318,1008.53,23.3,40.54,+97.06,0.90,1
700.8664,1008.48,23.3,40.97,+97.06,1.33,1
700.9915,1008.56,23.3,40.28,+96.91,0.49,1
701.1275,1008.46,23.3,41.14,+96.91,1.35,1
701.2617,1008.59,23.3,40.02,+96.91,0.23,1
701.3980,1008.56,23.3,40.28,+96.91,0.49,1
701.5325,1008.51,23.3,40.71,+96.91,0.92,1
701.6664,1008.57,23.3,40.19,+96.91,0.40,1
701.8029,1008.56,23.3,40.28,+96.91,0.49,1
701.9391,1008.55,23.3,40.36,+96.78,0.44,1
702.0748,1008.54,23.3,40.45,+96.78,0.53,1
702.2102,1008.53,23.3,40.54,+96.78,0.61,1
702.3445,1008.58,23.3,40.10,+96.78,0.18,1
702.4809,1008.55,23.3,40.36,+96.78,0.44,1
702.6148,1008.47,23.3,41.05,+96.78,1.13,1
702.7506,1008.50,23.3,40.79,+96.78,0.87,1
702.8878,1008.55,23.3,40.36,+96.78,0.44,1
703.0245,1008.55,23.3,40.36,+96.63,0.30,1
703.1590,1008.53,23.3,40.54,+96.63,0.47,1
703.2967,1008.52,23.3,40.62,+96.63,0.56,1
703.4330,1008.50,23.3,40.79,+96.63,0.73,1
703.5652,1008.48,23.3,40.97,+96.63,0.90,1
703.7007,1008.48,23.3,40.97,+96.63,0.90,1
703.8386,1008.57,23.4,40.20,+96.63,0.14,1
703.9733,1008.52,23.4,40.64,+96.51,0.44,1
704.1102,1008.44,23.4,41.32,+96.51,1.13,1
704.2475,1008.46,23.4,41.15,+96.51,0.96,1
704.3810,1008.50,23.4,40.81,+96.51,0.62,1
704.5161,1008.55,23.4,40.38,+96.51,0.19,1
704.6521,1008.51,23.3,40.71,+96.51,0.52,1
704.7871,1008.53,23.3,40.54,+96.51,0.35,1
704.9233,1008.52,23.4,40.64,+96.38,0.31,1
705.0600,1008.50,23.4,40.81,+96.38,0.48,1
705.1951,1008.53,23.3,40.54,+96.38,0.21,1
705.3293,1008.49,23.3,40.88,+96.38,0.56,1
705.4668,1008.52,23.3,40.62,+96.38,0.30,1
705.6014,1008.52,23.3,40.62,+96.38,0.30,1
705.7357,1008.56,23.4,40.29,+96.38,-0.03,1
705.8708,1008.46,23.4,41.15,+96.38,0.83,1
705.9970,1008.39,23.4,41.76,+96.20,1.26,1
706.1298,1008.45,23.4,41.24,+96.20,0.74,1
706.2657,1008.53,23.4,40.55,+96.20,0.05,1
706.4005,1008.49,23.4,40.89,+96.20,0.40,1
706.5385,1008.39,23.4,41.76,+96.20,1.26,1
706.6731,1008.52,23.4,40.64,+96.20,0.14,1
706.8085,1008.45,23.4,41.24,+96.20,0.74,1
706.9343,1008.52,23.4,40.64,+96.02,-0.04,1
707.0687,1008.47,23.3,41.05,+96.02,0.37,1
707.2032,1008.49,23.4,40.89,+96.02,0.21,1
707.3398,1008.51,23.4,40.72,+96.02,0.04,1
707.4743,1008.55,23.4,40.38,+96.02,-0.30,1
707.6121,1008.49,23.4,40.89,+96.02,0.21,1
707.7468,1008.47,23.4,41.07,+96.02,0.39,1
707.8814,1008.44,23.4,41.32,+96.02,0.64,1
708.0070,1008.53,23.4,40.55,+95.84,-0.31,1
708.1427,1008.52,23.4,40.64,+95.84,-0.22,1
708.2750,1008.55,23.4,40.38,+95.84,-0.48,1
708.4114,1008.49,23.4,40.89,+95.84,0.04,1
708.5486,1008.47,23.4,41.07,+95.84,0.21,1
708.6844,1008.49,23.4,40.89,+95.84,0.04,1
708.8193,1008.46,23.4,41.15,+95.84,0.29,1
708.9449,1008.48,23.4,40.98,+95.67,-0.05,1
709.0802,1008.50,23.4,40.81,+95.67,-0.23,1
709.2150,1008.45,23.4,41.24,+95.67,0.20,1
709.3512,1008.46,23.4,41.15,+95.67,0.12,1
709.4859,1008.36,23.4,42.01,+95.67,0.98,1
709.6202,1008.45,23.4,41.24,+95.67,0.20,1
709.7581,1008.45,23.4,41.24,+95.67,0.20,1
709.8938,1008.48,23.4,40.98,+95.67,-0.05,1
710.0291,1008.38,23.4,41.84,+95.50,0.64,1
710.1653,1008.35,23.4,42.10,+95.50,0.90,1
710.3017,1008.47,23.4,41.07,+95.50,-0.14,1
710.4384,1008.47,23.4,41.07,+95.50,-0.14,1
710.5726,1008.47,23.4,41.07,+95.50,-0.14,1
710.7077,1008.47,23.4,41.07,+95.50,-0.14,1
710.8448,1008.46,23.4,41.15,+95.50,-0.05,1
710.9814,1008.48,23.4,40.98,+95.31,-0.41,1
711.1161,1008.45,23.4,41.24,+95.31,-0.15,1
711.2535,1008.49,23.4,40.89,+95.31,-0.49,1
711.3892,1008.44,23.4,41.32,+95.31,-0.06,1
711.5239,1008.47,23.4,41.07,+95.31,-0.32,1
711.6603,1008.47,23.4,41.07,+95.31,-0.32,1
711.7982,1008.39,23.4,41.76,+95.31,0.37,1
711.9332,1008.44,23.4,41.32,+95.11,-0.26,1
712.0685,1008.45,23.4,41.24,+95.11,-0.35,1
712.2058,1008.44,23.4,41.32,+95.11,-0.26,1
712.3380,1008.47,23.4,41.07,+95.11,-0.52,1
712.4741,1008.48,23.4,40.98,+95.11,-0.61,1
712.6105,1008.49,23.4,40.89,+95.11,-0.69,1
712.7432,1008.46,23.4,41.15,+95.11,-0.43,1
712.8803,1008.44,23.4,41.32,+95.11,-0.26,1
713.0069,1008.50,23.4,40.81,+94.93,-0.97,1
713.1400,1008.48,23.4,40.98,+94.93,-0.79,1
713.2767,1008.44,23.4,41.32,+94.93,-0.45,1
713.4132,1008.44,23.4,41.32,+94.93,-0.45,1
713.5494,1008.47,23.4,41.07,+94.93,-0.71,1
713.6838,1008.47,23.4,41.07,+94.93,-0.71,1
713.8213,1008.50,23.4,40.81,+94.93,-0.97,1
713.9588,1008.45,23.4,41.24,+94.74,-0.72,1
714.0934,1008.47,23.4,41.07,+94.74,-0.89,1
714.2297,1008.44,23.3,41.31,+94.74,-0.65,1
714.3644,1008.44,23.4,41.32,+94.74,-0.63,1
714.4991,1008.51,23.4,40.72,+94.74,-1.24,1
714.6370,1008.47,23.4,41.07,+94.74,-0.89,1
714.7719,1008.48,23.4,40.98,+94.74,-0.98,1
714.9113,1008.46,23.4,41.15,+94.53,-1.02,1
715.0440,1008.49,23.4,40.89,+94.53,-1.27,1
715.1794,1008.54,23.4,40.46,+94.53,-1.70,1
715.3151,1008.48,23.4,40.98,+94.53,-1.19,1
715.4497,1008.52,23.4,40.64,+94.53,-1.53,1
715.5846,1008.47,23.4,41.07,+94.53,-1.10,1
715.7213,1008.46,23.4,41.15,+94.53,-1.02,1
715.8557,1008.46,23.4,41.15,+94.53,-1.02,1
715.9923,1008.49,23.4,40.89,+94.31,-1.50,1
716.1284,1008.48,23.4,40.98,+94.31,-1.41,1
716.2664,1008.50,23.4,40.81,+94.31,-1.58,1
716.3988,1008.54,23.4,40.46,+94.31,-1.93,1
716.5340,1008.55,23.4,40.38,+94.31,-2.02,1
716.6703,1008.52,23.4,40.64,+94.31,-1.76,1
716.8046,1008.47,23.4,41.07,+94.31,-1.33,1
716.9299,1008.51,23.4,40.72,+94.08,-1.90,1
717.0672,1008.58,23.4,40.12,+94.08,-2.50,1
717.2005,1008.50,23.4,40.81,+94.08,-1.81,1
717.3369,1008.51,23.4,40.72,+94.08,-1.90,1
717.4735,1008.52,23.4,40.64,+94.08,-1.99,1
717.6060,1008.46,23.4,41.15,+94.08,-1.47,1
717.7431,1008.53,23.4,40.55,+94.08,-2.07,1
717.8791,1008.53,23.4,40.55,+94.08,-2.07,1
718.0139,1008.49,23.4,40.89,+93.86,-1.95,1
718.1483,1008.55,23.4,40.38,+93.86,-2.47,1
718.2829,1008.52,23.4,40.64,+93.86,-2.21,1
718.4166,1008.55,23.4,40.38,+93.86,-2.47,1
718.5506,1008.52,23.4,40.64,+93.86,-2.21,1
718.6850,1008.46,23.4,41.15,+93.86,-1.69,1
718.8184,1008.46,23.4,41.15,+93.86,-1.69,1
718.9549,1008.44,23.4,41.32,+93.61,-1.77,1
719.0901,1008.46,23.4,41.15,+93.61,-1.94,1
719.2234,1008.44,23.4,41.32,+93.61,-1.77,1
719.3577,1008.53,23.4,40.55,+93.61,-2.54,1
719.4934,1008.46,23.4,41.15,+93.61,-1.94,1
719.6262,1008.52,23.4,40.64,+93.61,-2.46,1
719.7596,1008.49,23.4,40.89,+93.61,-2.20,1
719.8938,1008.51,23.4,40.72,+93.61,-2.37,1
720.0305,1008.51,23.4,40.72,+93.37,-2.60,1
720.1652,1008.57,23.4,40.20,+93.37,-3.12,1
720.2994,1008.45,23.4,41.24,+93.37,-2.09,1
720.4322,1008.47,23.4,41.07,+93.37,-2.26,1
720.5668,1008.52,23.4,40.64,+93.37,-2.69,1
720.7005,1008.43,23.4,41.41,+93.37,-1.92,1
720.8334,1008.46,23.4,41.15,+93.37,-2.17,1
720.9706,1008.48,23.4,40.98,+93.12,-2.60,1
721.1066,1008.48,23.4,40.98,+93.12,-2.60,1
721.2396,1008.45,23.5,41.25,+93.12,-2.32,1
721.3738,1008.50,23.5,40.82,+93.12,-2.75,1
721.5084,1008.51,23.5,40.73,+93.12,-2.84,1
721.6418,1008.50,23.4,40.81,+93.12,-2.77,1
721.7764,1008.48,23.5,40.99,+93.12,-2.58,1
721.9133,1008.51,23.5,40.73,+92.88,-3.09,1
722.0465,1008.50,23.5,40.82,+92.88,-3.00,1
722.1824,1008.47,23.5,41.08,+92.88,-2.74,1
722.3183,1008.50,23.5,40.82,+92.88,-3.00,1
722.4523,1008.51,23.5,40.73,+92.88,-3.09,1
722.5867,1008.51,23.5,40.73,+92.88,-3.09,1
722.7235,1008.53,23.5,40.56,+92.88,-3.26,1
722.8577,1008.48,23.5,40.99,+92.88,-2.83,1
722.9950,1008.55,23.5,40.39,+92.63,-3.68,1
723.1311,1008.45,23.5,41.25,+92.63,-2.82,1
723.2664,1008.53,23.5,40.56,+92.63,-3.51,1
723.4021,1008.47,23.5,41.08,+92.63,-2.99,1
723.5365,1008.45,23.5,41.25,+92.63,-2.82,1
723.6707,1008.48,23.5,40.99,+92.63,-3.08,1
723.8069,1008.47,23.5,41.08,+92.63,-2.99,1
723.9436,1008.48,23.5,40.99,+92.35,-3.35,1
724.0779,1008.49,23.5,40.91,+92.35,-3.44,1
724.2144,1008.50,23.4,40.81,+92.35,-3.54,1
724.3500,1008.52,23.5,40.65,+92.35,-3.70,1
724.4835,1008.46,23.4,41.15,+92.35,-3.19,1
724.6191,1008.44,23.4,41.32,+92.35,-3.02,1
724.7554,1008.46,23.4,41.15,+92.35,-3.19,1
724.8895,1008.49,23.4,40.89,+92.35,-3.45,1
725.0281,1008.53,23.4,40.55,+92.06,-4.09,1
725.1644,1008.57,23.4,40.20,+92.06,-4.43,1
725.2974,1008.48,23.4,40.98,+92.06,-3.66,1
725.4331,1008.47,23.4,41.07,+92.06,-3.57,1
725.5686,1008.50,23.4,40.81,+92.06,-3.83,1
725.7012,1008.48,23.4,40.98,+92.06,-3.66,1
725.8377,1008.53,23.4,40.55,+92.06,-4.09,1
725.9631,1008.51,23.4,40.72,+91.77,-4.21,1
726.0959,1008.46,23.4,41.15,+91.77,-3.78,1
726.2323,1008.51,23.4,40.72,+91.77,-4.21,1
726.3681,1008.53,23.4,40.55,+91.77,-4.38,1
726.5034,1008.48,23.4,40.98,+91.77,-3.95,1
726.6363,1008.53,23.4,40.55,+91.77,-4.38,1
726.7723,1008.50,23.4,40.81,+91.77,-4.12,1
726.9090,1008.64,23.4,39.60,+91.45,-5.65,1
727.0440,1008.51,23.4,40.72,+91.45,-4.53,1
727.1796,1008.52,23.3,40.62,+91.45,-4.63,1
727.3133,1008.53,23.3,40.54,+91.45,-4.71,1
727.4478,1008.51,23.3,40.71,+91.45,-4.54,1
727.5860,1008.51,23.3,40.71,+91.45,-4.54,1
727.7200,1008.49,23.3,40.88,+91.45,-4.37,1
727.8563,1008.49,23.3,40.88,+91.45,-4.37,1
727.9937,1008.50,23.3,40.79,+91.12,-4.79,1
728.1293,1008.54,23.3,40.45,+91.12,-5.13,1
728.2654,1008.57,23.3,40.19,+91.12,-5.39,1
728.3996,1008.51,23.3,40.71,+91.12,-4.87,1
728.5339,1008.56,23.3,40.28,+91.12,-5.30,1
728.6695,1008.48,23.3,40.97,+91.12,-4.62,1
728.8039,1008.52,23.3,40.62,+91.12,-4.96,1
728.9407,1008.45,23.3,41.22,+90.77,-4.71,1
729.0770,1008.50,23.3,40.79,+90.77,-5.14,1
729.2142,1008.55,23.3,40.36,+90.77,-5.57,1
729.3466,1008.50,23.3,40.79,+90.77,-5.14,1
729.4813,1008.50,23.3,40.79,+90.77,-5.14,1
729.6168,1008.56,23.3,40.28,+90.77,-5.65,1
729.7507,1008.44,23.3,41.31,+90.77,-4.62,1
729.8871,1008.53,23.3,40.54,+90.77,-5.40,1
730.0255,1008.59,23.3,40.02,+90.40,-6.28,1
730.1583,1008.48,23.3,40.97,+90.40,-5.33,1
730.2959,1008.53,23.3,40.54,+90.40,-5.76,1
730.4318,1008.46,23.3,41.14,+90.40,-5.16,1
730.5657,1008.51,23.3,40.71,+90.40,-5.59,1
730.6992,1008.50,23.3,40.79,+90.40,-5.50,1
730.8365,1008.51,23.3,40.71,+90.40,-5.59,1
730.9726,1008.53,23.3,40.54,+90.02,-6.14,1
731.1078,1008.50,23.3,40.79,+90.02,-5.88,1
731.2446,1008.54,23.3,40.45,+90.02,-6.23,1
731.3797,1008.53,23.3,40.54,+90.02,-6.14,1
731.5138,1008.52,23.3,40.62,+90.02,-6.05,1
731.6494,1008.52,23.3,40.62,+90.02,-6.05,1
731.7840,1008.52,23.3,40.62,+90.02,-6.05,1
731.9235,1008.49,23.3,40.88,+89.64,-6.18,1
732.0578,1008.53,23.4,40.55,+89.64,-6.51,1
732.1934,1008.51,23.3,40.71,+89.64,-6.35,1
732.3305,1008.56,23.3,40.28,+89.64,-6.78,1
732.4659,1008.64,23.4,39.60,+89.64,-7.46,1
732.6008,1008.61,23.4,39.86,+89.64,-7.20,1
732.7382,1008.48,23.4,40.98,+89.64,-6.08,1
732.8732,1008.57,23.4,40.20,+89.64,-6.86,1
733.0109,1008.52,23.4,40.64,+89.26,-6.81,1
733.1471,1008.54,23.4,40.46,+89.26,-6.98,1
733.2839,1008.50,23.4,40.81,+89.26,-6.64,1
733.4167,1008.58,23.4,40.12,+89.26,-7.32,1
733.5553,1008.58,23.4,40.12,+89.26,-7.32,1
733.6895,1008.51,23.4,40.72,+89.26,-6.72,1
733.8223,1008.53,23.4,40.55,+89.26,-6.89,1
733.9480,1008.51,23.4,40.72,+88.84,-7.14,1
734.0739,1008.52,23.4,40.64,+88.84,-7.22,1
734.2067,1008.56,23.4,40.29,+88.84,-7.57,1
734.3424,1008.54,23.3,40.45,+88.84,-7.41,1
734.4786,1008.52,23.3,40.62,+88.84,-7.24,1
734.6121,1008.50,23.4,40.81,+88.84,-7.05,1
734.7479,1008.54,23.3,40.45,+88.84,-7.41,1
734.8847,1008.57,23.3,40.19,+88.84,-7.67,1
735.0195,1008.51,23.3,40.71,+88.42,-7.57,1
735.1543,1008.51,23.3,40.71,+88.42,-7.57,1
735.2876,1008.44,23.3,41.31,+88.42,-6.97,1
735.4219,1008.51,23.3,40.71,+88.42,-7.57,1
735.5543,1008.51,23.3,40.71,+88.42,-7.57,1
735.6897,1008.56,23.3,40.28,+88.42,-8.00,1
735.8245,1008.59,23.3,40.02,+88.42,-8.26,1
735.9595,1008.57,23.3,40.19,+87.98,-8.53,1
736.0941,1008.54,23.3,40.45,+87.98,-8.27,1
736.2299,1008.54,23.3,40.45,+87.98,-8.27,1
736.3623,1008.52,23.3,40.62,+87.98,-8.10,1
736.4973,1008.56,23.3,40.28,+87.98,-8.45,1
736.6315,1008.61,23.3,39.85,+87.98,-8.88,1
736.7654,1008.56,23.3,40.28,+87.98,-8.45,1
736.9021,1008.52,23.3,40.62,+87.51,-8.57,1
737.0375,1008.56,23.3,40.28,+87.51,-8.92,1
737.1704,1008.62,23.3,39.76,+87.51,-9.43,1
737.3061,1008.58,23.3,40.10,+87.51,-9.09,1
737.4403,1008.58,23.3,40.10,+87.51,-9.09,1
737.5750,1008.54,23.3,40.45,+87.51,-8.74,1
737.7095,1008.47,23.3,41.05,+87.51,-8.14,1
737.8480,1008.52,23.4,40.64,+87.51,-8.56,1
737.9843,1008.52,23.3,40.62,+87.02,-9.06,1
738.1199,1008.55,23.4,40.38,+87.02,-9.31,1
738.2549,1008.53,23.3,40.54,+87.02,-9.15,1
738.3883,1008.50,23.4,40.81,+87.02,-8.88,1
738.5224,1008.53,23.4,40.55,+87.02,-9.13,1
738.6564,1008.53,23.4,40.55,+87.02,-9.13,1
738.7898,1008.48,23.4,40.98,+87.02,-8.70,1
738.9264,1008.48,23.4,40.98,+86.51,-9.21,1
739.0606,1008.55,23.4,40.38,+86.51,-9.82,1
739.1939,1008.59,23.4,40.03,+86.51,-10.16,1
739.3283,1008.50,23.4,40.81,+86.51,-9.39,1
739.4635,1008.46,23.4,41.15,+86.51,-9.04,1
739.5956,1008.52,23.4,40.64,+86.51,-9.56,1
739.7304,1008.55,23.4,40.38,+86.51,-9.82,1
739.8653,1008.55,23.4,40.38,+86.51,-9.82,1
740.0002,1008.56,23.4,40.29,+86.01,-10.40,1
740.1332,1008.50,23.4,40.81,+86.01,-9.89,1
740.2672,1008.50,23.3,40.79,+86.01,-9.90,1
740.3988,1008.46,23.4,41.15,+86.01,-9.54,1
740.5339,1008.55,23.3,40.36,+86.01,-10.33,1
740.6673,1008.44,23.3,41.31,+86.01,-9.38,1
740.8000,1008.54,23.3,40.45,+86.01,-10.24,1
740.9377,1008.53,23.3,40.54,+85.50,-10.66,1
741.0742,1008.50,23.3,40.79,+85.50,-10.40,1
741.2083,1008.47,23.3,41.05,+85.50,-10.14,1
741.3408,1008.50,23.3,40.79,+85.50,-10.40,1
741.4775,1008.51,23.3,40.71,+85.50,-10.49,1
741.6127,1008.52,23.3,40.62,+85.50,-10.57,1
741.7452,1008.53,23.3,40.54,+85.50,-10.66,1
741.8804,1008.50,23.3,40.79,+85.50,-10.40,1
742.0170,1008.54,23.3,40.45,+85.00,-11.25,1
742.1504,1008.51,23.3,40.71,+85.00,-11.00,1
742.2843,1008.48,23.3,40.97,+85.00,-10.74,1
742.4186,1008.50,23.3,40.79,+85.00,-10.91,1
742.5513,1008.49,23.3,40.88,+85.00,-10.82,1
742.6851,1008.57,23.3,40.19,+85.00,-11.51,1
742.8192,1008.50,23.3,40.79,+85.00,-10.91,1
742.9542,1008.54,23.3,40.45,+84.50,-11.75,1
743.0882,1008.51,23.3,40.71,+84.50,-11.50,1
743.2233,1008.53,23.3,40.54,+84.50,-11.67,1
743.3556,1008.55,23.3,40.36,+84.50,-11.84,1
743.4893,1008.50,23.3,40.79,+84.50,-11.41,1
743.6228,1008.46,23.3,41.14,+84.50,-11.07,1
743.7562,1008.49,23.3,40.88,+84.50,-11.32,1
743.8910,1008.50,23.4,40.81,+84.50,-11.40,1
744.0275,1008.53,23.4,40.55,+84.00,-12.16,1
744.1600,1008.54,23.4,40.46,+84.00,-12.24,1
744.2958,1008.52,23.4,40.64,+84.00,-12.07,1
744.4300,1008.53,23.4,40.55,+84.00,-12.16,1
744.5621,1008.51,23.4,40.72,+84.00,-11.98,1
744.6964,1008.55,23.4,40.38,+84.00,-12.33,1
744.8360,1008.52,23.4,40.64,+84.00,-12.07,1
744.9705,1008.59,23.4,40.03,+83.50,-13.17,1
745.1057,1008.49,23.4,40.89,+83.50,-12.31,1
745.2437,1008.55,23.4,40.38,+83.50,-12.82,1
745.3767,1008.61,23.4,39.86,+83.50,-13.34,1
745.5109,1008.60,23.4,39.95,+83.50,-13.26,1
745.6475,1008.48,23.4,40.98,+83.50,-12.22,1
745.7827,1008.57,23.4,40.20,+83.50,-13.00,1
745.9202,1008.60,23.4,39.95,+83.02,-13.74,1
746.0561,1008.57,23.4,40.20,+83.02,-13.48,1
746.1907,1008.57,23.4,40.20,+83.02,-13.48,1
746.3230,1008.56,23.4,40.29,+83.02,-13.39,1
746.4607,1008.55,23.4,40.38,+83.02,-13.31,1
746.5970,1008.51,23.4,40.72,+83.02,-12.96,1
746.7296,1008.55,23.4,40.38,+83.02,-13.31,1
746.8656,1008.47,23.4,41.07,+83.02,-12.62,1
746.9921,1008.56,23.4,40.29,+82.50,-13.91,1
747.1230,1008.48,23.4,40.98,+82.50,-13.22,1
747.2596,1008.57,23.4,40.20,+82.50,-13.99,1
747.3958,1008.55,23.4,40.38,+82.50,-13.82,1
747.5295,1008.57,23.4,40.20,+82.50,-13.99,1
747.6655,1008.51,23.4,40.72,+82.50,-13.48,1
747.8026,1008.54,23.4,40.46,+82.50,-13.73,1
747.9399,1008.52,23.4,40.64,+82.01,-14.06,1
748.0732,1008.47,23.4,41.07,+82.01,-13.63,1
748.2099,1008.46,23.4,41.15,+82.01,-13.54,1
748.3440,1008.53,23.4,40.55,+82.01,-14.14,1
748.4775,1008.54,23.4,40.46,+82.01,-14.23,1
748.6151,1008.56,23.4,40.29,+82.01,-14.40,1
748.7495,1008.51,23.4,40.72,+82.01,-13.97,1
748.8839,1008.48,23.4,40.98,+82.01,-13.71,1
749.0099,1008.49,23.4,40.89,+81.49,-14.31,1
749.1459,1008.48,23.4,40.98,+81.49,-14.23,1
749.2784,1008.58,23.5,40.13,+81.49,-15.07,1
749.4151,1008.48,23.4,40.98,+81.49,-14.23,1
749.5495,1008.51,23.5,40.73,+81.49,-14.47,1
749.6860,1008.49,23.5,40.91,+81.49,-14.30,1
749.8191,1008.47,23.5,41.08,+81.49,-14.13,1
749.9445,1008.49,23.5,40.91,+80.99,-14.80,1
750.0783,1008.46,23.5,41.17,+80.99,-14.55,1
750.2127,1008.58,23.5,40.13,+80.99,-15.58,1
750.3495,1008.56,23.5,40.30,+80.99,-15.41,1
750.4840,1008.45,23.5,41.25,+80.99,-14.46,1
750.6172,1008.50,23.5,40.82,+80.99,-14.89,1
750.7550,1008.54,23.5,40.48,+80.99,-15.24,1
750.8896,1008.56,23.5,40.30,+80.99,-15.41,1
751.0244,1008.57,23.5,40.22,+80.52,-15.97,1
751.1611,1008.52,23.5,40.65,+80.52,-15.53,1
751.2981,1008.51,23.5,40.73,+80.52,-15.45,1
751.4346,1008.57,23.5,40.22,+80.52,-15.97,1
751.5684,1008.57,23.5,40.22,+80.52,-15.97,1
751.7035,1008.55,23.5,40.39,+80.52,-15.79,1
751.8412,1008.58,23.5,40.13,+80.52,-16.05,1
751.9775,1008.56,23.5,40.30,+80.06,-16.33,1
752.1122,1008.59,23.5,40.05,+80.06,-16.59,1
752.2482,1008.48,23.5,40.99,+80.06,-15.64,1
752.3833,1008.52,23.5,40.65,+80.06,-15.99,1
752.5177,1008.51,23.5,40.73,+80.06,-15.90,1
752.6539,1008.52,23.5,40.65,+80.06,-15.99,1
752.7920,1008.59,23.5,40.05,+80.06,-16.59,1
752.9272,1008.49,23.5,40.91,+79.61,-16.19,1
753.0631,1008.57,23.5,40.22,+79.61,-16.88,1
753.2006,1008.48,23.5,40.99,+79.61,-16.10,1
753.3350,1008.54,23.5,40.48,+79.61,-16.62,1
753.4729,1008.52,23.5,40.65,+79.61,-16.44,1
753.6095,1008.50,23.5,40.82,+79.61,-16.27,1
753.7425,1008.48,23.5,40.99,+79.61,-16.10,1
753.8800,1008.51,23.5,40.73,+79.61,-16.36,1
754.0064,1008.50,23.5,40.82,+79.13,-16.75,1
754.1394,1008.50,23.5,40.82,+79.13,-16.75,1
754.2752,1008.53,23.5,40.56,+79.13,-17.01,1
754.4116,1008.57,23.5,40.22,+79.13,-17.35,1
754.5480,1008.54,23.5,40.48,+79.13,-17.09,1
754.6823,1008.53,23.5,40.56,+79.13,-17.01,1
754.8196,1008.60,23.5,39.96,+79.13,-17.61,1
754.9573,1008.50,23.5,40.82,+78.66,-17.22,1
755.0920,1008.50,23.5,40.82,+78.66,-17.22,1
755.2287,1008.47,23.5,41.08,+78.66,-16.96,1
755.3634,1008.44,23.5,41.34,+78.66,-16.70,1
755.4979,1008.53,23.5,40.56,+78.66,-17.47,1
755.6357,1008.48,23.5,40.99,+78.66,-17.04,1
755.7707,1008.47,23.5,41.08,+78.66,-16.96,1
755.9099,1008.46,23.5,41.17,+78.17,-17.36,1
756.0452,1008.52,23.5,40.65,+78.17,-17.88,1
756.1804,1008.53,23.5,40.56,+78.17,-17.96,1
756.3161,1008.54,23.5,40.48,+78.17,-18.05,1
756.4508,1008.53,23.5,40.56,+78.17,-17.96,1
756.5857,1008.50,23.5,40.82,+78.17,-17.71,1
756.7225,1008.50,23.5,40.82,+78.17,-17.71,1
756.8569,1008.56,23.6,40.32,+78.17,-18.21,1
756.9945,1008.56,23.6,40.32,+77.71,-18.67,1
757.1316,1008.59,23.6,40.06,+77.71,-18.93,1
757.2696,1008.51,23.5,40.73,+77.71,-18.25,1
757.4019,1008.46,23.5,41.17,+77.71,-17.82,1
757.5359,1008.48,23.6,41.01,+77.71,-17.98,1
757.6700,1008.55,23.6,40.40,+77.71,-18.58,1
757.8046,1008.55,23.6,40.40,+77.71,-18.58,1
757.9415,1008.51,23.6,40.75,+77.25,-18.70,1
758.0761,1008.48,23.6,41.01,+77.25,-18.44,1
758.2096,1008.55,23.6,40.40,+77.25,-19.05,1
758.3439,1008.57,23.6,40.23,+77.25,-19.22,1
758.4776,1008.55,23.6,40.40,+77.25,-19.05,1
758.6098,1008.55,23.6,40.40,+77.25,-19.05,1
758.7445,1008.53,23.6,40.58,+77.25,-18.87,1
758.8809,1008.56,23.6,40.32,+77.25,-19.13,1
759.0154,1008.54,23.6,40.49,+76.80,-19.41,1
759.1499,1008.58,23.6,40.15,+76.80,-19.76,1
759.2846,1008.49,23.6,40.92,+76.80,-18.98,1
759.4178,1008.54,23.6,40.49,+76.80,-19.41,1
759.5521,1008.54,23.6,40.49,+76.80,-19.41,1
759.6865,1008.54,23.6,40.49,+76.80,-19.41,1
759.8194,1008.58,23.6,40.15,+76.80,-19.76,1
759.9564,1008.51,23.6,40.75,+76.31,-19.64,1
760.0904,1008.52,23.6,40.66,+76.31,-19.73,1
760.2237,1008.52,23.6,40.66,+76.31,-19.73,1
760.3580,1008.49,23.6,40.92,+76.31,-19.47,1
760.4936,1008.52,23.6,40.66,+76.31,-19.73,1
760.6282,1008.56,23.6,40.32,+76.31,-20.08,1
760.7650,1008.48,23.6,41.01,+76.31,-19.39,1
760.9018,1008.55,23.6,40.40,+75.78,-20.52,1
761.0408,1008.55,23.6,40.40,+75.78,-20.52,1
761.1780,1008.49,23.6,40.92,+75.78,-20.00,1
761.3121,1008.57,23.6,40.23,+75.78,-20.69,1
761.4446,1008.52,23.6,40.66,+75.78,-20.26,1
761.5827,1008.50,23.6,40.83,+75.78,-20.08,1
761.7194,1008.50,23.6,40.83,+75.78,-20.08,1
761.8521,1008.48,23.6,41.01,+75.78,-19.91,1
761.9901,1008.50,23.6,40.83,+75.24,-20.62,1
762.1155,1008.53,23.6,40.58,+75.24,-20.88,0
762.2470,1008.51,23.6,40.75,+75.24,-20.71,1
762.3835,1008.45,23.6,41.27,+75.24,-20.19,1
762.5204,1008.51,23.6,40.75,+75.24,-20.71,1
762.6537,1008.46,23.6,41.18,+75.24,-20.28,1
762.7907,1008.48,23.6,41.01,+75.24,-20.45,1
762.9160,1008.54,23.6,40.49,+74.70,-21.51,0
763.0480,1008.48,23.6,41.01,+74.70,-20.99,0
763.1846,1008.48,23.6,41.01,+74.70,-20.99,0
763.3196,1008.45,23.6,41.27,+74.70,-20.73,1
763.4566,1008.46,23.6,41.18,+74.70,-20.82,1
763.5889,1008.51,23.6,40.75,+74.70,-21.25,0
763.7244,1008.47,23.6,41.09,+74.70,-20.90,1
763.8613,1008.49,23.6,40.92,+74.70,-21.08,0
763.9953,1008.48,23.6,41.01,+74.18,-21.52,0
764.1315,1008.49,23.6,40.92,+74.18,-21.60,0
764.2687,1008.48,23.6,41.01,+74.18,-21.52,0
764.3999,1008.50,23.6,40.83,+74.18,-21.69,0
764.5342,1008.55,23.6,40.40,+74.18,-22.12,0
764.6698,1008.48,23.6,41.01,+74.18,-21.52,0
764.8062,1008.51,23.6,40.75,+74.18,-21.77,0
764.9420,1008.48,23.6,41.01,+73.68,-22.01,0
765.0755,1008.49,23.6,40.92,+73.68,-22.09,0
765.2100,1008.53,23.6,40.58,+73.68,-22.44,0
765.3433,1008.51,23.6,40.75,+73.68,-22.27,0
765.4789,1008.55,23.6,40.40,+73.68,-22.61,0
765.6131,1008.46,23.6,41.18,+73.68,-21.84,0
765.7471,1008.51,23.6,40.75,+73.68,-22.27,0
765.8821,1008.49,23.6,40.92,+73.68,-22.09,0
766.0163,1008.54,23.6,40.49,+73.17,-23.04,0
766.1497,1008.55,23.6,40.40,+73.17,-23.13,0
766.2834,1008.50,23.6,40.83,+73.17,-22.70,0
766.4164,1008.57,23.6,40.23,+73.17,-23.30,0
766.5495,1008.54,23.6,40.49,+73.17,-23.04,0
766.6829,1008.55,23.6,40.40,+73.17,-23.13,0
766.8151,1008.44,23.6,41.35,+73.17,-22.18,0
766.9525,1008.58,23.6,40.15,+72.63,-23.92,0
767.0868,1008.46,23.6,41.18,+72.63,-22.89,0
767.2191,1008.51,23.6,40.75,+72.63,-23.32,0
767.3524,1008.50,23.6,40.83,+72.63,-23.23,0
767.4870,1008.50,23.6,40.83,+72.63,-23.23,0
767.6203,1008.56,23.6,40.32,+72.63,-23.75,0
767.7525,1008.53,23.6,40.58,+72.63,-23.49,0
767.8863,1008.56,23.6,40.32,+72.63,-23.75,0
768.0234,1008.50,23.6,40.83,+72.17,-23.69,0
768.1555,1008.50,23.6,40.83,+72.17,-23.69,0
768.2916,1008.48,23.6,41.01,+72.17,-23.52,0
768.4251,1008.50,23.6,40.83,+72.17,-23.69,0
768.5604,1008.52,23.6,40.66,+72.17,-23.86,0
768.6961,1008.48,23.6,41.01,+72.17,-23.52,0
768.8322,1008.53,23.6,40.58,+72.17,-23.95,0
768.9665,1008.51,23.6,40.75,+71.73,-24.22,0
769.1028,1008.54,23.6,40.49,+71.73,-24.48,0
769.2386,1008.49,23.6,40.92,+71.73,-24.05,0
769.3699,1008.53,23.6,40.58,+71.73,-24.39,0
769.5061,1008.50,23.6,40.83,+71.73,-24.13,0
769.6432,1008.51,23.6,40.75,+71.73,-24.22,0
769.7749,1008.47,23.6,41.09,+71.73,-23.88,0
769.9134,1008.51,23.6,40.75,+71.29,-24.66,0
770.0474,1008.50,23.5,40.82,+71.29,-24.58,0
770.1802,1008.52,23.5,40.65,+71.29,-24.76,0
770.3133,1008.48,23.5,40.99,+71.29,-24.41,0
770.4468,1008.55,23.5,40.39,+71.29,-25.01,0
770.5785,1008.48,23.5,40.99,+71.29,-24.41,1
770.7154,1008.55,23.5,40.39,+71.29,-25.01,0
770.8493,1008.53,23.5,40.56,+71.29,-24.84,0
770.9828,1008.56,23.6,40.32,+70.89,-25.49,0
771.1165,1008.52,23.5,40.65,+70.89,-25.16,0
771.2508,1008.60,23.6,39.97,+70.89,-25.84,0
771.3838,1008.58,23.5,40.13,+70.89,-25.68,0
771.5154,1008.56,23.5,40.30,+70.89,-25.50,0
771.6484,1008.55,23.5,40.39,+70.89,-25.42,0
771.7837,1008.47,23.5,41.08,+70.89,-24.73,0
771.9178,1008.51,23.5,40.73,+70.54,-25.43,0
772.0517,1008.53,23.5,40.56,+70.54,-25.60,0
772.1856,1008.53,23.5,40.56,+70.54,-25.60,0
772.3184,1008.49,23.5,40.91,+70.54,-25.26,0
772.4515,1008.49,23.5,40.91,+70.54,-25.26,0
772.5845,1008.56,23.5,40.30,+70.54,-25.86,0
772.7162,1008.57,23.5,40.22,+70.54,-25.95,0
772.8517,1008.50,23.5,40.82,+70.54,-25.34,0
772.9874,1008.56,23.5,40.30,+70.23,-26.16,0
773.1218,1008.54,23.5,40.48,+70.23,-25.99,0
773.2581,1008.48,23.5,40.99,+70.23,-25.47,0
773.3924,1008.51,23.5,40.73,+70.23,-25.73,0
773.5259,1008.50,23.5,40.82,+70.23,-25.65,0
773.6615,1008.50,23.5,40.82,+70.23,-25.65,0
773.7959,1008.54,23.5,40.48,+70.23,-25.99,0
773.9337,1008.57,23.5,40.22,+69.94,-26.55,0
774.0699,1008.51,23.5,40.73,+69.94,-26.03,0
774.2063,1008.55,23.5,40.39,+69.94,-26.37,0
774.3380,1008.54,23.5,40.48,+69.94,-26.29,0
774.4735,1008.55,23.5,40.39,+69.94,-26.37,0
774.6087,1008.54,23.5,40.48,+69.94,-26.29,0
774.7407,1008.47,23.5,41.08,+69.94,-25.68,0
774.8757,1008.53,23.5,40.56,+69.94,-26.20,0
775.0018,1008.50,23.5,40.82,+69.71,-26.16,0
775.1334,1008.50,23.5,40.82,+69.71,-26.16,0
775.2682,1008.44,23.5,41.34,+69.71,-25.65,0
775.4029,1008.50,23.4,40.81,+69.71,-26.18,0
775.5353,1008.54,23.5,40.48,+69.71,-26.51,0
775.6692,1008.49,23.4,40.89,+69.71,-26.09,0
775.8057,1008.52,23.4,40.64,+69.71,-26.35,0
775.9442,1008.53,23.4,40.55,+69.54,-26.61,0
776.0771,1008.45,23.4,41.24,+69.54,-25.92,0
776.2135,1008.55,23.4,40.38,+69.54,-26.78,0
776.3492,1008.52,23.4,40.64,+69.54,-26.52,0
776.4809,1008.52,23.4,40.64,+69.54,-26.52,0
776.6177,1008.52,23.4,40.64,+69.54,-26.52,0
776.7534,1008.47,23.4,41.07,+69.54,-26.09,0
776.8855,1008.47,23.4,41.07,+69.54,-26.09,0
777.0227,1008.54,23.4,40.46,+69.37,-26.86,0
777.1598,1008.59,23.4,40.03,+69.37,-27.29,0
777.2938,1008.47,23.4,41.07,+69.37,-26.26,0
777.4273,1008.48,23.4,40.98,+69.37,-26.35,1
777.5643,1008.55,23.4,40.38,+69.37,-26.95,0
777.6994,1008.46,23.4,41.15,+69.37,-26.17,0
777.8332,1008.48,23.4,40.98,+69.37,-26.35,0
777.9718,1008.47,23.4,41.07,+69.19,-26.45,0
778.1058,1008.50,23.4,40.81,+69.19,-26.71,0
778.2405,1008.51,23.4,40.72,+69.19,-26.79,0
778.3763,1008.54,23.4,40.46,+69.19,-27.05,0
778.5100,1008.52,23.4,40.64,+69.19,-26.88,0
778.6457,1008.56,23.4,40.29,+69.19,-27.22,0
778.7806,1008.51,23.4,40.72,+69.19,-26.79,0
778.9173,1008.52,23.4,40.64,+69.05,-27.01,0
779.0524,1008.54,23.4,40.46,+69.05,-27.19,0
779.1861,1008.52,23.4,40.64,+69.05,-27.01,0
779.3213,1008.50,23.4,40.81,+69.05,-26.84,0
779.4572,1008.49,23.4,40.89,+69.05,-26.76,0
779.5903,1008.53,23.4,40.55,+69.05,-27.10,0
779.7251,1008.53,23.4,40.55,+69.05,-27.10,0
779.8626,1008.60,23.4,39.95,+69.05,-27.70,0
779.9982,1008.49,23.4,40.89,+68.97,-26.84,0
780.1300,1008.51,23.4,40.72,+68.97,-27.01,0
780.2652,1008.52,23.4,40.64,+68.97,-27.10,0
780.4018,1008.56,23.4,40.29,+68.97,-27.44,0
780.5338,1008.59,23.4,40.03,+68.97,-27.70,0
780.6681,1008.53,23.4,40.55,+68.97,-27.18,0
780.8045,1008.51,23.4,40.72,+68.97,-27.01,0
780.9399,1008.61,23.4,39.86,+68.95,-27.89,0
781.0747,1008.59,23.4,40.03,+68.95,-27.72,0
781.2109,1008.52,23.4,40.64,+68.95,-27.12,0
781.3449,1008.56,23.4,40.29,+68.95,-27.46,0
781.4784,1008.57,23.4,40.20,+68.95,-27.55,0
781.6142,1008.56,23.4,40.29,+68.95,-27.46,0
781.7481,1008.46,23.4,41.15,+68.95,-26.60,0
781.8802,1008.58,23.4,40.12,+68.95,-27.63,0
782.0181,1008.53,23.4,40.55,+69.02,-27.14,0
782.1539,1008.55,23.4,40.38,+69.02,-27.31,0
782.2856,1008.52,23.3,40.62,+69.02,-27.06,0
782.4198,1008.53,23.3,40.54,+69.02,-27.15,0
782.5580,1008.53,23.3,40.54,+69.02,-27.15,0
782.6922,1008.53,23.3,40.54,+69.02,-27.15,0
782.8247,1008.56,23.3,40.28,+69.02,-27.41,0
782.9629,1008.56,23.3,40.28,+69.06,-27.36,0
783.0985,1008.57,23.3,40.19,+69.06,-27.45,0
783.2319,1008.60,23.3,39.93,+69.06,-27.70,0
783.3674,1008.62,23.3,39.76,+69.06,-27.88,0
783.5018,1008.59,23.3,40.02,+69.06,-27.62,0
783.6350,1008.59,23.3,40.02,+69.06,-27.62,0
783.7704,1008.55,23.3,40.36,+69.06,-27.27,0
783.9072,1008.56,23.3,40.28,+69.15,-27.27,0
784.0424,1008.68,23.3,39.24,+69.15,-28.31,0
784.1767,1008.66,23.3,39.42,+69.15,-28.13,0
784.3105,1008.60,23.3,39.93,+69.15,-27.62,1
784.4480,1008.56,23.3,40.28,+69.15,-27.27,0
784.5814,1008.55,23.3,40.36,+69.15,-27.19,0
784.7165,1008.58,23.3,40.10,+69.15,-27.44,0
784.8528,1008.49,23.3,40.88,+69.15,-26.67,0
784.9869,1008.47,23.2,41.04,+69.26,-26.40,0
785.1212,1008.53,23.3,40.54,+69.26,-26.91,0
785.2586,1008.56,23.3,40.28,+69.26,-27.17,0
785.3942,1008.54,23.2,40.44,+69.26,-27.01,0
785.5256,1008.55,23.3,40.36,+69.26,-27.08,0
785.6601,1008.55,23.2,40.35,+69.26,-27.09,0
785.7978,1008.55,23.2,40.35,+69.26,-27.09,0
785.9306,1008.60,23.2,39.92,+69.37,-27.42,0
786.0653,1008.52,23.2,40.61,+69.37,-26.73,0
786.2015,1008.55,23.2,40.35,+69.37,-26.99,0
786.3343,1008.49,23.2,40.87,+69.37,-26.47,0
786.4686,1008.53,23.2,40.52,+69.37,-26.81,0
786.6038,1008.56,23.2,40.26,+69.37,-27.07,0
786.7381,1008.51,23.2,40.69,+69.37,-26.64,0
786.8720,1008.52,23.2,40.61,+69.37,-26.73,0
787.0097,1008.51,23.2,40.69,+69.49,-26.52,0
787.1439,1008.55,23.2,40.35,+69.49,-26.86,0
787.2775,1008.51,23.2,40.69,+69.49,-26.52,0
787.4143,1008.47,23.2,41.04,+69.49,-26.17,0
787.5479,1008.58,23.3,40.10,+69.49,-27.11,0
787.6814,1008.48,23.2,40.95,+69.49,-26.26,0
787.8179,1008.49,23.3,40.88,+69.49,-26.33,0
787.9546,1008.49,23.3,40.88,+69.60,-26.22,0
788.0896,1008.61,23.3,39.85,+69.60,-27.25,0
788.2238,1008.48,23.3,40.97,+69.60,-26.13,0
788.3577,1008.48,23.3,40.97,+69.60,-26.13,0
788.4946,1008.47,23.3,41.05,+69.60,-26.04,0
788.6277,1008.60,23.3,39.93,+69.60,-27.16,0
788.7616,1008.47,23.3,41.05,+69.60,-26.04,0
788.8979,1008.45,23.3,41.22,+69.60,-25.87,0
789.0352,1008.57,23.3,40.19,+69.74,-26.77,0
789.1696,1008.51,23.3,40.71,+69.74,-26.26,0
789.3055,1008.59,23.3,40.02,+69.74,-26.95,0
789.4415,1008.47,23.3,41.05,+69.74,-25.91,0
789.5742,1008.48,23.3,40.97,+69.74,-26.00,0
789.7089,1008.52,23.3,40.62,+69.74,-26.34,0
789.8449,1008.47,23.3,41.05,+69.74,-25.91,0
789.9791,1008.48,23.3,40.97,+69.89,-25.84,0
790.1152,1008.51,23.3,40.71,+69.89,-26.10,0
790.2510,1008.51,23.3,40.71,+69.89,-26.10,0
790.3824,1008.55,23.3,40.36,+69.89,-26.45,0
790.5172,1008.56,23.3,40.28,+69.89,-26.53,0
790.6540,1008.44,23.3,41.31,+69.89,-25.50,0
790.7884,1008.50,23.3,40.79,+69.89,-26.01,0
790.9245,1008.52,23.3,40.62,+70.05,-26.02,0
791.0588,1008.54,23.3,40.45,+70.05,-26.20,0
791.1946,1008.60,23.3,39.93,+70.05,-26.71,1
791.3292,1008.53,23.3,40.54,+70.05,-26.11,1
791.4663,1008.56,23.3,40.28,+70.05,-26.37,1
791.6010,1008.47,23.3,41.05,+70.05,-25.59,1
791.7365,1008.52,23.3,40.62,+70.05,-26.02,1
791.8713,1008.50,23.3,40.79,+70.05,-25.85,1
792.0078,1008.51,23.3,40.71,+70.18,-25.81,1
792.1440,1008.51,23.3,40.71,+70.18,-25.81,1
792.2781,1008.57,23.3,40.19,+70.18,-26.33,1
792.4125,1008.48,23.3,40.97,+70.18,-25.55,1
792.5491,1008.50,23.3,40.79,+70.18,-25.72,1
792.6839,1008.52,23.3,40.62,+70.18,-25.90,1
792.8210,1008.50,23.3,40.79,+70.18,-25.72,1
792.9466,1008.46,23.3,41.14,+70.29,-25.27,1
793.0788,1008.50,23.3,40.79,+70.29,-25.61,1
793.2137,1008.59,23.3,40.02,+70.29,-26.39,1
793.3504,1008.54,23.3,40.45,+70.29,-25.96,1
793.4841,1008.51,23.3,40.71,+70.29,-25.70,1
793.6192,1008.53,23.3,40.54,+70.29,-25.87,1
793.7566,1008.52,23.3,40.62,+70.29,-25.79,1
793.8951,1008.51,23.3,40.71,+70.29,-25.70,1
794.0299,1008.55,23.3,40.36,+70.37,-25.97,1
794.1669,1008.49,23.3,40.88,+70.37,-25.45,1
794.3045,1008.48,23.3,40.97,+70.37,-25.37,1
794.4379,1008.55,23.4,40.38,+70.37,-25.96,1
794.5744,1008.55,23.4,40.38,+70.37,-25.96,1
794.7116,1008.57,23.4,40.20,+70.37,-26.13,1
794.8447,1008.50,23.4,40.81,+70.37,-25.52,1
794.9832,1008.51,23.4,40.72,+70.43,-25.55,1
795.1198,1008.48,23.4,40.98,+70.43,-25.29,1
795.2553,1008.47,23.4,41.07,+70.43,-25.21,1
795.3896,1008.49,23.4,40.89,+70.43,-25.38,1
795.5275,1008.46,23.4,41.15,+70.43,-25.12,1
795.6622,1008.51,23.4,40.72,+70.43,-25.55,1
795.7972,1008.50,23.4,40.81,+70.43,-25.47,1
795.9233,1008.57,23.4,40.20,+70.46,-26.03,1
796.0593,1008.53,23.4,40.55,+70.46,-25.69,1
796.1925,1008.56,23.4,40.29,+70.46,-25.95,1
796.3292,1008.55,23.4,40.38,+70.46,-25.86,1
796.4641,1008.51,23.4,40.72,+70.46,-25.51,1
796.5996,1008.54,23.4,40.46,+70.46,-25.77,1
796.7363,1008.54,23.4,40.46,+70.46,-25.77,1
796.8718,1008.55,23.4,40.38,+70.46,-25.86,1
797.0099,1008.55,23.4,40.38,+70.49,-25.84,1
797.1458,1008.54,23.4,40.46,+70.49,-25.75,1
797.2807,1008.54,23.4,40.46,+70.49,-25.75,1
797.4173,1008.49,23.4,40.89,+70.49,-25.32,1
797.5519,1008.50,23.4,40.81,+70.49,-25.41,1
797.6879,1008.46,23.4,41.15,+70.49,-25.06,1
797.8253,1008.49,23.4,40.89,+70.49,-25.32,1
797.9624,1008.58,23.4,40.12,+70.50,-26.08,1
798.0977,1008.49,23.4,40.89,+70.50,-25.30,1
798.2359,1008.53,23.4,40.55,+70.50,-25.65,1
798.3700,1008.52,23.4,40.64,+70.50,-25.56,1
798.5029,1008.52,23.4,40.64,+70.50,-25.56,1
798.6395,1008.60,23.4,39.95,+70.50,-26.25,1
798.7776,1008.60,23.4,39.95,+70.50,-26.25,1
798.9127,1008.55,23.4,40.38,+70.52,-25.81,1
799.0482,1008.49,23.4,40.89,+70.52,-25.29,1
799.1852,1008.56,23.5,40.30,+70.52,-25.88,1
799.3189,1008.53,23.5,40.56,+70.52,-25.62,1
799.4554,1008.50,23.5,40.82,+70.52,-25.36,1
799.5919,1008.52,23.5,40.65,+70.52,-25.54,1
799.7278,1008.52,23.5,40.65,+70.52,-25.54,1
799.8623,1008.52,23.5,40.65,+70.52,-25.54,1
799.9877,1008.48,23.5,40.99,+70.46,-25.24,1
800.1230,1008.54,23.5,40.48,+70.46,-25.76,1
800.2570,1008.54,23.5,40.48,+70.46,-25.76,1
800.3944,1008.51,23.5,40.73,+70.46,-25.50,1
800.5295,1008.55,23.5,40.39,+70.46,-25.85,1
800.6625,1008.45,23.5,41.25,+70.46,-24.98,1
800.7997,1008.52,23.5,40.65,+70.46,-25.59,1
800.9375,1008.54,23.5,40.48,+70.42,-25.81,1
801.0708,1008.54,23.5,40.48,+70.42,-25.81,1
801.2082,1008.47,23.5,41.08,+70.42,-25.20,1
801.3437,1008.53,23.5,40.56,+70.42,-25.72,1
801.4800,1008.57,23.5,40.22,+70.42,-26.06,1
801.6136,1008.60,23.5,39.96,+70.42,-26.32,1
801.7493,1008.50,23.5,40.82,+70.42,-25.46,1
801.8869,1008.54,23.5,40.48,+70.42,-25.81,1
802.0249,1008.57,23.5,40.22,+70.36,-26.12,1
802.1601,1008.53,23.5,40.56,+70.36,-25.78,1
802.2970,1008.60,23.5,39.96,+70.36,-26.38,1
802.4319,1008.53,23.5,40.56,+70.36,-25.78,1
802.5676,1008.53,23.5,40.56,+70.36,-25.78,1
802.7032,1008.57,23.5,40.22,+70.36,-26.12,1
802.8405,1008.56,23.5,40.30,+70.36,-26.04,1
802.9755,1008.54,23.5,40.48,+70.25,-25.97,1
803.1005,1008.48,23.5,40.99,+70.25,-25.45,1
803.2377,1008.55,23.5,40.39,+70.25,-26.06,1
803.3702,1008.53,23.5,40.56,+70.25,-25.88,1
803.5064,1008.57,23.5,40.22,+70.25,-26.23,1
803.6444,1008.49,23.5,40.91,+70.25,-25.54,1
803.7773,1008.52,23.5,40.65,+70.25,-25.80,1
803.9151,1008.57,23.5,40.22,+70.05,-26.43,1
804.0525,1008.63,23.5,39.70,+70.05,-26.95,1
804.1865,1008.53,23.4,40.55,+70.05,-26.10,1
804.3234,1008.50,23.4,40.81,+70.05,-25.84,1
804.4606,1008.54,23.4,40.46,+70.05,-26.18,1
804.5958,1008.52,23.4,40.64,+70.05,-26.01,1
804.7301,1008.51,23.4,40.72,+70.05,-25.93,1
804.8673,1008.53,23.4,40.55,+70.05,-26.10,1
805.0049,1008.51,23.4,40.72,+69.88,-26.10,1
805.1381,1008.51,23.4,40.72,+69.88,-26.10,1
805.2757,1008.54,23.4,40.46,+69.88,-26.36,1
805.4105,1008.57,23.4,40.20,+69.88,-26.62,1
805.5448,1008.61,23.4,39.86,+69.88,-26.96,1
805.6820,1008.51,23.4,40.72,+69.88,-26.10,1
805.8189,1008.52,23.4,40.64,+69.88,-26.19,1
805.9584,1008.54,23.4,40.46,+69.68,-26.56,1
806.0907,1008.51,23.4,40.72,+69.68,-26.30,1
806.2262,1008.58,23.4,40.12,+69.68,-26.90,1
806.3517,1008.56,23.4,40.29,+69.68,-26.73,1
806.4862,1008.53,23.4,40.55,+69.68,-26.47,1
806.6208,1008.51,23.3,40.71,+69.68,-26.32,1
806.7583,1008.47,23.3,41.05,+69.68,-25.97,1
806.8946,1008.61,23.3,39.85,+69.68,-27.18,1
807.0316,1008.59,23.3,40.02,+69.51,-27.17,1
807.1687,1008.53,23.3,40.54,+69.51,-26.65,1
807.3035,1008.51,23.3,40.71,+69.51,-26.48,1
807.4407,1008.55,23.3,40.36,+69.51,-26.82,1
807.5776,1008.54,23.3,40.45,+69.51,-26.74,1
807.7148,1008.50,23.3,40.79,+69.51,-26.39,1
807.8480,1008.57,23.3,40.19,+69.51,-26.99,1
807.9747,1008.53,23.3,40.54,+69.33,-26.83,1
808.1118,1008.54,23.3,40.45,+69.33,-26.92,1
808.2447,1008.54,23.3,40.45,+69.33,-26.92,1
808.3817,1008.51,23.3,40.71,+69.33,-26.66,1
808.5198,1008.53,23.3,40.54,+69.33,-26.83,1
808.6523,1008.57,23.3,40.19,+69.33,-27.17,1
808.7892,1008.56,23.3,40.28,+69.33,-27.09,1
808.9146,1008.58,23.3,40.10,+69.15,-27.45,1
809.0494,1008.60,23.3,39.93,+69.15,-27.62,1
809.1867,1008.54,23.3,40.45,+69.15,-27.10,1
809.3234,1008.56,23.3,40.28,+69.15,-27.27,1
809.4561,1008.53,23.3,40.54,+69.15,-27.02,1
809.5929,1008.49,23.3,40.88,+69.15,-26.67,1
809.7293,1008.50,23.3,40.79,+69.15,-26.76,1
809.8647,1008.51,23.3,40.71,+69.15,-26.84,1
810.0006,1008.44,23.3,41.31,+68.92,-26.47,1
810.1384,1008.49,23.3,40.88,+68.92,-26.90,1
810.2737,1008.54,23.3,40.45,+68.92,-27.33,1
810.4068,1008.51,23.3,40.71,+68.92,-27.07,1
810.5435,1008.48,23.3,40.97,+68.92,-26.81,1
810.6789,1008.48,23.3,40.97,+68.92,-26.81,1
810.8128,1008.56,23.3,40.28,+68.92,-27.50,1
810.9385,1008.48,23.3,40.97,+68.68,-27.05,1
811.0736,1008.39,23.3,41.74,+68.68,-26.28,1
811.2096,1008.46,23.3,41.14,+68.68,-26.88,1
811.3463,1008.54,23.3,40.45,+68.68,-27.57,1
811.4814,1008.53,23.3,40.54,+68.68,-27.48,1
811.6184,1008.54,23.3,40.45,+68.68,-27.57,1
811.7543,1008.53,23.3,40.54,+68.68,-27.48,1
811.8897,1008.60,23.3,39.93,+68.68,-28.09,1
812.0152,1008.48,23.3,40.97,+68.52,-27.21,1
812.1498,1008.60,23.3,39.93,+68.52,-28.25,1
812.2863,1008.52,23.3,40.62,+68.52,-27.56,1
812.4231,1008.45,23.3,41.22,+68.52,-26.95,1
812.5574,1008.58,23.3,40.10,+68.52,-28.07,1
812.6927,1008.50,23.3,40.79,+68.52,-27.38,1
812.8300,1008.43,23.3,41.40,+68.52,-26.78,1
812.9665,1008.48,23.3,40.97,+68.31,-27.42,1
813.1014,1008.47,23.3,41.05,+68.31,-27.33,1
813.2387,1008.51,23.3,40.71,+68.31,-27.68,1
813.3767,1008.50,23.3,40.79,+68.31,-27.59,1
813.5091,1008.59,23.3,40.02,+68.31,-28.37,1
813.6446,1008.56,23.3,40.28,+68.31,-28.11,1
813.7815,1008.55,23.3,40.36,+68.31,-28.02,1
813.9178,1008.45,23.3,41.22,+68.11,-27.36,1
814.0534,1008.51,23.3,40.71,+68.11,-27.88,1
814.1903,1008.54,23.3,40.45,+68.11,-28.14,1
814.3230,1008.52,23.3,40.62,+68.11,-27.96,1
814.4593,1008.57,23.3,40.19,+68.11,-28.39,1
814.5955,1008.53,23.3,40.54,+68.11,-28.05,1
814.7310,1008.52,23.3,40.62,+68.11,-27.96,1
814.8659,1008.58,23.3,40.10,+68.11,-28.48,1
814.9925,1008.57,23.3,40.19,+67.92,-28.59,1
815.1268,1008.54,23.3,40.45,+67.92,-28.33,1
815.2613,1008.54,23.3,40.45,+67.92,-28.33,1
815.3979,1008.48,23.3,40.97,+67.92,-27.81,1
815.5341,1008.59,23.3,40.02,+67.92,-28.76,1
815.6673,1008.51,23.3,40.71,+67.92,-28.07,1
815.8045,1008.51,23.3,40.71,+67.92,-28.07,1
815.9419,1008.54,23.3,40.45,+67.70,-28.55,1
816.0768,1008.52,23.3,40.62,+67.70,-28.37,1
816.2132,1008.56,23.3,40.28,+67.70,-28.72,1
816.3480,1008.56,23.3,40.28,+67.70,-28.72,1
816.4852,1008.47,23.3,41.05,+67.70,-27.94,1
816.6209,1008.51,23.3,40.71,+67.70,-28.29,1
816.7556,1008.59,23.3,40.02,+67.70,-28.98,1
816.8928,1008.49,23.3,40.88,+67.70,-28.12,1
817.0275,1008.50,23.3,40.79,+67.47,-28.44,1
817.1636,1008.51,23.3,40.71,+67.47,-28.52,1
817.3004,1008.51,23.3,40.71,+67.47,-28.52,1
817.4349,1008.52,23.3,40.62,+67.47,-28.61,1
817.5703,1008.51,23.3,40.71,+67.47,-28.52,1
817.7082,1008.54,23.3,40.45,+67.47,-28.78,1
817.8458,1008.55,23.3,40.36,+67.47,-28.87,1
817.9808,1008.58,23.3,40.10,+67.25,-29.34,1
818.1181,1008.54,23.3,40.45,+67.25,-29.00,1
818.2538,1008.54,23.3,40.45,+67.25,-29.00,1
818.3860,1008.54,23.3,40.45,+67.25,-29.00,1
818.5227,1008.48,23.3,40.97,+67.25,-28.48,1
818.6597,1008.50,23.3,40.79,+67.25,-28.66,1
818.7942,1008.49,23.3,40.88,+67.25,-28.57,1
818.9199,1008.51,23.3,40.71,+67.00,-28.99,1
819.0570,1008.57,23.3,40.19,+67.00,-29.51,1
819.1899,1008.56,23.3,40.28,+67.00,-29.42,1
819.3269,1008.49,23.3,40.88,+67.00,-28.82,1
819.4635,1008.53,23.3,40.54,+67.00,-29.17,1
819.5984,1008.56,23.3,40.28,+67.00,-29.42,1
819.7318,1008.59,23.3,40.02,+67.00,-29.68,1
819.8699,1008.49,23.3,40.88,+67.00,-28.82,1
820.0075,1008.44,23.3,41.31,+66.76,-28.63,1
820.1409,1008.60,23.3,39.93,+66.76,-30.01,1
820.2778,1008.53,23.3,40.54,+66.76,-29.41,1
820.4132,1008.55,23.3,40.36,+66.76,-29.58,1
820.5461,1008.52,23.3,40.62,+66.76,-29.32,1
820.6831,1008.53,23.3,40.54,+66.76,-29.41,1
820.8187,1008.52,23.3,40.62,+66.76,-29.32,1
820.9596,1008.49,23.3,40.88,+66.55,-29.27,1
821.0923,1008.51,23.3,40.71,+66.55,-29.44,1
821.2276,1008.47,23.3,41.05,+66.55,-29.10,1
821.3643,1008.55,23.3,40.36,+66.55,-29.79,1
821.5007,1008.48,23.3,40.97,+66.55,-29.18,1
821.6353,1008.53,23.3,40.54,+66.55,-29.62,1
821.7720,1008.55,23.3,40.36,+66.55,-29.79,1
821.9089,1008.50,23.2,40.78,+66.31,-29.61,1
822.0448,1008.53,23.3,40.54,+66.31,-29.86,1
822.1808,1008.55,23.2,40.35,+66.31,-30.04,1
822.3178,1008.50,23.2,40.78,+66.31,-29.61,1
822.4506,1008.53,23.2,40.52,+66.31,-29.87,1
822.5877,1008.54,23.2,40.44,+66.31,-29.96,1
822.7240,1008.61,23.2,39.83,+66.31,-30.56,1
822.8568,1008.57,23.2,40.18,+66.31,-30.22,1
822.9827,1008.50,23.2,40.78,+66.07,-29.85,1
823.1211,1008.60,23.2,39.92,+66.07,-30.71,1
823.2539,1008.50,23.2,40.78,+66.07,-29.85,1
823.3893,1008.54,23.2,40.44,+66.07,-30.20,1
823.5258,1008.47,23.2,41.04,+66.07,-29.60,1
823.6597,1008.49,23.2,40.87,+66.07,-29.77,1
823.7955,1008.54,23.2,40.44,+66.07,-30.20,1
823.9208,1008.53,23.2,40.52,+65.80,-30.38,1
824.0537,1008.49,23.2,40.87,+65.80,-30.03,1
824.1906,1008.50,23.2,40.78,+65.80,-30.12,1
824.3270,1008.52,23.2,40.61,+65.80,-30.29,1
824.4619,1008.47,23.2,41.04,+65.80,-29.86,1
824.5944,1008.48,23.2,40.95,+65.80,-29.95,1
824.7195,1008.56,23.2,40.26,+65.80,-30.63,1
824.8569,1008.54,23.2,40.44,+65.80,-30.46,1
824.9919,1008.49,23.2,40.87,+65.58,-30.25,1
825.1283,1008.51,23.2,40.69,+65.58,-30.42,1
825.2655,1008.55,23.2,40.35,+65.58,-30.77,1
825.3979,1008.51,23.2,40.69,+65.58,-30.42,1
825.5346,1008.49,23.2,40.87,+65.58,-30.25,1
825.6716,1008.49,23.2,40.87,+65.58,-30.25,1
825.8057,1008.55,23.2,40.35,+65.58,-30.77,1
825.9313,1008.52,23.2,40.61,+65.39,-30.71,1
826.0683,1008.47,23.2,41.04,+65.39,-30.28,1
826.2012,1008.49,23.2,40.87,+65.39,-30.45,1
826.3381,1008.49,23.2,40.87,+65.39,-30.45,1
826.4738,1008.53,23.2,40.52,+65.39,-30.79,1
826.6107,1008.51,23.2,40.69,+65.39,-30.62,1
826.7438,1008.55,23.2,40.35,+65.39,-30.96,1
826.8690,1008.51,23.1,40.68,+65.39,-30.63,1
827.0058,1008.56,23.2,40.26,+65.21,-31.23,1
827.1388,1008.50,23.1,40.77,+65.21,-30.72,1
827.2751,1008.59,23.2,40.00,+65.21,-31.48,1
827.4130,1008.62,23.1,39.73,+65.21,-31.76,1
827.5453,1008.52,23.1,40.59,+65.21,-30.90,1
827.6827,1008.54,23.1,40.42,+65.21,-31.07,1
827.8202,1008.51,23.1,40.68,+65.21,-30.81,1
827.9572,1008.55,23.1,40.34,+65.05,-31.31,1
828.0944,1008.49,23.1,40.85,+65.05,-30.80,1
828.2320,1008.50,23.1,40.77,+65.05,-30.88,1
828.3670,1008.46,23.1,41.11,+65.05,-30.54,1
828.5009,1008.49,23.1,40.85,+65.05,-30.80,1
828.6376,1008.43,23.1,41.37,+65.05,-30.28,1
828.7727,1008.50,23.1,40.77,+65.05,-30.88,1
828.9099,1008.49,23.1,40.85,+64.89,-30.96,1
829.0461,1008.53,23.1,40.51,+64.89,-31.30,1
829.1816,1008.46,23.1,41.11,+64.89,-30.70,1
829.3144,1008.50,23.1,40.77,+64.89,-31.04,1
829.4510,1008.46,23.1,41.11,+64.89,-30.70,1
829.5873,1008.55,23.1,40.34,+64.89,-31.47,1
829.7240,1008.50,23.1,40.77,+64.89,-31.04,1
829.8590,1008.54,23.1,40.42,+64.89,-31.39,1
829.9956,1008.48,23.1,40.94,+64.77,-30.99,1
830.1330,1008.46,23.1,41.11,+64.77,-30.81,1
830.2652,1008.50,23.1,40.77,+64.77,-31.16,1
830.3995,1008.50,23.1,40.77,+64.77,-31.16,1
830.5369,1008.48,23.1,40.94,+64.77,-30.99,1
830.6724,1008.39,23.1,41.71,+64.77,-30.21,1
830.8079,1008.45,23.1,41.20,+64.77,-30.73,1
830.9337,1008.51,23.2,40.69,+64.58,-31.43,1
831.0670,1008.54,23.2,40.44,+64.58,-31.68,1
831.2040,1008.52,23.2,40.61,+64.58,-31.51,1
831.3409,1008.49,23.2,40.87,+64.58,-31.25,1
831.4783,1008.43,23.1,41.37,+64.58,-30.75,1
831.6109,1008.49,23.2,40.87,+64.58,-31.25,1
831.7495,1008.44,23.1,41.28,+64.58,-30.84,1
831.8872,1008.52,23.2,40.61,+64.58,-31.51,1
832.0221,1008.47,23.2,41.04,+64.42,-31.25,1
832.1594,1008.49,23.2,40.87,+64.42,-31.42,1
832.2981,1008.51,23.2,40.69,+64.42,-31.59,1
832.4305,1008.52,23.2,40.61,+64.42,-31.68,1
832.5673,1008.53,23.2,40.52,+64.42,-31.76,1
832.7045,1008.48,23.2,40.95,+64.42,-31.33,1
832.8412,1008.47,23.2,41.04,+64.42,-31.25,1
832.9764,1008.53,23.2,40.52,+64.28,-31.90,1
833.1138,1008.50,23.2,40.78,+64.28,-31.64,1
833.2498,1008.48,23.2,40.95,+64.28,-31.47,1
833.3839,1008.54,23.2,40.44,+64.28,-31.98,1
833.5201,1008.45,23.2,41.21,+64.28,-31.21,1
833.6547,1008.49,23.2,40.87,+64.28,-31.55,1
833.7899,1008.46,23.2,41.12,+64.28,-31.29,1
833.9282,1008.51,23.2,40.69,+64.17,-31.83,1
834.0632,1008.51,23.2,40.69,+64.17,-31.83,1
834.2008,1008.49,23.2,40.87,+64.17,-31.66,1
834.3353,1008.48,23.2,40.95,+64.17,-31.58,1
834.4731,1008.44,23.2,41.30,+64.17,-31.23,1
834.6116,1008.46,23.2,41.12,+64.17,-31.40,1
834.7463,1008.47,23.2,41.04,+64.17,-31.49,1
834.8816,1008.49,23.2,40.87,+64.17,-31.66,1
835.0082,1008.51,23.2,40.69,+64.07,-31.93,1
835.1427,1008.51,23.2,40.69,+64.07,-31.93,1
835.2773,1008.44,23.2,41.30,+64.07,-31.33,1
835.4142,1008.46,23.2,41.12,+64.07,-31.50,1
835.5502,1008.45,23.2,41.21,+64.07,-31.42,1
835.6854,1008.53,23.2,40.52,+64.07,-32.10,1
835.8228,1008.55,23.2,40.35,+64.07,-32.28,1
835.9627,1008.55,23.2,40.35,+64.06,-32.29,1
836.0967,1008.49,23.2,40.87,+64.06,-31.77,1
836.2338,1008.45,23.2,41.21,+64.06,-31.43,1
836.3704,1008.55,23.2,40.35,+64.06,-32.29,1
836.5033,1008.50,23.2,40.78,+64.06,-31.86,1
836.6400,1008.53,23.2,40.52,+64.06,-32.11,1
836.7766,1008.48,23.2,40.95,+64.06,-31.68,1
836.9117,1008.46,23.2,41.12,+64.06,-31.51,1
837.0479,1008.51,23.2,40.69,+64.06,-31.95,1
837.1864,1008.51,23.2,40.69,+64.06,-31.95,1
837.3217,1008.48,23.2,40.95,+64.06,-31.69,1
837.4548,1008.56,23.2,40.26,+64.06,-32.38,1
837.5913,1008.47,23.2,41.04,+64.06,-31.60,1
837.7278,1008.49,23.2,40.87,+64.06,-31.77,1
837.8628,1008.48,23.2,40.95,+64.06,-31.69,1
837.9883,1008.45,23.2,41.21,+64.02,-31.47,1
838.1234,1008.45,23.2,41.21,+64.02,-31.47,1
838.2588,1008.48,23.2,40.95,+64.02,-31.73,1
838.3955,1008.53,23.2,40.52,+64.02,-32.16,1
838.5299,1008.52,23.2,40.61,+64.02,-32.07,1
838.6640,1008.44,23.2,41.30,+64.02,-31.38,1
838.7891,1008.52,23.2,40.61,+64.02,-32.07,1
838.9257,1008.46,23.2,41.12,+63.96,-31.61,1
839.0589,1008.54,23.2,40.44,+63.96,-32.30,1
839.1948,1008.48,23.2,40.95,+63.96,-31.78,1
839.3326,1008.48,23.2,40.95,+63.96,-31.78,1
839.4672,1008.54,23.2,40.44,+63.96,-32.30,1
839.6014,1008.49,23.2,40.87,+63.96,-31.87,1
839.7386,1008.51,23.2,40.69,+63.96,-32.04,1
839.8757,1008.55,23.2,40.35,+63.96,-32.39,1
840.0109,1008.51,23.2,40.69,+63.92,-32.08,1
840.1476,1008.50,23.2,40.78,+63.92,-32.00,1
840.2830,1008.55,23.2,40.35,+63.92,-32.43,1
840.4184,1008.53,23.2,40.52,+63.92,-32.25,1
840.5552,1008.52,23.2,40.61,+63.92,-32.17,1
840.6902,1008.50,23.2,40.78,+63.92,-32.00,1
840.8278,1008.49,23.2,40.87,+63.92,-31.91,1
840.9658,1008.49,23.2,40.87,+63.88,-31.95,1
841.1008,1008.55,23.2,40.35,+63.88,-32.47,1
841.2383,1008.52,23.2,40.61,+63.88,-32.21,1
841.3725,1008.50,23.2,40.78,+63.88,-32.04,1
841.5074,1008.49,23.2,40.87,+63.88,-31.95,1
841.6426,1008.54,23.2,40.44,+63.88,-32.38,1
841.7769,1008.55,23.2,40.35,+63.88,-32.47,1
841.9148,1008.45,23.2,41.21,+63.79,-31.70,1
842.0523,1008.52,23.2,40.61,+63.79,-32.30,1
842.1889,1008.53,23.2,40.52,+63.79,-32.38,1
842.3217,1008.46,23.1,41.11,+63.79,-31.80,1
842.4576,1008.51,23.1,40.68,+63.79,-32.23,1
842.5956,1008.48,23.1,40.94,+63.79,-31.97,1
842.7287,1008.48,23.1,40.94,+63.79,-31.97,1
842.8662,1008.49,23.1,40.85,+63.79,-32.05,1
842.9922,1008.49,23.1,40.85,+63.78,-32.07,1
843.1262,1008.48,23.1,40.94,+63.78,-31.99,1
843.2634,1008.50,23.1,40.77,+63.78,-32.16,1
843.4001,1008.47,23.1,41.02,+63.78,-31.90,1
843.5329,1008.50,23.1,40.77,+63.78,-32.16,1
843.6707,1008.48,23.1,40.94,+63.78,-31.99,1
843.8081,1008.52,23.1,40.59,+63.78,-32.33,1
843.9461,1008.52,23.1,40.59,+63.82,-32.28,1
844.0812,1008.57,23.1,40.16,+63.82,-32.71,1
844.2200,1008.59,23.1,39.99,+63.82,-32.88,1
844.3550,1008.56,23.1,40.25,+63.82,-32.63,1
844.4898,1008.55,23.1,40.34,+63.82,-32.54,1
844.6268,1008.54,23.1,40.42,+63.82,-32.45,1
844.7621,1008.56,23.1,40.25,+63.82,-32.63,1
844.8956,1008.50,23.1,40.77,+63.82,-32.11,1
845.0217,1008.51,23.1,40.68,+63.85,-32.17,1
845.1569,1008.49,23.1,40.85,+63.85,-32.00,1
845.2932,1008.48,23.1,40.94,+63.85,-31.91,1
845.4300,1008.49,23.1,40.85,+63.85,-32.00,1
845.5646,1008.44,23.1,41.28,+63.85,-31.57,1
845.7019,1008.50,23.1,40.77,+63.85,-32.09,1
845.8382,1008.46,23.1,41.11,+63.85,-31.74,1
845.9756,1008.45,23.0,41.18,+63.86,-31.66,1
846.1129,1008.49,23.1,40.85,+63.86,-31.99,1
846.2480,1008.53,23.1,40.51,+63.86,-32.33,1
846.3843,1008.51,23.1,40.68,+63.86,-32.16,1
846.5214,1008.50,23.1,40.77,+63.86,-32.07,1
846.6555,1008.39,23.1,41.71,+63.86,-31.13,1
846.7916,1008.47,23.1,41.02,+63.86,-31.81,1
846.9170,1008.44,23.1,41.28,+63.88,-31.53,1
847.0513,1008.48,23.1,40.94,+63.88,-31.88,1
847.1869,1008.50,23.1,40.77,+63.88,-32.05,1
847.3241,1008.53,23.1,40.51,+63.88,-32.31,1
847.4622,1008.51,23.1,40.68,+63.88,-32.14,1
847.5947,1008.53,23.1,40.51,+63.88,-32.31,1
847.7308,1008.51,23.1,40.68,+63.88,-32.14,1
847.8684,1008.50,23.1,40.77,+63.88,-32.05,1
848.0036,1008.49,23.1,40.85,+63.94,-31.91,1
848.1396,1008.48,23.1,40.94,+63.94,-31.82,1
848.2766,1008.53,23.1,40.51,+63.94,-32.25,1
848.4088,1008.50,23.1,40.77,+63.94,-32.00,1
848.5457,1008.49,23.1,40.85,+63.94,-31.91,1
848.6827,1008.49,23.1,40.85,+63.94,-31.91,1
848.8181,1008.48,23.1,40.94,+63.94,-31.82,1
848.9556,1008.52,23.1,40.59,+63.99,-32.12,1
849.0915,1008.47,23.1,41.02,+63.99,-31.69,1
849.2265,1008.49,23.1,40.85,+63.99,-31.86,1
849.3607,1008.37,23.1,41.88,+63.99,-30.82,1
849.4981,1008.43,23.1,41.37,+63.99,-31.34,1
849.6333,1008.45,23.1,41.20,+63.99,-31.51,1
849.7668,1008.44,23.1,41.28,+63.99,-31.43,1
849.9062,1008.43,23.1,41.37,+63.99,-31.34,1
850.0410,1008.49,23.1,40.85,+63.99,-31.86,1
850.1785,1008.51,23.1,40.68,+63.99,-32.03,1
850.3129,1008.48,23.1,40.94,+63.99,-31.77,1
850.4481,1008.45,23.1,41.20,+63.99,-31.52,1
850.5850,1008.48,23.1,40.94,+63.99,-31.77,1
850.7208,1008.45,23.1,41.20,+63.99,-31.52,1
850.8562,1008.46,23.1,41.11,+63.99,-31.60,1
850.9822,1008.46,23.1,41.11,+63.99,-31.60,1
851.1174,1008.44,23.1,41.28,+63.99,-31.42,1
851.2539,1008.48,23.1,40.94,+63.99,-31.77,1
851.3907,1008.48,23.1,40.94,+63.99,-31.77,1
851.5249,1008.49,23.1,40.85,+63.99,-31.85,1
851.6599,1008.46,23.1,41.11,+63.99,-31.60,1
851.7974,1008.50,23.1,40.77,+63.99,-31.94,1
851.9366,1008.47,23.1,41.02,+63.97,-31.70,1
852.0694,1008.45,23.1,41.20,+63.97,-31.53,1
852.2071,1008.49,23.1,40.85,+63.97,-31.88,1
852.3453,1008.47,23.1,41.02,+63.97,-31.70,1
852.4787,1008.47,23.1,41.02,+63.97,-31.70,1
852.6155,1008.46,23.1,41.11,+63.97,-31.62,1
852.7530,1008.45,23.1,41.20,+63.97,-31.53,1
852.8872,1008.55,23.1,40.34,+63.97,-32.39,1
853.0250,1008.48,23.1,40.94,+63.96,-31.80,1
853.1619,1008.49,23.1,40.85,+63.96,-31.89,1
853.2977,1008.51,23.1,40.68,+63.96,-32.06,1
853.4320,1008.51,23.1,40.68,+63.96,-32.06,1
853.5660,1008.48,23.1,40.94,+63.96,-31.80,1
853.6988,1008.48,23.1,40.94,+63.96,-31.80,1
853.8340,1008.56,23.1,40.25,+63.96,-32.49,1
853.9719,1008.54,23.1,40.42,+63.95,-32.33,1
854.1048,1008.49,23.1,40.85,+63.95,-31.89,1
854.2398,1008.51,23.1,40.68,+63.95,-32.07,1
854.3742,1008.50,23.1,40.77,+63.95,-31.98,1
854.5079,1008.51,23.1,40.68,+63.95,-32.07,1
854.6422,1008.51,23.1,40.68,+63.95,-32.07,1
854.7767,1008.53,23.1,40.51,+63.95,-32.24,1
854.9121,1008.58,23.1,40.08,+63.96,-32.66,1
855.0474,1008.56,23.1,40.25,+63.96,-32.49,1
855.1821,1008.59,23.1,39.99,+63.96,-32.75,1
855.3149,1008.51,23.1,40.68,+63.96,-32.06,1
855.4497,1008.57,23.1,40.16,+63.96,-32.57,1
855.5856,1008.54,23.1,40.42,+63.96,-32.32,1
855.7184,1008.50,23.1,40.77,+63.96,-31.97,1
855.8534,1008.55,23.1,40.34,+63.96,-32.40,1
855.9905,1008.52,23.1,40.59,+63.97,-32.14,1
856.1247,1008.51,23.1,40.68,+63.97,-32.05,1
856.2593,1008.49,23.1,40.85,+63.97,-31.88,1
856.3949,1008.51,23.1,40.68,+63.97,-32.05,1
856.5279,1008.50,23.1,40.77,+63.97,-31.96,1
856.6649,1008.53,23.1,40.51,+63.97,-32.22,1
856.8014,1008.60,23.1,39.91,+63.97,-32.83,1
856.9365,1008.57,23.1,40.16,+63.99,-32.55,1
857.0736,1008.53,23.1,40.51,+63.99,-32.20,1
857.2114,1008.52,23.1,40.59,+63.99,-32.12,1
857.3452,1008.58,23.1,40.08,+63.99,-32.63,1
857.4801,1008.63,23.1,39.65,+63.99,-33.06,1
857.6159,1008.54,23.1,40.42,+63.99,-32.29,1
857.7513,1008.50,23.1,40.77,+63.99,-31.94,1
857.8862,1008.53,23.1,40.51,+63.99,-32.20,1
858.0242,1008.57,23.1,40.16,+64.04,-32.49,1
858.1582,1008.54,23.1,40.42,+64.04,-32.24,1
858.2944,1008.50,23.1,40.77,+64.04,-31.89,1
858.4301,1008.59,23.1,39.99,+64.04,-32.67,1
858.5640,1008.52,23.1,40.59,+64.04,-32.06,1
858.7002,1008.57,23.1,40.16,+64.04,-32.49,1
858.8365,1008.53,23.1,40.51,+64.04,-32.15,1
858.9719,1008.56,23.1,40.25,+64.08,-32.37,1
859.1067,1008.49,23.1,40.85,+64.08,-31.77,1
859.2419,1008.53,23.1,40.51,+64.08,-32.12,1
859.3768,1008.56,23.1,40.25,+64.08,-32.37,1
859.5126,1008.54,23.1,40.42,+64.08,-32.20,1
859.6473,1008.53,23.1,40.51,+64.08,-32.12,1
859.7831,1008.53,23.1,40.51,+64.08,-32.12,1
859.9087,1008.59,23.1,39.99,+64.15,-32.55,1
860.0436,1008.52,23.1,40.59,+64.15,-31.95,1
860.1779,1008.51,23.1,40.68,+64.15,-31.87,1
860.3145,1008.53,23.1,40.51,+64.15,-32.04,1
860.4514,1008.50,23.1,40.77,+64.15,-31.78,1
860.5840,1008.56,23.1,40.25,+64.15,-32.30,1
860.7189,1008.52,23.1,40.59,+64.15,-31.95,1
860.8550,1008.50,23.1,40.77,+64.15,-31.78,1
860.9909,1008.57,23.1,40.16,+64.25,-32.28,1
861.1257,1008.53,23.1,40.51,+64.25,-31.94,1
861.2612,1008.52,23.1,40.59,+64.25,-31.85,1
861.3937,1008.45,23.1,41.20,+64.25,-31.25,1
861.5297,1008.55,23.1,40.34,+64.25,-32.11,1
861.6651,1008.54,23.1,40.42,+64.25,-32.02,1
861.7999,1008.51,23.1,40.68,+64.25,-31.77,1
861.9356,1008.54,23.1,40.42,+64.31,-31.97,1
862.0725,1008.46,23.1,41.11,+64.31,-31.28,1
862.2068,1008.54,23.1,40.42,+64.31,-31.97,1
862.3410,1008.52,23.1,40.59,+64.31,-31.79,1
862.4770,1008.55,23.1,40.34,+64.31,-32.05,1
862.6114,1008.52,23.1,40.59,+64.31,-31.79,1
862.7443,1008.49,23.1,40.85,+64.31,-31.54,1
862.8806,1008.51,23.1,40.68,+64.31,-31.71,1
863.0178,1008.48,23.1,40.94,+64.35,-31.41,1
863.1552,1008.47,23.1,41.02,+64.35,-31.32,1
863.2895,1008.50,23.1,40.77,+64.35,-31.58,1
863.4234,1008.55,23.1,40.34,+64.35,-32.01,1
863.5592,1008.55,23.1,40.34,+64.35,-32.01,1
863.6946,1008.49,23.1,40.85,+64.35,-31.50,1
863.8289,1008.54,23.1,40.42,+64.35,-31.93,1
863.9664,1008.51,23.1,40.68,+64.42,-31.60,1
864.1008,1008.52,23.1,40.59,+64.42,-31.68,1
864.2358,1008.54,23.1,40.42,+64.42,-31.85,1
864.3715,1008.56,23.1,40.25,+64.42,-32.03,1
864.5076,1008.52,23.1,40.59,+64.42,-31.68,1
864.6400,1008.56,23.1,40.25,+64.42,-32.03,1
864.7783,1008.57,23.1,40.16,+64.42,-32.11,1
864.9140,1008.57,23.1,40.16,+64.53,-32.01,1
865.0469,1008.58,23.1,40.08,+64.53,-32.10,1
865.1835,1008.59,23.1,39.99,+64.53,-32.18,1
865.3208,1008.52,23.1,40.59,+64.53,-31.58,1
865.4531,1008.53,23.1,40.51,+64.53,-31.67,1
865.5887,1008.51,23.1,40.68,+64.53,-31.49,1
865.7252,1008.49,23.1,40.85,+64.53,-31.32,1
865.8609,1008.51,23.1,40.68,+64.53,-31.49,1
865.9977,1008.50,23.1,40.77,+64.67,-31.26,1
866.1357,1008.56,23.1,40.25,+64.67,-31.78,1
866.2716,1008.59,23.1,39.99,+64.67,-32.03,1
866.4070,1008.51,23.0,40.67,+64.67,-31.36,1
866.5436,1008.48,23.0,40.92,+64.67,-31.10,1
866.6783,1008.47,23.0,41.01,+64.67,-31.02,1
866.8135,1008.54,23.0,40.41,+64.67,-31.62,1
866.9515,1008.50,23.0,40.75,+64.87,-31.08,1
867.0865,1008.49,23.0,40.84,+64.87,-31.00,1
867.2240,1008.60,23.0,39.89,+64.87,-31.94,1
867.3562,1008.56,23.0,40.24,+64.87,-31.60,1
867.4912,1008.52,23.0,40.58,+64.87,-31.25,1
867.6269,1008.53,23.0,40.49,+64.87,-31.34,1
867.7614,1008.46,23.0,41.10,+64.87,-30.74,1
867.8969,1008.55,23.0,40.32,+64.87,-31.51,1
868.0226,1008.52,23.0,40.58,+65.06,-31.06,1
868.1570,1008.53,23.0,40.49,+65.06,-31.14,1
868.2916,1008.46,23.0,41.10,+65.06,-30.54,1
868.4289,1008.51,23.0,40.67,+65.06,-30.97,1
868.5647,1008.51,23.0,40.67,+65.06,-30.97,1
868.6996,1008.48,23.0,40.92,+65.06,-30.71,1
868.8373,1008.51,23.0,40.67,+65.06,-30.97,1
868.9771,1008.43,23.0,41.35,+65.25,-30.10,1
869.1112,1008.49,23.0,40.84,+65.25,-30.62,1
869.2471,1008.44,23.0,41.27,+65.25,-30.19,1
869.3835,1008.56,23.0,40.24,+65.25,-31.22,1
869.5168,1008.45,23.0,41.18,+65.25,-30.27,1
869.6533,1008.57,23.0,40.15,+65.25,-31.30,1
869.7904,1008.52,23.0,40.58,+65.25,-30.87,1
869.9259,1008.49,23.0,40.84,+65.49,-30.37,1
870.0617,1008.46,23.0,41.10,+65.49,-30.11,1
870.1998,1008.48,23.0,40.92,+65.49,-30.28,1
870.3347,1008.48,23.0,40.92,+65.49,-30.28,1
870.4695,1008.51,23.0,40.67,+65.49,-30.54,1
870.6068,1008.47,23.0,41.01,+65.49,-30.19,1
870.7408,1008.52,23.0,40.58,+65.49,-30.63,1
870.8759,1008.44,23.0,41.27,+65.49,-29.94,1
871.0127,1008.49,23.0,40.84,+65.80,-30.07,1
871.1455,1008.51,23.0,40.67,+65.80,-30.24,1
871.2804,1008.45,23.0,41.18,+65.80,-29.72,1
871.4142,1008.51,23.0,40.67,+65.80,-30.24,1
871.5469,1008.43,23.0,41.35,+65.80,-29.55,1
871.6814,1008.45,23.0,41.18,+65.80,-29.72,1
871.8180,1008.52,23.0,40.58,+65.80,-30.32,1
871.9538,1008.47,23.0,41.01,+66.22,-29.47,1
872.0886,1008.53,23.1,40.51,+66.22,-29.97,1
872.2238,1008.46,23.1,41.11,+66.22,-29.37,1
872.3579,1008.43,23.0,41.35,+66.22,-29.13,1
872.4923,1008.54,23.1,40.42,+66.22,-30.06,1
872.6266,1008.49,23.1,40.85,+66.22,-29.63,1
872.7627,1008.51,23.1,40.68,+66.22,-29.80,1
872.9000,1008.44,23.1,41.28,+66.22,-29.20,1
873.0391,1008.44,23.1,41.28,+66.65,-28.77,1
873.1721,1008.45,23.1,41.20,+66.65,-28.86,1
873.3083,1008.51,23.1,40.68,+66.65,-29.37,1
873.4459,1008.45,23.1,41.20,+66.65,-28.86,1
873.5782,1008.46,23.1,41.11,+66.65,-28.94,1
873.7159,1008.55,23.1,40.34,+66.65,-29.72,1
873.8537,1008.51,23.1,40.68,+66.65,-29.37,1
873.9896,1008.51,23.1,40.68,+67.11,-28.91,1
874.1252,1008.56,23.1,40.25,+67.11,-29.34,1
874.2619,1008.49,23.1,40.85,+67.11,-28.74,1
874.3966,1008.43,23.1,41.37,+67.11,-28.22,1
874.5310,1008.51,23.1,40.68,+67.11,-28.91,1
874.6674,1008.48,23.1,40.94,+67.11,-28.65,1
874.8027,1008.52,23.1,40.59,+67.11,-28.99,1
874.9402,1008.44,23.1,41.28,+67.56,-27.86,1
875.0790,1008.50,23.1,40.77,+67.56,-28.37,1
875.2141,1008.51,23.1,40.68,+67.56,-28.46,1
875.3483,1008.48,23.1,40.94,+67.56,-28.20,1
875.4854,1008.47,23.1,41.02,+67.56,-28.11,1
875.6209,1008.51,23.1,40.68,+67.56,-28.46,1
875.7564,1008.47,23.1,41.02,+67.56,-28.11,1
875.8913,1008.45,23.1,41.20,+67.56,-27.94,1
876.0282,1008.50,23.1,40.77,+68.00,-27.93,1
876.1652,1008.56,23.1,40.25,+68.00,-28.45,1
876.2995,1008.48,23.1,40.94,+68.00,-27.76,1
876.4346,1008.53,23.1,40.51,+68.00,-28.19,1
876.5714,1008.51,23.1,40.68,+68.00,-28.02,1
876.7068,1008.50,23.1,40.77,+68.00,-27.93,1
876.8420,1008.48,23.1,40.94,+68.00,-27.76,1
876.9681,1008.54,23.1,40.42,+68.46,-27.82,1
877.1032,1008.46,23.1,41.11,+68.46,-27.13,1
877.2393,1008.46,23.1,41.11,+68.46,-27.13,1
877.3749,1008.49,23.1,40.85,+68.46,-27.39,1
877.5105,1008.46,23.1,41.11,+68.46,-27.13,1
877.6445,1008.49,23.1,40.85,+68.46,-27.39,1
877.7809,1008.46,23.1,41.11,+68.46,-27.13,1
877.9191,1008.55,23.2,40.35,+68.92,-27.43,1
878.0538,1008.46,23.1,41.11,+68.92,-26.67,1
878.1872,1008.46,23.1,41.11,+68.92,-26.67,1
878.3216,1008.44,23.2,41.30,+68.92,-26.49,1
878.4555,1008.44,23.2,41.30,+68.92,-26.49,1
878.5882,1008.49,23.2,40.87,+68.92,-26.92,1
878.7231,1008.48,23.2,40.95,+68.92,-26.83,1
878.8593,1008.54,23.2,40.44,+68.92,-27.35,1
878.9943,1008.52,23.2,40.61,+69.38,-26.71,1
879.1289,1008.44,23.2,41.30,+69.38,-26.02,1
879.2642,1008.47,23.1,41.02,+69.38,-26.30,1
879.3980,1008.47,23.1,41.02,+69.38,-26.30,1
879.5322,1008.53,23.1,40.51,+69.38,-26.81,1
879.6663,1008.45,23.1,41.20,+69.38,-26.12,1
879.8000,1008.44,23.1,41.28,+69.38,-26.04,1
879.9367,1008.52,23.1,40.59,+69.88,-26.23,1
880.0711,1008.49,23.1,40.85,+69.88,-25.97,1
880.2043,1008.51,23.1,40.68,+69.88,-26.14,1
880.3388,1008.50,23.1,40.77,+69.88,-26.06,1
880.4741,1008.45,23.1,41.20,+69.88,-25.63,1
880.6065,1008.43,23.1,41.37,+69.88,-25.46,1
880.7415,1008.44,23.1,41.28,+69.88,-25.54,1
880.8766,1008.52,23.1,40.59,+69.88,-26.23,1
881.0124,1008.47,23.1,41.02,+70.40,-25.28,1
881.1461,1008.38,23.1,41.80,+70.40,-24.51,1
881.2804,1008.44,23.1,41.28,+70.40,-25.02,1
881.4132,1008.45,23.1,41.20,+70.40,-25.11,1
881.5479,1008.45,23.1,41.20,+70.40,-25.11,1
881.6816,1008.45,23.1,41.20,+70.40,-25.11,1
881.8147,1008.37,23.1,41.88,+70.40,-24.42,1
881.9519,1008.45,23.1,41.20,+70.85,-24.65,1
882.0879,1008.47,23.1,41.02,+70.85,-24.82,1
882.2207,1008.53,23.1,40.51,+70.85,-25.34,1
882.3549,1008.52,23.1,40.59,+70.85,-25.25,1
882.4897,1008.47,23.1,41.02,+70.85,-24.82,1
882.6236,1008.44,23.1,41.28,+70.85,-24.57,1
882.7579,1008.51,23.1,40.68,+70.85,-25.17,1
882.8942,1008.50,23.1,40.77,+70.85,-25.08,1
883.0293,1008.48,23.1,40.94,+71.34,-24.42,1
883.1671,1008.44,23.1,41.28,+71.34,-24.07,1
883.3033,1008.47,23.1,41.02,+71.34,-24.33,1
883.4360,1008.48,23.1,40.94,+71.34,-24.42,1
883.5734,1008.49,23.1,40.85,+71.34,-24.50,1
883.7114,1008.51,23.1,40.68,+71.34,-24.68,1
883.8442,1008.47,23.1,41.02,+71.34,-24.33,1
883.9821,1008.46,23.1,41.11,+71.79,-23.79,1
884.1191,1008.46,23.1,41.11,+71.79,-23.79,1
884.2554,1008.48,23.1,40.94,+71.79,-23.97,1
884.3896,1008.44,23.1,41.28,+71.79,-23.62,1
884.5264,1008.47,23.1,41.02,+71.79,-23.88,1
884.6611,1008.49,23.1,40.85,+71.79,-24.05,1
884.7961,1008.44,23.1,41.28,+71.79,-23.62,1
884.9213,1008.47,23.1,41.02,+72.21,-23.47,1
885.0561,1008.44,23.1,41.28,+72.21,-23.21,1
885.1894,1008.46,23.1,41.11,+72.21,-23.38,1
885.3276,1008.51,23.1,40.68,+72.21,-23.81,1
885.4643,1008.43,23.1,41.37,+72.21,-23.13,1
885.5965,1008.47,23.2,41.04,+72.21,-23.46,1
885.7335,1008.47,23.1,41.02,+72.21,-23.47,1
885.8587,1008.47,23.1,41.02,+72.21,-23.47,1
885.9934,1008.45,23.1,41.20,+72.63,-22.88,1
886.1303,1008.49,23.2,40.87,+72.63,-23.21,1
886.2678,1008.50,23.2,40.78,+72.63,-23.29,1
886.4040,1008.56,23.2,40.26,+72.63,-23.81,1
886.5369,1008.51,23.2,40.69,+72.63,-23.38,1
886.6741,1008.49,23.2,40.87,+72.63,-23.21,1
886.8099,1008.49,23.2,40.87,+72.63,-23.21,1
886.9462,1008.50,23.2,40.78,+73.14,-22.78,1
887.0835,1008.57,23.2,40.18,+73.14,-23.38,1
887.2193,1008.47,23.2,41.04,+73.14,-22.52,1
887.3519,1008.51,23.2,40.69,+73.14,-22.86,1
887.4891,1008.50,23.2,40.78,+73.14,-22.78,1
887.6238,1008.56,23.2,40.26,+73.14,-23.29,1
887.7605,1008.59,23.2,40.00,+73.14,-23.55,1
887.8953,1008.61,23.2,39.83,+73.14,-23.72,1
888.0334,1008.48,23.2,40.95,+73.70,-22.05,1
888.1695,1008.50,23.2,40.78,+73.70,-22.22,1
888.3040,1008.45,23.2,41.21,+73.70,-21.79,1
888.4392,1008.47,23.2,41.04,+73.70,-21.96,1
888.5758,1008.53,23.2,40.52,+73.70,-22.48,1
888.7095,1008.49,23.2,40.87,+73.70,-22.14,1
888.8451,1008.49,23.2,40.87,+73.70,-22.14,1
888.9708,1008.58,23.2,40.09,+74.15,-22.46,1
889.1066,1008.50,23.2,40.78,+74.15,-21.77,1
889.2416,1008.50,23.2,40.78,+74.15,-21.77,1
889.3784,1008.44,23.2,41.30,+74.15,-21.26,1
889.5154,1008.45,23.2,41.21,+74.15,-21.34,1
889.6493,1008.52,23.2,40.61,+74.15,-21.95,1
889.7852,1008.54,23.2,40.44,+74.15,-22.12,1
889.9243,1008.50,23.2,40.78,+74.63,-21.29,1
890.0570,1008.49,23.2,40.87,+74.63,-21.20,1
890.1955,1008.50,23.2,40.78,+74.63,-21.29,1
890.3323,1008.48,23.1,40.94,+74.63,-21.13,1
890.4651,1008.55,23.2,40.35,+74.63,-21.72,1
890.6020,1008.55,23.1,40.34,+74.63,-21.73,1
890.7403,1008.45,23.1,41.20,+74.63,-20.87,1
890.8759,1008.47,23.1,41.02,+74.63,-21.04,1
891.0113,1008.49,23.1,40.85,+75.15,-20.70,1
891.1480,1008.48,23.1,40.94,+75.15,-20.61,1
891.2843,1008.50,23.1,40.77,+75.15,-20.78,1
891.4188,1008.51,23.1,40.68,+75.15,-20.87,1
891.5555,1008.51,23.1,40.68,+75.15,-20.87,1
891.6902,1008.55,23.1,40.34,+75.15,-21.21,1
891.8265,1008.48,23.1,40.94,+75.15,-20.61,1
891.9635,1008.49,23.1,40.85,+75.73,-20.12,1
892.0984,1008.55,23.1,40.34,+75.73,-20.64,1
892.2360,1008.50,23.1,40.77,+75.73,-20.21,1
892.3693,1008.51,23.1,40.68,+75.73,-20.29,1
892.5043,1008.48,23.1,40.94,+75.73,-20.04,1
892.6413,1008.48,23.1,40.94,+75.73,-20.04,1
892.7764,1008.44,23.1,41.28,+75.73,-19.69,1
892.9139,1008.47,23.1,41.02,+76.31,-19.36,1
893.0508,1008.50,23.1,40.77,+76.31,-19.62,1
893.1860,1008.44,23.1,41.28,+76.31,-19.10,1
893.3211,1008.46,23.1,41.11,+76.31,-19.28,1
893.4593,1008.53,23.1,40.51,+76.31,-19.88,1
893.5960,1008.44,23.1,41.28,+76.31,-19.10,1
893.7290,1008.54,23.1,40.42,+76.31,-19.96,1
893.8667,1008.51,23.1,40.68,+76.31,-19.71,1
893.9934,1008.48,23.1,40.94,+76.95,-18.82,1
894.1247,1008.51,23.1,40.68,+76.95,-19.07,1
894.2618,1008.48,23.1,40.94,+76.95,-18.82,1
894.3986,1008.50,23.1,40.77,+76.95,-18.99,1
894.5326,1008.49,23.1,40.85,+76.95,-18.90,1
894.6696,1008.47,23.1,41.02,+76.95,-18.73,1
894.8070,1008.51,23.1,40.68,+76.95,-19.07,1
894.9422,1008.51,23.1,40.68,+77.60,-18.42,1
895.0795,1008.50,23.1,40.77,+77.60,-18.33,1
895.2166,1008.47,23.1,41.02,+77.60,-18.07,1
895.3517,1008.48,23.1,40.94,+77.60,-18.16,1
895.4851,1008.53,23.1,40.51,+77.60,-18.59,1
895.6229,1008.51,23.1,40.68,+77.60,-18.42,1
895.7583,1008.52,23.1,40.59,+77.60,-18.50,1
895.8932,1008.52,23.1,40.59,+77.60,-18.50,1
896.0191,1008.50,23.1,40.77,+78.30,-17.63,1
896.1550,1008.49,23.1,40.85,+78.30,-17.55,1
896.2881,1008.51,23.1,40.68,+78.30,-17.72,1
896.4254,1008.51,23.1,40.68,+78.30,-17.72,1
896.5604,1008.50,23.1,40.77,+78.30,-17.63,1
896.6958,1008.50,23.1,40.77,+78.30,-17.63,1
896.8335,1008.45,23.1,41.20,+78.30,-17.20,1
896.9712,1008.51,23.1,40.68,+78.96,-17.06,1
897.1085,1008.47,23.1,41.02,+78.96,-16.71,1
897.2443,1008.55,23.1,40.34,+78.96,-17.40,1
897.3790,1008.47,23.1,41.02,+78.96,-16.71,1
897.5158,1008.50,23.1,40.77,+78.96,-16.97,1
897.6501,1008.56,23.1,40.25,+78.96,-17.49,1
897.7861,1008.45,23.1,41.20,+78.96,-16.54,1
897.9243,1008.47,23.1,41.02,+79.53,-16.14,1
898.0567,1008.51,23.1,40.68,+79.53,-16.49,1
898.1921,1008.45,23.1,41.20,+79.53,-15.97,1
898.3303,1008.51,23.1,40.68,+79.53,-16.49,1
898.4673,1008.57,23.1,40.16,+79.53,-17.00,1
898.6002,1008.50,23.1,40.77,+79.53,-16.40,1
898.7363,1008.57,23.1,40.16,+79.53,-17.00,1
898.8745,1008.52,23.1,40.59,+79.53,-16.57,1
899.0095,1008.53,23.1,40.51,+80.14,-16.05,1
899.1473,1008.52,23.1,40.59,+80.14,-15.96,1
899.2848,1008.53,23.1,40.51,+80.14,-16.05,1
899.4183,1008.48,23.1,40.94,+80.14,-15.62,1
899.5552,1008.53,23.1,40.51,+80.14,-16.05,1
899.6923,1008.50,23.1,40.77,+80.14,-15.79,1
899.8280,1008.51,23.1,40.68,+80.14,-15.88,1
899.9641,1008.50,23.1,40.77,+80.76,-15.17,1
900.1010,1008.48,23.1,40.94,+80.76,-15.00,1
900.2369,1008.54,23.1,40.42,+80.76,-15.51,1
900.3697,1008.48,23.1,40.94,+80.76,-15.00,1
900.5072,1008.50,23.1,40.77,+80.76,-15.17,1
900.6418,1008.50,23.1,40.77,+80.76,-15.17,1
900.7763,1008.47,23.1,41.02,+80.76,-14.91,1
900.9159,1008.46,23.1,41.11,+81.29,-14.30,1
901.0527,1008.38,23.1,41.80,+81.29,-13.61,1
901.1902,1008.50,23.1,40.77,+81.29,-14.64,1
901.3246,1008.50,23.2,40.78,+81.29,-14.63,1
901.4601,1008.50,23.1,40.77,+81.29,-14.64,1
901.5856,1008.50,23.2,40.78,+81.29,-14.63,1
901.7198,1008.51,23.2,40.69,+81.29,-14.72,1
901.8549,1008.51,23.2,40.69,+81.29,-14.72,1
901.9808,1008.50,23.2,40.78,+81.81,-14.11,1
902.1171,1008.44,23.2,41.30,+81.81,-13.59,1
902.2516,1008.43,23.2,41.38,+81.81,-13.51,1
902.3866,1008.45,23.2,41.21,+81.81,-13.68,1
902.5197,1008.46,23.2,41.12,+81.81,-13.77,1
902.6575,1008.48,23.2,40.95,+81.81,-13.94,1
902.7937,1008.50,23.2,40.78,+81.81,-14.11,1
902.9310,1008.51,23.2,40.69,+82.24,-13.76,1
903.0664,1008.44,23.2,41.30,+82.24,-13.16,1
903.2040,1008.44,23.2,41.30,+82.24,-13.16,1
903.3403,1008.52,23.2,40.61,+82.24,-13.85,1
903.4735,1008.46,23.2,41.12,+82.24,-13.33,1
903.6105,1008.49,23.2,40.87,+82.24,-13.59,1
903.7357,1008.46,23.2,41.12,+82.24,-13.33,1
903.8707,1008.50,23.2,40.78,+82.24,-13.68,1
904.0069,1008.46,23.2,41.12,+82.67,-12.91,1
904.1431,1008.52,23.2,40.61,+82.67,-13.43,1
904.2772,1008.48,23.2,40.95,+82.67,-13.08,1
904.4130,1008.49,23.2,40.87,+82.67,-13.17,1
904.5490,1008.49,23.2,40.87,+82.67,-13.17,1
904.6839,1008.51,23.2,40.69,+82.67,-13.34,1
904.8209,1008.44,23.2,41.30,+82.67,-12.74,1
904.9589,1008.52,23.2,40.61,+83.01,-13.08,1
905.0965,1008.46,23.2,41.12,+83.01,-12.56,1
905.2298,1008.45,23.2,41.21,+83.01,-12.48,1
905.3598,1008.48,23.2,40.95,+83.01,-12.73,1
905.4927,1008.39,23.2,41.73,+83.01,-11.96,0
905.6238,1008.44,23.2,41.30,+83.01,-12.39,1
905.7601,1008.45,23.2,41.21,+83.01,-12.48,1
905.8984,1008.45,23.2,41.21,+83.01,-12.48,1
906.0319,1008.49,23.2,40.87,+83.30,-12.53,1
906.1680,1008.49,23.2,40.87,+83.30,-12.53,1
906.3050,1008.45,23.2,41.21,+83.30,-12.19,1
906.4387,1008.46,23.2,41.12,+83.30,-12.27,1
906.5755,1008.54,23.2,40.44,+83.30,-12.96,1
906.7129,1008.45,23.2,41.21,+83.30,-12.19,1
906.8488,1008.49,23.2,40.87,+83.30,-12.53,1
906.9864,1008.44,23.2,41.30,+83.54,-11.87,0
907.1222,1008.44,23.2,41.30,+83.54,-11.87,0
907.2570,1008.48,23.2,40.95,+83.54,-12.21,1
907.3915,1008.46,23.2,41.12,+83.54,-12.04,1
907.5269,1008.48,23.2,40.95,+83.54,-12.21,1
907.6596,1008.47,23.2,41.04,+83.54,-12.12,1
907.7944,1008.52,23.2,40.61,+83.54,-12.55,1
907.9316,1008.52,23.2,40.61,+83.74,-12.35,1
908.0663,1008.51,23.2,40.69,+83.74,-12.27,1
908.2012,1008.49,23.2,40.87,+83.74,-12.09,1
908.3355,1008.48,23.2,40.95,+83.74,-12.01,1
908.4687,1008.53,23.2,40.52,+83.74,-12.44,1
908.6032,1008.51,23.3,40.71,+83.74,-12.25,1
908.7374,1008.45,23.3,41.22,+83.74,-11.73,0
908.8697,1008.47,23.2,41.04,+83.74,-11.92,1
909.0057,1008.48,23.3,40.97,+83.95,-11.78,1
909.1423,1008.52,23.3,40.62,+83.95,-12.12,1
909.2752,1008.49,23.3,40.88,+83.95,-11.87,1
909.4094,1008.54,23.3,40.45,+83.95,-12.30,1
909.5470,1008.46,23.3,41.14,+83.95,-11.61,0
909.6798,1008.49,23.3,40.88,+83.95,-11.87,1
909.8158,1008.48,23.3,40.97,+83.95,-11.78,1
909.9416,1008.44,23.3,41.31,+84.21,-11.18,0
910.0738,1008.46,23.3,41.14,+84.21,-11.36,0
910.2105,1008.50,23.3,40.79,+84.21,-11.70,1
910.3466,1008.47,23.3,41.05,+84.21,-11.44,0
910.4784,1008.38,23.3,41.83,+84.21,-10.67,0
910.6132,1008.53,23.3,40.54,+84.21,-11.96,1
910.7507,1008.44,23.3,41.31,+84.21,-11.18,0
910.8822,1008.39,23.3,41.74,+84.21,-10.75,0
911.0201,1008.44,23.3,41.31,+84.41,-10.98,0
911.1554,1008.52,23.3,40.62,+84.41,-11.67,1
911.2952,1008.54,23.3,40.45,+84.41,-11.85,1
911.4275,1008.54,23.3,40.45,+84.41,-11.85,1
911.5628,1008.50,23.3,40.79,+84.41,-11.50,0
911.6986,1008.44,23.3,41.31,+84.41,-10.98,0
911.8321,1008.48,23.3,40.97,+84.41,-11.33,0
911.9686,1008.52,23.3,40.62,+84.64,-11.44,0
912.1043,1008.44,23.3,41.31,+84.64,-10.75,0
912.2364,1008.51,23.3,40.71,+84.64,-11.35,0
912.3745,1008.47,23.3,41.05,+84.64,-11.01,0
912.5102,1008.50,23.3,40.79,+84.64,-11.27,0
912.6445,1008.51,23.3,40.71,+84.64,-11.35,0
912.7770,1008.51,23.3,40.71,+84.64,-11.35,0
912.9062,1008.54,23.3,40.45,+84.81,-11.44,0
913.0390,1008.49,23.3,40.88,+84.81,-11.01,0
913.1729,1008.51,23.3,40.71,+84.81,-11.18,0
913.3089,1008.54,23.3,40.45,+84.81,-11.44,0
913.4440,1008.59,23.3,40.02,+84.81,-11.87,1
913.5783,1008.54,23.3,40.45,+84.81,-11.44,0
913.7144,1008.52,23.3,40.62,+84.81,-11.27,0
913.8489,1008.55,23.3,40.36,+84.81,-11.52,1
913.9857,1008.51,23.3,40.71,+84.97,-11.02,0
914.1211,1008.55,23.3,40.36,+84.97,-11.37,0
914.2557,1008.56,23.3,40.28,+84.97,-11.45,0
914.3917,1008.53,23.3,40.54,+84.97,-11.19,0
914.5262,1008.47,23.3,41.05,+84.97,-10.68,0
914.6599,1008.58,23.3,40.10,+84.97,-11.63,1
914.7971,1008.60,23.3,39.93,+84.97,-11.80,1
914.9345,1008.62,23.3,39.76,+85.10,-11.83,1
915.0709,1008.59,23.3,40.02,+85.10,-11.58,1
915.2081,1008.57,23.3,40.19,+85.10,-11.40,1
915.3424,1008.51,23.3,40.71,+85.10,-10.89,0
915.4768,1008.52,23.3,40.62,+85.10,-10.97,0
915.6123,1008.50,23.3,40.79,+85.10,-10.80,0
915.7479,1008.46,23.3,41.14,+85.10,-10.46,0
915.8799,1008.58,23.4,40.12,+85.10,-11.48,1
916.0051,1008.53,23.4,40.55,+85.15,-11.00,0
916.1421,1008.56,23.4,40.29,+85.15,-11.26,0
916.2737,1008.53,23.4,40.55,+85.15,-11.00,0
916.4084,1008.56,23.4,40.29,+85.15,-11.26,0
916.5443,1008.51,23.4,40.72,+85.15,-10.83,0
916.6765,1008.51,23.4,40.72,+85.15,-10.83,0
916.8107,1008.57,23.4,40.20,+85.15,-11.35,0
916.9495,1008.51,23.4,40.72,+85.16,-10.82,0
917.0819,1008.50,23.4,40.81,+85.16,-10.73,0
917.2194,1008.53,23.4,40.55,+85.16,-10.99,0
917.3553,1008.53,23.4,40.55,+85.16,-10.99,0
917.4915,1008.57,23.4,40.20,+85.16,-11.34,0
917.6232,1008.57,23.4,40.20,+85.16,-11.34,0
917.7617,1008.52,23.4,40.64,+85.16,-10.91,0
917.8982,1008.56,23.4,40.29,+85.16,-11.25,0
918.0319,1008.56,23.4,40.29,+85.13,-11.28,0
918.1670,1008.49,23.4,40.89,+85.13,-10.68,0
918.3042,1008.52,23.4,40.64,+85.13,-10.94,0
918.4359,1008.52,23.4,40.64,+85.13,-10.94,0
918.5704,1008.55,23.4,40.38,+85.13,-11.20,0
918.7065,1008.46,23.4,41.15,+85.13,-10.42,0
918.8427,1008.56,23.4,40.29,+85.13,-11.28,0
918.9772,1008.57,23.4,40.20,+85.06,-11.43,1
919.1142,1008.49,23.4,40.89,+85.06,-10.74,0
919.2490,1008.51,23.4,40.72,+85.06,-10.91,0
919.3835,1008.55,23.4,40.38,+85.06,-11.26,0
919.5194,1008.56,23.4,40.29,+85.06,-11.34,1
919.6541,1008.56,23.4,40.29,+85.06,-11.34,1
919.7897,1008.50,23.4,40.81,+85.06,-10.83,0
919.9269,1008.53,23.4,40.55,+84.97,-11.18,0
920.0613,1008.46,23.4,41.15,+84.97,-10.58,0
920.1978,1008.44,23.4,41.32,+84.97,-10.41,0
920.3315,1008.47,23.4,41.07,+84.97,-10.67,0
920.4666,1008.51,23.4,40.72,+84.97,-11.01,0
920.6026,1008.52,23.4,40.64,+84.97,-11.10,0
920.7367,1008.53,23.4,40.55,+84.97,-11.18,0
920.8716,1008.49,23.4,40.89,+84.97,-10.84,0
921.0099,1008.49,23.4,40.89,+84.85,-10.95,0
921.1434,1008.48,23.4,40.98,+84.85,-10.87,0
921.2777,1008.51,23.4,40.72,+84.85,-11.13,0
921.4140,1008.48,23.4,40.98,+84.85,-10.87,0
921.5517,1008.53,23.4,40.55,+84.85,-11.30,1
921.6843,1008.57,23.4,40.20,+84.85,-11.64,1
921.8206,1008.54,23.4,40.46,+84.85,-11.38,1
921.9464,1008.53,23.4,40.55,+84.75,-11.40,1
922.0806,1008.53,23.4,40.55,+84.75,-11.40,1
922.2179,1008.49,23.4,40.89,+84.75,-11.06,0
922.3537,1008.49,23.4,40.89,+84.75,-11.06,0
922.4861,1008.50,23.4,40.81,+84.75,-11.14,0
922.6229,1008.45,23.4,41.24,+84.75,-10.71,0
922.7590,1008.48,23.4,40.98,+84.75,-10.97,0
922.8909,1008.50,23.4,40.81,+84.75,-11.14,0
923.0292,1008.45,23.4,41.24,+84.59,-10.87,0
923.1669,1008.46,23.4,41.15,+84.59,-10.96,0
923.2994,1008.51,23.4,40.72,+84.59,-11.39,1
923.4340,1008.47,23.4,41.07,+84.59,-11.04,0
923.5701,1008.48,23.4,40.98,+84.59,-11.13,0
923.7053,1008.46,23.4,41.15,+84.59,-10.96,0
923.8396,1008.49,23.4,40.89,+84.59,-11.22,1
923.9655,1008.48,23.4,40.98,+84.43,-11.29,1
924.1005,1008.50,23.4,40.81,+84.43,-11.46,1
924.2360,1008.48,23.4,40.98,+84.43,-11.29,1
924.3728,1008.47,23.4,41.07,+84.43,-11.20,1
924.5100,1008.53,23.4,40.55,+84.43,-11.72,1
924.6425,1008.53,23.4,40.55,+84.43,-11.72,1
924.7792,1008.55,23.4,40.38,+84.43,-11.89,1
924.9043,1008.44,23.4,41.32,+84.25,-11.12,1
925.0373,1008.49,23.4,40.89,+84.25,-11.55,1
925.1738,1008.53,23.4,40.55,+84.25,-11.90,1
925.3119,1008.48,23.4,40.98,+84.25,-11.47,1
925.4462,1008.54,23.4,40.46,+84.25,-11.99,1
925.5786,1008.49,23.4,40.89,+84.25,-11.55,1
925.7145,1008.48,23.4,40.98,+84.25,-11.47,1
925.8530,1008.43,23.4,41.41,+84.25,-11.04,1
925.9878,1008.49,23.4,40.89,+84.01,-11.79,1
926.1250,1008.52,23.4,40.64,+84.01,-12.05,1
926.2627,1008.49,23.4,40.89,+84.01,-11.79,1
926.3967,1008.44,23.4,41.32,+84.01,-11.36,1
926.5319,1008.45,23.4,41.24,+84.01,-11.45,1
926.6682,1008.44,23.4,41.32,+84.01,-11.36,1
926.8042,1008.49,23.4,40.89,+84.01,-11.79,1
926.9410,1008.39,23.4,41.76,+83.85,-11.09,1
927.0779,1008.43,23.4,41.41,+83.85,-11.44,1
927.2138,1008.55,23.4,40.38,+83.85,-12.47,1
927.3482,1008.49,23.4,40.89,+83.85,-11.96,1
927.4732,1008.55,23.4,40.38,+83.85,-12.47,1
927.6102,1008.46,23.4,41.15,+83.85,-11.70,1
927.7432,1008.44,23.4,41.32,+83.85,-11.53,1
927.8795,1008.47,23.4,41.07,+83.85,-11.78,1
928.0060,1008.45,23.4,41.24,+83.77,-11.69,1
928.1389,1008.47,23.4,41.07,+83.77,-11.86,1
928.2760,1008.39,23.4,41.76,+83.77,-11.17,1
928.4132,1008.44,23.4,41.32,+83.77,-11.60,1
928.5478,1008.49,23.4,40.89,+83.77,-12.03,1
928.6834,1008.50,23.4,40.81,+83.77,-12.12,1
928.8206,1008.46,23.4,41.15,+83.77,-11.78,1
928.9588,1008.51,23.4,40.72,+83.66,-12.32,1
929.0938,1008.44,23.4,41.32,+83.66,-11.72,1
929.2308,1008.45,23.4,41.24,+83.66,-11.80,1
929.3657,1008.56,23.4,40.29,+83.66,-12.75,1
929.5004,1008.43,23.4,41.41,+83.66,-11.63,1
929.6386,1008.47,23.4,41.07,+83.66,-11.98,1
929.7741,1008.54,23.4,40.46,+83.66,-12.58,1
929.9112,1008.47,23.4,41.07,+83.57,-12.06,1
930.0468,1008.49,23.4,40.89,+83.57,-12.23,1
930.1833,1008.46,23.4,41.15,+83.57,-11.98,1
930.3201,1008.47,23.4,41.07,+83.57,-12.06,1
930.4547,1008.47,23.4,41.07,+83.57,-12.06,1
930.5898,1008.51,23.4,40.72,+83.57,-12.41,1
930.7265,1008.49,23.4,40.89,+83.57,-12.23,1
930.8610,1008.47,23.4,41.07,+83.57,-12.06,1
930.9980,1008.47,23.4,41.07,+83.48,-12.15,1
931.1339,1008.49,23.4,40.89,+83.48,-12.32,1
931.2700,1008.45,23.4,41.24,+83.48,-11.98,1
931.4046,1008.48,23.4,40.98,+83.48,-12.24,1
931.5413,1008.53,23.4,40.55,+83.48,-12.67,1
931.6783,1008.53,23.4,40.55,+83.48,-12.67,1
931.8129,1008.44,23.4,41.32,+83.48,-11.89,1
931.9513,1008.51,23.4,40.72,+83.41,-12.57,1
932.0883,1008.51,23.4,40.72,+83.41,-12.57,1
932.2214,1008.44,23.4,41.32,+83.41,-11.96,1
932.3577,1008.50,23.4,40.81,+83.41,-12.48,1
932.4941,1008.47,23.4,41.07,+83.41,-12.22,1
932.6266,1008.48,23.4,40.98,+83.41,-12.31,1
932.7639,1008.46,23.4,41.15,+83.41,-12.14,1
932.8893,1008.45,23.4,41.24,+83.41,-12.05,1
933.0240,1008.49,23.4,40.89,+83.34,-12.47,1
933.1595,1008.53,23.4,40.55,+83.34,-12.81,1
933.2970,1008.49,23.4,40.89,+83.34,-12.47,1
933.4329,1008.48,23.4,40.98,+83.34,-12.38,1
933.5675,1008.44,23.4,41.32,+83.34,-12.04,1
933.7046,1008.48,23.4,40.98,+83.34,-12.38,1
933.8401,1008.52,23.4,40.64,+83.34,-12.73,1
933.9770,1008.47,23.4,41.07,+83.27,-12.36,1
934.1139,1008.44,23.4,41.32,+83.27,-12.11,1
934.2495,1008.48,23.4,40.98,+83.27,-12.45,1
934.3838,1008.49,23.4,40.89,+83.27,-12.54,1
934.5216,1008.46,23.4,41.15,+83.27,-12.28,1
934.6563,1008.48,23.4,40.98,+83.27,-12.45,1
934.7935,1008.44,23.4,41.32,+83.27,-12.11,1
934.9310,1008.48,23.4,40.98,+83.19,-12.53,1
935.0672,1008.46,23.4,41.15,+83.19,-12.36,1
935.2035,1008.52,23.4,40.64,+83.19,-12.88,1
935.3377,1008.53,23.4,40.55,+83.19,-12.96,1
935.4733,1008.50,23.4,40.81,+83.19,-12.70,1
935.6100,1008.54,23.4,40.46,+83.19,-13.05,1
935.7439,1008.54,23.4,40.46,+83.19,-13.05,1
935.8795,1008.50,23.4,40.81,+83.19,-12.70,1
936.0055,1008.52,23.4,40.64,+83.14,-12.92,1
936.1416,1008.37,23.4,41.93,+83.14,-11.63,1
936.2770,1008.49,23.4,40.89,+83.14,-12.66,1
936.4138,1008.43,23.4,41.41,+83.14,-12.14,1
936.5512,1008.49,23.4,40.89,+83.14,-12.66,1
936.6849,1008.49,23.4,40.89,+83.14,-12.66,1
936.8209,1008.46,23.4,41.15,+83.14,-12.40,1
936.9464,1008.56,23.4,40.29,+83.14,-13.27,1
937.0792,1008.50,23.4,40.81,+83.14,-12.76,1
937.2164,1008.51,23.4,40.72,+83.14,-12.84,1
937.3525,1008.44,23.4,41.32,+83.14,-12.24,1
937.4850,1008.47,23.4,41.07,+83.14,-12.50,1
937.6217,1008.48,23.4,40.98,+83.14,-12.58,1
937.7598,1008.44,23.4,41.32,+83.14,-12.24,1
937.8926,1008.44,23.4,41.32,+83.14,-12.24,1
938.0304,1008.45,23.4,41.24,+83.15,-12.31,1
938.1670,1008.46,23.4,41.15,+83.15,-12.40,1
938.3036,1008.46,23.4,41.15,+83.15,-12.40,1
938.4377,1008.49,23.4,40.89,+83.15,-12.65,1
938.5746,1008.56,23.4,40.29,+83.15,-13.26,1
938.7101,1008.49,23.4,40.89,+83.15,-12.65,1
938.8448,1008.47,23.4,41.07,+83.15,-12.48,1
938.9835,1008.57,23.4,40.20,+83.21,-13.28,1
939.1184,1008.47,23.4,41.07,+83.21,-12.42,1
939.2532,1008.45,23.4,41.24,+83.21,-12.25,1
939.3913,1008.55,23.4,40.38,+83.21,-13.11,1
939.5261,1008.49,23.4,40.89,+83.21,-12.59,1
939.6628,1008.53,23.4,40.55,+83.21,-12.94,1
939.7980,1008.54,23.4,40.46,+83.21,-13.02,1
939.9356,1008.50,23.4,40.81,+83.33,-12.57,1
940.0719,1008.49,23.4,40.89,+83.33,-12.48,1
940.2070,1008.52,23.4,40.64,+83.33,-12.74,1
940.3419,1008.55,23.4,40.38,+83.33,-13.00,1
940.4785,1008.54,23.4,40.46,+83.33,-12.91,1
940.6123,1008.47,23.4,41.07,+83.33,-12.31,1
940.7482,1008.53,23.4,40.55,+83.33,-12.82,1
940.8857,1008.51,23.4,40.72,+83.33,-12.65,1
941.0265,1008.45,23.4,41.24,+83.44,-12.03,1
941.1595,1008.47,23.4,41.07,+83.44,-12.20,1
941.2962,1008.53,23.4,40.55,+83.44,-12.72,1
941.4334,1008.58,23.4,40.12,+83.44,-13.15,1
941.5682,1008.43,23.4,41.41,+83.44,-11.85,1
941.7055,1008.48,23.4,40.98,+83.44,-12.28,1
941.8428,1008.48,23.4,40.98,+83.44,-12.28,1
941.9781,1008.49,23.4,40.89,+83.46,-12.34,1
942.1151,1008.51,23.4,40.72,+83.46,-12.52,1
942.2518,1008.46,23.4,41.15,+83.46,-12.09,1
942.3867,1008.49,23.4,40.89,+83.46,-12.34,1
942.5198,1008.45,23.4,41.24,+83.46,-12.00,1
942.6575,1008.51,23.4,40.72,+83.46,-12.52,1
942.7930,1008.52,23.4,40.64,+83.46,-12.60,1
942.9305,1008.48,23.4,40.98,+83.44,-12.28,1
943.0652,1008.43,23.4,41.41,+83.44,-11.85,1
943.2018,1008.48,23.4,40.98,+83.44,-12.28,1
943.3345,1008.46,23.4,41.15,+83.44,-12.11,1
943.4709,1008.45,23.4,41.24,+83.44,-12.02,1
943.6059,1008.44,23.4,41.32,+83.44,-11.93,1
943.7426,1008.46,23.4,41.15,+83.44,-12.11,1
943.8771,1008.45,23.4,41.24,+83.44,-12.02,1
944.0144,1008.44,23.4,41.32,+83.31,-12.07,1
944.1516,1008.51,23.4,40.72,+83.31,-12.67,1
944.2875,1008.46,23.4,41.15,+83.31,-12.24,1
944.4221,1008.52,23.4,40.64,+83.31,-12.75,1
944.5588,1008.48,23.4,40.98,+83.31,-12.41,1
944.6938,1008.43,23.4,41.41,+83.31,-11.98,1
944.8298,1008.48,23.4,40.98,+83.31,-12.41,1
944.9679,1008.48,23.4,40.98,+83.09,-12.63,1
945.1053,1008.48,23.4,40.98,+83.09,-12.63,1
945.2386,1008.49,23.4,40.89,+83.09,-12.71,1
945.3767,1008.49,23.4,40.89,+83.09,-12.71,1
945.5136,1008.52,23.4,40.64,+83.09,-12.97,1
945.6459,1008.52,23.4,40.64,+83.09,-12.97,1
945.7834,1008.51,23.4,40.72,+83.09,-12.88,1
945.9103,1008.52,23.4,40.64,+82.79,-13.28,1
946.0414,1008.48,23.4,40.98,+82.79,-12.93,1
946.1790,1008.55,23.4,40.38,+82.79,-13.54,1
946.3161,1008.51,23.4,40.72,+82.79,-13.19,1
946.4494,1008.51,23.4,40.72,+82.79,-13.19,1
946.5861,1008.49,23.4,40.89,+82.79,-13.02,1
946.7240,1008.55,23.4,40.38,+82.79,-13.54,1
946.8600,1008.51,23.4,40.72,+82.79,-13.19,1
946.9968,1008.49,23.4,40.89,+82.30,-13.51,1
947.1343,1008.48,23.4,40.98,+82.30,-13.42,1
947.2697,1008.44,23.4,41.32,+82.30,-13.08,1
947.4038,1008.49,23.4,40.89,+82.30,-13.51,1
947.5289,1008.46,23.4,41.15,+82.30,-13.25,1
947.6636,1008.49,23.4,40.89,+82.30,-13.51,1
947.7988,1008.48,23.4,40.98,+82.30,-13.42,1
947.9250,1008.51,23.4,40.72,+81.43,-14.55,1
948.0611,1008.45,23.4,41.24,+81.43,-14.04,1
948.1943,1008.50,23.4,40.81,+81.43,-14.47,1
948.3295,1008.49,23.4,40.89,+81.43,-14.38,1
948.4663,1008.47,23.4,41.07,+81.43,-14.21,1
948.6000,1008.56,23.5,40.30,+81.43,-14.97,1
948.7368,1008.52,23.4,40.64,+81.43,-14.64,1
948.8745,1008.49,23.5,40.91,+81.43,-14.37,1
949.0115,1008.48,23.5,40.99,+80.13,-15.58,1
949.1462,1008.48,23.5,40.99,+80.13,-15.58,1
949.2832,1008.44,23.4,41.32,+80.13,-15.25,1
949.4184,1008.48,23.5,40.99,+80.13,-15.58,1
949.5533,1008.48,23.5,40.99,+80.13,-15.58,1
949.6912,1008.46,23.4,41.15,+80.13,-15.42,1
949.8264,1008.50,23.5,40.82,+80.13,-15.75,1
949.9631,1008.52,23.5,40.65,+78.75,-17.30,1
950.0980,1008.47,23.5,41.08,+78.75,-16.87,1
950.2344,1008.55,23.5,40.39,+78.75,-17.56,1
950.3711,1008.53,23.5,40.56,+78.75,-17.39,1
950.5059,1008.49,23.5,40.91,+78.75,-17.04,1
950.6409,1008.49,23.5,40.91,+78.75,-17.04,1
950.7794,1008.52,23.5,40.65,+78.75,-17.30,1
950.9148,1008.51,23.5,40.73,+77.36,-18.60,1
951.0497,1008.51,23.5,40.73,+77.36,-18.60,1
951.1877,1008.55,23.5,40.39,+77.36,-18.94,1
951.3215,1008.51,23.5,40.73,+77.36,-18.60,1
951.4564,1008.50,23.5,40.82,+77.36,-18.51,1
951.5936,1008.59,23.5,40.05,+77.36,-19.29,1
951.7315,1008.52,23.5,40.65,+77.36,-18.69,1
951.8660,1008.46,23.5,41.17,+77.36,-18.17,1
952.0033,1008.48,23.5,40.99,+77.36,-18.34,1
952.1377,1008.51,23.5,40.73,+77.36,-18.60,1
952.2705,1008.55,23.5,40.39,+77.36,-18.94,1
952.4069,1008.53,23.5,40.56,+77.36,-18.77,1
952.5433,1008.47,23.5,41.08,+77.36,-18.26,1
952.6759,1008.47,23.5,41.08,+77.36,-18.26,1
952.8142,1008.47,23.5,41.08,+77.36,-18.26,1
952.9530,1008.43,23.5,41.42,+77.36,-17.91,1
953.0893,1008.48,23.5,40.99,+77.36,-18.34,1
953.2241,1008.48,23.5,40.99,+77.36,-18.34,1
953.3615,1008.45,23.5,41.25,+77.36,-18.08,1
953.4993,1008.48,23.5,40.99,+77.36,-18.34,1
953.6323,1008.47,23.5,41.08,+77.36,-18.26,1
953.7690,1008.48,23.5,40.99,+77.36,-18.34,1
953.9076,1008.52,23.5,40.65,+76.18,-19.87,1
954.0428,1008.52,23.5,40.65,+76.18,-19.87,1
954.1797,1008.47,23.5,41.08,+76.18,-19.44,1
954.3147,1008.48,23.5,40.99,+76.18,-19.52,1
954.4521,1008.50,23.5,40.82,+76.18,-19.69,1
954.5858,1008.45,23.5,41.25,+76.18,-19.26,1
954.7213,1008.44,23.5,41.34,+76.18,-19.18,1
954.8591,1008.47,23.5,41.08,+76.18,-19.44,1
954.9957,1008.50,23.5,40.82,+74.99,-20.88,1
955.1319,1008.43,23.5,41.42,+74.99,-20.28,1
955.2690,1008.47,23.5,41.08,+74.99,-20.63,1
955.4033,1008.43,23.5,41.42,+74.99,-20.28,1
955.5393,1008.39,23.5,41.77,+74.99,-19.94,1
955.6647,1008.44,23.5,41.34,+74.99,-20.37,1
955.7998,1008.38,23.5,41.86,+74.99,-19.85,1
955.9379,1008.46,23.5,41.17,+73.75,-21.79,1
956.0757,1008.48,23.5,40.99,+73.75,-21.96,1
956.2142,1008.54,23.5,40.48,+73.75,-22.48,1
956.3466,1008.45,23.5,41.25,+73.75,-21.70,1
956.4826,1008.38,23.5,41.86,+73.75,-21.10,1
956.6190,1008.48,23.5,40.99,+73.75,-21.96,1
956.7529,1008.49,23.5,40.91,+73.75,-22.04,1
956.8902,1008.48,23.5,40.99,+73.75,-21.96,1
957.0160,1008.50,23.5,40.82,+72.51,-23.37,1
957.1488,1008.45,23.5,41.25,+72.51,-22.93,1
957.2859,1008.47,23.5,41.08,+72.51,-23.11,1
957.4222,1008.44,23.5,41.34,+72.51,-22.85,1
957.5549,1008.49,23.5,40.91,+72.51,-23.28,1
957.6912,1008.38,23.5,41.86,+72.51,-22.33,1
957.8301,1008.44,23.5,41.34,+72.51,-22.85,1
957.9665,1008.43,23.5,41.42,+71.28,-23.99,1
958.0999,1008.47,23.5,41.08,+71.28,-24.34,1
958.2372,1008.48,23.5,40.99,+71.28,-24.42,1
958.3735,1008.47,23.5,41.08,+71.28,-24.34,1
958.5078,1008.45,23.5,41.25,+71.28,-24.17,1
958.6421,1008.45,23.5,41.25,+71.28,-24.17,1
958.7752,1008.46,23.5,41.17,+71.28,-24.25,1
958.9126,1008.47,23.5,41.08,+70.07,-25.55,1
959.0478,1008.50,23.5,40.82,+70.07,-25.81,1
959.1812,1008.48,23.5,40.99,+70.07,-25.64,1
959.3158,1008.47,23.5,41.08,+70.07,-25.55,1
959.4515,1008.50,23.5,40.82,+70.07,-25.81,1
959.5844,1008.50,23.5,40.82,+70.07,-25.81,1
959.7192,1008.45,23.5,41.25,+70.07,-25.38,1
959.8546,1008.48,23.5,40.99,+70.07,-25.64,1
959.9914,1008.49,23.5,40.91,+68.87,-26.92,1
960.1255,1008.51,23.5,40.73,+68.87,-27.09,1
960.2604,1008.48,23.5,40.99,+68.87,-26.83,1
960.3929,1008.53,23.5,40.56,+68.87,-27.26,1
960.5291,1008.51,23.5,40.73,+68.87,-27.09,1
960.6634,1008.46,23.4,41.15,+68.87,-26.68,1
960.7969,1008.55,23.5,40.39,+68.87,-27.44,1
960.9340,1008.48,23.4,40.98,+67.73,-27.99,1
961.0696,1008.45,23.4,41.24,+67.73,-27.73,1
961.2024,1008.47,23.4,41.07,+67.73,-27.90,1
961.3391,1008.52,23.4,40.64,+67.73,-28.33,1
961.4767,1008.52,23.4,40.64,+67.73,-28.33,1
961.6106,1008.55,23.4,40.38,+67.73,-28.59,1
961.7476,1008.48,23.4,40.98,+67.73,-27.99,1
961.8854,1008.45,23.4,41.24,+67.73,-27.73,1
962.0234,1008.52,23.4,40.64,+66.64,-29.42,1
962.1582,1008.46,23.4,41.15,+66.64,-28.91,1
962.2954,1008.46,23.4,41.15,+66.64,-28.91,1
962.4305,1008.47,23.4,41.07,+66.64,-28.99,1
962.5652,1008.48,23.4,40.98,+66.64,-29.08,1
962.7034,1008.52,23.4,40.64,+66.64,-29.42,1
962.8384,1008.59,23.4,40.03,+66.64,-30.03,1
962.9757,1008.48,23.4,40.98,+65.61,-30.11,1
963.1107,1008.44,23.4,41.32,+65.61,-29.77,1
963.2479,1008.48,23.4,40.98,+65.61,-30.11,1
963.3847,1008.50,23.4,40.81,+65.61,-30.29,1
963.5188,1008.44,23.4,41.32,+65.61,-29.77,1
963.6534,1008.46,23.4,41.15,+65.61,-29.94,1
963.7909,1008.46,23.4,41.15,+65.61,-29.94,1
963.9290,1008.45,23.4,41.24,+64.56,-30.90,1
964.0639,1008.50,23.4,40.81,+64.56,-31.33,1
964.2016,1008.49,23.4,40.89,+64.56,-31.25,1
964.3377,1008.49,23.4,40.89,+64.56,-31.25,1
964.4728,1008.39,23.4,41.76,+64.56,-30.39,1
964.6098,1008.46,23.4,41.15,+64.56,-30.99,1
964.7477,1008.49,23.4,40.89,+64.56,-31.25,1
964.8825,1008.47,23.4,41.07,+64.56,-31.07,1
965.0083,1008.51,23.4,40.72,+63.55,-32.43,1
965.1461,1008.50,23.4,40.81,+63.55,-32.34,1
965.2792,1008.51,23.4,40.72,+63.55,-32.43,1
965.4162,1008.47,23.4,41.07,+63.55,-32.08,1
965.5525,1008.54,23.4,40.46,+63.55,-32.69,1
965.6854,1008.52,23.5,40.65,+63.55,-32.50,1
965.8219,1008.44,23.4,41.32,+63.55,-31.82,1
965.9499,1008.51,23.5,40.73,+62.56,-33.40,1
966.0813,1008.47,23.5,41.08,+62.56,-33.06,1
966.2188,1008.48,23.4,40.98,+62.56,-33.16,1
966.3559,1008.51,23.5,40.73,+62.56,-33.40,1
966.4898,1008.50,23.5,40.82,+62.56,-33.31,1
966.6255,1008.51,23.5,40.73,+62.56,-33.40,1
966.7625,1008.44,23.5,41.34,+62.56,-32.80,1
966.8982,1008.48,23.5,40.99,+62.56,-33.14,1
967.0368,1008.48,23.4,40.98,+61.61,-34.11,1
967.1741,1008.49,23.5,40.91,+61.61,-34.18,1
967.3097,1008.46,23.5,41.17,+61.61,-33.93,1
967.4445,1008.54,23.4,40.46,+61.61,-34.63,1
967.5830,1008.49,23.4,40.89,+61.61,-34.20,1
967.7182,1008.46,23.4,41.15,+61.61,-33.94,1
967.8535,1008.45,23.4,41.24,+61.61,-33.85,1
967.9807,1008.50,23.4,40.81,+60.64,-35.25,1
968.1173,1008.48,23.4,40.98,+60.64,-35.08,1
968.2525,1008.47,23.4,41.07,+60.64,-34.99,1
968.3895,1008.54,23.4,40.46,+60.64,-35.59,1
968.5253,1008.50,23.4,40.81,+60.64,-35.25,1
968.6623,1008.48,23.4,40.98,+60.64,-35.08,1
968.7971,1008.49,23.4,40.89,+60.64,-35.16,1
968.9354,1008.49,23.4,40.89,+59.72,-36.09,1
969.0720,1008.54,23.4,40.46,+59.72,-36.52,1
969.2078,1008.57,23.4,40.20,+59.72,-36.78,1
969.3430,1008.49,23.4,40.89,+59.72,-36.09,1
969.4802,1008.52,23.4,40.64,+59.72,-36.35,1
969.6147,1008.49,23.4,40.89,+59.72,-36.09,1
969.7500,1008.51,23.4,40.72,+59.72,-36.26,1
969.8863,1008.55,23.4,40.38,+59.72,-36.61,1
970.0272,1008.43,23.4,41.41,+58.84,-36.45,1
970.1604,1008.48,23.4,40.98,+58.84,-36.88,1
970.2988,1008.52,23.4,40.64,+58.84,-37.22,1
970.4356,1008.48,23.4,40.98,+58.84,-36.88,1
970.5684,1008.54,23.4,40.46,+58.84,-37.40,1
970.7058,1008.52,23.4,40.64,+58.84,-37.22,1
970.8312,1008.53,23.5,40.56,+58.84,-37.30,1
970.9670,1008.49,23.5,40.91,+57.98,-37.81,1
971.1019,1008.53,23.5,40.56,+57.98,-38.16,1
971.2387,1008.50,23.4,40.81,+57.98,-37.91,1
971.3723,1008.51,23.4,40.72,+57.98,-38.00,1
971.5084,1008.51,23.5,40.73,+57.98,-37.99,1
971.6442,1008.47,23.4,41.07,+57.98,-37.65,1
971.7797,1008.46,23.4,41.15,+57.98,-37.57,1
971.9182,1008.54,23.4,40.46,+57.14,-39.09,0
972.0541,1008.52,23.5,40.65,+57.14,-38.91,0
972.1885,1008.49,23.4,40.89,+57.14,-38.66,1
972.3233,1008.49,23.4,40.89,+57.14,-38.66,1
972.4614,1008.52,23.4,40.64,+57.14,-38.92,0
972.5955,1008.49,23.4,40.89,+57.14,-38.66,1
972.7302,1008.48,23.4,40.98,+57.14,-38.58,1
972.8677,1008.51,23.4,40.72,+57.14,-38.83,1
972.9932,1008.55,23.4,40.38,+56.37,-39.96,0
973.1252,1008.52,23.4,40.64,+56.37,-39.70,0
973.2610,1008.56,23.4,40.29,+56.37,-40.04,0
973.3967,1008.46,23.4,41.15,+56.37,-39.18,0
973.5321,1008.52,23.4,40.64,+56.37,-39.70,0
973.6658,1008.52,23.4,40.64,+56.37,-39.70,0
973.8022,1008.51,23.4,40.72,+56.37,-39.61,0
973.9404,1008.44,23.4,41.32,+55.61,-39.76,0
974.0738,1008.51,23.4,40.72,+55.61,-40.37,0
974.2096,1008.51,23.4,40.72,+55.61,-40.37,0
974.3433,1008.55,23.4,40.38,+55.61,-40.71,0
974.4770,1008.53,23.4,40.55,+55.61,-40.54,0
974.6118,1008.54,23.4,40.46,+55.61,-40.62,0
974.7455,1008.51,23.4,40.72,+55.61,-40.37,0
974.8818,1008.48,23.4,40.98,+55.61,-40.11,0
975.0196,1008.53,23.4,40.55,+54.86,-41.29,0
975.1542,1008.48,23.4,40.98,+54.86,-40.86,0
975.2889,1008.59,23.4,40.03,+54.86,-41.81,0
975.4230,1008.50,23.4,40.81,+54.86,-41.04,0
975.5570,1008.49,23.4,40.89,+54.86,-40.95,0
975.6940,1008.51,23.4,40.72,+54.86,-41.12,0
975.8280,1008.49,23.4,40.89,+54.86,-40.95,0
975.9651,1008.48,23.4,40.98,+54.18,-41.54,0
976.1007,1008.47,23.4,41.07,+54.18,-41.45,0
976.2381,1008.46,23.4,41.15,+54.18,-41.37,0
976.3696,1008.45,23.4,41.24,+54.18,-41.28,0
976.5060,1008.49,23.4,40.89,+54.18,-41.63,0
976.6421,1008.46,23.4,41.15,+54.18,-41.37,0
976.7750,1008.49,23.4,40.89,+54.18,-41.63,0
976.9142,1008.47,23.4,41.07,+53.51,-42.12,0
977.0484,1008.53,23.4,40.55,+53.51,-42.64,0
977.1804,1008.54,23.4,40.46,+53.51,-42.73,0
977.3161,1008.52,23.4,40.64,+53.51,-42.56,0
977.4514,1008.55,23.4,40.38,+53.51,-42.81,0
977.5853,1008.60,23.4,39.95,+53.51,-43.24,0
977.7177,1008.52,23.4,40.64,+53.51,-42.56,0
977.8551,1008.49,23.4,40.89,+53.51,-42.30,0
977.9927,1008.49,23.4,40.89,+52.78,-43.02,0
978.1264,1008.47,23.4,41.07,+52.78,-42.85,0
978.2630,1008.49,23.4,40.89,+52.78,-43.02,0
978.3981,1008.48,23.4,40.98,+52.78,-42.94,0
978.5313,1008.49,23.4,40.89,+52.78,-43.02,0
978.6671,1008.48,23.4,40.98,+52.78,-42.94,0
978.8022,1008.46,23.4,41.15,+52.78,-42.76,0
978.9433,1008.47,23.4,41.07,+52.06,-43.57,0
979.0748,1008.52,23.4,40.64,+52.06,-44.01,0
979.2108,1008.59,23.5,40.05,+52.06,-44.60,0
979.3459,1008.46,23.4,41.15,+52.06,-43.49,0
979.4816,1008.49,23.5,40.91,+52.06,-43.73,0
979.6154,1008.53,23.4,40.55,+52.06,-44.09,0
979.7520,1008.49,23.5,40.91,+52.06,-43.73,1
979.8874,1008.49,23.4,40.89,+52.06,-43.75,0
980.0256,1008.48,23.4,40.98,+51.34,-44.38,0
980.1607,1008.52,23.5,40.65,+51.34,-44.71,0
980.2965,1008.54,23.5,40.48,+51.34,-44.88,0
980.4281,1008.46,23.5,41.17,+51.34,-44.19,0
980.5644,1008.50,23.5,40.82,+51.34,-44.54,0
980.6999,1008.50,23.5,40.82,+51.34,-44.54,0
980.8320,1008.48,23.5,40.99,+51.34,-44.36,0
980.9573,1008.48,23.5,40.99,+50.62,-45.08,0
981.0941,1008.51,23.4,40.72,+50.62,-45.36,0
981.2257,1008.53,23.5,40.56,+50.62,-45.51,0
981.3614,1008.49,23.5,40.91,+50.62,-45.17,0
981.4977,1008.47,23.4,41.07,+50.62,-45.01,0
981.6303,1008.52,23.4,40.64,+50.62,-45.44,0
981.7653,1008.50,23.4,40.81,+50.62,-45.27,0
981.9007,1008.53,23.4,40.55,+50.62,-45.53,0
982.0381,1008.53,23.4,40.55,+49.96,-46.19,0
982.1713,1008.48,23.4,40.98,+49.96,-45.76,0
982.3071,1008.49,23.4,40.89,+49.96,-45.85,0
982.4438,1008.43,23.4,41.41,+49.96,-45.33,0
982.5754,1008.52,23.4,40.64,+49.96,-46.10,0
982.7124,1008.46,23.4,41.15,+49.96,-45.59,0
982.8487,1008.49,23.4,40.89,+49.96,-45.85,0
982.9839,1008.45,23.4,41.24,+49.33,-46.13,0
983.1205,1008.45,23.4,41.24,+49.33,-46.13,0
983.2576,1008.49,23.4,40.89,+49.33,-46.48,0
983.3915,1008.46,23.4,41.15,+49.33,-46.22,0
983.5234,1008.45,23.4,41.24,+49.33,-46.13,0
983.6588,1008.52,23.4,40.64,+49.33,-46.74,0
983.7952,1008.49,23.5,40.91,+49.33,-46.46,0
983.9312,1008.50,23.5,40.82,+48.72,-47.16,0
984.0671,1008.48,23.5,40.99,+48.72,-46.99,0
984.2017,1008.57,23.5,40.22,+48.72,-47.76,0
984.3362,1008.45,23.5,41.25,+48.72,-46.73,0
984.4720,1008.46,23.5,41.17,+48.72,-46.82,0
984.6061,1008.51,23.5,40.73,+48.72,-47.25,0
984.7423,1008.51,23.5,40.73,+48.72,-47.25,0
984.8776,1008.51,23.5,40.73,+48.72,-47.25,0
985.0151,1008.51,23.5,40.73,+48.17,-47.80,0
985.1512,1008.48,23.5,40.99,+48.17,-47.54,0
985.2850,1008.52,23.5,40.65,+48.17,-47.89,0
985.4201,1008.52,23.5,40.65,+48.17,-47.89,0
985.5557,1008.48,23.5,40.99,+48.17,-47.54,0
985.6899,1008.51,23.5,40.73,+48.17,-47.80,0
985.8248,1008.55,23.5,40.39,+48.17,-48.14,0
985.9507,1008.49,23.5,40.91,+47.66,-48.13,0
986.0836,1008.52,23.5,40.65,+47.66,-48.39,0
986.2178,1008.51,23.5,40.73,+47.66,-48.30,0
986.3537,1008.45,23.5,41.25,+47.66,-47.79,0
986.4905,1008.50,23.5,40.82,+47.66,-48.22,0
986.6237,1008.55,23.5,40.39,+47.66,-48.65,1
986.7591,1008.52,23.5,40.65,+47.66,-48.39,0
986.8956,1008.48,23.5,40.99,+47.66,-48.04,0
987.0324,1008.49,23.5,40.91,+47.17,-48.63,0
987.1663,1008.48,23.5,40.99,+47.17,-48.54,0
987.3021,1008.50,23.5,40.82,+47.17,-48.71,0
987.4356,1008.54,23.5,40.48,+47.17,-49.06,0
987.5707,1008.50,23.5,40.82,+47.17,-48.71,0
987.7054,1008.45,23.5,41.25,+47.17,-48.28,0
987.8409,1008.47,23.5,41.08,+47.17,-48.45,0
987.9758,1008.55,23.5,40.39,+46.71,-49.60,0
988.1115,1008.54,23.5,40.48,+46.71,-49.51,0
988.2478,1008.50,23.5,40.82,+46.71,-49.17,0
988.3789,1008.48,23.5,40.99,+46.71,-49.00,0
988.5152,1008.48,23.5,40.99,+46.71,-49.00,0
988.6521,1008.46,23.5,41.17,+46.71,-48.82,0
988.7855,1008.44,23.5,41.34,+46.71,-48.65,0
988.9241,1008.47,23.5,41.08,+46.31,-49.32,0
989.0608,1008.46,23.5,41.17,+46.31,-49.23,0
989.1990,1008.48,23.5,40.99,+46.31,-49.40,0
989.3307,1008.48,23.5,40.99,+46.31,-49.40,0
989.4657,1008.45,23.5,41.25,+46.31,-49.14,0
989.6015,1008.44,23.5,41.34,+46.31,-49.06,0
989.7345,1008.51,23.5,40.73,+46.31,-49.66,0
989.8711,1008.47,23.5,41.08,+46.31,-49.32,0
989.9987,1008.44,23.5,41.34,+45.93,-49.43,0
990.1294,1008.49,23.5,40.91,+45.93,-49.87,0
990.2669,1008.54,23.5,40.48,+45.93,-50.30,0
990.4026,1008.47,23.5,41.08,+45.93,-49.69,0
990.5344,1008.47,23.5,41.08,+45.93,-49.69,0
990.6700,1008.45,23.5,41.25,+45.93,-49.52,0
990.8075,1008.46,23.5,41.17,+45.93,-49.61,0
990.9448,1008.45,23.5,41.25,+45.62,-49.82,0
991.0773,1008.44,23.5,41.34,+45.62,-49.74,0
991.2142,1008.48,23.5,40.99,+45.62,-50.08,0
991.3489,1008.52,23.5,40.65,+45.62,-50.43,0
991.4810,1008.44,23.5,41.34,+45.62,-49.74,0
991.6168,1008.39,23.5,41.77,+45.62,-49.31,0
991.7537,1008.46,23.5,41.17,+45.62,-49.91,0
991.8879,1008.43,23.5,41.42,+45.62,-49.65,0
992.0135,1008.47,23.5,41.08,+45.37,-50.26,0
992.1472,1008.57,23.5,40.22,+45.37,-51.12,0
992.2794,1008.49,23.5,40.91,+45.37,-50.43,0
992.4152,1008.45,23.5,41.25,+45.37,-50.08,0
992.5510,1008.50,23.5,40.82,+45.37,-50.51,0
992.6857,1008.50,23.5,40.82,+45.37,-50.51,0
992.8189,1008.50,23.5,40.82,+45.37,-50.51,0
992.9461,1008.47,23.5,41.08,+45.16,-50.46,0
993.0789,1008.49,23.5,40.91,+45.16,-50.63,0
993.2135,1008.53,23.5,40.56,+45.16,-50.97,0
993.3499,1008.60,23.6,39.97,+45.16,-51.56,0
993.4845,1008.50,23.6,40.83,+45.16,-50.70,1
993.6179,1008.53,23.6,40.58,+45.16,-50.96,0
993.7550,1008.52,23.6,40.66,+45.16,-50.87,0
993.8894,1008.50,23.6,40.83,+45.16,-50.70,0
994.0266,1008.46,23.6,41.18,+45.03,-50.49,0
994.1621,1008.47,23.6,41.09,+45.03,-50.57,0
994.2959,1008.50,23.6,40.83,+45.03,-50.83,0
994.4320,1008.48,23.6,41.01,+45.03,-50.66,0
994.5668,1008.49,23.6,40.92,+45.03,-50.75,0
994.7005,1008.46,23.6,41.18,+45.03,-50.49,0
994.8370,1008.51,23.6,40.75,+45.03,-50.92,0
994.9746,1008.46,23.6,41.18,+44.90,-50.62,0
995.1107,1008.47,23.6,41.09,+44.90,-50.70,0
995.2471,1008.46,23.6,41.18,+44.90,-50.62,0
995.3802,1008.50,23.6,40.83,+44.90,-50.96,0
995.5150,1008.47,23.6,41.09,+44.90,-50.70,0
995.6507,1008.50,23.6,40.83,+44.90,-50.96,0
995.7864,1008.56,23.6,40.32,+44.90,-51.48,0
995.9226,1008.46,23.6,41.18,+44.85,-50.67,0
996.0579,1008.51,23.6,40.75,+44.85,-51.10,0
996.1949,1008.55,23.6,40.40,+44.85,-51.45,0
996.3268,1008.50,23.6,40.83,+44.85,-51.02,0
996.4617,1008.46,23.6,41.18,+44.85,-50.67,0
996.5976,1008.44,23.6,41.35,+44.85,-50.50,0
996.7309,1008.48,23.6,41.01,+44.85,-50.85,0
996.8674,1008.44,23.6,41.35,+44.85,-50.50,0
996.9938,1008.49,23.6,40.92,+44.90,-50.88,0
997.1257,1008.44,23.6,41.35,+44.90,-50.45,0
997.2628,1008.44,23.6,41.35,+44.90,-50.45,0
997.3985,1008.47,23.6,41.09,+44.90,-50.71,0
997.5325,1008.50,23.6,40.83,+44.90,-50.97,0
997.6650,1008.50,23.6,40.83,+44.90,-50.97,0
997.8027,1008.47,23.6,41.09,+44.90,-50.71,0
997.9398,1008.51,23.6,40.75,+45.02,-50.93,0
998.0721,1008.50,23.6,40.83,+45.02,-50.85,0
998.2087,1008.46,23.6,41.18,+45.02,-50.50,0
998.3437,1008.48,23.6,41.01,+45.02,-50.67,0
998.4769,1008.45,23.6,41.27,+45.02,-50.42,0
998.6125,1008.51,23.6,40.75,+45.02,-50.93,0
998.7472,1008.45,23.6,41.27,+45.02,-50.42,0
998.8849,1008.55,23.6,40.40,+45.02,-51.28,0
999.0199,1008.47,23.6,41.09,+45.20,-50.41,0
999.1539,1008.50,23.6,40.83,+45.20,-50.66,0
999.2903,1008.50,23.6,40.83,+45.20,-50.66,0
999.4248,1008.49,23.6,40.92,+45.20,-50.58,0
999.5584,1008.57,23.6,40.23,+45.20,-51.27,0
999.6945,1008.51,23.6,40.75,+45.20,-50.75,0
999.8288,1008.51,23.6,40.75,+45.20,-50.75,0
999.9543,1008.54,23.6,40.49,+45.33,-50.88,0
1000.0905,1008.50,23.6,40.83,+45.33,-50.53,0
1000.2244,1008.53,23.7,40.59,+45.33,-50.78,0
1000.3603,1008.56,23.7,40.33,+45.33,-51.04,1
1000.4966,1008.53,23.7,40.59,+45.33,-50.78,0
1000.6321,1008.53,23.7,40.59,+45.33,-50.78,0
1000.7656,1008.54,23.7,40.50,+45.33,-50.86,0
1000.9001,1008.53,23.7,40.59,+45.33,-50.78,0
1001.0265,1008.50,23.7,40.85,+45.54,-50.31,0
1001.1599,1008.51,23.7,40.76,+45.54,-50.40,0
1001.2936,1008.51,23.7,40.76,+45.54,-50.40,0
1001.4296,1008.49,23.7,40.93,+45.54,-50.23,0
1001.5642,1008.56,23.7,40.33,+45.54,-50.83,0
1001.6978,1008.51,23.7,40.76,+45.54,-50.40,0
1001.8341,1008.54,23.7,40.50,+45.54,-50.66,0
1001.9719,1008.57,23.7,40.24,+45.78,-50.67,0
1002.1082,1008.55,23.7,40.42,+45.78,-50.50,0
1002.2444,1008.53,23.7,40.59,+45.78,-50.33,0
1002.3799,1008.49,23.7,40.93,+45.78,-49.98,0
1002.5120,1008.50,23.7,40.85,+45.78,-50.07,0
1002.6476,1008.46,23.7,41.19,+45.78,-49.72,0
1002.7834,1008.54,23.7,40.50,+45.78,-50.41,0
1002.9188,1008.53,23.7,40.59,+46.04,-50.07,0
1003.0541,1008.54,23.7,40.50,+46.04,-50.15,0
1003.1923,1008.57,23.7,40.24,+46.04,-50.41,0
1003.3240,1008.47,23.7,41.11,+46.04,-49.55,0
1003.4603,1008.55,23.7,40.42,+46.04,-50.24,0
1003.5963,1008.48,23.7,41.02,+46.04,-49.64,0
1003.7313,1008.55,23.7,40.42,+46.04,-50.24,0
1003.8652,1008.50,23.7,40.85,+46.04,-49.81,0
1003.9916,1008.53,23.7,40.59,+46.26,-49.85,0
1004.1260,1008.56,23.7,40.33,+46.26,-50.11,0
1004.2601,1008.51,23.7,40.76,+46.26,-49.68,0
1004.3952,1008.51,23.7,40.76,+46.26,-49.68,0
1004.5309,1008.51,23.7,40.76,+46.26,-49.68,0
1004.6625,1008.55,23.7,40.42,+46.26,-50.03,0
1004.7992,1008.50,23.7,40.85,+46.26,-49.59,0
1004.9249,1008.48,23.7,41.02,+46.49,-49.19,0
1005.0566,1008.51,23.7,40.76,+46.49,-49.44,0
1005.1931,1008.54,23.7,40.50,+46.49,-49.70,0
1005.3305,1008.53,23.7,40.59,+46.49,-49.62,0
1005.4622,1008.57,23.6,40.23,+46.49,-49.98,0
1005.5971,1008.45,23.6,41.27,+46.49,-48.94,0
1005.7328,1008.52,23.6,40.66,+46.49,-49.54,0
1005.8677,1008.51,23.6,40.75,+46.49,-49.46,0
1006.0031,1008.51,23.6,40.75,+46.71,-49.24,0
1006.1392,1008.48,23.6,41.01,+46.71,-48.98,0
1006.2733,1008.55,23.6,40.40,+46.71,-49.58,0
1006.4074,1008.53,23.6,40.58,+46.71,-49.41,0
1006.5417,1008.56,23.6,40.32,+46.71,-49.67,0
1006.6778,1008.44,23.6,41.35,+46.71,-48.63,0
1006.8107,1008.48,23.6,41.01,+46.71,-48.98,0
1006.9378,1008.49,23.6,40.92,+46.94,-48.84,0
1007.0744,1008.51,23.6,40.75,+46.94,-49.01,0
1007.2071,1008.52,23.6,40.66,+46.94,-49.10,1
1007.3436,1008.48,23.6,41.01,+46.94,-48.75,1
1007.4812,1008.49,23.6,40.92,+46.94,-48.84,1
1007.6136,1008.52,23.6,40.66,+46.94,-49.10,1
1007.7484,1008.52,23.6,40.66,+46.94,-49.10,1
1007.8837,1008.53,23.6,40.58,+46.94,-49.18,1
1008.0206,1008.56,23.6,40.32,+47.25,-49.13,1
1008.1538,1008.50,23.6,40.83,+47.25,-48.62,1
1008.2883,1008.56,23.6,40.32,+47.25,-49.13,1
1008.4210,1008.53,23.6,40.58,+47.25,-48.87,1
1008.5558,1008.57,23.6,40.23,+47.25,-49.22,1
1008.6896,1008.52,23.6,40.66,+47.25,-48.79,1
1008.8227,1008.49,23.6,40.92,+47.25,-48.53,1
1008.9600,1008.45,23.6,41.27,+46.76,-48.67,1
1009.0960,1008.50,23.6,40.83,+46.76,-49.10,1
1009.2290,1008.46,23.6,41.18,+46.76,-48.76,1
1009.3632,1008.48,23.6,41.01,+46.76,-48.93,1
1009.4979,1008.44,23.6,41.35,+46.76,-48.59,1
1009.6319,1008.43,23.6,41.44,+46.76,-48.50,1
1009.7666,1008.50,23.6,40.83,+46.76,-49.10,1
1009.9055,1008.52,23.6,40.66,+46.21,-49.82,1
1010.0389,1008.49,23.6,40.92,+46.21,-49.57,1
1010.1754,1008.58,23.6,40.15,+46.21,-50.34,1
1010.3100,1008.56,23.6,40.32,+46.21,-50.17,1
1010.4432,1008.39,23.6,41.78,+46.21,-48.70,1
1010.5779,1008.52,23.6,40.66,+46.21,-49.82,1
1010.7139,1008.51,23.6,40.75,+46.21,-49.74,1
1010.8468,1008.52,23.6,40.66,+46.21,-49.82,1
1010.9838,1008.53,23.6,40.58,+45.67,-50.46,1
1011.1182,1008.52,23.6,40.66,+45.67,-50.37,1
1011.2521,1008.52,23.6,40.66,+45.67,-50.37,1
1011.3864,1008.54,23.6,40.49,+45.67,-50.54,1
1011.5209,1008.55,23.6,40.40,+45.67,-50.63,1
1011.6536,1008.51,23.6,40.75,+45.67,-50.28,1
1011.7887,1008.52,23.6,40.66,+45.67,-50.37,1
1011.9266,1008.52,23.6,40.66,+45.10,-50.94,1
1012.0598,1008.52,23.6,40.66,+45.10,-50.94,1
1012.1937,1008.51,23.6,40.75,+45.10,-50.85,1
1012.3286,1008.50,23.6,40.83,+45.10,-50.77,1
1012.4604,1008.56,23.6,40.32,+45.10,-51.28,1
1012.5935,1008.52,23.6,40.66,+45.10,-50.94,1
1012.7274,1008.57,23.6,40.23,+45.10,-51.37,1
1012.8608,1008.52,23.6,40.66,+45.10,-50.94,1
1012.9979,1008.48,23.6,41.01,+44.52,-51.17,1
1013.1320,1008.46,23.6,41.18,+44.52,-51.00,1
1013.2648,1008.43,23.6,41.44,+44.52,-50.74,1
1013.4007,1008.47,23.6,41.09,+44.52,-51.08,1
1013.5350,1008.57,23.6,40.23,+44.52,-51.94,1
1013.6670,1008.52,23.6,40.66,+44.52,-51.51,1
1013.8015,1008.55,23.6,40.40,+44.52,-51.77,1
1013.9401,1008.45,23.6,41.27,+43.93,-51.50,1
1014.0722,1008.48,23.6,41.01,+43.93,-51.76,1
1014.2062,1008.45,23.5,41.25,+43.93,-51.52,1
1014.3396,1008.49,23.5,40.91,+43.93,-51.86,1
1014.4720,1008.52,23.5,40.65,+43.93,-52.12,1
1014.6055,1008.48,23.5,40.99,+43.93,-51.78,1
1014.7394,1008.53,23.5,40.56,+43.93,-52.21,1
1014.8738,1008.54,23.5,40.48,+43.93,-52.29,1
1015.0094,1008.53,23.5,40.56,+43.40,-52.74,1
1015.1421,1008.53,23.5,40.56,+43.40,-52.74,1
1015.2754,1008.53,23.5,40.56,+43.40,-52.74,1
1015.4071,1008.47,23.5,41.08,+43.40,-52.22,1
1015.5421,1008.55,23.5,40.39,+43.40,-52.91,1
1015.6754,1008.54,23.5,40.48,+43.40,-52.83,1
1015.8073,1008.51,23.5,40.73,+43.40,-52.57,1
1015.9450,1008.57,23.5,40.22,+42.80,-53.68,1
1016.0777,1008.44,23.5,41.34,+42.80,-52.56,1
1016.2091,1008.50,23.5,40.82,+42.80,-53.08,1
1016.3431,1008.53,23.4,40.55,+42.80,-53.35,1
1016.4768,1008.56,23.5,40.30,+42.80,-53.60,1
1016.6114,1008.54,23.5,40.48,+42.80,-53.43,1
1016.7433,1008.53,23.4,40.55,+42.80,-53.35,1
1016.8774,1008.54,23.5,40.48,+42.80,-53.43,1
1017.0131,1008.44,23.4,41.32,+42.16,-53.21,1
1017.1475,1008.54,23.4,40.46,+42.16,-54.07,1
1017.2812,1008.55,23.4,40.38,+42.16,-54.16,1
1017.4144,1008.55,23.4,40.38,+42.16,-54.16,1
1017.5463,1008.48,23.4,40.98,+42.16,-53.56,1
1017.6809,1008.49,23.4,40.89,+42.16,-53.64,1
1017.8149,1008.58,23.4,40.12,+42.16,-54.42,1
1017.9517,1008.39,23.4,41.76,+41.51,-53.43,1
1018.0838,1008.55,23.4,40.38,+41.51,-54.81,1
1018.2188,1008.62,23.4,39.77,+41.51,-55.41,1
1018.3522,1008.46,23.4,41.15,+41.51,-54.04,1
1018.4839,1008.49,23.4,40.89,+41.51,-54.29,1
1018.6173,1008.39,23.3,41.74,+41.51,-53.45,1
1018.7519,1008.55,23.4,40.38,+41.51,-54.81,1
1018.8839,1008.55,23.4,40.38,+41.51,-54.81,1
1019.0194,1008.54,23.4,40.46,+40.84,-55.40,1
1019.1528,1008.65,23.4,39.52,+40.84,-56.34,1
1019.2860,1008.48,23.4,40.98,+40.84,-54.88,1
1019.4194,1008.52,23.4,40.64,+40.84,-55.22,1
1019.5526,1008.56,23.4,40.29,+40.84,-55.57,1
1019.6845,1008.29,23.3,42.60,+40.84,-53.26,1
1019.8196,1008.52,23.4,40.64,+40.84,-55.22,1
1019.9559,1008.38,23.4,41.84,+40.18,-54.67,1
1020.0876,1008.43,23.3,41.40,+40.18,-55.12,1
1020.2218,1008.48,23.4,40.98,+40.18,-55.54,1
1020.3565,1008.49,23.4,40.89,+40.18,-55.62,1
1020.4897,1008.49,23.4,40.89,+40.18,-55.62,1
1020.6225,1008.46,23.4,41.15,+40.18,-55.36,1
1020.7561,1008.39,23.4,41.76,+40.18,-54.76,1
1020.8913,1008.46,23.4,41.15,+40.18,-55.36,1
1021.0262,1008.45,23.4,41.24,+39.62,-55.85,1
1021.1600,1008.44,23.4,41.32,+39.62,-55.76,1
1021.2937,1008.51,23.4,40.72,+39.62,-56.36,1
1021.4267,1008.48,23.4,40.98,+39.62,-56.10,1
1021.5599,1008.46,23.4,41.15,+39.62,-55.93,1
1021.6937,1008.48,23.4,40.98,+39.62,-56.10,1
1021.8255,1008.45,23.4,41.24,+39.62,-55.85,1
1021.9624,1008.48,23.4,40.98,+39.02,-56.70,1
1022.0950,1008.45,23.4,41.24,+39.02,-56.44,1
1022.2288,1008.44,23.4,41.32,+39.02,-56.36,1
1022.3604,1008.46,23.4,41.15,+39.02,-56.53,1
1022.4948,1008.39,23.4,41.76,+39.02,-55.93,1
1022.6281,1008.44,23.4,41.32,+39.02,-56.36,1
1022.7598,1008.48,23.4,40.98,+39.02,-56.70,1
1022.8937,1008.43,23.4,41.41,+39.02,-56.27,1
1023.0188,1008.45,23.4,41.24,+38.41,-57.05,1
1023.1502,1008.47,23.4,41.07,+38.41,-57.23,1
1023.2838,1008.44,23.4,41.32,+38.41,-56.97,1
1023.4172,1008.44,23.4,41.32,+38.41,-56.97,1
1023.5521,1008.47,23.4,41.07,+38.41,-57.23,1
1023.6838,1008.37,23.4,41.93,+38.41,-56.36,1
1023.8175,1008.45,23.4,41.24,+38.41,-57.05,1
1023.9549,1008.56,23.4,40.29,+37.85,-58.56,1
1024.0895,1008.37,23.3,41.91,+37.85,-56.94,1
1024.2232,1008.49,23.4,40.89,+37.85,-57.96,1
1024.3563,1008.48,23.4,40.98,+37.85,-57.87,1
1024.4882,1008.43,23.4,41.41,+37.85,-57.44,1
1024.6229,1008.45,23.4,41.24,+37.85,-57.61,1
1024.7560,1008.44,23.4,41.32,+37.85,-57.53,1
1024.8878,1008.45,23.4,41.24,+37.85,-57.61,1
1025.0247,1008.38,23.4,41.84,+37.31,-57.55,1
1025.1597,1008.38,23.4,41.84,+37.31,-57.55,1
1025.2912,1008.44,23.4,41.32,+37.31,-58.07,1
1025.4249,1008.47,23.4,41.07,+37.31,-58.33,1
1025.5582,1008.43,23.4,41.41,+37.31,-57.98,1
1025.6927,1008.44,23.4,41.32,+37.31,-58.07,1
1025.8247,1008.39,23.4,41.76,+37.31,-57.64,1
1025.9612,1008.48,23.4,40.98,+36.76,-58.96,1
1026.0949,1008.43,23.4,41.41,+36.76,-58.53,1
1026.2280,1008.44,23.4,41.32,+36.76,-58.62,1
1026.3612,1008.44,23.4,41.32,+36.76,-58.62,1
1026.4948,1008.46,23.4,41.15,+36.76,-58.79,1
1026.6266,1008.44,23.4,41.32,+36.76,-58.62,1
1026.7600,1008.44,23.4,41.32,+36.76,-58.62,1
1026.8934,1008.38,23.4,41.84,+36.76,-58.10,1
1027.0277,1008.38,23.4,41.84,+36.31,-58.55,1
1027.1612,1008.39,23.4,41.76,+36.31,-58.64,1
1027.2960,1008.39,23.4,41.76,+36.31,-58.64,1
1027.4276,1008.38,23.4,41.84,+36.31,-58.55,1
1027.5619,1008.37,23.4,41.93,+36.31,-58.46,1
1027.6956,1008.37,23.4,41.93,+36.31,-58.46,1
1027.8287,1008.43,23.4,41.41,+36.31,-58.98,1
1027.9650,1008.44,23.4,41.32,+36.00,-59.38,1
1028.0986,1008.36,23.4,42.01,+36.00,-58.69,1
1028.2306,1008.37,23.4,41.93,+36.00,-58.78,1
1028.3649,1008.44,23.4,41.32,+36.00,-59.38,1
1028.4983,1008.45,23.4,41.24,+36.00,-59.47,1
1028.6314,1008.45,23.4,41.24,+36.00,-59.47,1
1028.7635,1008.34,23.4,42.19,+36.00,-58.52,1
1028.8973,1008.45,23.4,41.24,+36.00,-59.47,1
1029.0326,1008.45,23.4,41.24,+35.73,-59.73,1
1029.1644,1008.35,23.4,42.10,+35.73,-58.87,1
1029.2980,1008.35,23.4,42.10,+35.73,-58.87,1
1029.4323,1008.45,23.4,41.24,+35.73,-59.73,1
1029.5634,1008.32,23.4,42.36,+35.73,-58.61,1
1029.6971,1008.37,23.4,41.93,+35.73,-59.04,1
1029.8309,1008.35,23.4,42.10,+35.73,-58.87,1
1029.9688,1008.36,23.3,42.00,+35.47,-59.23,1
1030.1007,1008.44,23.4,41.32,+35.47,-59.91,1
1030.2345,1008.39,23.4,41.76,+35.47,-59.48,1
1030.3677,1008.49,23.4,40.89,+35.47,-60.34,1
1030.5004,1008.33,23.3,42.26,+35.47,-58.97,1
1030.6336,1008.28,23.4,42.70,+35.47,-58.53,1
1030.7671,1008.35,23.4,42.10,+35.47,-59.13,1
1030.8990,1008.37,23.4,41.93,+35.47,-59.30,1
1031.0248,1008.37,23.4,41.93,+35.28,-59.49,1
1031.1576,1008.35,23.4,42.10,+35.28,-59.32,1
1031.2910,1008.38,23.4,41.84,+35.28,-59.58,1
1031.4228,1008.39,23.4,41.76,+35.28,-59.67,1
1031.5575,1008.44,23.4,41.32,+35.28,-60.10,1
1031.6911,1008.37,23.4,41.93,+35.28,-59.49,1
1031.8233,1008.37,23.4,41.93,+35.28,-59.49,1
1031.9599,1008.36,23.4,42.01,+35.14,-59.54,1
1032.0959,1008.31,23.4,42.44,+35.14,-59.11,1
1032.2278,1008.44,23.4,41.32,+35.14,-60.23,1
1032.3610,1008.45,23.4,41.24,+35.14,-60.32,1
1032.4946,1008.37,23.4,41.93,+35.14,-59.63,1
1032.6270,1008.45,23.4,41.24,+35.14,-60.32,1
1032.7603,1008.33,23.4,42.27,+35.14,-59.28,1
1032.8941,1008.43,23.4,41.41,+35.14,-60.15,1
1033.0286,1008.46,23.4,41.15,+35.00,-60.54,1
1033.1626,1008.35,23.4,42.10,+35.00,-59.60,1
1033.2952,1008.30,23.4,42.53,+35.00,-59.16,1
1033.4286,1008.26,23.4,42.88,+35.00,-58.82,1
1033.5604,1008.43,23.4,41.41,+35.00,-60.28,1
1033.6952,1008.44,23.4,41.32,+35.00,-60.37,1
1033.8290,1008.34,23.4,42.19,+35.00,-59.51,1
1033.9638,1008.34,23.4,42.19,+34.93,-59.58,1
1034.0977,1008.38,23.4,41.84,+34.93,-59.93,1
1034.2337,1008.33,23.4,42.27,+34.93,-59.50,1
1034.3653,1008.37,23.4,41.93,+34.93,-59.84,1
1034.5001,1008.39,23.4,41.76,+34.93,-60.01,1
1034.6333,1008.35,23.4,42.10,+34.93,-59.67,1
1034.7678,1008.31,23.4,42.44,+34.93,-59.33,1
1034.9001,1008.32,23.3,42.34,+34.93,-59.43,1
1035.0349,1008.34,23.3,42.17,+34.87,-59.65,1
1035.1682,1008.34,23.3,42.17,+34.87,-59.65,1
1035.3014,1008.35,23.3,42.09,+34.87,-59.74,1
1035.4364,1008.38,23.3,41.83,+34.87,-60.00,1
1035.5694,1008.30,23.3,42.52,+34.87,-59.31,1
1035.7010,1008.29,23.3,42.60,+34.87,-59.22,1
1035.8363,1008.33,23.3,42.26,+34.87,-59.57,1
1035.9714,1008.31,23.3,42.43,+34.87,-59.40,1
1036.1032,1008.30,23.3,42.52,+34.87,-59.31,1
1036.2370,1008.30,23.3,42.52,+34.87,-59.31,1
1036.3715,1008.34,23.3,42.17,+34.87,-59.65,1
1036.5047,1008.36,23.3,42.00,+34.87,-59.83,1
1036.6363,1008.36,23.3,42.00,+34.87,-59.83,1
1036.7700,1008.47,23.3,41.05,+34.87,-60.77,1
1036.9081,1008.38,23.3,41.83,+34.86,-60.01,1
1037.0407,1008.31,23.3,42.43,+34.86,-59.41,1
1037.1747,1008.30,23.3,42.52,+34.86,-59.33,1
1037.3081,1008.38,23.3,41.83,+34.86,-60.01,1
1037.4404,1008.44,23.3,41.31,+34.86,-60.53,1
1037.5736,1008.37,23.3,41.91,+34.86,-59.93,1
1037.7072,1008.30,23.3,42.52,+34.86,-59.33,1
1037.8409,1008.39,23.3,41.74,+34.86,-60.10,1
1037.9780,1008.35,23.3,42.09,+34.77,-59.84,1
1038.1111,1008.32,23.3,42.34,+34.77,-59.58,1
1038.2430,1008.33,23.3,42.26,+34.77,-59.67,1
1038.3760,1008.44,23.3,41.31,+34.77,-60.62,1
1038.5103,1008.35,23.3,42.09,+34.77,-59.84,1
1038.6413,1008.32,23.3,42.34,+34.77,-59.58,1
1038.7731,1008.34,23.3,42.17,+34.77,-59.75,1
1038.9103,1008.44,23.3,41.31,+34.67,-60.72,1
1039.0441,1008.39,23.3,41.74,+34.67,-60.29,1
1039.1768,1008.44,23.3,41.31,+34.67,-60.72,1
1039.3111,1008.45,23.3,41.22,+34.67,-60.80,1
1039.4455,1008.46,23.3,41.14,+34.67,-60.89,1
1039.5795,1008.36,23.3,42.00,+34.67,-60.03,1
1039.7140,1008.38,23.3,41.83,+34.67,-60.20,1
1039.8491,1008.34,23.3,42.17,+34.67,-59.85,1
1039.9858,1008.44,23.3,41.31,+34.57,-60.82,1
1040.1206,1008.43,23.3,41.40,+34.57,-60.73,1
1040.2547,1008.31,23.3,42.43,+34.57,-59.70,1
1040.3873,1008.38,23.3,41.83,+34.57,-60.30,1
1040.5218,1008.43,23.3,41.40,+34.57,-60.73,1
1040.6574,1008.39,23.3,41.74,+34.57,-60.39,1
1040.7906,1008.43,23.3,41.40,+34.57,-60.73,1
1040.9291,1008.44,23.3,41.31,+34.46,-60.93,1
1041.0638,1008.39,23.3,41.74,+34.46,-60.50,1
1041.1968,1008.44,23.3,41.31,+34.46,-60.93,1
1041.3310,1008.35,23.3,42.09,+34.46,-60.15,1
1041.4654,1008.37,23.3,41.91,+34.46,-60.32,1
1041.5980,1008.43,23.3,41.40,+34.46,-60.84,1
1041.7323,1008.34,23.3,42.17,+34.46,-60.06,1
1041.8668,1008.45,23.3,41.22,+34.46,-61.01,1
1042.0034,1008.35,23.3,42.09,+34.35,-60.27,1
1042.1384,1008.46,23.3,41.14,+34.35,-61.22,1
1042.2742,1008.31,23.3,42.43,+34.35,-59.92,1
1042.4067,1008.37,23.3,41.91,+34.35,-60.44,1
1042.5408,1008.46,23.3,41.14,+34.35,-61.22,1
1042.6753,1008.39,23.3,41.74,+34.35,-60.61,1
1042.8100,1008.27,23.3,42.77,+34.35,-59.58,1
1042.9485,1008.33,23.3,42.26,+34.15,-60.29,1
1043.0839,1008.37,23.3,41.91,+34.15,-60.63,1
1043.2174,1008.35,23.3,42.09,+34.15,-60.46,1
1043.3516,1008.39,23.3,41.74,+34.15,-60.80,1
1043.4853,1008.38,23.3,41.83,+34.15,-60.72,1
1043.6179,1008.35,23.2,42.07,+34.15,-60.47,1
1043.7527,1008.35,23.2,42.07,+34.15,-60.47,1
1043.8889,1008.36,23.2,41.99,+34.15,-60.56,1
1044.0252,1008.38,23.2,41.81,+33.95,-60.94,1
1044.1598,1008.39,23.2,41.73,+33.95,-61.03,1
1044.2952,1008.32,23.2,42.33,+33.95,-60.42,1
1044.4287,1008.37,23.2,41.90,+33.95,-60.85,1
1044.5629,1008.26,23.2,42.85,+33.95,-59.91,1
1044.6968,1008.46,23.2,41.12,+33.95,-61.63,1
1044.8300,1008.45,23.2,41.21,+33.95,-61.54,1
1044.9687,1008.48,23.2,40.95,+33.76,-61.99,1
1045.1034,1008.51,23.2,40.69,+33.76,-62.25,1
1045.2372,1008.38,23.2,41.81,+33.76,-61.13,1
1045.3718,1008.36,23.2,41.99,+33.76,-60.96,1
1045.5074,1008.43,23.2,41.38,+33.76,-61.56,1
1045.6400,1008.34,23.2,42.16,+33.76,-60.78,1
1045.7744,1008.36,23.2,41.99,+33.76,-60.96,1
1045.9128,1008.43,23.2,41.38,+33.48,-61.83,1
1046.0473,1008.38,23.2,41.81,+33.48,-61.40,1
1046.1818,1008.32,23.1,42.32,+33.48,-60.90,1
1046.3162,1008.39,23.1,41.71,+33.48,-61.50,1
1046.4495,1008.44,23.1,41.28,+33.48,-61.93,1
1046.5848,1008.37,23.1,41.88,+33.48,-61.33,1
1046.7191,1008.35,23.1,42.06,+33.48,-61.16,1
1046.8522,1008.35,23.1,42.06,+33.48,-61.16,1
1046.9895,1008.43,23.1,41.37,+33.21,-62.12,1
1047.1251,1008.39,23.1,41.71,+33.21,-61.78,1
1047.2648,1008.36,23.1,41.97,+33.21,-61.52,1
1047.3927,1008.39,23.1,41.71,+33.21,-61.78,1
1047.5262,1008.37,23.1,41.88,+33.21,-61.61,1
1047.6599,1008.31,23.1,42.40,+33.21,-61.09,1
1047.7933,1008.39,23.1,41.71,+33.21,-61.78,1
1047.9288,1008.37,23.1,41.88,+32.96,-61.86,1
1048.0624,1008.45,23.1,41.20,+32.96,-62.55,1
1048.1966,1008.37,23.1,41.88,+32.96,-61.86,1
1048.3306,1008.36,23.1,41.97,+32.96,-61.77,1
1048.4640,1008.35,23.1,42.06,+32.96,-61.69,1
1048.5971,1008.34,23.1,42.14,+32.96,-61.60,1
1048.7309,1008.34,23.1,42.14,+32.96,-61.60,1
1048.8643,1008.35,23.1,42.06,+32.96,-61.69,1
1048.9995,1008.36,23.1,41.97,+32.67,-62.05,1
1049.1328,1008.33,23.1,42.23,+32.67,-61.80,1
1049.2668,1008.39,23.1,41.71,+32.67,-62.31,1
1049.3999,1008.43,23.1,41.37,+32.67,-62.66,1
1049.5327,1008.39,23.1,41.71,+32.67,-62.31,1
1049.6657,1008.33,23.1,42.23,+32.67,-61.80,1
1049.8000,1008.34,23.1,42.14,+32.67,-61.88,1
1049.9352,1008.38,23.1,41.80,+32.37,-62.53,1
1050.0684,1008.33,23.1,42.23,+32.37,-62.10,1
1050.2021,1008.39,23.1,41.71,+32.37,-62.61,1
1050.3360,1008.35,23.1,42.06,+32.37,-62.27,1
1050.4689,1008.30,23.1,42.49,+32.37,-61.84,1
1050.6018,1008.30,23.1,42.49,+32.37,-61.84,1
1050.7352,1008.28,23.1,42.66,+32.37,-61.67,1
1050.8695,1008.38,23.1,41.80,+32.37,-62.53,1
1051.0046,1008.37,23.1,41.88,+32.05,-62.77,1
1051.1382,1008.37,23.1,41.88,+32.05,-62.77,1
1051.2716,1008.31,23.1,42.40,+32.05,-62.25,1
1051.4054,1008.44,23.2,41.30,+32.05,-63.36,1
1051.5386,1008.31,23.1,42.40,+32.05,-62.25,1
1051.6717,1008.33,23.2,42.24,+32.05,-62.41,1
1051.8052,1008.33,23.2,42.24,+32.05,-62.41,1
1051.9409,1008.31,23.2,42.42,+31.62,-62.66,1
1052.0746,1008.33,23.2,42.24,+31.62,-62.83,1
1052.2082,1008.33,23.2,42.24,+31.62,-62.83,1
1052.3441,1008.44,23.2,41.30,+31.62,-63.78,1
1052.4813,1008.44,23.2,41.30,+31.62,-63.78,1
1052.6151,1008.34,23.2,42.16,+31.62,-62.92,1
1052.7476,1008.38,23.2,41.81,+31.62,-63.26,1
1052.8827,1008.39,23.2,41.73,+31.62,-63.35,1
1053.0212,1008.34,23.2,42.16,+31.13,-63.42,1
1053.1535,1008.32,23.2,42.33,+31.13,-63.24,1
1053.2878,1008.33,23.2,42.24,+31.13,-63.33,1
1053.4221,1008.39,23.2,41.73,+31.13,-63.85,1
1053.5577,1008.30,23.2,42.50,+31.13,-63.07,1
1053.6902,1008.29,23.2,42.59,+31.13,-62.99,1
1053.8255,1008.33,23.2,42.24,+31.13,-63.33,1
1053.9629,1008.36,23.2,41.99,+31.28,-63.44,1
1054.0967,1008.34,23.2,42.16,+31.28,-63.26,1
1054.2315,1008.31,23.2,42.42,+31.28,-63.00,1
1054.3656,1008.27,23.2,42.76,+31.28,-62.66,1
1054.4985,1008.30,23.2,42.50,+31.28,-62.92,1
1054.6327,1008.30,23.2,42.50,+31.28,-62.92,1
1054.7665,1008.26,23.2,42.85,+31.28,-62.57,1
1054.9010,1008.35,23.2,42.07,+31.28,-63.35,1
1055.0370,1008.37,23.2,41.90,+31.26,-63.54,1
1055.1728,1008.44,23.2,41.30,+31.26,-64.15,1
1055.3052,1008.38,23.2,41.81,+31.26,-63.63,1
1055.4397,1008.36,23.2,41.99,+31.26,-63.46,1
1055.5738,1008.46,23.2,41.12,+31.26,-64.32,1
1055.7073,1008.36,23.2,41.99,+31.26,-63.46,1
1055.8423,1008.38,23.2,41.81,+31.26,-63.63,1
1055.9790,1008.38,23.2,41.81,+31.18,-63.71,1
1056.1107,1008.34,23.2,42.16,+31.18,-63.36,1
1056.2452,1008.38,23.2,41.81,+31.18,-63.71,1
1056.3798,1008.38,23.2,41.81,+31.18,-63.71,1
1056.5119,1008.36,23.2,41.99,+31.18,-63.53,1
1056.6460,1008.43,23.2,41.38,+31.18,-64.14,1
1056.7822,1008.45,23.2,41.21,+31.18,-64.31,1
1056.9175,1008.46,23.2,41.12,+31.08,-64.49,1
1057.0504,1008.35,23.2,42.07,+31.08,-63.55,1
1057.1836,1008.35,23.2,42.07,+31.08,-63.55,1
1057.3187,1008.35,23.2,42.07,+31.08,-63.55,1
1057.4504,1008.37,23.2,41.90,+31.08,-63.72,1
1057.5834,1008.34,23.2,42.16,+31.08,-63.46,1
1057.7169,1008.37,23.2,41.90,+31.08,-63.72,1
1057.8505,1008.36,23.1,41.97,+31.08,-63.65,1
1057.9853,1008.33,23.1,42.23,+30.94,-63.53,1
1058.1183,1008.29,23.1,42.57,+30.94,-63.18,1
1058.2503,1008.32,23.1,42.32,+30.94,-63.44,1
1058.3847,1008.36,23.1,41.97,+30.94,-63.79,1
1058.5180,1008.32,23.1,42.32,+30.94,-63.44,1
1058.6511,1008.31,23.1,42.40,+30.94,-63.36,1
1058.7833,1008.32,23.1,42.32,+30.94,-63.44,1
1058.9212,1008.27,23.1,42.75,+30.86,-63.10,1
1059.0548,1008.35,23.1,42.06,+30.86,-63.79,1
1059.1870,1008.35,23.1,42.06,+30.86,-63.79,1
1059.3202,1008.35,23.1,42.06,+30.86,-63.79,1
1059.4544,1008.33,23.1,42.23,+30.86,-63.61,1
1059.5857,1008.34,23.1,42.14,+30.86,-63.70,1
1059.7192,1008.31,23.1,42.40,+30.86,-63.44,1
1059.8534,1008.31,23.1,42.40,+30.86,-63.44,1
1059.9894,1008.31,23.1,42.40,+30.78,-63.52,1
1060.1199,1008.30,23.1,42.49,+30.78,-63.44,1
1060.2527,1008.31,23.1,42.40,+30.78,-63.52,1
1060.3874,1008.31,23.1,42.40,+30.78,-63.52,1
1060.5201,1008.36,23.1,41.97,+30.78,-63.95,1
1060.6535,1008.30,23.1,42.49,+30.78,-63.44,1
1060.7869,1008.26,23.1,42.83,+30.78,-63.09,1
1060.9217,1008.22,23.0,43.16,+30.69,-62.85,1
1061.0554,1008.31,23.1,42.40,+30.69,-63.61,1
1061.1886,1008.26,23.0,42.82,+30.69,-63.19,1
1061.3199,1008.23,23.0,43.08,+30.69,-62.93,1
1061.4534,1008.26,23.0,42.82,+30.69,-63.19,1
1061.5887,1008.22,23.0,43.16,+30.69,-62.85,1
1061.7200,1008.30,23.0,42.47,+30.69,-63.53,1
1061.8515,1008.29,23.0,42.56,+30.69,-63.45,1
1061.9878,1008.22,23.0,43.16,+30.64,-62.90,1
1062.1225,1008.29,23.0,42.56,+30.64,-63.50,1
1062.2542,1008.26,23.0,42.82,+30.64,-63.24,1
1062.3876,1008.27,23.0,42.73,+30.64,-63.33,1
1062.5186,1008.27,23.0,42.73,+30.64,-63.33,1
1062.6527,1008.29,23.0,42.56,+30.64,-63.50,1
1062.7847,1008.30,23.1,42.49,+30.64,-63.57,1
1062.9212,1008.31,23.1,42.40,+30.58,-63.71,1
1063.0553,1008.27,23.1,42.75,+30.58,-63.37,1
1063.1885,1008.22,23.1,43.18,+30.58,-62.94,1
1063.3219,1008.34,23.1,42.14,+30.58,-63.97,1
1063.4555,1008.16,23.1,43.69,+30.58,-62.42,1
1063.5868,1008.30,23.1,42.49,+30.58,-63.63,1
1063.7212,1008.26,23.1,42.83,+30.58,-63.28,1
1063.8563,1008.27,23.1,42.75,+30.58,-63.37,1
1063.9913,1008.25,23.1,42.92,+30.56,-63.23,1
1064.1233,1008.26,23.1,42.83,+30.56,-63.31,1
1064.2580,1008.30,23.1,42.49,+30.56,-63.66,1
1064.3912,1008.33,23.1,42.23,+30.56,-63.91,1
1064.5228,1008.36,23.1,41.97,+30.56,-64.17,1
1064.6559,1008.27,23.1,42.75,+30.56,-63.40,1
1064.7912,1008.29,23.1,42.57,+30.56,-63.57,1
1064.9260,1008.26,23.1,42.83,+30.57,-63.30,1
1065.0594,1008.26,23.1,42.83,+30.57,-63.30,1
1065.1932,1008.30,23.2,42.50,+30.57,-63.63,1
1065.3266,1008.24,23.1,43.00,+30.57,-63.13,1
1065.4610,1008.33,23.2,42.24,+30.57,-63.89,1
1065.5925,1008.30,23.2,42.50,+30.57,-63.63,1
1065.7239,1008.27,23.2,42.76,+30.57,-63.37,1
1065.8594,1008.29,23.2,42.59,+30.57,-63.54,1
1065.9958,1008.36,23.2,41.99,+30.59,-64.13,1
1066.1275,1008.32,23.2,42.33,+30.59,-63.78,1
1066.2613,1008.43,23.2,41.38,+30.59,-64.73,1
1066.3959,1008.29,23.2,42.59,+30.59,-63.52,1
1066.5269,1008.32,23.2,42.33,+30.59,-63.78,1
1066.6580,1008.29,23.2,42.59,+30.59,-63.52,1
1066.7921,1008.26,23.2,42.85,+30.59,-63.27,1
1066.9297,1008.27,23.2,42.76,+30.61,-63.33,1
1067.0615,1008.24,23.2,43.02,+30.61,-63.07,1
1067.1954,1008.24,23.2,43.02,+30.61,-63.07,1
1067.3299,1008.24,23.2,43.02,+30.61,-63.07,1
1067.4622,1008.26,23.2,42.85,+30.61,-63.24,1
1067.6004,1008.28,23.2,42.67,+30.61,-63.42,1
1067.7317,1008.25,23.2,42.93,+30.61,-63.16,1
1067.8651,1008.28,23.2,42.67,+30.61,-63.42,1
1067.9994,1008.28,23.2,42.67,+30.61,-63.42,1
1068.1332,1008.28,23.2,42.67,+30.61,-63.42,1
1068.2668,1008.25,23.2,42.93,+30.61,-63.16,1
1068.3983,1008.27,23.2,42.76,+30.61,-63.33,1
1068.5318,1008.24,23.2,43.02,+30.61,-63.07,1
1068.6646,1008.24,23.2,43.02,+30.61,-63.07,1
1068.7970,1008.31,23.2,42.42,+30.61,-63.67,1
1068.9324,1008.37,23.2,41.90,+30.61,-64.19,1
1069.0678,1008.30,23.2,42.50,+30.61,-63.59,1
1069.1998,1008.28,23.2,42.67,+30.61,-63.42,1
1069.3330,1008.29,23.2,42.59,+30.61,-63.50,1
1069.4666,1008.23,23.2,43.10,+30.61,-62.99,1
1069.5991,1008.25,23.2,42.93,+30.61,-63.16,1
1069.7322,1008.33,23.2,42.24,+30.61,-63.85,1
1069.8662,1008.31,23.2,42.42,+30.61,-63.67,1
1070.0003,1008.29,23.2,42.59,+30.60,-63.51,1
1070.1407,1008.30,23.2,42.50,+30.60,-63.59,1
1070.2733,1008.33,23.2,42.24,+30.60,-63.85,1
1070.4064,1008.32,23.2,42.33,+30.60,-63.77,1
1070.5385,1008.25,23.2,42.93,+30.60,-63.16,1
1070.6743,1008.26,23.2,42.85,+30.60,-63.25,1
1070.8092,1008.30,23.2,42.50,+30.60,-63.59,1
1070.9446,1008.35,23.2,42.07,+30.65,-63.98,1
1071.0793,1008.33,23.2,42.24,+30.65,-63.81,1
1071.2153,1008.28,23.2,42.67,+30.65,-63.37,1
1071.3479,1008.31,23.2,42.42,+30.65,-63.63,1
1071.4825,1008.33,23.2,42.24,+30.65,-63.81,1
1071.6156,1008.30,23.2,42.50,+30.65,-63.55,1
1071.7485,1008.29,23.2,42.59,+30.65,-63.46,1
1071.8824,1008.32,23.2,42.33,+30.65,-63.72,1
1072.0185,1008.34,23.2,42.16,+30.71,-63.83,1
1072.1515,1008.34,23.2,42.16,+30.71,-63.83,1
1072.2859,1008.26,23.2,42.85,+30.71,-63.14,1
1072.4196,1008.36,23.2,41.99,+30.71,-64.00,1
1072.5545,1008.29,23.2,42.59,+30.71,-63.40,1
1072.6876,1008.30,23.2,42.50,+30.71,-63.49,1
1072.8226,1008.31,23.2,42.42,+30.71,-63.57,1
1072.9583,1008.31,23.2,42.42,+30.85,-63.44,1
1073.0918,1008.33,23.2,42.24,+30.85,-63.61,1
1073.2258,1008.29,23.2,42.59,+30.85,-63.26,1
1073.3588,1008.25,23.2,42.93,+30.85,-62.92,1
1073.4930,1008.43,23.2,41.38,+30.85,-64.47,1
1073.6265,1008.29,23.2,42.59,+30.85,-63.26,1
1073.7583,1008.35,23.2,42.07,+30.85,-63.78,1
1073.8925,1008.44,23.2,41.30,+30.85,-64.55,1
1074.0278,1008.28,23.2,42.67,+31.07,-62.96,1
1074.1591,1008.34,23.2,42.16,+31.07,-63.47,1
1074.2928,1008.36,23.2,41.99,+31.07,-63.65,1
1074.4273,1008.35,23.2,42.07,+31.07,-63.56,1
1074.5604,1008.34,23.2,42.16,+31.07,-63.47,1
1074.6919,1008.37,23.2,41.90,+31.07,-63.73,1
1074.8258,1008.36,23.2,41.99,+31.07,-63.65,1
1074.9636,1008.34,23.2,42.16,+31.30,-63.24,1
1075.0954,1008.31,23.2,42.42,+31.30,-62.99,1
1075.2294,1008.30,23.3,42.52,+31.30,-62.88,1
1075.3629,1008.29,23.3,42.60,+31.30,-62.80,1
1075.4965,1008.27,23.2,42.76,+31.30,-62.64,1
1075.6307,1008.28,23.3,42.69,+31.30,-62.71,1
1075.7649,1008.32,23.3,42.34,+31.30,-63.06,1
1075.8969,1008.32,23.3,42.34,+31.30,-63.06,1
1076.0334,1008.28,23.3,42.69,+31.53,-62.49,1
1076.1664,1008.37,23.3,41.91,+31.53,-63.26,1
1076.2978,1008.30,23.3,42.52,+31.53,-62.66,1
1076.4313,1008.27,23.3,42.77,+31.53,-62.40,1
1076.5656,1008.36,23.3,42.00,+31.53,-63.17,1
1076.6999,1008.37,23.3,41.91,+31.53,-63.26,1
1076.8321,1008.33,23.3,42.26,+31.53,-62.92,1
1076.9672,1008.38,23.3,41.83,+31.76,-63.11,1
1077.1023,1008.35,23.3,42.09,+31.76,-62.85,1
1077.2343,1008.43,23.3,41.40,+31.76,-63.54,1
1077.3676,1008.39,23.3,41.74,+31.76,-63.20,1
1077.5015,1008.43,23.3,41.40,+31.76,-63.54,1
1077.6341,1008.36,23.3,42.00,+31.76,-62.94,1
1077.7675,1008.38,23.3,41.83,+31.76,-63.11,1
1077.9012,1008.44,23.3,41.31,+31.76,-63.63,1
1078.0376,1008.43,23.3,41.40,+32.03,-63.27,1
1078.1705,1008.34,23.3,42.17,+32.03,-62.49,1
1078.3037,1008.34,23.3,42.17,+32.03,-62.49,1
1078.4373,1008.36,23.3,42.00,+32.03,-62.67,1
1078.5700,1008.36,23.3,42.00,+32.03,-62.67,1
1078.7040,1008.48,23.3,40.97,+32.03,-63.70,1
1078.8383,1008.33,23.3,42.26,+32.03,-62.41,1
1078.9752,1008.36,23.3,42.00,+32.34,-62.36,1
1079.1098,1008.31,23.3,42.43,+32.34,-61.93,1
1079.2470,1008.39,23.3,41.74,+32.34,-62.62,1
1079.3795,1008.33,23.3,42.26,+32.34,-62.11,1
1079.5125,1008.44,23.3,41.31,+32.34,-63.05,1
1079.6497,1008.39,23.3,41.74,+32.34,-62.62,1
1079.7825,1008.38,23.3,41.83,+32.34,-62.54,1
1079.9178,1008.37,23.3,41.91,+32.34,-62.45,1
1080.0541,1008.39,23.3,41.74,+32.64,-62.32,1
1080.1865,1008.37,23.3,41.91,+32.64,-62.15,1
1080.3199,1008.38,23.3,41.83,+32.64,-62.23,1
1080.4526,1008.44,23.3,41.31,+32.64,-62.75,1
1080.5839,1008.44,23.3,41.31,+32.64,-62.75,1
1080.7174,1008.44,23.3,41.31,+32.64,-62.75,1
1080.8523,1008.44,23.3,41.31,+32.64,-62.75,1
1080.9871,1008.37,23.3,41.91,+33.05,-61.74,1
1081.1215,1008.38,23.3,41.83,+33.05,-61.82,1
1081.2553,1008.43,23.3,41.40,+33.05,-62.25,1
1081.3917,1008.37,23.3,41.91,+33.05,-61.74,1
1081.5241,1008.33,23.3,42.26,+33.05,-61.39,1
1081.6579,1008.35,23.2,42.07,+33.05,-61.58,1
1081.7921,1008.35,23.3,42.09,+33.05,-61.56,1
1081.9287,1008.31,23.2,42.42,+33.49,-60.79,1
1082.0620,1008.34,23.2,42.16,+33.49,-61.05,1
1082.1962,1008.37,23.3,41.91,+33.49,-61.29,1
1082.3288,1008.33,23.3,42.26,+33.49,-60.95,1
1082.4639,1008.36,23.3,42.00,+33.49,-61.21,1
1082.5975,1008.36,23.3,42.00,+33.49,-61.21,1
1082.7301,1008.36,23.3,42.00,+33.49,-61.21,1
1082.8639,1008.44,23.3,41.31,+33.49,-61.90,1
1083.0009,1008.37,23.3,41.91,+33.93,-60.86,1
1083.1322,1008.44,23.3,41.31,+33.93,-61.46,1
1083.2666,1008.45,23.3,41.22,+33.93,-61.55,1
1083.4005,1008.43,23.3,41.40,+33.93,-61.38,1
1083.5361,1008.45,23.3,41.22,+33.93,-61.55,1
1083.6675,1008.44,23.3,41.31,+33.93,-61.46,1
1083.8009,1008.48,23.3,40.97,+33.93,-61.81,1
1083.9377,1008.46,23.3,41.14,+34.39,-61.17,1
1084.0707,1008.49,23.3,40.88,+34.39,-61.43,1
1084.2041,1008.47,23.3,41.05,+34.39,-61.26,1
1084.3371,1008.44,23.3,41.31,+34.39,-61.00,1
1084.4705,1008.44,23.3,41.31,+34.39,-61.00,1
1084.6033,1008.44,23.3,41.31,+34.39,-61.00,1
1084.7363,1008.48,23.3,40.97,+34.39,-61.34,1
1084.8704,1008.50,23.3,40.79,+34.39,-61.52,1
1085.0061,1008.46,23.3,41.14,+34.91,-60.65,1
1085.1407,1008.46,23.3,41.14,+34.91,-60.65,1
1085.2740,1008.39,23.4,41.76,+34.91,-60.04,1
1085.4053,1008.46,23.3,41.14,+34.91,-60.65,1
1085.5389,1008.39,23.3,41.74,+34.91,-60.05,1
1085.6744,1008.48,23.4,40.98,+34.91,-60.81,1
1085.8068,1008.48,23.4,40.98,+34.91,-60.81,1
1085.9432,1008.47,23.4,41.07,+35.43,-60.20,1
1086.0770,1008.47,23.4,41.07,+35.43,-60.20,1
1086.2105,1008.50,23.4,40.81,+35.43,-60.46,1
1086.3448,1008.50,23.4,40.81,+35.43,-60.46,1
1086.4784,1008.53,23.4,40.55,+35.43,-60.72,1
1086.6126,1008.53,23.4,40.55,+35.43,-60.72,1
1086.7464,1008.47,23.4,41.07,+35.43,-60.20,1
1086.8814,1008.52,23.4,40.64,+35.43,-60.63,1
1087.0195,1008.52,23.4,40.64,+35.93,-60.13,1
1087.1520,1008.47,23.4,41.07,+35.93,-59.70,1
1087.2868,1008.51,23.4,40.72,+35.93,-60.05,1
1087.4211,1008.44,23.4,41.32,+35.93,-59.44,1
1087.5538,1008.46,23.4,41.15,+35.93,-59.62,1
1087.6886,1008.45,23.4,41.24,+35.93,-59.53,1
1087.8237,1008.50,23.4,40.81,+35.93,-59.96,1
1087.9581,1008.48,23.4,40.98,+36.47,-59.25,1
1088.0927,1008.48,23.4,40.98,+36.47,-59.25,1
1088.2281,1008.43,23.4,41.41,+36.47,-58.82,1
1088.3615,1008.54,23.4,40.46,+36.47,-59.77,1
1088.4950,1008.45,23.4,41.24,+36.47,-58.99,1
1088.6282,1008.44,23.4,41.32,+36.47,-58.91,1
1088.7619,1008.46,23.4,41.15,+36.47,-59.08,1
1088.8951,1008.50,23.4,40.81,+36.47,-59.42,1
1089.0313,1008.44,23.4,41.32,+36.99,-58.39,1
1089.1659,1008.49,23.4,40.89,+36.99,-58.82,1
1089.2992,1008.43,23.4,41.41,+36.99,-58.30,1
1089.4333,1008.44,23.4,41.32,+36.99,-58.39,1
1089.5672,1008.45,23.4,41.24,+36.99,-58.47,1
1089.7002,1008.45,23.4,41.24,+36.99,-58.47,1
1089.8330,1008.48,23.4,40.98,+36.99,-58.73,1
1089.9708,1008.46,23.4,41.15,+37.53,-58.01,1
1090.1024,1008.48,23.4,40.98,+37.53,-58.19,1
1090.2378,1008.46,23.4,41.15,+37.53,-58.01,1
1090.3721,1008.48,23.4,40.98,+37.53,-58.19,1
1090.5046,1008.46,23.4,41.15,+37.53,-58.01,1
1090.6378,1008.51,23.4,40.72,+37.53,-58.44,1
1090.7712,1008.47,23.4,41.07,+37.53,-58.10,1
1090.9031,1008.45,23.4,41.24,+37.53,-57.93,1
1091.0408,1008.48,23.4,40.98,+38.12,-57.60,1
1091.1740,1008.46,23.4,41.15,+38.12,-57.43,1
1091.3054,1008.45,23.4,41.24,+38.12,-57.34,1
1091.4395,1008.48,23.4,40.98,+38.12,-57.60,1
1091.5740,1008.43,23.4,41.41,+38.12,-57.17,1
1091.7073,1008.44,23.4,41.32,+38.12,-57.26,1
1091.8394,1008.44,23.4,41.32,+38.12,-57.26,1
1091.9767,1008.49,23.4,40.89,+38.65,-57.16,1
1092.1121,1008.45,23.4,41.24,+38.65,-56.81,1
1092.2449,1008.44,23.4,41.32,+38.65,-56.73,1
1092.3794,1008.49,23.4,40.89,+38.65,-57.16,1
1092.5139,1008.45,23.4,41.24,+38.65,-56.81,1
1092.6475,1008.49,23.4,40.89,+38.65,-57.16,1
1092.7819,1008.47,23.4,41.07,+38.65,-56.98,1
1092.9207,1008.48,23.4,40.98,+39.14,-56.58,1
1093.0536,1008.45,23.4,41.24,+39.14,-56.33,1
1093.1900,1008.37,23.3,41.91,+39.14,-55.65,1
1093.3244,1008.50,23.4,40.81,+39.14,-56.76,1
1093.4574,1008.52,23.4,40.64,+39.14,-56.93,1
1093.5906,1008.48,23.3,40.97,+39.14,-56.60,1
1093.7259,1008.45,23.4,41.24,+39.14,-56.33,1
1093.8578,1008.54,23.4,40.46,+39.14,-57.10,1
1093.9954,1008.49,23.4,40.89,+39.63,-56.17,1
1094.1290,1008.45,23.3,41.22,+39.63,-55.84,1
1094.2626,1008.46,23.3,41.14,+39.63,-55.93,1
1094.3957,1008.49,23.3,40.88,+39.63,-56.19,1
1094.5291,1008.51,23.3,40.71,+39.63,-56.36,1
1094.6622,1008.47,23.3,41.05,+39.63,-56.01,1
1094.7967,1008.38,23.3,41.83,+39.63,-55.24,1
1094.9350,1008.39,23.3,41.74,+40.09,-54.87,1
1095.0685,1008.49,23.3,40.88,+40.09,-55.73,1
1095.2006,1008.49,23.3,40.88,+40.09,-55.73,1
1095.3352,1008.48,23.3,40.97,+40.09,-55.65,1
1095.4693,1008.34,23.3,42.17,+40.09,-54.44,1
1095.6015,1008.46,23.3,41.14,+40.09,-55.47,1
1095.7360,1008.53,23.3,40.54,+40.09,-56.08,1
1095.8719,1008.49,23.3,40.88,+40.09,-55.73,1
1096.0074,1008.52,23.3,40.62,+40.61,-55.46,1
1096.1406,1008.48,23.3,40.97,+40.61,-55.12,1
1096.2753,1008.44,23.3,41.31,+40.61,-54.78,1
1096.4107,1008.44,23.3,41.31,+40.61,-54.78,1
1096.5432,1008.44,23.3,41.31,+40.61,-54.78,1
1096.6778,1008.46,23.3,41.14,+40.61,-54.95,1
1096.8117,1008.43,23.3,41.40,+40.61,-54.69,1
1096.9481,1008.43,23.3,41.40,+41.15,-54.15,1
1097.0817,1008.46,23.3,41.14,+41.15,-54.41,1
1097.2157,1008.46,23.3,41.14,+41.15,-54.41,1
1097.3475,1008.39,23.3,41.74,+41.15,-53.81,1
1097.4816,1008.45,23.3,41.22,+41.15,-54.33,1
1097.6153,1008.44,23.3,41.31,+41.15,-54.24,1
1097.7479,1008.38,23.4,41.84,+41.15,-53.71,1
1097.8830,1008.36,23.4,42.01,+41.15,-53.54,1
1098.0084,1008.45,23.4,41.24,+41.65,-53.81,1
1098.1407,1008.46,23.4,41.15,+41.65,-53.90,1
1098.2737,1008.44,23.4,41.32,+41.65,-53.72,1
1098.4079,1008.43,23.4,41.41,+41.65,-53.64,1
1098.5437,1008.36,23.4,42.01,+41.65,-53.03,1
1098.6763,1008.44,23.4,41.32,+41.65,-53.72,1
1098.8111,1008.38,23.4,41.84,+41.65,-53.21,1
1098.9474,1008.38,23.4,41.84,+41.65,-53.21,1
1099.0802,1008.38,23.4,41.84,+41.65,-53.21,1
1099.2149,1008.44,23.4,41.32,+41.65,-53.72,1
1099.3480,1008.39,23.4,41.76,+41.65,-53.29,1
1099.4808,1008.33,23.4,42.27,+41.65,-52.78,1
1099.6163,1008.37,23.4,41.93,+41.65,-53.12,1
1099.7510,1008.44,23.4,41.32,+41.65,-53.72,1
1099.8843,1008.36,23.4,42.01,+41.65,-53.03,1
1100.0207,1008.37,23.4,41.93,+41.65,-53.12,1
1100.1563,1008.47,23.4,41.07,+41.65,-53.98,1
1100.2892,1008.49,23.4,40.89,+41.65,-54.15,1
1100.4237,1008.36,23.4,42.01,+41.65,-53.03,1
1100.5579,1008.44,23.4,41.32,+41.65,-53.72,1
1100.6913,1008.43,23.4,41.41,+41.65,-53.64,1
1100.8266,1008.37,23.4,41.93,+41.65,-53.12,1
1100.9635,1008.38,23.4,41.84,+41.65,-53.21,1
1101.0972,1008.44,23.4,41.32,+41.65,-53.72,1
1101.2335,1008.44,23.4,41.32,+41.65,-53.72,1
1101.3677,1008.46,23.4,41.15,+41.65,-53.90,1
1101.5003,1008.39,23.4,41.76,+41.65,-53.29,1
1101.6347,1008.36,23.4,42.01,+41.65,-53.03,1
1101.7705,1008.38,23.4,41.84,+41.65,-53.21,1
1101.9028,1008.49,23.4,40.89,+41.65,-54.15,1
1102.0377,1008.30,23.4,42.53,+41.65,-52.52,1
1102.1716,1008.36,23.4,42.01,+41.65,-53.03,1
1102.3054,1008.44,23.4,41.32,+41.65,-53.72,1
1102.4397,1008.48,23.4,40.98,+41.65,-54.07,1
1102.5739,1008.44,23.4,41.32,+41.65,-53.72,1
1102.7066,1008.44,23.4,41.32,+41.65,-53.72,1
1102.8425,1008.39,23.4,41.76,+41.65,-53.29,1
1102.9785,1008.38,23.4,41.84,+41.65,-53.21,1
1103.1114,1008.36,23.4,42.01,+41.65,-53.03,1
1103.2454,1008.43,23.4,41.41,+41.65,-53.64,1
1103.3798,1008.39,23.4,41.76,+41.65,-53.29,1
1103.5140,1008.37,23.5,41.94,+41.65,-53.11,1
1103.6497,1008.43,23.4,41.41,+41.65,-53.64,1
1103.7833,1008.37,23.4,41.93,+41.65,-53.12,1
1103.9238,1008.46,23.5,41.17,+42.26,-53.28,1
1104.0551,1008.48,23.4,40.98,+42.26,-53.46,1
1104.1901,1008.50,23.4,40.81,+42.26,-53.64,1
1104.3236,1008.43,23.4,41.41,+42.26,-53.03,1
1104.4562,1008.45,23.4,41.24,+42.26,-53.21,1
1104.5894,1008.45,23.4,41.24,+42.26,-53.21,1
1104.7230,1008.45,23.4,41.24,+42.26,-53.21,1
1104.8554,1008.46,23.4,41.15,+42.26,-53.29,1
1104.9936,1008.38,23.4,41.84,+42.86,-52.00,1
1105.1277,1008.38,23.4,41.84,+42.86,-52.00,1
1105.2604,1008.46,23.4,41.15,+42.86,-52.69,1
1105.3935,1008.43,23.4,41.41,+42.86,-52.43,1
1105.5282,1008.38,23.4,41.84,+42.86,-52.00,1
1105.6604,1008.35,23.4,42.10,+42.86,-51.74,1
1105.7955,1008.39,23.4,41.76,+42.86,-52.08,1
1105.9331,1008.43,23.4,41.41,+43.43,-51.86,1
1106.0671,1008.39,23.4,41.76,+43.43,-51.51,1
1106.2005,1008.43,23.4,41.41,+43.43,-51.86,1
1106.3337,1008.45,23.4,41.24,+43.43,-52.03,1
1106.4653,1008.35,23.4,42.10,+43.43,-51.17,1
1106.5996,1008.45,23.4,41.24,+43.43,-52.03,1
1106.7328,1008.37,23.4,41.93,+43.43,-51.34,1
1106.8664,1008.45,23.4,41.24,+43.43,-52.03,1
1107.0018,1008.44,23.4,41.32,+44.01,-51.37,1
1107.1354,1008.36,23.4,42.01,+44.01,-50.68,1
1107.2697,1008.46,23.4,41.15,+44.01,-51.54,1
1107.4024,1008.43,23.4,41.41,+44.01,-51.28,1
1107.5368,1008.43,23.4,41.41,+44.01,-51.28,1
1107.6712,1008.53,23.5,40.56,+44.01,-52.13,1
1107.8044,1008.50,23.5,40.82,+44.01,-51.87,1
1107.9431,1008.44,23.4,41.32,+44.58,-50.79,1
1108.0755,1008.47,23.5,41.08,+44.58,-51.04,1
1108.2088,1008.50,23.5,40.82,+44.58,-51.30,1
1108.3433,1008.46,23.5,41.17,+44.58,-50.95,1
1108.4777,1008.53,23.5,40.56,+44.58,-51.55,1
1108.6101,1008.48,23.5,40.99,+44.58,-51.12,1
1108.7447,1008.53,23.5,40.56,+44.58,-51.55,1
1108.8789,1008.47,23.5,41.08,+44.58,-51.04,1
1109.0134,1008.48,23.5,40.99,+45.14,-50.57,1
1109.1463,1008.51,23.5,40.73,+45.14,-50.83,1
1109.2808,1008.49,23.5,40.91,+45.14,-50.66,1
1109.4148,1008.47,23.5,41.08,+45.14,-50.48,1
1109.5473,1008.55,23.5,40.39,+45.14,-51.17,1
1109.6819,1008.57,23.5,40.22,+45.14,-51.35,1
1109.8180,1008.50,23.5,40.82,+45.14,-50.74,1
1109.9534,1008.51,23.5,40.73,+45.68,-50.29,1
1110.0870,1008.54,23.5,40.48,+45.68,-50.55,1
1110.2208,1008.48,23.5,40.99,+45.68,-50.03,1
1110.3552,1008.48,23.5,40.99,+45.68,-50.03,1
1110.4884,1008.48,23.5,40.99,+45.68,-50.03,1
1110.6216,1008.47,23.5,41.08,+45.68,-49.94,1
1110.7544,1008.51,23.5,40.73,+45.68,-50.29,1
1110.8913,1008.54,23.5,40.48,+45.68,-50.55,1
1111.0285,1008.53,23.5,40.56,+46.22,-49.92,1
1111.1614,1008.52,23.5,40.65,+46.22,-49.83,1
1111.2962,1008.44,23.5,41.34,+46.22,-49.14,1
1111.4316,1008.51,23.5,40.73,+46.22,-49.74,1
1111.5644,1008.50,23.5,40.82,+46.22,-49.66,1
1111.6991,1008.48,23.5,40.99,+46.22,-49.48,1
1111.8335,1008.53,23.5,40.56,+46.22,-49.92,1
1111.9687,1008.58,23.5,40.13,+46.74,-49.82,1
1112.1024,1008.49,23.5,40.91,+46.74,-49.05,1
1112.2363,1008.51,23.5,40.73,+46.74,-49.22,1
1112.3678,1008.49,23.5,40.91,+46.74,-49.05,1
1112.5034,1008.45,23.5,41.25,+46.74,-48.70,1
1112.6376,1008.44,23.5,41.34,+46.74,-48.62,1
1112.7701,1008.52,23.5,40.65,+46.74,-49.31,1
1112.9054,1008.53,23.5,40.56,+46.74,-49.39,1
1113.0437,1008.50,23.5,40.82,+47.25,-48.63,1
1113.1754,1008.54,23.5,40.48,+47.25,-48.97,1
1113.3098,1008.53,23.5,40.56,+47.25,-48.89,1
1113.4444,1008.56,23.5,40.30,+47.25,-49.14,1
1113.5800,1008.61,23.5,39.87,+47.25,-49.58,1
1113.7127,1008.56,23.5,40.30,+47.25,-49.14,1
1113.8481,1008.54,23.5,40.48,+47.25,-48.97,1
1113.9868,1008.57,23.5,40.22,+47.75,-48.74,1
1114.1196,1008.51,23.5,40.73,+47.75,-48.22,1
1114.2542,1008.54,23.5,40.48,+47.75,-48.48,1
1114.3883,1008.56,23.5,40.30,+47.75,-48.65,1
1114.5213,1008.45,23.5,41.25,+47.75,-47.70,1
1114.6546,1008.55,23.5,40.39,+47.75,-48.56,1
1114.7877,1008.51,23.5,40.73,+47.75,-48.22,1
1114.9235,1008.54,23.5,40.48,+48.23,-48.00,1
1115.0570,1008.51,23.5,40.73,+48.23,-47.74,1
1115.1923,1008.53,23.5,40.56,+48.23,-47.91,1
1115.3250,1008.50,23.4,40.81,+48.23,-47.67,1
1115.4596,1008.52,23.4,40.64,+48.23,-47.84,1
1115.5943,1008.51,23.4,40.72,+48.23,-47.75,1
1115.7293,1008.48,23.4,40.98,+48.23,-47.49,1
1115.8630,1008.55,23.4,40.38,+48.23,-48.10,1
1115.9988,1008.56,23.4,40.29,+48.70,-47.71,1
1116.1317,1008.55,23.4,40.38,+48.70,-47.62,1
1116.2661,1008.50,23.4,40.81,+48.70,-47.19,1
1116.3998,1008.60,23.4,39.95,+48.70,-48.05,1
1116.5322,1008.62,23.4,39.77,+48.70,-48.22,1
1116.6654,1008.59,23.4,40.03,+48.70,-47.96,1
1116.8024,1008.53,23.4,40.55,+48.70,-47.45,1
1116.9379,1008.57,23.4,40.20,+49.16,-47.34,1
1117.0725,1008.55,23.4,40.38,+49.16,-47.16,1
1117.2074,1008.54,23.4,40.46,+49.16,-47.08,1
1117.3409,1008.56,23.4,40.29,+49.16,-47.25,1
1117.4752,1008.57,23.4,40.20,+49.16,-47.34,1
1117.6093,1008.56,23.4,40.29,+49.16,-47.25,1
1117.7419,1008.63,23.4,39.69,+49.16,-47.85,1
1117.8784,1008.64,23.4,39.60,+49.16,-47.94,1
1118.0155,1008.57,23.4,40.20,+49.64,-46.85,1
1118.1473,1008.51,23.4,40.72,+49.64,-46.33,1
1118.2812,1008.60,23.4,39.95,+49.64,-47.11,1
1118.4155,1008.60,23.4,39.95,+49.64,-47.11,1
1118.5469,1008.58,23.4,40.12,+49.64,-46.94,1
1118.6818,1008.60,23.5,39.96,+49.64,-47.10,1
1118.8179,1008.62,23.5,39.79,+49.64,-47.27,1
1118.9539,1008.58,23.5,40.13,+50.12,-46.45,1
1119.0872,1008.54,23.5,40.48,+50.12,-46.11,1
1119.2221,1008.62,23.5,39.79,+50.12,-46.80,1
1119.3565,1008.55,23.5,40.39,+50.12,-46.19,1
1119.4901,1008.62,23.5,39.79,+50.12,-46.80,1
1119.6241,1008.54,23.5,40.48,+50.12,-46.11,1
1119.7584,1008.57,23.5,40.22,+50.12,-46.36,1
1119.8918,1008.63,23.5,39.70,+50.12,-46.88,1
1120.0297,1008.62,23.5,39.79,+50.59,-46.32,1
1120.1639,1008.61,23.5,39.87,+50.59,-46.24,1
1120.2966,1008.61,23.5,39.87,+50.59,-46.24,1
1120.4310,1008.54,23.5,40.48,+50.59,-45.63,1
1120.5665,1008.55,23.5,40.39,+50.59,-45.72,1
1120.6991,1008.58,23.5,40.13,+50.59,-45.98,1
1120.8343,1008.62,23.5,39.79,+50.59,-46.32,1
1120.9718,1008.56,23.5,40.30,+51.05,-45.34,1
1121.1061,1008.58,23.5,40.13,+51.05,-45.51,1
1121.2399,1008.61,23.5,39.87,+51.05,-45.77,1
1121.3742,1008.59,23.5,40.05,+51.05,-45.60,1
1121.5071,1008.56,23.5,40.30,+51.05,-45.34,1
1121.6413,1008.62,23.5,39.79,+51.05,-45.86,1
1121.7753,1008.62,23.5,39.79,+51.05,-45.86,1
1121.9106,1008.64,23.5,39.61,+51.50,-45.58,1
1122.0456,1008.62,23.5,39.79,+51.50,-45.41,1
1122.1817,1008.61,23.5,39.87,+51.50,-45.32,1
1122.3141,1008.62,23.5,39.79,+51.50,-45.41,1
1122.4488,1008.63,23.5,39.70,+51.50,-45.50,1
1122.5831,1008.53,23.5,40.56,+51.50,-44.63,1
1122.7186,1008.63,23.5,39.70,+51.50,-45.50,1
1122.8516,1008.59,23.5,40.05,+51.50,-45.15,1
1122.9892,1008.61,23.5,39.87,+51.93,-44.90,1
1123.1238,1008.59,23.5,40.05,+51.93,-44.73,1
1123.2589,1008.60,23.5,39.96,+51.93,-44.81,1
1123.3933,1008.59,23.5,40.05,+51.93,-44.73,1
1123.5274,1008.61,23.5,39.87,+51.93,-44.90,1
1123.6625,1008.60,23.5,39.96,+51.93,-44.81,1
1123.7963,1008.59,23.5,40.05,+51.93,-44.73,1
1123.9338,1008.57,23.5,40.22,+52.32,-44.16,1
1124.0666,1008.53,23.5,40.56,+52.32,-43.81,1
1124.2016,1008.61,23.5,39.87,+52.32,-44.50,1
1124.3378,1008.54,23.5,40.48,+52.32,-43.90,1
1124.4703,1008.61,23.5,39.87,+52.32,-44.50,1
1124.6044,1008.59,23.5,40.05,+52.32,-44.33,1
1124.7391,1008.62,23.5,39.79,+52.32,-44.59,1
1124.8733,1008.70,23.5,39.10,+52.32,-45.28,1
1125.0095,1008.61,23.5,39.87,+52.32,-44.50,1
1125.1440,1008.60,23.5,39.96,+52.32,-44.42,1
1125.2772,1008.56,23.5,40.30,+52.32,-44.07,1
1125.4126,1008.61,23.5,39.87,+52.32,-44.50,1
1125.5468,1008.62,23.6,39.80,+52.32,-44.58,1
1125.6793,1008.59,23.5,40.05,+52.32,-44.33,1
1125.8142,1008.64,23.5,39.61,+52.32,-44.76,1
1125.9528,1008.61,23.5,39.87,+52.71,-44.12,1
1126.0844,1008.63,23.5,39.70,+52.71,-44.29,1
1126.2194,1008.58,23.5,40.13,+52.71,-43.86,1
1126.3538,1008.61,23.5,39.87,+52.71,-44.12,1
1126.4875,1008.65,23.5,39.53,+52.71,-44.46,1
1126.6217,1008.65,23.6,39.54,+52.71,-44.45,1
1126.7560,1008.58,23.5,40.13,+52.71,-43.86,1
1126.8879,1008.61,23.5,39.87,+52.71,-44.12,1
1127.0243,1008.61,23.5,39.87,+53.08,-43.75,1
1127.1575,1008.56,23.5,40.30,+53.08,-43.32,1
1127.2890,1008.62,23.5,39.79,+53.08,-43.84,1
1127.4224,1008.62,23.5,39.79,+53.08,-43.84,1
1127.5571,1008.61,23.5,39.87,+53.08,-43.75,1
1127.6903,1008.64,23.5,39.61,+53.08,-44.01,1
1127.8224,1008.72,23.5,38.93,+53.08,-44.70,1
1127.9591,1008.59,23.5,40.05,+53.46,-43.19,1
1128.0938,1008.63,23.5,39.70,+53.46,-43.54,1
1128.2258,1008.66,23.5,39.44,+53.46,-43.79,1
1128.3590,1008.68,23.5,39.27,+53.46,-43.97,1
1128.4928,1008.60,23.5,39.96,+53.46,-43.28,1
1128.6252,1008.60,23.5,39.96,+53.46,-43.28,1
1128.7586,1008.63,23.5,39.70,+53.46,-43.54,1
1128.8924,1008.62,23.5,39.79,+53.46,-43.45,1
1129.0267,1008.66,23.5,39.44,+53.81,-43.45,1
1129.1614,1008.71,23.5,39.01,+53.81,-43.88,1
1129.2948,1008.60,23.5,39.96,+53.81,-42.93,1
1129.4282,1008.60,23.5,39.96,+53.81,-42.93,1
1129.5601,1008.63,23.5,39.70,+53.81,-43.19,1
1129.6947,1008.60,23.4,39.95,+53.81,-42.95,1
1129.8285,1008.64,23.4,39.60,+53.81,-43.29,1
1129.9638,1008.58,23.4,40.12,+54.14,-42.44,1
1130.0975,1008.59,23.4,40.03,+54.14,-42.53,1
1130.2338,1008.64,23.4,39.60,+54.14,-42.96,1
1130.3652,1008.62,23.4,39.77,+54.14,-42.78,1
1130.4987,1008.60,23.4,39.95,+54.14,-42.61,1
1130.6320,1008.58,23.4,40.12,+54.14,-42.44,1
1130.7665,1008.65,23.4,39.52,+54.14,-43.04,1
1130.8989,1008.66,23.4,39.43,+54.14,-43.13,1
1131.0338,1008.60,23.4,39.95,+54.14,-42.61,1
1131.1673,1008.65,23.4,39.52,+54.14,-43.04,1
1131.3005,1008.66,23.4,39.43,+54.14,-43.13,1
1131.4337,1008.68,23.4,39.26,+54.14,-43.30,1
1131.5668,1008.69,23.4,39.17,+54.14,-43.39,1
1131.6986,1008.68,23.4,39.26,+54.14,-43.30,1
1131.8328,1008.67,23.4,39.34,+54.14,-43.21,1
1131.9684,1008.63,23.4,39.69,+54.46,-42.55,1
1132.0998,1008.65,23.4,39.52,+54.46,-42.72,1
1132.2337,1008.65,23.4,39.52,+54.46,-42.72,1
1132.3682,1008.60,23.3,39.93,+54.46,-42.30,1
1132.5014,1008.62,23.3,39.76,+54.46,-42.48,1
1132.6328,1008.67,23.3,39.33,+54.46,-42.91,1
1132.7668,1008.66,23.3,39.42,+54.46,-42.82,1
1132.9018,1008.65,23.3,39.50,+54.46,-42.73,1
1133.0358,1008.60,23.3,39.93,+54.75,-42.02,1
1133.1696,1008.55,23.3,40.36,+54.75,-41.59,1
1133.3033,1008.59,23.3,40.02,+54.75,-41.93,1
1133.4360,1008.67,23.3,39.33,+54.75,-42.62,1
1133.5692,1008.68,23.3,39.24,+54.75,-42.71,1
1133.7040,1008.69,23.3,39.16,+54.75,-42.79,1
1133.8355,1008.78,23.3,38.38,+54.75,-43.57,1
1133.9722,1008.71,23.3,38.99,+55.08,-42.64,1
1134.1050,1008.58,23.3,40.10,+55.08,-41.52,1
1134.2391,1008.62,23.3,39.76,+55.08,-41.86,1
1134.3705,1008.67,23.3,39.33,+55.08,-42.29,1
1134.5049,1008.60,23.3,39.93,+55.08,-41.69,1
1134.6380,1008.61,23.3,39.85,+55.08,-41.78,1
1134.7698,1008.62,23.3,39.76,+55.08,-41.86,1
1134.9064,1008.66,23.3,39.42,+55.34,-41.95,1
1135.0395,1008.61,23.3,39.85,+55.34,-41.52,1
1135.1709,1008.63,23.3,39.67,+55.34,-41.69,1
1135.3041,1008.55,23.3,40.36,+55.34,-41.00,1
1135.4377,1008.60,23.3,39.93,+55.34,-41.43,1
1135.5725,1008.58,23.3,40.10,+55.34,-41.26,1
1135.7043,1008.60,23.3,39.93,+55.34,-41.43,1
1135.8381,1008.61,23.3,39.85,+55.34,-41.52,1
1135.9748,1008.63,23.3,39.67,+55.54,-41.49,1
1136.1089,1008.65,23.2,39.49,+55.54,-41.67,1
1136.2425,1008.58,23.2,40.09,+55.54,-41.07,1
1136.3758,1008.63,23.2,39.66,+55.54,-41.50,1
1136.5077,1008.56,23.2,40.26,+55.54,-40.90,1
1136.6419,1008.58,23.2,40.09,+55.54,-41.07,1
1136.7754,1008.58,23.2,40.09,+55.54,-41.07,1
1136.9102,1008.61,23.3,39.85,+55.71,-41.14,1
1137.0443,1008.58,23.3,40.10,+55.71,-40.88,1
1137.1805,1008.60,23.2,39.92,+55.71,-41.07,1
1137.3121,1008.59,23.3,40.02,+55.71,-40.97,1
1137.4458,1008.60,23.3,39.93,+55.71,-41.05,1
1137.5801,1008.60,23.3,39.93,+55.71,-41.05,1
1137.7157,1008.56,23.3,40.28,+55.71,-40.71,1
1137.8488,1008.59,23.3,40.02,+55.71,-40.97,1
1137.9843,1008.57,23.3,40.19,+55.84,-40.66,1
1138.1184,1008.55,23.3,40.36,+55.84,-40.49,1
1138.2527,1008.63,23.3,39.67,+55.84,-41.18,1
1138.3870,1008.60,23.3,39.93,+55.84,-40.92,1
1138.5212,1008.66,23.3,39.42,+55.84,-41.44,1
1138.6538,1008.60,23.3,39.93,+55.84,-40.92,1
1138.7887,1008.56,23.3,40.28,+55.84,-40.58,1
1138.9260,1008.64,23.3,39.59,+55.95,-41.16,1
1139.0592,1008.66,23.3,39.42,+55.95,-41.33,1
1139.1941,1008.67,23.3,39.33,+55.95,-41.42,1
1139.3297,1008.65,23.3,39.50,+55.95,-41.25,1
1139.4624,1008.63,23.3,39.67,+55.95,-41.07,1
1139.5964,1008.57,23.3,40.19,+55.95,-40.56,1
1139.7309,1008.57,23.3,40.19,+55.95,-40.56,1
1139.8652,1008.64,23.3,39.59,+55.95,-41.16,1
1140.0013,1008.67,23.3,39.33,+56.03,-41.34,1
1140.1356,1008.66,23.3,39.42,+56.03,-41.25,1
1140.2689,1008.62,23.3,39.76,+56.03,-40.91,1
1140.4032,1008.62,23.3,39.76,+56.03,-40.91,1
1140.5370,1008.61,23.3,39.85,+56.03,-40.82,1
1140.6698,1008.61,23.3,39.85,+56.03,-40.82,1
1140.8048,1008.59,23.3,40.02,+56.03,-40.65,1
1140.9436,1008.62,23.4,39.77,+56.06,-40.87,1
1141.0767,1008.65,23.4,39.52,+56.06,-41.12,1
1141.2120,1008.63,23.4,39.69,+56.06,-40.95,1
1141.3462,1008.60,23.4,39.95,+56.06,-40.69,1
1141.4798,1008.64,23.4,39.60,+56.06,-41.04,1
1141.6141,1008.60,23.4,39.95,+56.06,-40.69,1
1141.7488,1008.64,23.4,39.60,+56.06,-41.04,1
1141.8821,1008.67,23.4,39.34,+56.06,-41.30,1
1142.0192,1008.64,23.4,39.60,+56.10,-41.00,1
1142.1532,1008.61,23.4,39.86,+56.10,-40.74,1
1142.2859,1008.64,23.4,39.60,+56.10,-41.00,1
1142.4200,1008.56,23.4,40.29,+56.10,-40.31,1
1142.5570,1008.60,23.4,39.95,+56.10,-40.66,1
1142.6893,1008.63,23.4,39.69,+56.10,-40.91,1
1142.8240,1008.63,23.4,39.69,+56.10,-40.91,1
1142.9618,1008.65,23.4,39.52,+56.06,-41.12,1
1143.0961,1008.56,23.4,40.29,+56.06,-40.35,1
1143.2307,1008.61,23.4,39.86,+56.06,-40.78,1
1143.3650,1008.58,23.4,40.12,+56.06,-40.52,1
1143.4979,1008.61,23.4,39.86,+56.06,-40.78,1
1143.6321,1008.64,23.4,39.60,+56.06,-41.04,1
1143.7658,1008.65,23.4,39.52,+56.06,-41.12,1
1143.8986,1008.70,23.4,39.08,+56.06,-41.55,1
1144.0360,1008.63,23.4,39.69,+56.04,-40.97,1
1144.1712,1008.61,23.4,39.86,+56.04,-40.80,1
1144.3038,1008.61,23.4,39.86,+56.04,-40.80,1
1144.4385,1008.62,23.4,39.77,+56.04,-40.88,1
1144.5728,1008.62,23.4,39.77,+56.04,-40.88,1
1144.7061,1008.72,23.4,38.91,+56.04,-41.74,1
1144.8411,1008.62,23.4,39.77,+56.04,-40.88,1
1144.9787,1008.65,23.4,39.52,+56.01,-41.18,1
1145.1116,1008.57,23.4,40.20,+56.01,-40.49,1
1145.2463,1008.53,23.4,40.55,+56.01,-40.14,1
1145.3802,1008.57,23.4,40.20,+56.01,-40.49,1
1145.5122,1008.57,23.4,40.20,+56.01,-40.49,1
1145.6462,1008.62,23.4,39.77,+56.01,-40.92,1
1145.7822,1008.61,23.4,39.86,+56.01,-40.83,1
1145.9177,1008.68,23.4,39.26,+56.00,-41.44,1
1146.0515,1008.61,23.4,39.86,+56.00,-40.84,1
1146.1859,1008.59,23.4,40.03,+56.00,-40.67,1
1146.3195,1008.59,23.3,40.02,+56.00,-40.68,1
1146.4528,1008.64,23.3,39.59,+56.00,-41.11,1
1146.5858,1008.63,23.3,39.67,+56.00,-41.03,1
1146.7194,1008.65,23.3,39.50,+56.00,-41.20,1
1146.8532,1008.71,23.3,38.99,+56.00,-41.72,1
1146.9891,1008.71,23.3,38.99,+56.01,-41.70,1
1147.1233,1008.60,23.3,39.93,+56.01,-40.76,1
1147.2564,1008.60,23.3,39.93,+56.01,-40.76,1
1147.3906,1008.56,23.3,40.28,+56.01,-40.41,1
1147.5246,1008.56,23.3,40.28,+56.01,-40.41,1
1147.6568,1008.55,23.3,40.36,+56.01,-40.33,1
1147.7921,1008.60,23.3,39.93,+56.01,-40.76,1
1147.9305,1008.56,23.3,40.28,+55.99,-40.44,1
1148.0620,1008.59,23.3,40.02,+55.99,-40.69,1
1148.1969,1008.61,23.2,39.83,+55.99,-40.88,1
1148.3314,1008.51,23.2,40.69,+55.99,-40.02,1
1148.4650,1008.60,23.2,39.92,+55.99,-40.79,1
1148.5992,1008.55,23.2,40.35,+55.99,-40.36,1
1148.7337,1008.60,23.2,39.92,+55.99,-40.79,1
1148.8666,1008.58,23.2,40.09,+55.99,-40.62,1
1149.0039,1008.63,23.2,39.66,+55.94,-41.10,1
1149.1380,1008.55,23.2,40.35,+55.94,-40.41,1
1149.2704,1008.59,23.2,40.00,+55.94,-40.76,1
1149.4046,1008.59,23.2,40.00,+55.94,-40.76,1
1149.5408,1008.62,23.2,39.75,+55.94,-41.01,1
1149.6732,1008.59,23.2,40.00,+55.94,-40.76,1
1149.8059,1008.59,23.1,39.99,+55.94,-40.77,1
1149.9436,1008.59,23.1,39.99,+55.85,-40.86,1
1150.0806,1008.62,23.1,39.73,+55.85,-41.12,1
1150.2135,1008.51,23.1,40.68,+55.85,-40.17,1
1150.3478,1008.50,23.1,40.77,+55.85,-40.09,1
1150.4822,1008.50,23.1,40.77,+55.85,-40.09,1
1150.6160,1008.52,23.1,40.59,+55.85,-40.26,1
1150.7503,1008.52,23.1,40.59,+55.85,-40.26,1
1150.8851,1008.53,23.1,40.51,+55.85,-40.34,1
1151.0207,1008.56,23.1,40.25,+55.74,-40.71,1
1151.1553,1008.59,23.1,39.99,+55.74,-40.97,1
1151.2897,1008.54,23.1,40.42,+55.74,-40.54,1
1151.4226,1008.49,23.0,40.84,+55.74,-40.12,1
1151.5570,1008.59,23.0,39.98,+55.74,-40.98,1
1151.6923,1008.57,23.0,40.15,+55.74,-40.81,1
1151.8257,1008.50,23.0,40.75,+55.74,-40.21,1
1151.9643,1008.51,23.0,40.67,+55.60,-40.44,1
1152.0991,1008.51,23.0,40.67,+55.60,-40.44,1
1152.2332,1008.58,23.0,40.06,+55.60,-41.04,1
1152.3675,1008.66,23.0,39.38,+55.60,-41.73,1
1152.5021,1008.68,23.0,39.20,+55.60,-41.90,1
1152.6377,1008.56,23.0,40.24,+55.60,-40.87,1
1152.7721,1008.60,23.0,39.89,+55.60,-41.21,1
1152.9070,1008.66,23.0,39.38,+55.60,-41.73,1
1153.0425,1008.62,23.0,39.72,+55.47,-41.51,1
1153.1761,1008.67,23.0,39.29,+55.47,-41.94,1
1153.3116,1008.56,23.0,40.24,+55.47,-40.99,1
1153.4441,1008.58,23.0,40.06,+55.47,-41.17,1
1153.5782,1008.58,23.0,40.06,+55.47,-41.17,1
1153.7126,1008.65,23.0,39.46,+55.47,-41.77,1
1153.8468,1008.56,23.0,40.24,+55.47,-40.99,1
1153.9841,1008.57,23.0,40.15,+55.32,-41.23,1
1154.1187,1008.52,23.0,40.58,+55.32,-40.80,1
1154.2516,1008.55,23.0,40.32,+55.32,-41.06,1
1154.3857,1008.56,23.0,40.24,+55.32,-41.15,1
1154.5195,1008.59,23.0,39.98,+55.32,-41.41,1
1154.6521,1008.49,22.9,40.82,+55.32,-40.56,1
1154.7870,1008.61,22.9,39.79,+55.32,-41.59,1
1154.9255,1008.63,22.9,39.62,+55.18,-41.90,1
1155.0586,1008.53,22.9,40.48,+55.18,-41.04,1
1155.1935,1008.55,22.9,40.31,+55.18,-41.21,1
1155.3277,1008.57,22.9,40.14,+55.18,-41.38,1
1155.4614,1008.58,22.9,40.05,+55.18,-41.47,1
1155.5956,1008.57,22.9,40.14,+55.18,-41.38,1
1155.7300,1008.50,22.9,40.74,+55.18,-40.78,1
1155.8628,1008.56,22.9,40.22,+55.18,-41.30,1
1155.9998,1008.54,22.9,40.39,+55.05,-41.26,1
1156.1342,1008.63,22.9,39.62,+55.05,-42.03,1
1156.2667,1008.65,22.9,39.45,+55.05,-42.20,1
1156.4007,1008.58,22.9,40.05,+55.05,-41.60,1
1156.5364,1008.62,22.9,39.71,+55.05,-41.94,1
1156.6705,1008.66,22.9,39.36,+55.05,-42.29,1
1156.8036,1008.63,22.9,39.62,+55.05,-42.03,1
1156.9410,1008.63,22.9,39.62,+54.95,-42.13,1
1157.0768,1008.62,22.9,39.71,+54.95,-42.04,1
1157.2097,1008.60,22.9,39.88,+54.95,-41.87,1
1157.3439,1008.55,22.8,40.29,+54.95,-41.45,1
1157.4783,1008.55,22.8,40.29,+54.95,-41.45,1
1157.6121,1008.57,22.8,40.12,+54.95,-41.62,1
1157.7464,1008.59,22.8,39.95,+54.95,-41.79,1
1157.8812,1008.59,22.8,39.95,+54.95,-41.79,1
1158.0178,1008.62,22.9,39.71,+54.86,-42.14,1
1158.1540,1008.62,22.9,39.71,+54.86,-42.14,1
1158.2888,1008.60,22.9,39.88,+54.86,-41.96,1
1158.4215,1008.59,22.8,39.95,+54.86,-41.89,1
1158.5558,1008.62,22.9,39.71,+54.86,-42.14,1
1158.6911,1008.60,22.8,39.87,+54.86,-41.98,1
1158.8241,1008.61,22.8,39.78,+54.86,-42.06,1
1158.9628,1008.60,22.8,39.87,+54.80,-42.04,1
1159.0954,1008.60,22.8,39.87,+54.80,-42.04,1
1159.2294,1008.58,22.8,40.04,+54.80,-41.87,1
1159.3638,1008.58,22.8,40.04,+54.80,-41.87,1
1159.4984,1008.61,22.9,39.79,+54.80,-42.11,1
1159.6308,1008.57,22.8,40.12,+54.80,-41.78,1
1159.7669,1008.60,22.9,39.88,+54.80,-42.02,1
1159.9018,1008.56,22.8,40.21,+54.80,-41.69,1
1160.0376,1008.64,22.9,39.53,+54.74,-42.43,1
1160.1709,1008.54,22.9,40.39,+54.74,-41.57,1
1160.3068,1008.60,22.9,39.88,+54.74,-42.08,1
1160.4391,1008.53,22.9,40.48,+54.74,-41.48,1
1160.5734,1008.57,22.9,40.14,+54.74,-41.83,1
1160.7079,1008.59,22.9,39.96,+54.74,-42.00,1
1160.8417,1008.63,22.9,39.62,+54.74,-42.34,1
1160.9780,1008.65,22.9,39.45,+54.72,-42.53,1
1161.1126,1008.63,22.9,39.62,+54.72,-42.36,1
1161.2476,1008.60,22.9,39.88,+54.72,-42.10,1
1161.3810,1008.60,22.9,39.88,+54.72,-42.10,1
1161.5153,1008.56,22.9,40.22,+54.72,-41.75,1
1161.6494,1008.59,22.9,39.96,+54.72,-42.01,1
1161.7826,1008.63,22.9,39.62,+54.72,-42.36,1
1161.9206,1008.60,22.9,39.88,+54.71,-42.11,1
1162.0551,1008.59,22.9,39.96,+54.71,-42.02,1
1162.1885,1008.61,22.9,39.79,+54.71,-42.19,1
1162.3220,1008.62,22.9,39.71,+54.71,-42.28,1
1162.4573,1008.61,22.9,39.79,+54.71,-42.19,1
1162.5899,1008.61,22.9,39.79,+54.71,-42.19,1
1162.7244,1008.58,22.9,40.05,+54.71,-41.94,1
1162.8595,1008.58,22.9,40.05,+54.71,-41.94,1
1162.9851,1008.60,22.9,39.88,+54.70,-42.12,1
1163.1198,1008.63,22.9,39.62,+54.70,-42.38,1
1163.2545,1008.21,22.8,43.22,+54.70,-38.78,1
1163.3868,1008.57,22.9,40.14,+54.70,-41.86,1
1163.5216,1008.60,22.9,39.88,+54.70,-42.12,1
1163.6554,1008.65,22.9,39.45,+54.70,-42.55,1
1163.7896,1008.63,22.9,39.62,+54.70,-42.38,1
1163.9260,1008.54,22.9,40.39,+54.71,-41.60,1
1164.0607,1008.61,22.9,39.79,+54.71,-42.20,1
1164.1951,1008.56,22.9,40.22,+54.71,-41.77,1
1164.3277,1008.60,22.9,39.88,+54.71,-42.11,1
1164.4622,1008.59,22.9,39.96,+54.71,-42.03,1
1164.5980,1008.61,22.9,39.79,+54.71,-42.20,1
1164.7307,1008.59,22.9,39.96,+54.71,-42.03,1
1164.8657,1008.60,22.9,39.88,+54.71,-42.11,1
1165.0034,1008.57,22.9,40.14,+54.72,-41.85,1
1165.1377,1008.55,22.9,40.31,+54.72,-41.67,1
1165.2723,1008.57,22.9,40.14,+54.72,-41.85,1
1165.4065,1008.54,22.9,40.39,+54.72,-41.59,1
1165.5394,1008.59,22.9,39.96,+54.72,-42.02,1
1165.6757,1008.56,22.9,40.22,+54.72,-41.76,1
1165.8102,1008.56,22.9,40.22,+54.72,-41.76,1
1165.9413,1008.61,22.9,39.79,+54.75,-42.16,1
1166.0748,1008.60,23.0,39.89,+54.75,-42.06,1
1166.2118,1008.61,22.9,39.79,+54.75,-42.16,1
1166.3445,1008.58,23.0,40.06,+54.75,-41.89,1
1166.4784,1008.55,23.0,40.32,+54.75,-41.63,1
1166.6123,1008.58,23.0,40.06,+54.75,-41.89,1
1166.7464,1008.59,23.0,39.98,+54.75,-41.98,1
1166.8814,1008.56,23.0,40.24,+54.75,-41.72,1
1167.0187,1008.54,23.0,40.41,+54.75,-41.54,1
1167.1517,1008.55,23.0,40.32,+54.75,-41.62,1
1167.2864,1008.55,23.0,40.32,+54.75,-41.62,1
1167.4216,1008.59,23.0,39.98,+54.75,-41.97,1
1167.5545,1008.63,23.0,39.63,+54.75,-42.31,1
1167.6892,1008.57,23.0,40.15,+54.75,-41.80,1
1167.8252,1008.58,23.0,40.06,+54.75,-41.88,1
1167.9598,1008.50,23.0,40.75,+54.75,-41.19,1
1168.0945,1008.51,23.0,40.67,+54.75,-41.28,1
1168.2296,1008.57,23.0,40.15,+54.75,-41.80,1
1168.3634,1008.53,23.0,40.49,+54.75,-41.45,1
1168.4977,1008.55,23.0,40.32,+54.75,-41.62,1
1168.6319,1008.53,23.0,40.49,+54.75,-41.45,1
1168.7651,1008.52,23.0,40.58,+54.75,-41.36,1
1168.9000,1008.49,23.0,40.84,+54.75,-41.11,1
1169.0368,1008.57,23.0,40.15,+54.73,-41.82,1
1169.1699,1008.54,23.0,40.41,+54.73,-41.56,1
1169.3044,1008.61,23.0,39.81,+54.73,-42.17,1
1169.4397,1008.60,23.1,39.91,+54.73,-42.07,1
1169.5722,1008.52,23.0,40.58,+54.73,-41.39,1
1169.7071,1008.52,23.1,40.59,+54.73,-41.38,1
1169.8420,1008.53,23.1,40.51,+54.73,-41.46,1
1169.9814,1008.54,23.1,40.42,+54.75,-41.53,1
1170.1154,1008.53,23.1,40.51,+54.75,-41.45,1
1170.2507,1008.48,23.1,40.94,+54.75,-41.02,1
1170.3831,1008.54,23.1,40.42,+54.75,-41.53,1
1170.5168,1008.52,23.1,40.59,+54.75,-41.36,1
1170.6503,1008.45,23.1,41.20,+54.75,-40.76,1
1170.7828,1008.54,23.1,40.42,+54.75,-41.53,1
1170.9190,1008.53,23.1,40.51,+54.80,-41.39,1
1171.0547,1008.50,23.1,40.77,+54.80,-41.13,1
1171.1876,1008.50,23.1,40.77,+54.80,-41.13,1
1171.3216,1008.54,23.1,40.42,+54.80,-41.48,1
1171.4558,1008.54,23.1,40.42,+54.80,-41.48,1
1171.5893,1008.53,23.1,40.51,+54.80,-41.39,1
1171.7234,1008.55,23.1,40.34,+54.80,-41.56,1
1171.8582,1008.52,23.1,40.59,+54.80,-41.31,1
1171.9939,1008.57,23.1,40.16,+54.86,-41.68,1
1172.1283,1008.54,23.1,40.42,+54.86,-41.42,1
1172.2621,1008.48,23.1,40.94,+54.86,-40.90,1
1172.3941,1008.53,23.1,40.51,+54.86,-41.33,1
1172.5284,1008.50,23.1,40.77,+54.86,-41.08,1
1172.6635,1008.53,23.1,40.51,+54.86,-41.33,1
1172.7979,1008.49,23.1,40.85,+54.86,-40.99,1
1172.9350,1008.50,23.1,40.77,+54.91,-41.02,1
1173.0681,1008.50,23.1,40.77,+54.91,-41.02,1
1173.2038,1008.45,23.1,41.20,+54.91,-40.59,1
1173.3364,1008.47,23.1,41.02,+54.91,-40.76,1
1173.4707,1008.53,23.1,40.51,+54.91,-41.28,1
1173.6046,1008.51,23.1,40.68,+54.91,-41.11,1
1173.7381,1008.46,23.1,41.11,+54.91,-40.68,1
1173.8728,1008.44,23.1,41.28,+54.91,-40.50,1
1174.0087,1008.47,23.1,41.02,+54.97,-40.70,1
1174.1409,1008.39,23.1,41.71,+54.97,-40.02,1
1174.2755,1008.45,23.1,41.20,+54.97,-40.53,1
1174.4088,1008.47,23.1,41.02,+54.97,-40.70,1
1174.5407,1008.45,23.1,41.20,+54.97,-40.53,1
1174.6753,1008.50,23.1,40.77,+54.97,-40.96,1
1174.8112,1008.44,23.1,41.28,+54.97,-40.45,1
1174.9472,1008.37,23.1,41.88,+55.08,-39.74,1
1175.0818,1008.38,23.1,41.80,+55.08,-39.82,1
1175.2177,1008.45,23.1,41.20,+55.08,-40.43,1
1175.3536,1008.35,23.1,42.06,+55.08,-39.57,1
1175.4881,1008.36,23.1,41.97,+55.08,-39.65,1
1175.6222,1008.46,23.1,41.11,+55.08,-40.51,1
1175.7546,1008.46,23.2,41.12,+55.08,-40.50,1
1175.8904,1008.36,23.1,41.97,+55.08,-39.65,1
1176.0265,1008.36,23.1,41.97,+55.17,-39.55,1
1176.1607,1008.39,23.1,41.71,+55.17,-39.81,1
1176.2937,1008.39,23.2,41.73,+55.17,-39.80,1
1176.4289,1008.43,23.2,41.38,+55.17,-40.14,1
1176.5630,1008.39,23.2,41.73,+55.17,-39.80,1
1176.6957,1008.39,23.2,41.73,+55.17,-39.80,1
1176.8305,1008.38,23.2,41.81,+55.17,-39.71,1
1176.9560,1008.44,23.2,41.30,+55.30,-40.11,1
1177.0886,1008.45,23.2,41.21,+55.30,-40.19,1
1177.2235,1008.49,23.2,40.87,+55.30,-40.54,1
1177.3579,1008.44,23.2,41.30,+55.30,-40.11,1
1177.4932,1008.46,23.2,41.12,+55.30,-40.28,1
1177.6256,1008.38,23.2,41.81,+55.30,-39.59,1
1177.7604,1008.44,23.2,41.30,+55.30,-40.11,1
1177.8948,1008.43,23.2,41.38,+55.30,-40.02,1
1178.0223,1008.44,23.2,41.30,+55.44,-39.96,1
1178.1550,1008.43,23.2,41.38,+55.44,-39.88,1
1178.2890,1008.43,23.2,41.38,+55.44,-39.88,1
1178.4249,1008.44,23.2,41.30,+55.44,-39.96,1
1178.5585,1008.44,23.2,41.30,+55.44,-39.96,1
1178.6929,1008.37,23.2,41.90,+55.44,-39.36,1
1178.8278,1008.39,23.2,41.73,+55.44,-39.53,1
1178.9634,1008.43,23.2,41.38,+55.58,-39.74,1
1179.0976,1008.46,23.2,41.12,+55.58,-40.00,1
1179.2321,1008.36,23.2,41.99,+55.58,-39.14,1
1179.3644,1008.44,23.2,41.30,+55.58,-39.82,1
1179.4990,1008.38,23.2,41.81,+55.58,-39.31,1
1179.6342,1008.38,23.2,41.81,+55.58,-39.31,1
1179.7668,1008.45,23.2,41.21,+55.58,-39.91,1
1179.9016,1008.48,23.2,40.95,+55.58,-40.17,1
1180.0401,1008.43,23.2,41.38,+55.74,-39.58,1
1180.1745,1008.46,23.2,41.12,+55.74,-39.84,1
1180.3089,1008.46,23.2,41.12,+55.74,-39.84,1
1180.4425,1008.44,23.2,41.30,+55.74,-39.66,1
1180.5739,1008.43,23.2,41.38,+55.74,-39.58,1
1180.7082,1008.39,23.2,41.73,+55.74,-39.23,1
1180.8419,1008.44,23.2,41.30,+55.74,-39.66,1
1180.9779,1008.51,23.3,40.71,+55.89,-40.10,1
1181.1114,1008.49,23.2,40.87,+55.89,-39.94,1
1181.2471,1008.47,23.2,41.04,+55.89,-39.77,1
1181.3802,1008.45,23.2,41.21,+55.89,-39.59,1
1181.5133,1008.46,23.2,41.12,+55.89,-39.68,1
1181.6466,1008.49,23.2,40.87,+55.89,-39.94,1
1181.7794,1008.46,23.2,41.12,+55.89,-39.68,1
1181.9167,1008.32,23.2,42.33,+56.08,-38.29,1
1182.0506,1008.38,23.2,41.81,+56.08,-38.80,1
1182.1827,1008.37,23.2,41.90,+56.08,-38.72,1
1182.3183,1008.32,23.2,42.33,+56.08,-38.29,1
1182.4515,1008.39,23.2,41.73,+56.08,-38.89,1
1182.5845,1008.36,23.2,41.99,+56.08,-38.63,1
1182.7166,1008.35,23.2,42.07,+56.08,-38.55,1
1182.8517,1008.43,23.2,41.38,+56.08,-39.23,1
1182.9890,1008.38,23.2,41.81,+56.30,-38.59,1
1183.1207,1008.33,23.2,42.24,+56.30,-38.16,1
1183.2546,1008.37,23.2,41.90,+56.30,-38.50,1
1183.3902,1008.39,23.2,41.73,+56.30,-38.67,1
1183.5216,1008.35,23.2,42.07,+56.30,-38.33,1
1183.6548,1008.37,23.2,41.90,+56.30,-38.50,1
1183.7902,1008.38,23.2,41.81,+56.30,-38.59,1
1183.9263,1008.45,23.2,41.21,+56.54,-38.95,1
1184.0586,1008.35,23.2,42.07,+56.54,-38.09,1
1184.1924,1008.32,23.2,42.33,+56.54,-37.83,1
1184.3258,1008.39,23.2,41.73,+56.54,-38.43,1
1184.4586,1008.44,23.2,41.30,+56.54,-38.86,1
1184.5918,1008.44,23.2,41.30,+56.54,-38.86,1
1184.7254,1008.39,23.2,41.73,+56.54,-38.43,1
1184.8574,1008.43,23.2,41.38,+56.54,-38.77,1
1184.9949,1008.46,23.2,41.12,+56.82,-38.75,1
1185.1281,1008.48,23.2,40.95,+56.82,-38.93,1
1185.2597,1008.43,23.2,41.38,+56.82,-38.50,1
1185.3929,1008.51,23.2,40.69,+56.82,-39.19,1
1185.5278,1008.49,23.2,40.87,+56.82,-39.01,1
1185.6592,1008.43,23.2,41.38,+56.82,-38.50,1
1185.7908,1008.48,23.2,40.95,+56.82,-38.93,1
1185.9285,1008.44,23.2,41.30,+57.12,-38.28,1
1186.0634,1008.44,23.2,41.30,+57.12,-38.28,1
1186.1951,1008.47,23.2,41.04,+57.12,-38.54,1
1186.3282,1008.43,23.2,41.38,+57.12,-38.20,1
1186.4617,1008.43,23.2,41.38,+57.12,-38.20,1
1186.5975,1008.48,23.2,40.95,+57.12,-38.63,1
1186.7291,1008.44,23.2,41.30,+57.12,-38.28,1
1186.8628,1008.46,23.2,41.12,+57.12,-38.45,1
1187.0002,1008.48,23.2,40.95,+57.43,-38.32,1
1187.1329,1008.45,23.2,41.21,+57.43,-38.06,1
1187.2676,1008.46,23.2,41.12,+57.43,-38.14,1
1187.4006,1008.45,23.2,41.21,+57.43,-38.06,1
1187.5324,1008.37,23.2,41.90,+57.43,-37.37,1
1187.6670,1008.38,23.2,41.81,+57.43,-37.45,1
1187.8006,1008.47,23.2,41.04,+57.43,-38.23,1
1187.9363,1008.47,23.2,41.04,+57.74,-37.92,1
1188.0702,1008.44,23.2,41.30,+57.74,-37.66,1
1188.2051,1008.44,23.2,41.30,+57.74,-37.66,1
1188.3365,1008.45,23.2,41.21,+57.74,-37.75,1
1188.4705,1008.28,23.1,42.66,+57.74,-36.30,1
1188.6038,1008.49,23.2,40.87,+57.74,-38.09,1
1188.7383,1008.52,23.2,40.61,+57.74,-38.35,1
1188.8721,1008.39,23.1,41.71,+57.74,-37.25,1
1189.0093,1008.39,23.1,41.71,+58.04,-36.95,1
1189.1429,1008.46,23.2,41.12,+58.04,-37.54,1
1189.2760,1008.47,23.2,41.04,+58.04,-37.62,1
1189.4093,1008.39,23.1,41.71,+58.04,-36.95,1
1189.5423,1008.53,23.2,40.52,+58.04,-38.14,1
1189.6740,1008.44,23.1,41.28,+58.04,-37.38,1
1189.8081,1008.46,23.1,41.11,+58.04,-37.55,1
1189.9438,1008.50,23.1,40.77,+58.36,-37.57,1
1190.0751,1008.46,23.1,41.11,+58.36,-37.23,1
1190.2094,1008.49,23.1,40.85,+58.36,-37.49,1
1190.3439,1008.38,23.1,41.80,+58.36,-36.54,1
1190.4773,1008.44,23.1,41.28,+58.36,-37.06,1
1190.6091,1008.44,23.1,41.28,+58.36,-37.06,1
1190.7439,1008.44,23.1,41.28,+58.36,-37.06,1
1190.8789,1008.44,23.1,41.28,+58.36,-37.06,1
1191.0147,1008.50,23.1,40.77,+58.67,-37.27,1
1191.1495,1008.44,23.1,41.28,+58.67,-36.75,1
1191.2834,1008.44,23.1,41.28,+58.67,-36.75,1
1191.4176,1008.44,23.1,41.28,+58.67,-36.75,1
1191.5519,1008.47,23.1,41.02,+58.67,-37.01,1
1191.6865,1008.44,23.1,41.28,+58.67,-36.75,1
1191.8193,1008.36,23.1,41.97,+58.67,-36.06,1
1191.9578,1008.44,23.1,41.28,+58.93,-36.49,1
1192.0925,1008.37,23.1,41.88,+58.93,-35.89,1
1192.2257,1008.39,23.1,41.71,+58.93,-36.06,1
1192.3603,1008.48,23.1,40.94,+58.93,-36.84,1
1192.4956,1008.44,23.1,41.28,+58.93,-36.49,1
1192.6278,1008.49,23.1,40.85,+58.93,-36.92,1
1192.7620,1008.47,23.1,41.02,+58.93,-36.75,1
1192.8968,1008.47,23.1,41.02,+58.93,-36.75,1
1193.0335,1008.45,23.1,41.20,+59.16,-36.34,1
1193.1680,1008.39,23.1,41.71,+59.16,-35.83,1
1193.3024,1008.36,23.1,41.97,+59.16,-35.57,1
1193.4351,1008.43,23.1,41.37,+59.16,-36.17,1
1193.5706,1008.49,23.1,40.85,+59.16,-36.69,1
1193.7048,1008.48,23.1,40.94,+59.16,-36.60,1
1193.8377,1008.46,23.1,41.11,+59.16,-36.43,1
1193.9754,1008.49,23.0,40.84,+59.36,-36.50,1
1194.1123,1008.45,23.0,41.18,+59.36,-36.16,1
1194.2452,1008.51,23.0,40.67,+59.36,-36.67,1
1194.3797,1008.43,23.0,41.35,+59.36,-35.99,1
1194.5142,1008.45,23.0,41.18,+59.36,-36.16,1
1194.6476,1008.45,23.0,41.18,+59.36,-36.16,1
1194.7820,1008.43,23.0,41.35,+59.36,-35.99,1
1194.9207,1008.49,23.0,40.84,+59.54,-36.32,1
1195.0541,1008.50,23.0,40.75,+59.54,-36.41,1
1195.1911,1008.52,23.0,40.58,+59.54,-36.58,1
1195.3254,1008.51,23.0,40.67,+59.54,-36.49,1
1195.4584,1008.50,23.0,40.75,+59.54,-36.41,1
1195.5928,1008.48,23.0,40.92,+59.54,-36.24,1
1195.7281,1008.46,23.0,41.10,+59.54,-36.06,1
1195.8611,1008.39,23.0,41.70,+59.54,-35.46,1
1195.9973,1008.46,23.0,41.10,+59.70,-35.90,1
1196.1315,1008.48,23.0,40.92,+59.70,-36.08,1
1196.2655,1008.39,23.0,41.70,+59.70,-35.30,1
1196.3998,1008.44,23.0,41.27,+59.70,-35.73,1
1196.5342,1008.45,23.0,41.18,+59.70,-35.82,1
1196.6666,1008.44,23.0,41.27,+59.70,-35.73,1
1196.8018,1008.50,22.9,40.74,+59.70,-36.26,1
1196.9384,1008.58,23.0,40.06,+59.90,-36.74,1
1197.0709,1008.49,22.9,40.82,+59.90,-35.98,1
1197.2057,1008.46,22.9,41.08,+59.90,-35.72,1
1197.3416,1008.44,22.9,41.25,+59.90,-35.55,1
1197.4739,1008.47,22.9,41.00,+59.90,-35.81,1
1197.6071,1008.48,22.9,40.91,+59.90,-35.89,1
1197.7417,1008.48,22.9,40.91,+59.90,-35.89,1
1197.8762,1008.44,22.9,41.25,+59.90,-35.55,1
1198.0114,1008.49,22.9,40.82,+60.07,-35.81,1
1198.1449,1008.53,22.9,40.48,+60.07,-36.15,1
1198.2774,1008.48,22.9,40.91,+60.07,-35.72,1
1198.4113,1008.47,22.9,41.00,+60.07,-35.64,1
1198.5445,1008.50,22.9,40.74,+60.07,-35.90,1
1198.6782,1008.49,22.9,40.82,+60.07,-35.81,1
1198.8114,1008.46,22.9,41.08,+60.07,-35.55,1
1198.9483,1008.55,22.9,40.31,+60.24,-36.15,1
1199.0824,1008.46,22.9,41.08,+60.24,-35.38,1
1199.2157,1008.50,22.9,40.74,+60.24,-35.72,1
1199.3500,1008.44,22.9,41.25,+60.24,-35.20,1
1199.4857,1008.46,22.9,41.08,+60.24,-35.38,1
1199.6183,1008.44,22.9,41.25,+60.24,-35.20,1
1199.7532,1008.54,22.9,40.39,+60.24,-36.06,1
1199.8880,1008.50,22.9,40.74,+60.24,-35.72,1
1200.0244,1008.53,22.9,40.48,+60.42,-35.80,1
1200.1591,1008.49,22.9,40.82,+60.42,-35.46,1
1200.2934,1008.53,22.9,40.48,+60.42,-35.80,1
1200.4263,1008.52,22.9,40.57,+60.42,-35.71,1
1200.5606,1008.50,22.9,40.74,+60.42,-35.54,1
1200.6946,1008.50,22.9,40.74,+60.42,-35.54,1
1200.8276,1008.52,22.9,40.57,+60.42,-35.71,1
1200.9664,1008.51,22.9,40.65,+60.60,-35.45,1
1201.1000,1008.51,22.9,40.65,+60.60,-35.45,1
1201.2322,1008.53,22.9,40.48,+60.60,-35.62,1
1201.3674,1008.26,22.8,42.79,+60.60,-33.31,1
1201.5016,1008.56,22.9,40.22,+60.60,-35.88,1
1201.6350,1008.57,22.9,40.14,+60.60,-35.96,1
1201.7697,1008.55,22.9,40.31,+60.60,-35.79,1
1201.9046,1008.54,22.9,40.39,+60.60,-35.71,1
1202.0398,1008.53,22.9,40.48,+60.78,-35.44,1
1202.1733,1008.50,22.9,40.74,+60.78,-35.18,1
1202.3077,1008.52,22.9,40.57,+60.78,-35.35,1
1202.4420,1008.54,22.9,40.39,+60.78,-35.52,1
1202.5746,1008.57,22.9,40.14,+60.78,-35.78,1
1202.7087,1008.55,22.9,40.31,+60.78,-35.61,1
1202.8431,1008.51,22.9,40.65,+60.78,-35.26,1
1202.9788,1008.44,22.9,41.25,+60.93,-34.51,1
1203.1119,1008.54,22.9,40.39,+60.93,-35.37,1
1203.2469,1008.48,22.9,40.91,+60.93,-34.85,1
1203.3789,1008.46,22.9,41.08,+60.93,-34.68,1
1203.5123,1008.47,22.9,41.00,+60.93,-34.77,1
1203.6453,1008.48,22.9,40.91,+60.93,-34.85,1
1203.7806,1008.53,22.9,40.48,+60.93,-35.28,1
1203.9186,1008.54,22.9,40.39,+61.02,-35.28,1
1204.0524,1008.46,22.9,41.08,+61.02,-34.60,1
1204.1859,1008.45,22.8,41.15,+61.02,-34.52,1
1204.3207,1008.48,22.9,40.91,+61.02,-34.77,1
1204.4549,1008.53,22.9,40.48,+61.02,-35.20,1
1204.5888,1008.59,22.9,39.96,+61.02,-35.71,1
1204.7215,1008.52,22.9,40.57,+61.02,-35.11,1
1204.8562,1008.50,22.8,40.72,+61.02,-34.95,1
1204.9926,1008.54,22.9,40.39,+61.09,-35.22,1
1205.1257,1008.55,22.9,40.31,+61.09,-35.30,1
1205.2593,1008.51,22.8,40.64,+61.09,-34.97,1
1205.3941,1008.50,22.8,40.72,+61.09,-34.89,1
1205.5261,1008.52,22.8,40.55,+61.09,-35.06,1
1205.6599,1008.53,22.9,40.48,+61.09,-35.13,1
1205.7958,1008.52,22.8,40.55,+61.09,-35.06,1
1205.9318,1008.57,22.9,40.14,+61.14,-35.43,1
1206.0645,1008.48,22.8,40.90,+61.14,-34.67,1
1206.1997,1008.51,22.8,40.64,+61.14,-34.93,1
1206.3318,1008.51,22.8,40.64,+61.14,-34.93,1
1206.4668,1008.51,22.8,40.64,+61.14,-34.93,1
1206.6006,1008.52,22.8,40.55,+61.14,-35.01,1
1206.7349,1008.57,22.9,40.14,+61.14,-35.43,1
1206.8678,1008.54,22.8,40.38,+61.14,-35.18,1
1207.0047,1008.58,22.9,40.05,+61.19,-35.46,1
1207.1389,1008.59,22.8,39.95,+61.19,-35.56,1
1207.2716,1008.59,22.8,39.95,+61.19,-35.56,1
1207.4055,1008.60,22.8,39.87,+61.19,-35.64,1
1207.5408,1008.63,22.8,39.61,+61.19,-35.90,1
1207.6731,1008.53,22.8,40.47,+61.19,-35.04,1
1207.8077,1008.59,22.8,39.95,+61.19,-35.56,1
1207.9462,1008.60,22.8,39.87,+61.27,-35.56,1
1208.0801,1008.58,22.8,40.04,+61.27,-35.39,1
1208.2146,1008.66,22.8,39.35,+61.27,-36.08,1
1208.3486,1008.60,22.8,39.87,+61.27,-35.56,1
1208.4813,1008.60,22.8,39.87,+61.27,-35.56,1
1208.6163,1008.59,22.8,39.95,+61.27,-35.47,1
1208.7503,1008.54,22.8,40.38,+61.27,-35.04,1
1208.8821,1008.59,22.8,39.95,+61.27,-35.47,1
1209.0184,1008.58,22.8,40.04,+61.34,-35.33,1
1209.1533,1008.58,22.8,40.04,+61.34,-35.33,1
1209.2857,1008.59,22.8,39.95,+61.34,-35.41,1
1209.4201,1008.58,22.8,40.04,+61.34,-35.33,1
1209.5541,1008.64,22.8,39.52,+61.34,-35.84,1
1209.6892,1008.58,22.8,40.04,+61.34,-35.33,1
1209.8221,1008.60,22.8,39.87,+61.34,-35.50,1
1209.9595,1008.65,22.8,39.44,+61.39,-35.87,1
1210.0939,1008.66,22.8,39.35,+61.39,-35.96,1
1210.2279,1008.61,22.8,39.78,+61.39,-35.53,1
1210.3619,1008.65,22.8,39.44,+61.39,-35.87,1
1210.4961,1008.58,22.8,40.04,+61.39,-35.27,1
1210.6283,1008.62,22.8,39.69,+61.39,-35.62,1
1210.7636,1008.60,22.8,39.87,+61.39,-35.44,1
1210.8986,1008.55,22.8,40.29,+61.39,-35.01,1
1211.0334,1008.60,22.8,39.87,+61.42,-35.42,1
1211.1679,1008.55,22.8,40.29,+61.42,-34.99,1
1211.3035,1008.61,22.8,39.78,+61.42,-35.51,1
1211.4357,1008.70,22.8,39.01,+61.42,-36.28,1
1211.5696,1008.59,22.8,39.95,+61.42,-35.33,1
1211.7038,1008.57,22.8,40.12,+61.42,-35.16,1
1211.8379,1008.61,22.8,39.78,+61.42,-35.51,1
1211.9752,1008.58,22.8,40.04,+61.45,-35.22,1
1212.1098,1008.61,22.8,39.78,+61.45,-35.48,1
1212.2429,1008.62,22.8,39.69,+61.45,-35.56,1
1212.3771,1008.60,22.8,39.87,+61.45,-35.39,1
1212.5109,1008.62,22.8,39.69,+61.45,-35.56,1
1212.6431,1008.61,22.8,39.78,+61.45,-35.48,1
1212.7779,1008.65,22.8,39.44,+61.45,-35.82,1
1212.9164,1008.67,22.8,39.26,+61.46,-35.98,1
1213.0496,1008.64,22.8,39.52,+61.46,-35.72,1
1213.1845,1008.62,22.8,39.69,+61.46,-35.55,1
1213.3178,1008.61,22.8,39.78,+61.46,-35.46,1
1213.4514,1008.64,22.8,39.52,+61.46,-35.72,1
1213.5859,1008.64,22.8,39.52,+61.46,-35.72,1
1213.7204,1008.64,22.8,39.52,+61.46,-35.72,1
1213.8554,1008.62,22.8,39.69,+61.46,-35.55,1
1213.9928,1008.66,22.8,39.35,+61.45,-35.90,1
1214.1273,1008.64,22.8,39.52,+61.45,-35.73,1
1214.2619,1008.62,22.8,39.69,+61.45,-35.56,1
1214.3951,1008.43,22.7,41.31,+61.45,-33.94,1
1214.5293,1008.67,22.8,39.26,+61.45,-35.99,1
1214.6631,1008.67,22.8,39.26,+61.45,-35.99,1
1214.7968,1008.44,22.7,41.23,+61.45,-34.03,1
1214.9350,1008.62,22.8,39.69,+61.39,-35.62,1
1215.0708,1008.60,22.8,39.87,+61.39,-35.44,1
1215.2036,1008.65,22.8,39.44,+61.39,-35.87,1
1215.3378,1008.67,22.8,39.26,+61.39,-36.05,1
1215.4722,1008.63,22.8,39.61,+61.39,-35.70,1
1215.6060,1008.60,22.8,39.87,+61.39,-35.44,1
1215.7405,1008.74,22.8,38.66,+61.39,-36.65,1
1215.8752,1008.67,22.8,39.26,+61.39,-36.05,1
1216.0116,1008.63,22.8,39.61,+61.40,-35.69,1
1216.1461,1008.65,22.8,39.44,+61.40,-35.86,1
1216.2799,1008.67,22.8,39.26,+61.40,-36.03,1
1216.4122,1008.63,22.8,39.61,+61.40,-35.69,1
1216.5468,1008.60,22.8,39.87,+61.40,-35.43,1
1216.6822,1008.68,22.8,39.18,+61.40,-36.12,1
1216.8150,1008.64,22.8,39.52,+61.40,-35.78,1
1216.9402,1008.67,22.8,39.26,+61.39,-36.05,1
1217.0735,1008.66,22.8,39.35,+61.39,-35.96,1
1217.2092,1008.67,22.8,39.26,+61.39,-36.05,1
1217.3419,1008.65,22.8,39.44,+61.39,-35.88,1
1217.4765,1008.66,22.8,39.35,+61.39,-35.96,1
1217.6108,1008.68,22.8,39.18,+61.39,-36.13,1
1217.7447,1008.73,22.8,38.75,+61.39,-36.56,1
1217.8798,1008.65,22.8,39.44,+61.39,-35.88,1
1218.0170,1008.72,22.8,38.83,+61.39,-36.48,1
1218.1497,1008.72,22.8,38.83,+61.39,-36.48,1
1218.2858,1008.71,22.8,38.92,+61.39,-36.40,1
1218.4201,1008.71,22.8,38.92,+61.39,-36.40,1
1218.5526,1008.71,22.8,38.92,+61.39,-36.40,1
1218.6872,1008.74,22.8,38.66,+61.39,-36.65,1
1218.8234,1008.65,22.8,39.44,+61.39,-35.88,1
1218.9589,1008.69,22.8,39.09,+61.39,-36.22,1
1219.0936,1008.68,22.8,39.18,+61.39,-36.13,1
1219.2286,1008.74,22.8,38.66,+61.39,-36.65,1
1219.3620,1008.74,22.8,38.66,+61.39,-36.65,1
1219.4961,1008.71,22.8,38.92,+61.39,-36.39,1
1219.6293,1008.72,22.8,38.83,+61.39,-36.48,1
1219.7624,1008.75,22.8,38.58,+61.39,-36.73,1
1219.8984,1008.67,22.8,39.26,+61.39,-36.05,1
1220.0352,1008.76,22.8,38.49,+61.39,-36.82,1
1220.1672,1008.71,22.8,38.92,+61.39,-36.39,1
1220.3009,1008.75,22.8,38.58,+61.39,-36.74,1
1220.4364,1008.73,22.8,38.75,+61.39,-36.56,1
1220.5688,1008.73,22.8,38.75,+61.39,-36.56,1
1220.7023,1008.74,22.8,38.66,+61.39,-36.65,1
1220.8361,1008.74,22.8,38.66,+61.39,-36.65,1
1220.9726,1008.72,22.8,38.83,+61.40,-36.46,1
1221.1073,1008.74,22.8,38.66,+61.40,-36.64,1
1221.2412,1008.71,22.8,38.92,+61.40,-36.38,1
1221.3724,1008.68,22.8,39.18,+61.40,-36.12,1
1221.5071,1008.72,22.8,38.83,+61.40,-36.46,1
1221.6403,1008.73,22.8,38.75,+61.40,-36.55,1
1221.7736,1008.72,22.8,38.83,+61.40,-36.46,1
1221.9071,1008.77,22.8,38.40,+61.40,-36.89,1
1222.0449,1008.76,22.8,38.49,+61.42,-36.79,1
1222.1792,1008.77,22.8,38.40,+61.42,-36.88,1
1222.3118,1008.53,22.7,40.45,+61.42,-34.83,1
1222.4456,1008.75,22.8,38.58,+61.42,-36.71,1
1222.5811,1008.72,22.8,38.83,+61.42,-36.45,1
1222.7137,1008.70,22.7,38.99,+61.42,-36.29,1
1222.8484,1008.71,22.8,38.92,+61.42,-36.36,1
1222.9872,1008.74,22.8,38.66,+61.40,-36.63,1
1223.1212,1008.70,22.8,39.01,+61.40,-36.29,1
1223.2558,1008.76,22.8,38.49,+61.40,-36.81,1
1223.3889,1008.77,22.8,38.40,+61.40,-36.89,1
1223.5218,1008.80,22.8,38.15,+61.40,-37.15,1
1223.6572,1008.79,22.8,38.23,+61.40,-37.06,1
1223.7916,1008.73,22.7,38.73,+61.40,-36.56,1
1223.9267,1008.71,22.7,38.91,+61.40,-36.40,1
1224.0592,1008.83,22.8,37.89,+61.40,-37.41,1
1224.1939,1008.75,22.8,38.58,+61.40,-36.73,1
1224.3263,1008.76,22.8,38.49,+61.40,-36.81,1
1224.4629,1008.77,22.8,38.40,+61.40,-36.90,1
1224.5950,1008.76,22.8,38.49,+61.40,-36.81,1
1224.7280,1008.76,22.8,38.49,+61.40,-36.81,1
1224.8629,1008.85,22.8,37.72,+61.40,-37.59,1
1225.0003,1008.76,22.8,38.49,+61.41,-36.80,1
1225.1329,1008.78,22.8,38.32,+61.41,-36.98,1
1225.2684,1008.80,22.8,38.15,+61.41,-37.15,1
1225.4025,1008.81,22.8,38.06,+61.41,-37.23,1
1225.5347,1008.76,22.8,38.49,+61.41,-36.80,1
1225.6689,1008.84,22.8,37.80,+61.41,-37.49,1
1225.8049,1008.84,22.8,37.80,+61.41,-37.49,1
1225.9396,1008.80,22.8,38.15,+61.40,-37.16,1
1226.0724,1008.76,22.8,38.49,+61.40,-36.81,1
1226.2073,1008.75,22.8,38.58,+61.40,-36.73,1
1226.3431,1008.76,22.8,38.49,+61.40,-36.81,1
1226.4755,1008.83,22.8,37.89,+61.40,-37.42,1
1226.6095,1008.82,22.8,37.97,+61.40,-37.33,1
1226.7440,1008.80,22.8,38.15,+61.40,-37.16,1
1226.8781,1008.84,22.8,37.80,+61.40,-37.50,1
1227.0139,1008.79,22.8,38.23,+61.38,-37.09,1
1227.1478,1008.86,22.8,37.63,+61.38,-37.69,1
1227.2808,1008.82,22.8,37.97,+61.38,-37.35,1
1227.4150,1008.86,22.8,37.63,+61.38,-37.69,1
1227.5487,1008.86,22.8,37.63,+61.38,-37.69,1
1227.6810,1008.83,22.8,37.89,+61.38,-37.44,1
1227.8159,1008.82,22.8,37.97,+61.38,-37.35,1
1227.9542,1008.81,22.8,38.06,+61.34,-37.30,1
1228.0888,1008.84,22.8,37.80,+61.34,-37.56,1
1228.2239,1008.86,22.8,37.63,+61.34,-37.73,1
1228.3582,1008.82,22.8,37.97,+61.34,-37.38,1
1228.4919,1008.82,22.8,37.97,+61.34,-37.38,1
1228.6262,1008.89,22.8,37.37,+61.34,-37.99,1
1228.7605,1008.89,22.8,37.37,+61.34,-37.99,1
1228.8934,1008.86,22.8,37.63,+61.34,-37.73,1
1229.0185,1008.95,22.8,36.86,+61.31,-38.53,1
1229.1519,1008.90,22.8,37.29,+61.31,-38.10,1
1229.2862,1008.89,22.8,37.37,+61.31,-38.01,1
1229.4184,1008.86,22.8,37.63,+61.31,-37.75,1
1229.5549,1008.80,22.8,38.15,+61.31,-37.24,1
1229.6891,1008.88,22.8,37.46,+61.31,-37.93,1
1229.8226,1008.89,22.8,37.37,+61.31,-38.01,1
1229.9612,1008.87,22.8,37.54,+61.30,-37.86,1
1230.0968,1008.86,22.8,37.63,+61.30,-37.77,1
1230.2298,1008.84,22.8,37.80,+61.30,-37.60,1
1230.3640,1008.83,22.8,37.89,+61.30,-37.51,1
1230.4986,1008.85,22.8,37.72,+61.30,-37.69,1
1230.6338,1008.84,22.7,37.79,+61.30,-37.61,1
1230.7685,1008.89,22.8,37.37,+61.30,-38.03,1
1230.9048,1008.87,22.7,37.53,+61.30,-37.87,1
1231.0404,1008.85,22.7,37.70,+61.25,-37.75,1
1231.1750,1008.90,22.7,37.27,+61.25,-38.17,1
1231.3091,1008.82,22.7,37.96,+61.25,-37.49,1
1231.4419,1008.88,22.8,37.46,+61.25,-37.99,1
1231.5762,1008.94,22.8,36.94,+61.25,-38.51,1
1231.7119,1008.93,22.8,37.03,+61.25,-38.42,1
1231.8448,1008.98,22.8,36.60,+61.25,-38.85,1
1231.9813,1008.91,22.8,37.20,+61.23,-38.27,1
1232.1150,1008.95,22.8,36.86,+61.23,-38.62,1
1232.2488,1008.88,22.8,37.46,+61.23,-38.02,1
1232.3831,1008.90,22.8,37.29,+61.23,-38.19,1
1232.5173,1008.94,22.8,36.94,+61.23,-38.53,1
1232.6487,1008.94,22.8,36.94,+61.23,-38.53,1
1232.7853,1008.88,22.8,37.46,+61.23,-38.02,1
1232.9217,1008.94,22.8,36.94,+61.16,-38.60,1
1233.0537,1008.93,22.8,37.03,+61.16,-38.51,1
1233.1877,1008.92,22.8,37.11,+61.16,-38.42,1
1233.3223,1008.94,22.8,36.94,+61.16,-38.60,1
1233.4569,1008.97,22.8,36.68,+61.16,-38.85,1
1233.5922,1008.97,22.8,36.68,+61.16,-38.85,1
1233.7257,1008.93,22.8,37.03,+61.16,-38.51,1
1233.8590,1008.93,22.8,37.03,+61.16,-38.51,1
1233.9945,1008.89,22.8,37.37,+61.09,-38.24,1
1234.1275,1008.94,22.8,36.94,+61.09,-38.67,1
1234.2593,1008.99,22.8,36.51,+61.09,-39.10,1
1234.3937,1008.99,22.8,36.51,+61.09,-39.10,1
1234.5268,1008.96,22.8,36.77,+61.09,-38.84,1
1234.6609,1009.02,22.8,36.26,+61.09,-39.35,1
1234.7933,1008.98,22.8,36.60,+61.09,-39.01,1
1234.9297,1008.95,22.8,36.86,+61.03,-38.81,1
1235.0639,1008.96,22.8,36.77,+61.03,-38.90,1
1235.1966,1008.95,22.8,36.86,+61.03,-38.81,1
1235.3301,1009.00,22.8,36.43,+61.03,-39.24,1
1235.4647,1008.96,22.8,36.77,+61.03,-38.90,1
1235.5961,1008.94,22.8,36.94,+61.03,-38.73,1
1235.7296,1008.99,22.8,36.51,+61.03,-39.15,1
1235.8635,1008.97,22.8,36.68,+61.03,-38.98,1
1236.0007,1009.01,22.8,36.34,+60.97,-39.38,1
1236.1328,1009.00,22.8,36.43,+60.97,-39.30,1
1236.2663,1008.97,22.8,36.68,+60.97,-39.04,1
1236.3994,1009.04,22.8,36.08,+60.97,-39.64,1
1236.5327,1008.94,22.8,36.94,+60.97,-38.78,1
1236.6670,1009.01,22.8,36.34,+60.97,-39.38,1
1236.8021,1009.05,22.8,36.00,+60.97,-39.73,1
1236.9391,1009.02,22.8,36.26,+60.95,-39.50,1
1237.0737,1009.05,22.8,36.00,+60.95,-39.75,1
1237.2078,1009.05,22.8,36.00,+60.95,-39.75,1
1237.3394,1009.07,22.8,35.83,+60.95,-39.93,1
1237.4729,1009.00,22.8,36.43,+60.95,-39.32,1
1237.6083,1009.03,22.8,36.17,+60.95,-39.58,1
1237.7400,1009.06,22.8,35.91,+60.95,-39.84,1
1237.8739,1009.06,22.7,35.90,+60.95,-39.85,1
1238.0094,1009.06,22.7,35.90,+60.93,-39.87,1
1238.1439,1008.99,22.7,36.50,+60.93,-39.27,1
1238.2757,1009.07,22.7,35.81,+60.93,-39.96,1
1238.4090,1009.05,22.7,35.99,+60.93,-39.79,1
1238.5426,1009.02,22.7,36.24,+60.93,-39.53,1
1238.6753,1009.05,22.8,36.00,+60.93,-39.77,1
1238.8095,1009.00,22.7,36.41,+60.93,-39.36,1
1238.9471,1009.09,22.8,35.65,+60.90,-40.14,1
1239.0792,1009.00,22.7,36.41,+60.90,-39.38,1
1239.2150,1009.00,22.7,36.41,+60.90,-39.38,1
1239.3482,1009.04,22.7,36.07,+60.90,-39.73,1
1239.4800,1009.05,22.7,35.99,+60.90,-39.81,1
1239.6132,1009.06,22.8,35.91,+60.90,-39.88,1
1239.7476,1009.02,22.7,36.24,+60.90,-39.55,1
1239.8796,1009.05,22.8,36.00,+60.90,-39.80,1
1240.0173,1009.11,22.8,35.48,+60.89,-40.32,1
1240.1516,1009.02,22.8,36.26,+60.89,-39.55,1
1240.2849,1009.02,22.8,36.26,+60.89,-39.55,1
1240.4198,1009.04,22.8,36.08,+60.89,-39.72,1
1240.5542,1009.12,22.8,35.40,+60.89,-40.41,1
1240.6860,1009.02,22.8,36.26,+60.89,-39.55,1
1240.8210,1009.10,22.8,35.57,+60.89,-40.24,1
1240.9583,1009.11,22.8,35.48,+60.91,-40.31,1
1241.0905,1009.11,22.8,35.48,+60.91,-40.31,1
1241.2259,1009.10,22.8,35.57,+60.91,-40.22,1
1241.3608,1009.11,22.8,35.48,+60.91,-40.31,1
1241.4946,1009.11,22.8,35.48,+60.91,-40.31,1
1241.6276,1009.10,22.8,35.57,+60.91,-40.22,1
1241.7614,1009.12,22.8,35.40,+60.91,-40.40,1
1241.8977,1009.10,22.8,35.57,+60.91,-40.22,1
1242.0330,1009.18,22.8,34.88,+60.91,-40.90,1
1242.1678,1009.09,22.8,35.65,+60.91,-40.13,1
1242.3026,1009.09,22.8,35.65,+60.91,-40.13,1
1242.4364,1009.11,22.8,35.48,+60.91,-40.30,1
1242.5706,1009.16,22.8,35.05,+60.91,-40.73,1
1242.7048,1009.12,22.8,35.40,+60.91,-40.39,1
1242.8372,1009.09,22.8,35.65,+60.91,-40.13,1
1242.9738,1009.08,22.8,35.74,+60.92,-40.04,1
1243.1080,1009.11,22.8,35.48,+60.92,-40.30,1
1243.2413,1009.12,22.8,35.40,+60.92,-40.38,1
1243.3748,1009.12,22.8,35.40,+60.92,-40.38,1
1243.5103,1009.14,22.8,35.22,+60.92,-40.55,1
1243.6426,1009.07,22.7,35.81,+60.92,-39.96,1
1243.7769,1009.08,22.7,35.73,+60.92,-40.05,1
1243.9106,1009.14,22.7,35.21,+60.92,-40.57,1
1244.0484,1009.14,22.7,35.21,+60.94,-40.55,1
1244.1814,1009.11,22.7,35.47,+60.94,-40.29,1
1244.3157,1009.19,22.8,34.79,+60.94,-40.96,1
1244.4501,1009.17,22.8,34.97,+60.94,-40.79,1
1244.5840,1009.15,22.7,35.13,+60.94,-40.63,1
1244.7181,1009.18,22.7,34.87,+60.94,-40.89,1
1244.8534,1009.11,22.7,35.47,+60.94,-40.29,1
1244.9889,1009.16,22.7,35.04,+60.95,-40.71,1
1245.1239,1009.13,22.7,35.30,+60.95,-40.45,1
1245.2584,1009.16,22.7,35.04,+60.95,-40.71,1
1245.3906,1009.14,22.7,35.21,+60.95,-40.53,1
1245.5253,1009.19,22.7,34.78,+60.95,-40.96,1
1245.6609,1009.16,22.7,35.04,+60.95,-40.71,1
1245.7943,1009.15,22.7,35.13,+60.95,-40.62,1
1245.9315,1009.13,22.7,35.30,+60.97,-40.43,1
1246.0658,1009.21,22.7,34.61,+60.97,-41.12,1
1246.1999,1009.16,22.7,35.04,+60.97,-40.69,1
1246.3340,1009.18,22.7,34.87,+60.97,-40.86,1
1246.4684,1009.18,22.7,34.87,+60.97,-40.86,1
1246.6008,1009.22,22.7,34.53,+60.97,-41.21,1
1246.7349,1009.25,22.7,34.27,+60.97,-41.46,1
1246.8692,1009.19,22.7,34.78,+60.97,-40.95,1
1247.0053,1009.19,22.7,34.78,+61.00,-40.92,1
1247.1388,1009.20,22.7,34.70,+61.00,-41.00,1
1247.2728,1009.23,22.7,34.44,+61.00,-41.26,1
1247.4039,1009.20,22.7,34.70,+61.00,-41.00,1
1247.5378,1009.24,22.7,34.35,+61.00,-41.35,1
1247.6728,1009.32,22.7,33.67,+61.00,-42.03,1
1247.8072,1009.21,22.7,34.61,+61.00,-41.09,1
1247.9443,1009.26,22.7,34.18,+61.03,-41.49,1
1248.0766,1009.26,22.7,34.18,+61.03,-41.49,1
1248.2095,1009.29,22.7,33.92,+61.03,-41.74,1
1248.3437,1009.22,22.7,34.53,+61.03,-41.14,1
1248.4765,1009.25,22.7,34.27,+61.03,-41.40,1
1248.6095,1009.18,22.7,34.87,+61.03,-40.80,1
1248.7422,1009.22,22.7,34.53,+61.03,-41.14,1
1248.8758,1009.22,22.7,34.53,+61.03,-41.14,1
1249.0111,1009.24,22.7,34.35,+61.07,-41.28,1
1249.1433,1009.28,22.7,34.01,+61.07,-41.62,1
1249.2777,1009.24,22.7,34.35,+61.07,-41.28,1
1249.4117,1009.19,22.7,34.78,+61.07,-40.85,1
1249.5427,1009.22,22.7,34.53,+61.07,-41.10,1
1249.6784,1009.24,22.7,34.35,+61.07,-41.28,1
1249.8125,1009.28,22.7,34.01,+61.07,-41.62,1
1249.9482,1009.27,22.7,34.10,+61.12,-41.48,1
1250.0809,1009.30,22.7,33.84,+61.12,-41.74,1
1250.2157,1009.28,22.7,34.01,+61.12,-41.57,1
1250.3497,1009.30,22.7,33.84,+61.12,-41.74,1
1250.4832,1009.30,22.7,33.84,+61.12,-41.74,1
1250.6159,1009.35,22.7,33.41,+61.12,-42.17,1
1250.7502,1009.33,22.7,33.58,+61.12,-41.99,1
1250.8833,1009.37,22.7,33.24,+61.12,-42.34,1
1251.0204,1009.33,22.7,33.58,+61.19,-41.92,1
1251.1542,1009.31,22.7,33.75,+61.19,-41.75,1
1251.2863,1009.34,22.7,33.49,+61.19,-42.01,1
1251.4200,1009.33,22.7,33.58,+61.19,-41.92,1
1251.5557,1009.34,22.7,33.49,+61.19,-42.01,1
1251.6895,1009.30,22.7,33.84,+61.19,-41.67,1
1251.8229,1009.32,22.7,33.67,+61.19,-41.84,1
1251.9600,1009.37,22.7,33.24,+61.24,-42.22,1
1252.0962,1009.29,22.7,33.92,+61.24,-41.53,1
1252.2287,1009.30,22.7,33.84,+61.24,-41.62,1
1252.3627,1009.29,22.7,33.92,+61.24,-41.53,1
1252.4968,1009.34,22.7,33.49,+61.24,-41.96,1
1252.6300,1009.35,22.7,33.41,+61.24,-42.05,1
1252.7640,1009.37,22.7,33.24,+61.24,-42.22,1
1252.8994,1009.37,22.7,33.24,+61.24,-42.22,1
1253.0348,1009.30,22.7,33.84,+61.31,-41.55,1
1253.1691,1009.32,22.7,33.67,+61.31,-41.73,1
1253.3033,1009.34,22.7,33.49,+61.31,-41.90,1
1253.4348,1009.33,22.7,33.58,+61.31,-41.81,1
1253.5677,1009.36,22.7,33.32,+61.31,-42.07,1
1253.7030,1009.30,22.7,33.84,+61.31,-41.55,1
1253.8357,1009.27,22.7,34.10,+61.31,-41.30,1
1253.9731,1009.39,22.7,33.07,+61.34,-42.29,1
1254.1060,1009.29,22.7,33.92,+61.34,-41.43,1
1254.2408,1009.44,22.7,32.64,+61.34,-42.72,1
1254.3748,1009.34,22.7,33.49,+61.34,-41.86,1
1254.5075,1009.36,22.7,33.32,+61.34,-42.03,1
1254.6385,1009.42,22.7,32.81,+61.34,-42.55,1
1254.7722,1009.42,22.7,32.81,+61.34,-42.55,1
1254.9050,1009.38,22.7,33.15,+61.34,-42.21,1
1255.0419,1009.39,22.7,33.07,+61.42,-42.22,1
1255.1739,1009.36,22.7,33.32,+61.42,-41.96,1
1255.3069,1009.38,22.7,33.15,+61.42,-42.13,1
1255.4395,1009.35,22.7,33.41,+61.42,-41.88,1
1255.5708,1009.39,22.7,33.07,+61.42,-42.22,1
1255.7040,1009.40,22.7,32.98,+61.42,-42.30,1
1255.8398,1009.44,22.7,32.64,+61.42,-42.65,1
1255.9759,1009.45,22.7,32.55,+61.49,-42.65,1
1256.1098,1009.37,22.7,33.24,+61.49,-41.97,1
1256.2434,1009.36,22.7,33.32,+61.49,-41.88,1
1256.3756,1009.46,22.8,32.48,+61.49,-42.73,1
1256.5086,1009.39,22.7,33.07,+61.49,-42.14,1
1256.6414,1009.38,22.8,33.16,+61.49,-42.04,1
1256.7730,1009.43,22.8,32.73,+61.49,-42.47,1
1256.9070,1009.40,22.8,32.99,+61.49,-42.21,1
1257.0450,1009.42,22.8,32.82,+61.56,-42.32,1
1257.1767,1009.40,22.8,32.99,+61.56,-42.15,1
1257.3112,1009.39,22.8,33.08,+61.56,-42.06,1
1257.4465,1009.38,22.8,33.16,+61.56,-41.98,1
1257.5807,1009.42,22.8,32.82,+61.56,-42.32,1
1257.7135,1009.45,22.8,32.56,+61.56,-42.58,1
1257.8484,1009.44,22.8,32.65,+61.56,-42.49,1
1257.9736,1009.43,22.8,32.73,+61.65,-42.32,1
1258.1058,1009.43,22.8,32.73,+61.65,-42.32,1
1258.2385,1009.40,22.8,32.99,+61.65,-42.06,1
1258.3724,1009.45,22.8,32.56,+61.65,-42.49,1
1258.5080,1009.42,22.8,32.82,+61.65,-42.24,1
1258.6402,1009.41,22.8,32.91,+61.65,-42.15,1
1258.7743,1009.47,22.8,32.39,+61.65,-42.67,1
1258.9090,1009.44,22.8,32.65,+61.65,-42.41,1
1259.0459,1009.49,22.8,32.22,+61.73,-42.76,1
1259.1790,1009.45,22.8,32.56,+61.73,-42.41,1
1259.3131,1009.43,22.8,32.73,+61.73,-42.24,1
1259.4459,1009.46,22.9,32.49,+61.73,-42.49,1
1259.5800,1009.47,22.9,32.40,+61.73,-42.57,1
1259.7145,1009.43,22.9,32.74,+61.73,-42.23,1
1259.8478,1009.39,22.8,33.08,+61.73,-41.90,1
1259.9850,1009.44,22.9,32.66,+61.79,-42.25,1
1260.1203,1009.50,22.9,32.14,+61.79,-42.76,1
1260.2518,1009.43,22.9,32.74,+61.79,-42.16,1
1260.3859,1009.47,22.9,32.40,+61.79,-42.51,1
1260.5202,1009.49,22.9,32.23,+61.79,-42.68,1
1260.6554,1009.45,22.9,32.57,+61.79,-42.34,1
1260.7881,1009.47,22.9,32.40,+61.79,-42.51,1
1260.9254,1009.48,22.9,32.31,+61.88,-42.51,1
1261.0596,1009.50,22.9,32.14,+61.88,-42.68,1
1261.1936,1009.51,22.9,32.06,+61.88,-42.77,1
1261.3277,1009.51,22.9,32.06,+61.88,-42.77,1
1261.4620,1009.51,22.9,32.06,+61.88,-42.77,1
1261.5940,1009.50,22.9,32.14,+61.88,-42.68,1
1261.7284,1009.52,22.9,31.97,+61.88,-42.85,1
1261.8623,1009.48,22.9,32.31,+61.88,-42.51,1
1261.9980,1009.55,22.9,31.71,+61.96,-43.03,1
1262.1307,1009.52,22.9,31.97,+61.96,-42.77,1
1262.2646,1009.49,22.9,32.23,+61.96,-42.51,1
1262.3984,1009.55,22.9,31.71,+61.96,-43.03,1
1262.5305,1009.56,22.9,31.63,+61.96,-43.11,1
1262.6643,1009.55,22.9,31.71,+61.96,-43.03,1
1262.8009,1009.52,22.9,31.97,+61.96,-42.77,1
1262.9362,1009.57,22.9,31.54,+62.05,-43.11,1
1263.0707,1009.57,22.9,31.54,+62.05,-43.11,1
1263.2053,1009.55,22.9,31.71,+62.05,-42.94,1
1263.3380,1009.53,22.9,31.89,+62.05,-42.76,1
1263.4709,1009.52,22.9,31.97,+62.05,-42.68,1
1263.6036,1009.56,22.9,31.63,+62.05,-43.02,1
1263.7360,1009.62,22.9,31.11,+62.05,-43.54,1
1263.8730,1009.57,22.9,31.54,+62.05,-43.11,1
1264.0100,1009.52,22.9,31.97,+62.15,-42.58,1
1264.1425,1009.56,22.9,31.63,+62.15,-42.93,1
1264.2760,1009.53,22.9,31.89,+62.15,-42.67,1
1264.4105,1009.54,22.9,31.80,+62.15,-42.75,1
1264.5437,1009.54,22.9,31.80,+62.15,-42.75,1
1264.6766,1009.53,22.9,31.89,+62.15,-42.67,1
1264.8119,1009.59,22.9,31.37,+62.15,-43.18,1
1264.9506,1009.56,22.9,31.63,+62.24,-42.83,1
1265.0819,1009.51,22.9,32.06,+62.24,-42.40,1
1265.2167,1009.58,22.9,31.46,+62.24,-43.00,1
1265.3509,1009.58,22.9,31.46,+62.24,-43.00,1
1265.4844,1009.64,22.9,30.94,+62.24,-43.52,1
1265.6183,1009.62,22.9,31.11,+62.24,-43.34,1
1265.7529,1009.71,22.9,30.34,+62.24,-44.12,1
1265.8859,1009.61,22.9,31.20,+62.24,-43.26,1
1266.0229,1009.61,22.9,31.20,+62.34,-43.16,1
1266.1569,1009.57,22.9,31.54,+62.34,-42.82,1
1266.2891,1009.64,22.9,30.94,+62.34,-43.42,1
1266.4233,1009.63,22.9,31.03,+62.34,-43.33,1
1266.5586,1009.61,22.9,31.20,+62.34,-43.16,1
1266.6902,1009.58,22.9,31.46,+62.34,-42.90,1
1266.8256,1009.66,23.0,30.78,+62.34,-43.58,1
1266.9632,1009.62,22.9,31.11,+62.44,-43.15,1
1267.0982,1009.67,23.0,30.69,+62.44,-43.57,1
1267.2352,1009.61,22.9,31.20,+62.44,-43.06,1
1267.3694,1009.63,22.9,31.03,+62.44,-43.24,1
1267.5021,1009.64,22.9,30.94,+62.44,-43.32,1
1267.6374,1009.63,22.9,31.03,+62.44,-43.24,1
1267.7718,1009.67,22.9,30.68,+62.44,-43.58,1
1267.9050,1009.64,23.0,30.95,+62.44,-43.31,1
1268.0433,1009.66,23.0,30.78,+62.52,-43.40,1
1268.1791,1009.63,23.0,31.04,+62.52,-43.14,1
1268.3118,1009.61,23.0,31.21,+62.52,-42.97,1
1268.4469,1009.64,23.0,30.95,+62.52,-43.23,1
1268.5812,1009.66,23.0,30.78,+62.52,-43.40,1
1268.7144,1009.68,22.9,30.60,+62.52,-43.58,1
1268.8501,1009.67,22.9,30.68,+62.52,-43.50,1
1268.9879,1009.61,22.9,31.20,+62.61,-42.89,1
1269.1209,1009.68,22.9,30.60,+62.61,-43.49,1
1269.2566,1009.65,22.9,30.85,+62.61,-43.23,1
1269.3908,1009.68,22.9,30.60,+62.61,-43.49,1
1269.5230,1009.71,22.9,30.34,+62.61,-43.75,1
1269.6570,1009.70,22.9,30.43,+62.61,-43.66,1
1269.7941,1009.69,22.9,30.51,+62.61,-43.57,1
1269.9290,1009.69,22.9,30.51,+62.71,-43.48,1
1270.0619,1009.71,22.9,30.34,+62.71,-43.65,1
1270.1968,1009.68,22.9,30.60,+62.71,-43.40,1
1270.3335,1009.74,22.9,30.08,+62.71,-43.91,1
1270.4657,1009.67,22.9,30.68,+62.71,-43.31,1
1270.5998,1009.75,22.9,30.00,+62.71,-44.00,1
1270.7343,1009.75,22.9,30.00,+62.71,-44.00,1
1270.8684,1009.76,23.0,29.92,+62.71,-44.07,1
1271.0059,1009.73,23.0,30.18,+62.82,-43.70,1
1271.1417,1009.72,23.0,30.26,+62.82,-43.62,1
1271.2746,1009.73,23.0,30.18,+62.82,-43.70,1
1271.4100,1009.74,23.0,30.09,+62.82,-43.79,1
1271.5443,1009.73,22.9,30.17,+62.82,-43.71,1
1271.6770,1009.79,23.0,29.66,+62.82,-44.22,1
1271.8111,1009.82,23.0,29.40,+62.82,-44.48,1
1271.9492,1009.74,23.0,30.09,+62.95,-43.66,1
1272.0819,1009.76,23.0,29.92,+62.95,-43.83,1
1272.2168,1009.79,22.9,29.65,+62.95,-44.10,1
1272.3516,1009.81,22.9,29.48,+62.95,-44.27,1
1272.4854,1009.79,22.9,29.65,+62.95,-44.10,1
1272.6196,1009.77,22.9,29.82,+62.95,-43.93,1
1272.7542,1009.68,22.9,30.60,+62.95,-43.15,1
1272.8876,1009.81,22.9,29.48,+62.95,-44.27,1
1273.0244,1009.79,22.9,29.65,+63.07,-43.98,1
1273.1587,1009.79,22.9,29.65,+63.07,-43.98,1
1273.2914,1009.80,22.9,29.57,+63.07,-44.06,1
1273.4262,1009.77,22.9,29.82,+63.07,-43.81,1
1273.5616,1009.80,22.9,29.57,+63.07,-44.06,1
1273.6948,1009.72,22.9,30.25,+63.07,-43.38,1
1273.8301,1009.77,22.9,29.82,+63.07,-43.81,1
1273.9689,1009.74,22.9,30.08,+63.17,-43.45,1
1274.1027,1009.85,22.9,29.14,+63.17,-44.39,1
1274.2374,1009.76,22.9,29.91,+63.17,-43.62,1
1274.3715,1009.78,22.9,29.74,+63.17,-43.79,1
1274.5043,1009.78,22.9,29.74,+63.17,-43.79,1
1274.6395,1009.75,22.9,30.00,+63.17,-43.53,1
1274.7733,1009.76,22.9,29.91,+63.17,-43.62,1
1274.9063,1009.77,22.9,29.82,+63.17,-43.71,1
1275.0440,1009.79,22.9,29.65,+63.27,-43.78,1
1275.1793,1009.87,22.9,28.97,+63.27,-44.47,1
1275.3116,1009.74,22.9,30.08,+63.27,-43.35,1
1275.4461,1009.75,22.9,30.00,+63.27,-43.44,1
1275.5802,1009.84,22.9,29.22,+63.27,-44.21,1
1275.7135,1009.84,22.9,29.22,+63.27,-44.21,1
1275.8488,1009.85,22.9,29.14,+63.27,-44.30,1
1275.9872,1009.83,22.9,29.31,+63.38,-44.01,1
1276.1203,1009.80,22.9,29.57,+63.38,-43.76,1
1276.2548,1009.83,22.9,29.31,+63.38,-44.01,1
1276.3884,1009.81,22.9,29.48,+63.38,-43.84,1
1276.5204,1009.83,22.9,29.31,+63.38,-44.01,1
1276.6544,1009.76,22.9,29.91,+63.38,-43.41,1
1276.7923,1009.78,22.9,29.74,+63.38,-43.58,1
1276.9283,1009.88,22.9,28.88,+63.46,-44.36,1
1277.0628,1009.86,22.9,29.05,+63.46,-44.19,1
1277.1977,1009.84,22.9,29.22,+63.46,-44.02,1
1277.3317,1009.87,22.9,28.97,+63.46,-44.27,1
1277.4659,1009.85,22.9,29.14,+63.46,-44.10,1
1277.6002,1009.85,22.9,29.14,+63.46,-44.10,1
1277.7327,1009.86,22.9,29.05,+63.46,-44.19,1
1277.8688,1009.83,22.9,29.31,+63.46,-43.93,1
1278.0072,1009.79,22.9,29.65,+63.55,-43.50,1
1278.1398,1009.87,22.9,28.97,+63.55,-44.19,1
1278.2747,1009.86,22.9,29.05,+63.55,-44.10,1
1278.4101,1009.91,22.9,28.62,+63.55,-44.53,1
1278.5425,1009.88,22.9,28.88,+63.55,-44.27,1
1278.6770,1009.85,22.9,29.14,+63.55,-44.01,1
1278.8125,1009.84,22.9,29.22,+63.55,-43.93,1
1278.9493,1009.84,22.9,29.22,+63.64,-43.84,1
1279.0826,1009.86,22.9,29.05,+63.64,-44.01,1
1279.2175,1009.89,22.9,28.79,+63.64,-44.27,1
1279.3499,1009.86,22.9,29.05,+63.64,-44.01,1
1279.4859,1009.89,22.9,28.79,+63.64,-44.27,1
1279.6200,1009.82,22.9,29.39,+63.64,-43.67,1
1279.7527,1009.88,22.9,28.88,+63.64,-44.18,1
1279.8879,1009.92,22.9,28.54,+63.64,-44.52,1
1280.0251,1009.87,22.9,28.97,+63.74,-43.99,1
1280.1577,1009.89,22.9,28.79,+63.74,-44.16,1
1280.2921,1009.89,22.9,28.79,+63.74,-44.16,1
1280.4267,1009.86,22.9,29.05,+63.74,-43.91,1
1280.5602,1009.95,22.9,28.28,+63.74,-44.68,1
1280.6944,1009.97,22.9,28.11,+63.74,-44.85,1
1280.8297,1009.93,22.9,28.45,+63.74,-44.51,1
1280.9662,1009.90,22.9,28.71,+63.84,-44.15,1
1281.1009,1009.91,22.9,28.62,+63.84,-44.24,1
1281.2352,1009.96,22.9,28.19,+63.84,-44.67,1
1281.3677,1009.90,22.9,28.71,+63.84,-44.15,1
1281.5022,1009.89,22.9,28.79,+63.84,-44.07,1
1281.6379,1009.96,22.9,28.19,+63.84,-44.67,1
1281.7695,1009.85,22.8,29.13,+63.84,-43.73,1
1281.9038,1009.91,22.8,28.61,+63.84,-44.25,1
1282.0405,1009.89,22.8,28.78,+63.93,-43.99,1
1282.1745,1009.87,22.9,28.97,+63.93,-43.81,1
1282.3079,1009.96,22.9,28.19,+63.93,-44.58,1
1282.4418,1010.02,22.9,27.68,+63.93,-45.10,1
1282.5734,1009.94,22.9,28.36,+63.93,-44.41,1
1282.7078,1009.98,22.9,28.02,+63.93,-44.75,1
1282.8423,1009.95,22.9,28.28,+63.93,-44.49,1
1282.9789,1009.95,22.9,28.28,+64.02,-44.41,1
1283.1113,1009.93,22.9,28.45,+64.02,-44.23,1
1283.2461,1009.95,22.9,28.28,+64.02,-44.41,1
1283.3795,1009.92,22.9,28.54,+64.02,-44.15,1
1283.5120,1010.02,22.9,27.68,+64.02,-45.01,1
1283.6461,1009.94,22.9,28.36,+64.02,-44.32,1
1283.7824,1010.00,22.9,27.85,+64.02,-44.83,1
1283.9182,1009.89,22.9,28.79,+64.11,-43.79,1
1284.0530,1009.97,22.9,28.11,+64.11,-44.48,1
1284.1868,1009.92,22.9,28.54,+64.11,-44.05,1
1284.3205,1009.96,22.9,28.19,+64.11,-44.39,1
1284.4548,1009.92,22.9,28.54,+64.11,-44.05,1
1284.5890,1010.03,22.9,27.59,+64.11,-44.99,1
1284.7225,1010.01,22.9,27.76,+64.11,-44.82,1
1284.8563,1010.04,22.9,27.51,+64.11,-45.08,1
1284.9923,1010.00,22.9,27.85,+64.21,-44.64,1
1285.1265,1009.97,22.9,28.11,+64.21,-44.38,1
1285.2598,1010.02,22.9,27.68,+64.21,-44.81,1
1285.3939,1010.08,22.9,27.16,+64.21,-45.32,1
1285.5276,1010.04,22.9,27.51,+64.21,-44.98,1
1285.6601,1009.98,22.9,28.02,+64.21,-44.46,1
1285.7955,1009.95,22.9,28.28,+64.21,-44.21,1
1285.9343,1009.99,22.9,27.93,+64.29,-44.47,1
1286.0672,1010.02,22.9,27.68,+64.29,-44.73,1
1286.2021,1009.99,22.9,27.93,+64.29,-44.47,1
1286.3364,1010.01,22.9,27.76,+64.29,-44.65,1
1286.4700,1009.96,22.9,28.19,+64.29,-44.22,1
1286.6042,1010.04,22.9,27.51,+64.29,-44.90,1
1286.7388,1010.02,22.9,27.68,+64.29,-44.73,1
1286.8717,1010.04,22.9,27.51,+64.29,-44.90,1
1287.0099,1010.02,22.9,27.68,+64.38,-44.64,1
1287.1440,1009.99,22.9,27.93,+64.38,-44.38,1
1287.2764,1010.04,22.9,27.51,+64.38,-44.81,1
1287.4105,1010.03,22.9,27.59,+64.38,-44.73,1
1287.5465,1010.05,22.9,27.42,+64.38,-44.90,1
1287.6782,1010.03,22.9,27.59,+64.38,-44.73,1
1287.8124,1010.00,22.9,27.85,+64.38,-44.47,1
1287.9489,1010.01,22.9,27.76,+64.45,-44.48,1
1288.0835,1009.99,22.9,27.93,+64.45,-44.31,1
1288.2182,1010.07,22.9,27.25,+64.45,-45.00,1
1288.3526,1010.06,22.9,27.33,+64.45,-44.91,1
1288.4874,1009.99,22.9,27.93,+64.45,-44.31,1
1288.6229,1009.98,22.9,28.02,+64.45,-44.22,1
1288.7590,1010.09,22.9,27.08,+64.45,-45.17,1
1288.8938,1010.09,22.9,27.08,+64.45,-45.17,1
1289.0289,1010.06,23.0,27.34,+64.54,-44.82,1
1289.1632,1010.05,23.0,27.43,+64.54,-44.73,1
1289.2975,1010.07,23.0,27.26,+64.54,-44.91,1
1289.4304,1010.09,22.9,27.08,+64.54,-45.09,1
1289.5646,1010.10,22.9,26.99,+64.54,-45.17,1
1289.7001,1010.03,22.9,27.59,+64.54,-44.57,1
1289.8333,1010.01,22.9,27.76,+64.54,-44.40,1
1289.9697,1010.04,22.9,27.51,+64.59,-44.61,1
1290.1039,1010.07,22.9,27.25,+64.59,-44.86,1
1290.2381,1010.09,22.9,27.08,+64.59,-45.04,1
1290.3713,1010.10,22.9,26.99,+64.59,-45.12,1
1290.5055,1010.02,22.9,27.68,+64.59,-44.43,1
1290.6378,1010.11,22.9,26.90,+64.59,-45.21,1
1290.7738,1010.09,22.9,27.08,+64.59,-45.04,1
1290.9086,1010.07,23.0,27.26,+64.59,-44.85,1
1291.0437,1010.11,22.9,26.90,+64.65,-45.15,1
1291.1775,1009.97,22.9,28.11,+64.65,-43.94,1
1291.3116,1010.13,23.0,26.74,+64.65,-45.31,1
1291.4453,1010.15,23.0,26.57,+64.65,-45.48,1
1291.5771,1010.12,23.0,26.83,+64.65,-45.22,1
1291.7106,1010.12,23.0,26.83,+64.65,-45.22,1
1291.8468,1010.08,23.0,27.17,+64.65,-44.88,1
1291.9813,1010.09,23.0,27.09,+64.70,-44.91,1
1292.1160,1010.08,23.0,27.17,+64.70,-44.83,1
1292.2502,1010.22,23.0,25.97,+64.70,-46.03,1
1292.3837,1010.09,23.0,27.09,+64.70,-44.91,1
1292.5178,1010.09,23.0,27.09,+64.70,-44.91,1
1292.6520,1010.12,23.0,26.83,+64.70,-45.17,1
1292.7847,1010.13,23.0,26.74,+64.70,-45.25,1
1292.9245,1010.14,23.0,26.66,+64.76,-45.28,1
1293.0571,1010.09,23.0,27.09,+64.76,-44.85,1
1293.1902,1010.15,23.0,26.57,+64.76,-45.37,1
1293.3245,1010.08,23.0,27.17,+64.76,-44.77,1
1293.4599,1010.13,23.0,26.74,+64.76,-45.20,1
1293.5921,1010.11,23.0,26.91,+64.76,-45.02,1
1293.7283,1010.09,23.0,27.09,+64.76,-44.85,1
1293.8629,1010.09,23.0,27.09,+64.76,-44.85,1
1293.9992,1010.14,23.0,26.66,+64.81,-45.24,1
1294.1338,1010.13,23.0,26.74,+64.81,-45.15,1
1294.2683,1010.08,23.0,27.17,+64.81,-44.72,1
1294.4010,1010.12,23.0,26.83,+64.81,-45.06,1
1294.5356,1010.12,23.0,26.83,+64.81,-45.06,1
1294.6692,1010.15,23.0,26.57,+64.81,-45.32,1
1294.8010,1010.16,23.0,26.48,+64.81,-45.41,1
1294.9381,1010.17,23.0,26.40,+64.87,-45.43,1
1295.0730,1010.17,23.0,26.40,+64.87,-45.43,1
1295.2046,1010.15,23.0,26.57,+64.87,-45.26,1
1295.3378,1010.14,23.0,26.66,+64.87,-45.17,1
1295.4713,1010.17,23.0,26.40,+64.87,-45.43,1
1295.6037,1010.16,23.0,26.48,+64.87,-45.35,1
1295.7368,1010.16,23.0,26.48,+64.87,-45.35,1
1295.8707,1010.18,23.0,26.31,+64.87,-45.52,1
1296.0049,1010.20,23.0,26.14,+64.93,-45.63,1
1296.1409,1010.18,23.0,26.31,+64.93,-45.45,1
1296.2742,1010.19,23.0,26.23,+64.93,-45.54,1
1296.4073,1010.24,23.0,25.80,+64.93,-45.97,1
1296.5399,1010.21,23.0,26.06,+64.93,-45.71,1
1296.6742,1010.20,23.0,26.14,+64.93,-45.63,1
1296.8089,1010.18,23.0,26.31,+64.93,-45.45,1
1296.9434,1010.20,23.0,26.14,+64.99,-45.57,1
1297.0769,1010.27,23.0,25.54,+64.99,-46.17,1
1297.2117,1010.18,23.0,26.31,+64.99,-45.40,1
1297.3431,1010.18,23.0,26.31,+64.99,-45.40,1
1297.4769,1010.18,23.0,26.31,+64.99,-45.40,1
1297.6099,1010.16,23.0,26.48,+64.99,-45.22,1
1297.7443,1010.18,23.0,26.31,+64.99,-45.40,1
1297.8775,1010.21,23.0,26.06,+64.99,-45.65,1
1298.0137,1010.15,23.0,26.57,+65.05,-45.08,1
1298.1472,1010.24,23.0,25.80,+65.05,-45.85,1
1298.2804,1010.21,23.0,26.06,+65.05,-45.60,1
1298.4134,1010.29,23.0,25.37,+65.05,-46.28,1
1298.5463,1010.25,23.0,25.71,+65.05,-45.94,1
1298.6781,1010.25,23.0,25.71,+65.05,-45.94,1
1298.8121,1010.25,23.0,25.71,+65.05,-45.94,1
1298.9489,1010.28,23.0,25.45,+65.10,-46.14,1
1299.0805,1010.25,22.9,25.70,+65.10,-45.90,1
1299.2148,1010.22,22.9,25.96,+65.10,-45.64,1
1299.3496,1010.22,23.0,25.97,+65.10,-45.63,1
1299.4828,1010.22,23.0,25.97,+65.10,-45.63,1
1299.6142,1010.25,23.0,25.71,+65.10,-45.89,1
1299.7481,1010.25,23.0,25.71,+65.10,-45.89,1
1299.8837,1010.23,23.0,25.88,+65.10,-45.71,1
1300.0186,1010.25,23.0,25.71,+65.14,-45.85,1
1300.1520,1010.21,23.0,26.06,+65.14,-45.51,1
1300.2857,1010.24,23.0,25.80,+65.14,-45.77,1
1300.4182,1010.18,23.0,26.31,+65.14,-45.25,1
1300.5514,1010.25,23.0,25.71,+65.14,-45.85,1
1300.6855,1010.21,23.0,26.06,+65.14,-45.51,1
1300.8199,1010.22,23.0,25.97,+65.14,-45.60,1
1300.9560,1010.31,23.0,25.20,+65.16,-46.35,1
1301.0909,1010.25,23.0,25.71,+65.16,-45.83,1
1301.2249,1010.29,23.0,25.37,+65.16,-46.18,1
1301.3565,1010.26,23.0,25.63,+65.16,-45.92,1
1301.4922,1010.30,23.0,25.28,+65.16,-46.26,1
1301.6254,1010.24,23.0,25.80,+65.16,-45.75,1
1301.7570,1010.27,23.0,25.54,+65.16,-46.00,1
1301.8912,1010.25,23.0,25.71,+65.16,-45.83,1
1302.0301,1010.31,23.0,25.20,+65.18,-46.33,1
1302.1620,1010.25,23.0,25.71,+65.18,-45.81,1
1302.2955,1010.23,23.0,25.88,+65.18,-45.64,1
1302.4290,1010.27,23.0,25.54,+65.18,-45.98,1
1302.5617,1010.28,23.0,25.45,+65.18,-46.07,1
1302.6952,1010.27,23.0,25.54,+65.18,-45.98,1
1302.8307,1010.25,22.9,25.70,+65.18,-45.82,1
1302.9662,1010.26,22.9,25.62,+65.18,-45.90,1
1303.0995,1010.34,23.0,24.94,+65.18,-46.58,1
1303.2342,1010.26,22.9,25.62,+65.18,-45.90,1
1303.3663,1010.30,23.0,25.28,+65.18,-46.24,1
1303.4998,1010.27,22.9,25.53,+65.18,-45.99,1
1303.6343,1010.27,23.0,25.54,+65.18,-45.98,1
1303.7677,1010.31,23.0,25.20,+65.18,-46.32,1
1303.9013,1010.32,23.0,25.11,+65.18,-46.41,1
1304.0377,1010.30,23.0,25.28,+65.19,-46.22,1
1304.1720,1010.33,23.0,25.02,+65.19,-46.48,1
1304.3047,1010.34,23.0,24.94,+65.19,-46.57,1
1304.4394,1010.28,23.0,25.45,+65.19,-46.05,1
1304.5726,1010.32,23.0,25.11,+65.19,-46.40,1
1304.7050,1010.35,23.0,24.85,+65.19,-46.65,1
1304.8394,1010.39,23.0,24.51,+65.19,-47.00,1
1304.9646,1010.26,23.0,25.63,+65.22,-45.86,1
1305.0959,1010.37,23.0,24.68,+65.22,-46.80,1
1305.2307,1010.35,23.0,24.85,+65.22,-46.63,1
1305.3650,1010.30,23.0,25.28,+65.22,-46.20,1
1305.4997,1010.40,23.0,24.42,+65.22,-47.06,1
1305.6323,1010.35,23.0,24.85,+65.22,-46.63,1
1305.7666,1010.34,23.0,24.94,+65.22,-46.54,1
1305.9014,1010.33,23.0,25.02,+65.22,-46.46,1
1306.0366,1010.38,23.0,24.60,+65.23,-46.88,1
1306.1703,1010.31,23.0,25.20,+65.23,-46.27,1
1306.3049,1010.28,23.0,25.45,+65.23,-46.02,1
1306.4366,1010.31,23.0,25.20,+65.23,-46.27,1
1306.5707,1010.23,23.0,25.88,+65.23,-45.59,1
1306.7052,1010.34,23.0,24.94,+65.23,-46.53,1
1306.8400,1010.32,23.0,25.11,+65.23,-46.36,1
1306.9760,1010.30,23.0,25.28,+65.24,-46.18,1
1307.1103,1010.38,23.0,24.60,+65.24,-46.87,1
1307.2435,1010.34,23.0,24.94,+65.24,-46.52,1
1307.3776,1010.42,23.0,24.25,+65.24,-47.21,1
1307.5113,1010.37,23.0,24.68,+65.24,-46.78,1
1307.6436,1010.37,23.0,24.68,+65.24,-46.78,1
1307.7784,1010.33,23.0,25.02,+65.24,-46.44,1
1307.9177,1010.37,23.0,24.68,+65.25,-46.77,1
1308.0512,1010.41,23.0,24.34,+65.25,-47.11,1
1308.1863,1010.33,23.0,25.02,+65.25,-46.42,1
1308.3207,1010.35,23.0,24.85,+65.25,-46.59,1
1308.4545,1010.36,23.0,24.77,+65.25,-46.68,1
1308.5886,1010.35,23.0,24.85,+65.25,-46.59,1
1308.7233,1010.35,23.0,24.85,+65.25,-46.59,1
1308.8570,1010.36,23.0,24.77,+65.25,-46.68,1
1308.9940,1010.38,23.0,24.60,+65.27,-46.83,1
1309.1272,1010.30,23.0,25.28,+65.27,-46.14,1
1309.2602,1010.35,23.0,24.85,+65.27,-46.57,1
1309.3944,1010.37,23.0,24.68,+65.27,-46.75,1
1309.5292,1010.40,23.0,24.42,+65.27,-47.00,1
1309.6606,1010.36,23.0,24.77,+65.27,-46.66,1
1309.7946,1010.33,23.0,25.02,+65.27,-46.40,1
1309.9321,1010.36,23.0,24.77,+65.29,-46.64,1
1310.0670,1010.37,23.0,24.68,+65.29,-46.73,1
1310.2009,1010.35,23.0,24.85,+65.29,-46.56,1
1310.3336,1010.42,23.0,24.25,+65.29,-47.16,1
1310.4654,1010.38,23.0,24.60,+65.29,-46.81,1
1310.6011,1010.44,23.0,24.08,+65.29,-47.33,1
1310.7354,1010.35,23.0,24.85,+65.29,-46.56,1
1310.8682,1010.38,23.0,24.60,+65.29,-46.81,1
1311.0058,1010.31,23.0,25.20,+65.32,-46.18,1
1311.1422,1010.32,23.0,25.11,+65.32,-46.27,1
1311.2738,1010.36,23.0,24.77,+65.32,-46.61,1
1311.4073,1010.34,23.0,24.94,+65.32,-46.44,1
1311.5413,1010.30,23.0,25.28,+65.32,-46.10,1
1311.6747,1010.33,23.0,25.02,+65.32,-46.35,1
1311.8102,1010.36,23.0,24.77,+65.32,-46.61,1
1311.9478,1010.38,23.0,24.60,+65.35,-46.76,1
1312.0809,1010.33,23.0,25.02,+65.35,-46.33,1
1312.2166,1010.38,23.0,24.60,+65.35,-46.76,1
1312.3494,1010.40,23.0,24.42,+65.35,-46.93,1
1312.4810,1010.37,23.0,24.68,+65.35,-46.67,1
1312.6142,1010.38,23.0,24.60,+65.35,-46.76,1
1312.7487,1010.36,23.0,24.77,+65.35,-46.59,1
1312.8811,1010.43,23.0,24.17,+65.35,-47.19,1
1313.0173,1010.38,23.0,24.60,+65.39,-46.72,1
1313.1510,1010.38,23.0,24.60,+65.39,-46.72,1
1313.2862,1010.38,23.0,24.60,+65.39,-46.72,1
1313.4183,1010.39,23.0,24.51,+65.39,-46.80,1
1313.5516,1010.37,23.0,24.68,+65.39,-46.63,1
1313.6851,1010.43,23.0,24.17,+65.39,-47.15,1
1313.8191,1010.36,23.0,24.77,+65.39,-46.55,1
1313.9555,1010.37,23.0,24.68,+65.41,-46.61,1
1314.0890,1010.39,23.0,24.51,+65.41,-46.78,1
1314.2212,1010.38,23.0,24.60,+65.41,-46.69,1
1314.3556,1010.36,23.0,24.77,+65.41,-46.52,1
1314.4895,1010.32,23.0,25.11,+65.41,-46.18,1
1314.6207,1010.46,23.0,23.91,+65.41,-47.38,1
1314.7545,1010.45,23.0,23.99,+65.41,-47.30,1
1314.8902,1010.43,23.0,24.17,+65.41,-47.12,1
1315.0241,1010.43,23.0,24.17,+65.44,-47.09,1
1315.1578,1010.44,23.0,24.08,+65.44,-47.18,1
1315.2920,1010.45,23.0,23.99,+65.44,-47.26,1
1315.4264,1010.44,23.0,24.08,+65.44,-47.18,1
1315.5583,1010.45,23.0,23.99,+65.44,-47.26,1
1315.6919,1010.38,23.0,24.60,+65.44,-46.66,1
1315.8262,1010.46,23.0,23.91,+65.44,-47.35,1
1315.9610,1010.44,23.0,24.08,+65.49,-47.13,1
1316.0935,1010.41,23.0,24.34,+65.49,-46.87,1
1316.2280,1010.42,23.0,24.25,+65.49,-46.96,1
1316.3594,1010.40,23.0,24.42,+65.49,-46.79,1
1316.4948,1010.42,23.0,24.25,+65.49,-46.96,1
1316.6280,1010.39,23.0,24.51,+65.49,-46.70,1
1316.7613,1010.45,23.0,23.99,+65.49,-47.22,1
1316.8938,1010.44,23.0,24.08,+65.49,-47.13,1
1317.0316,1010.44,23.0,24.08,+65.53,-47.09,1
1317.1647,1010.37,23.0,24.68,+65.53,-46.49,1
1317.2977,1010.43,23.0,24.17,+65.53,-47.01,1
1317.4326,1010.35,23.0,24.85,+65.53,-46.32,1
1317.5682,1010.42,23.0,24.25,+65.53,-46.92,1
1317.6999,1010.41,23.0,24.34,+65.53,-46.83,1
1317.8342,1010.52,23.0,23.39,+65.53,-47.78,1
1317.9709,1010.42,23.0,24.25,+65.59,-46.86,1
1318.1048,1010.41,23.0,24.34,+65.59,-46.78,1
1318.2384,1010.39,23.0,24.51,+65.59,-46.60,1
1318.3724,1010.40,23.0,24.42,+65.59,-46.69,1
1318.5040,1010.40,23.0,24.42,+65.59,-46.69,1
1318.6394,1010.44,23.0,24.08,+65.59,-47.03,1
1318.7727,1010.46,23.0,23.91,+65.59,-47.20,1
1318.9069,1010.48,22.9,23.73,+65.59,-47.38,1
1319.0415,1010.46,22.9,23.90,+65.64,-47.16,1
1319.1762,1010.47,22.9,23.82,+65.64,-47.25,1
1319.3096,1010.45,22.9,23.99,+65.64,-47.08,1
1319.4411,1010.44,23.0,24.08,+65.64,-46.98,1
1319.5743,1010.43,23.0,24.17,+65.64,-46.90,1
1319.7088,1010.41,23.0,24.34,+65.64,-46.73,1
1319.8413,1010.44,23.0,24.08,+65.64,-46.98,1
1319.9785,1010.46,23.0,23.91,+65.67,-47.12,1
1320.1136,1010.45,23.0,23.99,+65.67,-47.04,1
1320.2487,1010.40,23.0,24.42,+65.67,-46.61,1
1320.3826,1010.46,23.0,23.91,+65.67,-47.12,1
1320.5164,1010.47,23.0,23.82,+65.67,-47.21,1
1320.6475,1010.49,23.0,23.65,+65.67,-47.38,1
1320.7831,1010.38,23.0,24.60,+65.67,-46.44,1
1320.9195,1010.43,23.0,24.17,+65.68,-46.85,1
1321.0514,1010.49,23.0,23.65,+65.68,-47.37,1
1321.1852,1010.45,23.0,23.99,+65.68,-47.02,1
1321.3195,1010.47,23.0,23.82,+65.68,-47.19,1
1321.4523,1010.43,23.0,24.17,+65.68,-46.85,1
1321.5844,1010.42,23.0,24.25,+65.68,-46.77,1
1321.7176,1010.43,23.0,24.17,+65.68,-46.85,1
1321.8533,1010.47,23.0,23.82,+65.68,-47.19,1
1321.9873,1010.40,23.0,24.42,+65.68,-46.59,1
1322.1204,1010.50,23.0,23.57,+65.68,-47.45,1
1322.2550,1010.52,23.0,23.39,+65.68,-47.62,1
1322.3883,1010.42,23.0,24.25,+65.68,-46.77,1
1322.5221,1010.46,23.0,23.91,+65.68,-47.11,1
1322.6563,1010.56,23.0,23.05,+65.68,-47.97,1
1322.7888,1010.55,23.0,23.14,+65.68,-47.88,1
1322.9260,1010.52,23.0,23.39,+65.74,-47.57,1
1323.0592,1010.48,23.0,23.74,+65.74,-47.22,1
1323.1935,1010.39,23.0,24.51,+65.74,-46.45,1
1323.3260,1010.41,23.0,24.34,+65.74,-46.62,1
1323.4597,1010.43,23.0,24.17,+65.74,-46.79,1
1323.5934,1010.43,23.0,24.17,+65.74,-46.79,1
1323.7258,1010.46,23.0,23.91,+65.74,-47.05,1
1323.8600,1010.43,23.0,24.17,+65.74,-46.79,1
1323.9983,1010.48,23.0,23.74,+65.76,-47.21,1
1324.1310,1010.45,23.0,23.99,+65.76,-46.95,1
1324.2652,1010.47,23.0,23.82,+65.76,-47.12,1
1324.3991,1010.47,23.0,23.82,+65.76,-47.12,1
1324.5334,1010.55,23.0,23.14,+65.76,-47.81,1
1324.6647,1010.45,23.0,23.99,+65.76,-46.95,1
1324.7998,1010.44,23.0,24.08,+65.76,-46.86,1
1324.9372,1010.38,23.0,24.60,+65.77,-46.33,1
1325.0712,1010.44,23.0,24.08,+65.77,-46.85,1
1325.2044,1010.48,23.0,23.74,+65.77,-47.19,1
1325.3387,1010.46,23.0,23.91,+65.77,-47.02,1
1325.4711,1010.48,23.0,23.74,+65.77,-47.19,1
1325.6052,1010.45,23.0,23.99,+65.77,-46.93,1
1325.7382,1010.47,23.0,23.82,+65.77,-47.11,1
1325.8705,1010.38,23.0,24.60,+65.77,-46.33,1
1326.0049,1010.43,23.0,24.17,+65.76,-46.77,1
1326.1407,1010.46,23.1,23.92,+65.76,-47.02,1
1326.2751,1010.47,23.1,23.83,+65.76,-47.11,1
1326.4074,1010.46,23.1,23.92,+65.76,-47.02,1
1326.5405,1010.43,23.1,24.17,+65.76,-46.76,1
1326.6741,1010.47,23.1,23.83,+65.76,-47.11,1
1326.8062,1010.44,23.1,24.09,+65.76,-46.85,1
1326.9426,1010.49,23.1,23.66,+65.76,-47.28,1
1327.0777,1010.46,23.1,23.92,+65.76,-47.02,1
1327.2112,1010.46,23.1,23.92,+65.76,-47.02,1
1327.3427,1010.41,23.1,24.35,+65.76,-46.59,1
1327.4760,1010.45,23.1,24.00,+65.76,-46.93,1
1327.6090,1010.46,23.1,23.92,+65.76,-47.02,1
1327.7417,1010.47,23.1,23.83,+65.76,-47.10,1
1327.8757,1010.44,23.1,24.09,+65.76,-46.85,1
1328.0107,1010.52,23.1,23.40,+65.76,-47.53,1
1328.1433,1010.49,23.1,23.66,+65.76,-47.28,1
1328.2787,1010.47,23.1,23.83,+65.76,-47.10,1
1328.4118,1010.49,23.1,23.66,+65.76,-47.28,1
1328.5450,1010.49,23.1,23.66,+65.76,-47.28,1
1328.6773,1010.44,23.1,24.09,+65.76,-46.85,1
1328.8120,1010.49,23.1,23.66,+65.76,-47.28,1
1328.9492,1010.45,23.1,24.00,+65.78,-46.92,1
1329.0819,1010.46,23.1,23.92,+65.78,-47.00,1
1329.2168,1010.45,23.1,24.00,+65.78,-46.92,1
1329.3524,1010.42,23.1,24.26,+65.78,-46.66,1
1329.4848,1010.43,23.1,24.17,+65.78,-46.75,1
1329.6191,1010.49,23.1,23.66,+65.78,-47.26,1
1329.7536,1010.46,23.1,23.92,+65.78,-47.00,1
1329.8879,1010.47,23.1,23.83,+65.78,-47.09,1
1330.0238,1010.49,23.1,23.66,+65.78,-47.26,1
1330.1569,1010.51,23.1,23.49,+65.78,-47.43,1
1330.2899,1010.47,23.1,23.83,+65.78,-47.09,1
1330.4257,1010.47,23.1,23.83,+65.78,-47.09,1
1330.5600,1010.45,23.1,24.00,+65.78,-46.92,1
1330.6945,1010.48,23.1,23.75,+65.78,-47.17,1
1330.8282,1010.52,23.2,23.41,+65.78,-47.51,1
1330.9651,1010.51,23.2,23.50,+65.80,-47.40,1
1331.0993,1010.44,23.1,24.09,+65.80,-46.81,1
1331.2313,1010.45,23.2,24.01,+65.80,-46.89,1
1331.3646,1010.50,23.2,23.58,+65.80,-47.32,1
1331.4991,1010.47,23.2,23.84,+65.80,-47.06,1
1331.6306,1010.52,23.2,23.41,+65.80,-47.49,1
1331.7637,1010.47,23.2,23.84,+65.80,-47.06,1
1331.8978,1010.55,23.2,23.15,+65.80,-47.75,1
1332.0338,1010.48,23.2,23.75,+65.82,-47.12,1
1332.1671,1010.46,23.2,23.93,+65.82,-46.95,1
1332.3014,1010.51,23.2,23.50,+65.82,-47.38,1
1332.4335,1010.49,23.2,23.67,+65.82,-47.21,1
1332.5682,1010.53,23.2,23.32,+65.82,-47.55,1
1332.7006,1010.51,23.2,23.50,+65.82,-47.38,1
1332.8360,1010.48,23.2,23.75,+65.82,-47.12,1
1332.9714,1010.49,23.2,23.67,+65.83,-47.21,1
1333.1056,1010.49,23.2,23.67,+65.83,-47.21,1
1333.2398,1010.50,23.2,23.58,+65.83,-47.29,1
1333.3723,1010.46,23.2,23.93,+65.83,-46.95,1
1333.5070,1010.49,23.2,23.67,+65.83,-47.21,1
1333.6425,1010.47,23.2,23.84,+65.83,-47.04,1
1333.7753,1010.55,23.2,23.15,+65.83,-47.72,1
1333.9132,1010.54,23.2,23.24,+65.84,-47.62,1
1334.0481,1010.55,23.2,23.15,+65.84,-47.70,1
1334.1816,1010.54,23.2,23.24,+65.84,-47.62,1
1334.3158,1010.52,23.2,23.41,+65.84,-47.45,1
1334.4503,1010.50,23.2,23.58,+65.84,-47.27,1
1334.5819,1010.57,23.2,22.98,+65.84,-47.88,1
1334.7166,1010.50,23.2,23.58,+65.84,-47.27,1
1334.8500,1010.53,23.2,23.32,+65.84,-47.53,1
1334.9844,1010.47,23.2,23.84,+65.86,-47.00,1
1335.1179,1010.48,23.2,23.75,+65.86,-47.09,1
1335.2537,1010.47,23.3,23.85,+65.86,-46.99,1
1335.3878,1010.51,23.3,23.50,+65.86,-47.34,1
1335.5204,1010.43,23.2,24.18,+65.86,-46.66,1
1335.6545,1010.52,23.3,23.42,+65.86,-47.42,1
1335.7923,1010.48,23.3,23.76,+65.86,-47.08,1
1335.9280,1010.49,23.3,23.68,+65.87,-47.16,1
1336.0627,1010.45,23.3,24.02,+65.87,-46.82,1
1336.1977,1010.51,23.3,23.50,+65.87,-47.33,1
1336.3306,1010.47,23.3,23.85,+65.87,-46.99,1
1336.4638,1010.47,23.3,23.85,+65.87,-46.99,1
1336.5979,1010.43,23.3,24.19,+65.87,-46.64,1
1336.7311,1010.51,23.3,23.50,+65.87,-47.33,1
1336.8659,1010.47,23.3,23.85,+65.87,-46.99,1
1337.0027,1010.58,23.3,22.90,+65.87,-47.92,1
1337.1355,1010.51,23.3,23.50,+65.87,-47.32,1
1337.2703,1010.48,23.3,23.76,+65.87,-47.06,1
1337.4057,1010.49,23.3,23.68,+65.87,-47.15,1
1337.5382,1010.51,23.3,23.50,+65.87,-47.32,1
1337.6727,1010.51,23.3,23.50,+65.87,-47.32,1
1337.8081,1010.50,23.3,23.59,+65.87,-47.24,1
1337.9439,1010.49,23.3,23.68,+65.90,-47.12,1
1338.0773,1010.53,23.3,23.33,+65.90,-47.47,1
1338.2123,1010.46,23.3,23.93,+65.90,-46.86,1
1338.3450,1010.49,23.3,23.68,+65.90,-47.12,1
1338.4804,1010.48,23.3,23.76,+65.90,-47.04,1
1338.6136,1010.58,23.3,22.90,+65.90,-47.90,1
1338.7457,1010.58,23.3,22.90,+65.90,-47.90,1
1338.8813,1010.52,23.3,23.42,+65.90,-47.38,1
1339.0199,1010.52,23.3,23.42,+65.93,-47.35,1
1339.1528,1010.49,23.3,23.68,+65.93,-47.09,1
1339.2873,1010.45,23.3,24.02,+65.93,-46.75,1
1339.4219,1010.51,23.3,23.50,+65.93,-47.26,1
1339.5555,1010.56,23.3,23.07,+65.93,-47.69,1
1339.6890,1010.54,23.3,23.25,+65.93,-47.52,1
1339.8245,1010.54,23.3,23.25,+65.93,-47.52,1
1339.9601,1010.57,23.3,22.99,+65.97,-47.74,1
1340.0960,1010.63,23.3,22.47,+65.97,-48.26,1
1340.2301,1010.54,23.3,23.25,+65.97,-47.48,1
1340.3624,1010.58,23.3,22.90,+65.97,-47.83,1
1340.4970,1010.48,23.3,23.76,+65.97,-46.97,1
1340.6323,1010.49,23.3,23.68,+65.97,-47.05,1
1340.7656,1010.51,23.3,23.50,+65.97,-47.23,1
1340.8994,1010.45,23.3,24.02,+65.97,-46.71,1
1341.0367,1010.52,23.3,23.42,+65.98,-47.30,1
1341.1721,1010.55,23.3,23.16,+65.98,-47.56,1
1341.3048,1010.53,23.3,23.33,+65.98,-47.38,1
1341.4393,1010.49,23.3,23.68,+65.98,-47.04,1
1341.5736,1010.51,23.3,23.50,+65.98,-47.21,1
1341.7073,1010.50,23.3,23.59,+65.98,-47.13,1
1341.8427,1010.53,23.4,23.34,+65.98,-47.38,1
1341.9811,1010.53,23.4,23.34,+66.04,-47.32,1
1342.1139,1010.54,23.4,23.25,+66.04,-47.41,1
1342.2499,1010.54,23.4,23.25,+66.04,-47.41,1
1342.3842,1010.57,23.4,23.00,+66.04,-47.66,1
1342.5167,1010.52,23.4,23.43,+66.04,-47.23,1
1342.6509,1010.53,23.4,23.34,+66.04,-47.32,1
1342.7868,1010.55,23.4,23.17,+66.04,-47.49,1
1342.9239,1010.51,23.4,23.51,+66.11,-47.08,1
1343.0572,1010.58,23.4,22.91,+66.11,-47.68,1
1343.1916,1010.58,23.4,22.91,+66.11,-47.68,1
1343.3255,1010.58,23.4,22.91,+66.11,-47.68,1
1343.4596,1010.55,23.4,23.17,+66.11,-47.42,1
1343.5936,1010.59,23.4,22.82,+66.11,-47.77,1
1343.7265,1010.55,23.4,23.17,+66.11,-47.42,1
1343.8618,1010.56,23.3,23.07,+66.11,-47.52,1
1344.0000,1010.56,23.4,23.08,+66.17,-47.44,1
1344.1326,1010.49,23.3,23.68,+66.17,-46.85,1
1344.2675,1010.59,23.4,22.82,+66.17,-47.70,1
1344.4030,1010.53,23.4,23.34,+66.17,-47.19,1
1344.5353,1010.60,23.4,22.74,+66.17,-47.79,1
1344.6696,1010.58,23.4,22.91,+66.17,-47.62,1
1344.8052,1010.64,23.4,22.39,+66.17,-48.13,1
1344.9420,1010.62,23.4,22.57,+66.26,-47.88,1
1345.0751,1010.56,23.4,23.08,+66.26,-47.36,1
1345.2102,1010.51,23.3,23.50,+66.26,-46.94,1
1345.3426,1010.57,23.4,23.00,+66.26,-47.45,1
1345.4788,1010.53,23.3,23.33,+66.26,-47.11,1
1345.6118,1010.54,23.3,23.25,+66.26,-47.20,1
1345.7437,1010.56,23.3,23.07,+66.26,-47.37,1
1345.8778,1010.54,23.3,23.25,+66.26,-47.20,1
1346.0148,1010.46,23.3,23.93,+66.32,-46.45,1
1346.1469,1010.59,23.3,22.82,+66.32,-47.57,1
1346.2811,1010.52,23.3,23.42,+66.32,-46.97,1
1346.4150,1010.51,23.3,23.50,+66.32,-46.88,1
1346.5507,1010.57,23.3,22.99,+66.32,-47.40,1
1346.6831,1010.57,23.3,22.99,+66.32,-47.40,1
1346.8181,1010.52,23.3,23.42,+66.32,-46.97,1
1346.9557,1010.51,23.3,23.50,+66.37,-46.83,1
1347.0898,1010.51,23.3,23.50,+66.37,-46.83,1
1347.2243,1010.61,23.3,22.64,+66.37,-47.69,1
1347.3588,1010.62,23.3,22.56,+66.37,-47.77,1
1347.4916,1010.53,23.3,23.33,+66.37,-47.00,1
1347.6268,1010.60,23.3,22.73,+66.37,-47.60,1
1347.7606,1010.55,23.3,23.16,+66.37,-47.17,1
1347.8940,1010.55,23.3,23.16,+66.37,-47.17,1
1348.0303,1010.55,23.3,23.16,+66.44,-47.10,1
1348.1657,1010.58,23.3,22.90,+66.44,-47.36,1
1348.2984,1010.57,23.3,22.99,+66.44,-47.27,1
1348.4328,1010.58,23.3,22.90,+66.44,-47.36,1
1348.5670,1010.56,23.3,23.07,+66.44,-47.19,1
1348.7013,1010.56,23.2,23.07,+66.44,-47.20,1
1348.8366,1010.56,23.2,23.07,+66.44,-47.20,1
1348.9743,1010.60,23.2,22.72,+66.51,-47.47,1
1349.1076,1010.49,23.2,23.67,+66.51,-46.52,1
1349.2437,1010.53,23.2,23.32,+66.51,-46.87,1
1349.3776,1010.53,23.2,23.32,+66.51,-46.87,1
1349.5099,1010.52,23.2,23.41,+66.51,-46.78,1
1349.6437,1010.56,23.2,23.07,+66.51,-47.12,1
1349.7794,1010.50,23.2,23.58,+66.51,-46.61,1
1349.9150,1010.55,23.2,23.15,+66.57,-46.98,1
1350.0488,1010.41,23.2,24.35,+66.57,-45.78,1
1350.1817,1010.51,23.2,23.50,+66.57,-46.64,1
1350.3161,1010.57,23.2,22.98,+66.57,-47.15,1
1350.4472,1010.55,23.2,23.15,+66.57,-46.98,1
1350.5812,1010.47,23.2,23.84,+66.57,-46.29,1
1350.7155,1010.54,23.2,23.24,+66.57,-46.89,1
1350.8503,1010.50,23.2,23.58,+66.57,-46.55,1
1350.9859,1010.52,23.2,23.41,+66.63,-46.66,1
1351.1197,1010.51,23.1,23.49,+66.63,-46.59,1
1351.2516,1010.56,23.2,23.07,+66.63,-47.01,1
1351.3856,1010.54,23.1,23.23,+66.63,-46.84,1
1351.5187,1010.53,23.1,23.32,+66.63,-46.76,1
1351.6497,1010.54,23.1,23.23,+66.63,-46.84,1
1351.7832,1010.52,23.1,23.40,+66.63,-46.67,1
1351.9222,1010.51,23.1,23.49,+66.69,-46.52,1
1352.0536,1010.51,23.1,23.49,+66.69,-46.52,1
1352.1874,1010.57,23.1,22.97,+66.69,-47.04,1
1352.3204,1010.53,23.1,23.32,+66.69,-46.70,1
1352.4543,1010.52,23.1,23.40,+66.69,-46.61,1
1352.5855,1010.57,23.1,22.97,+66.69,-47.04,1
1352.7186,1010.60,23.1,22.72,+66.69,-47.30,1
1352.8527,1010.54,23.1,23.23,+66.69,-46.78,1
1352.9882,1010.51,23.0,23.48,+66.75,-46.47,1
1353.1202,1010.56,23.0,23.05,+66.75,-46.90,1
1353.2536,1010.54,23.0,23.22,+66.75,-46.73,1
1353.3845,1010.48,23.0,23.74,+66.75,-46.22,1
1353.5190,1010.55,23.0,23.14,+66.75,-46.82,1
1353.6521,1010.60,23.0,22.71,+66.75,-47.25,1
1353.7853,1010.53,23.0,23.31,+66.75,-46.64,1
1353.9208,1010.54,23.0,23.22,+66.78,-46.70,1
1354.0556,1010.58,23.0,22.88,+66.78,-47.04,1
1354.1885,1010.58,23.0,22.88,+66.78,-47.04,1
1354.3215,1010.57,23.0,22.96,+66.78,-46.95,1
1354.4548,1010.45,23.0,23.99,+66.78,-45.92,1
1354.5889,1010.54,23.0,23.22,+66.78,-46.70,1
1354.7200,1010.55,23.0,23.14,+66.78,-46.78,1
1354.8536,1010.56,23.0,23.05,+66.78,-46.87,1
1354.9910,1010.58,22.9,22.87,+66.81,-47.02,1
1355.1232,1010.60,22.9,22.70,+66.81,-47.19,1
1355.2548,1010.49,22.9,23.64,+66.81,-46.25,1
1355.3876,1010.49,22.9,23.64,+66.81,-46.25,1
1355.5209,1010.47,22.9,23.82,+66.81,-46.08,1
1355.6534,1010.51,22.9,23.47,+66.81,-46.42,1
1355.7870,1010.50,22.9,23.56,+66.81,-46.33,1
1355.9255,1010.53,22.9,23.30,+66.80,-46.60,1
1356.0586,1010.57,22.9,22.96,+66.80,-46.94,1
1356.1930,1010.52,22.9,23.39,+66.80,-46.51,1
1356.3256,1010.56,22.9,23.04,+66.80,-46.86,1
1356.4571,1010.53,22.9,23.30,+66.80,-46.60,1
1356.5911,1010.59,22.9,22.79,+66.80,-47.11,1
1356.7251,1010.55,22.9,23.13,+66.80,-46.77,1
1356.8578,1010.57,22.9,22.96,+66.80,-46.94,1
1356.9949,1010.55,22.9,23.13,+66.79,-46.79,1
1357.1289,1010.50,22.9,23.56,+66.79,-46.36,1
1357.2634,1010.58,22.9,22.87,+66.79,-47.04,1
1357.3973,1010.54,22.9,23.21,+66.79,-46.70,1
1357.5311,1010.50,22.9,23.56,+66.79,-46.36,1
1357.6650,1010.57,22.9,22.96,+66.79,-46.96,1
1357.7994,1010.50,22.9,23.56,+66.79,-46.36,1
1357.9361,1010.57,22.9,22.96,+66.74,-47.00,1
1358.0702,1010.53,22.9,23.30,+66.74,-46.66,1
1358.2033,1010.60,22.9,22.70,+66.74,-47.26,1
1358.3374,1010.57,22.9,22.96,+66.74,-47.00,1
1358.4709,1010.56,22.9,23.04,+66.74,-46.91,1
1358.6029,1010.54,22.9,23.21,+66.74,-46.74,1
1358.7373,1010.63,22.9,22.44,+66.74,-47.52,1
1358.8733,1010.49,22.9,23.64,+66.74,-46.31,1
1359.0085,1010.54,22.9,23.21,+66.70,-46.79,1
1359.1407,1010.47,22.9,23.82,+66.70,-46.19,1
1359.2740,1010.51,22.9,23.47,+66.70,-46.53,1
1359.4095,1010.53,22.9,23.30,+66.70,-46.70,1
1359.5417,1010.59,22.9,22.79,+66.70,-47.22,1
1359.6760,1010.57,22.9,22.96,+66.70,-47.05,1
1359.8106,1010.56,22.9,23.04,+66.70,-46.96,1
1359.9472,1010.62,22.9,22.53,+66.65,-47.52,1
1360.0805,1010.64,22.9,22.36,+66.65,-47.69,1
1360.2153,1010.53,22.9,23.30,+66.65,-46.75,1
1360.3476,1010.60,22.9,22.70,+66.65,-47.35,1
1360.4826,1010.57,22.9,22.96,+66.65,-47.09,1
1360.6166,1010.51,22.9,23.47,+66.65,-46.58,1
1360.7490,1010.59,22.9,22.79,+66.65,-47.26,1
1360.8837,1010.52,22.9,23.39,+66.65,-46.66,1
1361.0219,1010.53,22.9,23.30,+66.59,-46.81,1
1361.1543,1010.56,22.9,23.04,+66.59,-47.07,1
1361.2886,1010.56,22.9,23.04,+66.59,-47.07,1
1361.4228,1010.58,22.9,22.87,+66.59,-47.24,1
1361.5560,1010.59,22.9,22.79,+66.59,-47.32,1
1361.6899,1010.53,22.9,23.30,+66.59,-46.81,1
1361.8244,1010.57,22.9,22.96,+66.59,-47.15,1
1361.9628,1010.54,22.9,23.21,+66.53,-46.96,1
1362.0972,1010.55,22.9,23.13,+66.53,-47.04,1
1362.2318,1010.57,22.9,22.96,+66.53,-47.21,1
1362.3660,1010.55,22.9,23.13,+66.53,-47.04,1
1362.4985,1010.63,22.9,22.44,+66.53,-47.73,1
1362.6326,1010.60,22.9,22.70,+66.53,-47.47,1
1362.7665,1010.55,22.9,23.13,+66.53,-47.04,1
1362.8999,1010.56,22.9,23.04,+66.53,-47.13,1
1363.0368,1010.54,22.9,23.21,+66.46,-47.02,1
1363.1736,1010.55,22.9,23.13,+66.46,-47.11,1
1363.3063,1010.53,22.9,23.30,+66.46,-46.94,1
1363.4409,1010.54,22.9,23.21,+66.46,-47.02,1
1363.5752,1010.58,22.9,22.87,+66.46,-47.36,1
1363.7089,1010.59,22.9,22.79,+66.46,-47.45,1
1363.8441,1010.62,22.9,22.53,+66.46,-47.71,1
1363.9827,1010.55,22.9,23.13,+66.41,-47.16,1
1364.1157,1010.56,22.9,23.04,+66.41,-47.25,1
1364.2504,1010.57,22.9,22.96,+66.41,-47.33,1
1364.3842,1010.63,22.9,22.44,+66.41,-47.85,1
1364.5170,1010.57,22.9,22.96,+66.41,-47.33,1
1364.6512,1010.50,22.9,23.56,+66.41,-46.73,1
1364.7872,1010.55,22.9,23.13,+66.41,-47.16,1
1364.9244,1010.59,22.9,22.79,+66.33,-47.58,1
1365.0578,1010.60,22.9,22.70,+66.33,-47.67,1
1365.1922,1010.58,22.9,22.87,+66.33,-47.49,1
1365.3262,1010.54,22.9,23.21,+66.33,-47.15,1
1365.4603,1010.58,22.9,22.87,+66.33,-47.49,1
1365.5945,1010.65,22.9,22.27,+66.33,-48.10,1
1365.7277,1010.56,22.9,23.04,+66.33,-47.32,1
1365.8638,1010.66,22.9,22.18,+66.33,-48.18,1
1366.0020,1010.54,22.9,23.21,+66.28,-47.21,1
1366.1350,1010.59,22.9,22.79,+66.28,-47.63,1
1366.2699,1010.54,22.9,23.21,+66.28,-47.21,1
1366.4058,1010.57,22.9,22.96,+66.28,-47.46,1
1366.5384,1010.56,22.9,23.04,+66.28,-47.38,1
1366.6729,1010.60,22.9,22.70,+66.28,-47.72,1
1366.8078,1010.64,22.9,22.36,+66.28,-48.06,1
1366.9459,1010.50,22.9,23.56,+66.21,-46.93,1
1367.0793,1010.58,22.9,22.87,+66.21,-47.62,1
1367.2138,1010.56,22.9,23.04,+66.21,-47.45,1
1367.3465,1010.59,22.9,22.79,+66.21,-47.70,1
1367.4807,1010.55,22.9,23.13,+66.21,-47.36,1
1367.6144,1010.63,22.9,22.44,+66.21,-48.05,1
1367.7473,1010.63,22.9,22.44,+66.21,-48.05,1
1367.8821,1010.61,22.9,22.61,+66.21,-47.88,1
1368.0077,1010.62,22.9,22.53,+66.13,-48.04,1
1368.1404,1010.64,22.9,22.36,+66.13,-48.21,1
1368.2750,1010.65,22.9,22.27,+66.13,-48.30,1
1368.4093,1010.59,22.9,22.79,+66.13,-47.78,1
1368.5457,1010.53,22.9,23.30,+66.13,-47.27,1
1368.6782,1010.52,22.9,23.39,+66.13,-47.18,1
1368.8133,1010.54,22.9,23.21,+66.13,-47.35,1
1368.9513,1010.57,22.9,22.96,+66.04,-47.70,1
1369.0852,1010.59,22.9,22.79,+66.04,-47.88,1
1369.2198,1010.60,22.9,22.70,+66.04,-47.96,1
1369.3542,1010.56,22.9,23.04,+66.04,-47.62,1
1369.4871,1010.62,22.9,22.53,+66.04,-48.13,1
1369.6220,1010.63,22.9,22.44,+66.04,-48.22,1
1369.7559,1010.54,22.9,23.21,+66.04,-47.45,1
1369.8896,1010.61,22.9,22.61,+66.04,-48.05,1
1370.0259,1010.58,22.9,22.87,+65.97,-47.86,1
1370.1614,1010.59,23.0,22.79,+65.97,-47.94,1
1370.2944,1010.63,23.0,22.45,+65.97,-48.28,1
1370.4279,1010.56,23.0,23.05,+65.97,-47.68,1
1370.5623,1010.63,23.0,22.45,+65.97,-48.28,1
1370.6959,1010.62,23.0,22.54,+65.97,-48.20,1
1370.8314,1010.61,23.0,22.62,+65.97,-48.11,1
1370.9690,1010.62,23.0,22.54,+65.90,-48.26,1
1371.1016,1010.58,23.0,22.88,+65.90,-47.92,1
1371.2375,1010.59,23.0,22.79,+65.90,-48.00,1
1371.3708,1010.65,23.0,22.28,+65.90,-48.52,1
1371.5021,1010.69,23.0,21.94,+65.90,-48.86,1
1371.6352,1010.62,23.0,22.54,+65.90,-48.26,1
1371.7701,1010.60,23.0,22.71,+65.90,-48.09,1
1371.9022,1010.60,23.0,22.71,+65.90,-48.09,1
1372.0384,1010.60,23.0,22.71,+65.84,-48.16,1
1372.1722,1010.64,23.0,22.36,+65.84,-48.50,1
1372.3072,1010.60,23.0,22.71,+65.84,-48.16,1
1372.4388,1010.62,23.0,22.54,+65.84,-48.33,1
1372.5722,1010.64,23.0,22.36,+65.84,-48.50,1
1372.7059,1010.58,23.0,22.88,+65.84,-47.98,1
1372.8402,1010.67,23.0,22.11,+65.84,-48.76,1
1372.9763,1010.61,23.0,22.62,+65.79,-48.29,1
1373.1101,1010.64,23.0,22.36,+65.79,-48.55,1
1373.2420,1010.58,23.0,22.88,+65.79,-48.03,1
1373.3766,1010.57,23.0,22.96,+65.79,-47.95,1
1373.5101,1010.55,23.0,23.14,+65.79,-47.78,1
1373.6415,1010.58,23.0,22.88,+65.79,-48.03,1
1373.7754,1010.59,23.0,22.79,+65.79,-48.12,1
1373.9118,1010.63,23.0,22.45,+65.79,-48.46,1
1374.0466,1010.55,23.0,23.14,+65.72,-47.85,1
1374.1786,1010.63,23.0,22.45,+65.72,-48.53,1
1374.3121,1010.61,23.0,22.62,+65.72,-48.36,1
1374.4464,1010.59,23.0,22.79,+65.72,-48.19,1
1374.5782,1010.58,23.0,22.88,+65.72,-48.10,1
1374.7127,1010.59,23.0,22.79,+65.72,-48.19,1
1374.8469,1010.65,23.1,22.29,+65.72,-48.70,1
1374.9833,1010.56,23.0,23.05,+65.66,-47.99,1
1375.1167,1010.62,23.1,22.54,+65.66,-48.50,1
1375.2505,1010.55,23.0,23.14,+65.66,-47.91,1
1375.3819,1010.60,23.1,22.72,+65.66,-48.33,1
1375.5164,1010.61,23.0,22.62,+65.66,-48.42,1
1375.6496,1010.57,23.0,22.96,+65.66,-48.08,1
1375.7811,1010.60,23.0,22.71,+65.66,-48.34,1
1375.9190,1010.54,23.0,23.22,+65.59,-47.89,1
1376.0538,1010.54,23.0,23.22,+65.59,-47.89,1
1376.1851,1010.59,23.0,22.79,+65.59,-48.31,1
1376.3185,1010.59,23.0,22.79,+65.59,-48.31,1
1376.4519,1010.60,23.0,22.71,+65.59,-48.40,1
1376.5875,1010.60,23.0,22.71,+65.59,-48.40,1
1376.7192,1010.58,23.0,22.88,+65.59,-48.23,1
1376.8533,1010.58,23.0,22.88,+65.59,-48.23,1
1376.9910,1010.60,23.0,22.71,+65.52,-48.47,1
1377.1244,1010.59,23.0,22.79,+65.52,-48.39,1
1377.2579,1010.56,23.0,23.05,+65.52,-48.13,1
1377.3913,1010.56,23.0,23.05,+65.52,-48.13,1
1377.5233,1010.57,23.0,22.96,+65.52,-48.22,1
1377.6577,1010.62,23.0,22.54,+65.52,-48.65,1
1377.7911,1010.63,23.0,22.45,+65.52,-48.73,1
1377.9273,1010.55,23.0,23.14,+65.47,-48.10,1
1378.0610,1010.64,23.0,22.36,+65.47,-48.87,1
1378.1959,1010.57,23.0,22.96,+65.47,-48.27,1
1378.3274,1010.59,23.0,22.79,+65.47,-48.44,1
1378.4612,1010.59,23.0,22.79,+65.47,-48.44,1
1378.5944,1010.64,23.0,22.36,+65.47,-48.87,1
1378.7300,1010.59,23.0,22.79,+65.47,-48.44,1
1378.8627,1010.61,23.0,22.62,+65.47,-48.61,1
1379.0004,1010.68,23.0,22.02,+65.41,-49.27,1
1379.1355,1010.61,23.0,22.62,+65.41,-48.67,1
1379.2682,1010.67,23.0,22.11,+65.41,-49.19,1
1379.4013,1010.62,22.9,22.53,+65.41,-48.77,1
1379.5354,1010.62,22.9,22.53,+65.41,-48.77,1
1379.6681,1010.61,22.9,22.61,+65.41,-48.68,1
1379.8036,1010.61,22.9,22.61,+65.41,-48.68,1
1379.9420,1010.63,22.9,22.44,+65.35,-48.91,1
1380.0751,1010.57,22.9,22.96,+65.35,-48.40,1
1380.2100,1010.56,22.9,23.04,+65.35,-48.31,1
1380.3456,1010.60,22.9,22.70,+65.35,-48.66,1
1380.4782,1010.64,22.9,22.36,+65.35,-49.00,1
1380.6123,1010.63,22.9,22.44,+65.35,-48.91,1
1380.7472,1010.64,22.9,22.36,+65.35,-49.00,1
1380.8813,1010.60,22.9,22.70,+65.35,-48.66,1
1381.0183,1010.57,22.9,22.96,+65.28,-48.47,1
1381.1523,1010.61,22.9,22.61,+65.28,-48.81,1
1381.2857,1010.61,22.9,22.61,+65.28,-48.81,1
1381.4197,1010.55,22.9,23.13,+65.28,-48.29,1
1381.5534,1010.63,22.9,22.44,+65.28,-48.98,1
1381.6858,1010.67,22.9,22.10,+65.28,-49.32,1
1381.8211,1010.61,22.9,22.61,+65.28,-48.81,1
1381.9468,1010.55,22.8,23.12,+65.21,-48.37,1
1382.0789,1010.55,22.9,23.13,+65.21,-48.37,1
1382.2139,1010.58,22.8,22.86,+65.21,-48.63,1
1382.3482,1010.59,22.8,22.78,+65.21,-48.72,1
1382.4834,1010.56,22.8,23.04,+65.21,-48.46,1
1382.6159,1010.56,22.8,23.04,+65.21,-48.46,1
1382.7505,1010.60,22.8,22.69,+65.21,-48.80,1
1382.8853,1010.62,22.8,22.52,+65.21,-48.97,1
1383.0217,1010.58,22.8,22.86,+65.13,-48.71,1
1383.1551,1010.56,22.8,23.04,+65.13,-48.53,1
1383.2894,1010.52,22.8,23.38,+65.13,-48.19,1
1383.4221,1010.56,22.8,23.04,+65.13,-48.53,1
1383.5564,1010.63,22.8,22.43,+65.13,-49.14,1
1383.6891,1010.60,22.8,22.69,+65.13,-48.88,1
1383.8228,1010.57,22.8,22.95,+65.13,-48.62,1
1383.9603,1010.54,22.8,23.21,+65.04,-48.45,1
1384.0975,1010.56,22.8,23.04,+65.04,-48.62,1
1384.2302,1010.60,22.8,22.69,+65.04,-48.97,1
1384.3643,1010.60,22.8,22.69,+65.04,-48.97,1
1384.4989,1010.54,22.8,23.21,+65.04,-48.45,1
1384.6326,1010.61,22.8,22.61,+65.04,-49.05,1
1384.7658,1010.61,22.8,22.61,+65.04,-49.05,1
1384.9010,1010.56,22.8,23.04,+65.04,-48.62,1
1385.0366,1010.56,22.8,23.04,+64.95,-48.71,1
1385.1712,1010.62,22.8,22.52,+64.95,-49.23,1
1385.3051,1010.59,22.8,22.78,+64.95,-48.97,1
1385.4380,1010.58,22.8,22.86,+64.95,-48.88,1
1385.5724,1010.56,22.8,23.04,+64.95,-48.71,1
1385.7075,1010.60,22.8,22.69,+64.95,-49.06,1
1385.8406,1010.57,22.8,22.95,+64.95,-48.80,1
1385.9770,1010.57,22.8,22.95,+64.86,-48.89,1
1386.1113,1010.59,22.8,22.78,+64.86,-49.06,1
1386.2470,1010.62,22.8,22.52,+64.86,-49.32,1
1386.3819,1010.60,22.8,22.69,+64.86,-49.15,1
1386.5155,1010.58,22.8,22.86,+64.86,-48.98,1
1386.6478,1010.59,22.8,22.78,+64.86,-49.06,1
1386.7823,1010.60,22.8,22.69,+64.86,-49.15,1
1386.9191,1010.62,22.8,22.52,+64.77,-49.41,1
1387.0508,1010.61,22.8,22.61,+64.77,-49.32,1
1387.1847,1010.67,22.8,22.09,+64.77,-49.84,1
1387.3203,1010.63,22.8,22.43,+64.77,-49.50,1
1387.4524,1010.57,22.8,22.95,+64.77,-48.98,1
1387.5867,1010.58,22.8,22.86,+64.77,-49.07,1
1387.7214,1010.58,22.8,22.86,+64.77,-49.07,1
1387.8553,1010.62,22.8,22.52,+64.77,-49.41,1
1387.9924,1010.60,22.8,22.69,+64.68,-49.33,1
1388.1271,1010.64,22.8,22.35,+64.68,-49.67,1
1388.2599,1010.61,22.8,22.61,+64.68,-49.41,1
1388.3954,1010.55,22.8,23.12,+64.68,-48.90,1
1388.5296,1010.60,22.8,22.69,+64.68,-49.33,1
1388.6617,1010.59,22.8,22.78,+64.68,-49.24,1
1388.7965,1010.58,22.8,22.86,+64.68,-49.16,1
1388.9230,1010.59,22.8,22.78,+64.58,-49.34,1
1389.0553,1010.59,22.8,22.78,+64.58,-49.34,1
1389.1872,1010.60,22.8,22.69,+64.58,-49.43,1
1389.3207,1010.58,22.8,22.86,+64.58,-49.26,1
1389.4553,1010.61,22.8,22.61,+64.58,-49.51,1
1389.5870,1010.56,22.8,23.04,+64.58,-49.08,1
1389.7206,1010.61,22.8,22.61,+64.58,-49.51,1
1389.8544,1010.60,22.8,22.69,+64.58,-49.43,1
1389.9906,1010.64,22.8,22.35,+64.48,-49.87,1
1390.1240,1010.69,22.8,21.92,+64.48,-50.30,1
1390.2574,1010.57,22.8,22.95,+64.48,-49.27,1
1390.3890,1010.60,22.8,22.69,+64.48,-49.53,1
1390.5234,1010.65,22.8,22.26,+64.48,-49.96,1
1390.6571,1010.62,22.8,22.52,+64.48,-49.70,1
1390.7894,1010.57,22.8,22.95,+64.48,-49.27,1
1390.9274,1010.58,22.8,22.86,+64.36,-49.47,1
1391.0599,1010.57,22.8,22.95,+64.36,-49.39,1
1391.1912,1010.60,22.8,22.69,+64.36,-49.64,1
1391.3244,1010.61,22.8,22.61,+64.36,-49.73,1
1391.4580,1010.57,22.8,22.95,+64.36,-49.39,1
1391.5905,1010.62,22.8,22.52,+64.36,-49.82,1
1391.7236,1010.66,22.8,22.18,+64.36,-50.16,1
1391.8575,1010.59,22.8,22.78,+64.36,-49.56,1
1391.9924,1010.66,22.8,22.18,+64.25,-50.27,1
1392.1257,1010.61,22.8,22.61,+64.25,-49.84,1
1392.2593,1010.67,22.8,22.09,+64.25,-50.35,1
1392.3925,1010.67,22.8,22.09,+64.25,-50.35,1
1392.5244,1010.66,22.8,22.18,+64.25,-50.27,1
1392.6588,1010.63,22.8,22.43,+64.25,-50.01,1
1392.7921,1010.65,22.8,22.26,+64.25,-50.18,1
1392.9278,1010.66,22.8,22.18,+64.15,-50.37,1
1393.0615,1010.63,22.8,22.43,+64.15,-50.11,1
1393.1963,1010.63,22.8,22.43,+64.15,-50.11,1
1393.3278,1010.58,22.7,22.86,+64.15,-49.69,1
1393.4612,1010.61,22.7,22.60,+64.15,-49.95,1
1393.5944,1010.64,22.7,22.34,+64.15,-50.21,1
1393.7297,1010.60,22.7,22.68,+64.15,-49.86,1
1393.8624,1010.56,22.7,23.03,+64.15,-49.52,1
1394.0002,1010.59,22.7,22.77,+63.99,-49.94,1
1394.1350,1010.61,22.7,22.60,+63.99,-50.11,1
1394.2679,1010.61,22.7,22.60,+63.99,-50.11,1
1394.4010,1010.63,22.7,22.43,+63.99,-50.29,1
1394.5340,1010.59,22.7,22.77,+63.99,-49.94,1
1394.6651,1010.60,22.7,22.68,+63.99,-50.03,1
1394.8008,1010.70,22.7,21.83,+63.99,-50.89,1
1394.9380,1010.61,22.7,22.60,+63.84,-50.26,1
1395.0700,1010.65,22.7,22.26,+63.84,-50.61,1
1395.2038,1010.59,22.7,22.77,+63.84,-50.09,1
1395.3384,1010.67,22.6,22.08,+63.84,-50.79,1
1395.4715,1010.68,22.6,21.99,+63.84,-50.87,1
1395.6027,1010.77,22.6,21.22,+63.84,-51.64,1
1395.7360,1010.68,22.6,21.99,+63.84,-50.87,1
1395.8710,1010.61,22.6,22.59,+63.84,-50.27,1
1396.0059,1010.75,22.6,21.39,+63.68,-51.63,1
1396.1398,1010.72,22.6,21.65,+63.68,-51.37,1
1396.2737,1010.72,22.6,21.65,+63.68,-51.37,1
1396.4061,1010.75,22.6,21.39,+63.68,-51.63,1
1396.5392,1010.69,22.6,21.91,+63.68,-51.11,1
1396.6728,1010.65,22.6,22.25,+63.68,-50.77,1
1396.8066,1010.67,22.6,22.08,+63.68,-50.94,1
1396.9433,1010.72,22.6,21.65,+63.55,-51.50,1
1397.0769,1010.65,22.6,22.25,+63.55,-50.90,1
1397.2107,1010.66,22.6,22.16,+63.55,-50.99,1
1397.3422,1010.60,22.6,22.68,+63.55,-50.47,1
1397.4777,1010.62,22.6,22.51,+63.55,-50.65,1
1397.6109,1010.68,22.6,21.99,+63.55,-51.16,1
1397.7426,1010.69,22.6,21.91,+63.55,-51.24,1
1397.8764,1010.66,22.5,22.15,+63.55,-51.00,1
1398.0015,1010.68,22.6,21.99,+63.41,-51.29,1
1398.1330,1010.67,22.5,22.07,+63.41,-51.22,1
1398.2649,1010.64,22.5,22.33,+63.41,-50.96,1
1398.3980,1010.66,22.5,22.15,+63.41,-51.13,1
1398.5327,1010.59,22.5,22.75,+63.41,-50.53,1
1398.6640,1010.71,22.5,21.73,+63.41,-51.56,1
1398.7974,1010.74,22.5,21.47,+63.41,-51.82,1
1398.9352,1010.65,22.5,22.24,+63.28,-51.18,1
1399.0691,1010.60,22.5,22.67,+63.28,-50.75,1
1399.2027,1010.68,22.5,21.98,+63.28,-51.44,1
1399.3359,1010.79,22.5,21.04,+63.28,-52.38,1
1399.4676,1010.76,22.5,21.30,+63.28,-52.12,1
1399.6020,1010.62,22.5,22.50,+63.28,-50.92,1
1399.7355,1010.65,22.5,22.24,+63.28,-51.18,1
1399.8693,1010.71,22.5,21.73,+63.28,-51.69,1
1400.0046,1010.67,22.5,22.07,+63.12,-51.51,1
1400.1406,1010.62,22.5,22.50,+63.12,-51.08,1
1400.2741,1010.64,22.5,22.33,+63.12,-51.25,1
1400.4059,1010.66,22.5,22.15,+63.12,-51.42,1
1400.5395,1010.64,22.5,22.33,+63.12,-51.25,1
1400.6743,1010.63,22.5,22.41,+63.12,-51.16,1
1400.8063,1010.64,22.5,22.33,+63.12,-51.25,1
1400.9442,1010.63,22.5,22.41,+62.94,-51.35,1
1401.0778,1010.68,22.5,21.98,+62.94,-51.78,1
1401.2108,1010.63,22.5,22.41,+62.94,-51.35,1
1401.3440,1010.62,22.5,22.50,+62.94,-51.27,1
1401.4777,1010.63,22.5,22.41,+62.94,-51.35,1
1401.6111,1010.65,22.5,22.24,+62.94,-51.52,1
1401.7438,1010.63,22.5,22.41,+62.94,-51.35,1
1401.8776,1010.64,22.5,22.33,+62.94,-51.44,1
1402.0138,1010.55,22.5,23.10,+62.73,-50.87,1
1402.1458,1010.68,22.5,21.98,+62.73,-51.98,1
1402.2797,1010.73,22.5,21.56,+62.73,-52.41,1
1402.4124,1010.66,22.5,22.15,+62.73,-51.81,1
1402.5440,1010.72,22.5,21.64,+62.73,-52.33,1
1402.6775,1010.68,22.5,21.98,+62.73,-51.98,1
1402.8125,1010.63,22.5,22.41,+62.73,-51.55,1
1402.9464,1010.65,22.5,22.24,+62.52,-51.94,1
1403.0800,1010.63,22.4,22.40,+62.52,-51.78,1
1403.2140,1010.57,22.4,22.92,+62.52,-51.27,1
1403.3487,1010.69,22.4,21.89,+62.52,-52.29,1
1403.4801,1010.63,22.4,22.40,+62.52,-51.78,1
1403.6132,1010.60,22.4,22.66,+62.52,-51.52,1
1403.7470,1010.63,22.4,22.40,+62.52,-51.78,1
1403.8806,1010.57,22.4,22.92,+62.52,-51.27,1
1404.0157,1010.60,22.4,22.66,+62.28,-51.76,1
1404.1486,1010.58,22.4,22.83,+62.28,-51.59,1
1404.2807,1010.57,22.4,22.92,+62.28,-51.51,1
1404.4153,1010.65,22.4,22.23,+62.28,-52.19,1
1404.5480,1010.63,22.4,22.40,+62.28,-52.02,1
1404.6800,1010.54,22.4,23.18,+62.28,-51.25,1
1404.8138,1010.61,22.4,22.58,+62.28,-51.85,1
1404.9503,1010.65,22.4,22.23,+62.28,-52.19,1
1405.0822,1010.59,22.4,22.75,+62.28,-51.68,1
1405.2163,1010.58,22.4,22.83,+62.28,-51.59,1
1405.3507,1010.60,22.4,22.66,+62.28,-51.76,1
1405.4862,1010.59,22.4,22.75,+62.28,-51.68,1
1405.6189,1010.56,22.4,23.00,+62.28,-51.42,1
1405.7535,1010.56,22.4,23.00,+62.28,-51.42,1
1405.8884,1010.59,22.4,22.75,+62.28,-51.68,1
1406.0242,1010.57,22.4,22.92,+62.02,-51.77,1
1406.1574,1010.63,22.4,22.40,+62.02,-52.28,1
1406.2920,1010.61,22.4,22.58,+62.02,-52.11,1
1406.4248,1010.60,22.4,22.66,+62.02,-52.02,1
1406.5592,1010.60,22.4,22.66,+62.02,-52.02,1
1406.6932,1010.61,22.4,22.58,+62.02,-52.11,1
1406.8261,1010.55,22.4,23.09,+62.02,-51.59,1
1406.9626,1010.59,22.4,22.75,+62.02,-51.94,1
1407.0988,1010.58,22.4,22.83,+62.02,-51.85,1
1407.2317,1010.63,22.4,22.40,+62.02,-52.28,1
1407.3660,1010.69,22.4,21.89,+62.02,-52.79,1
1407.5005,1010.66,22.4,22.15,+62.02,-52.54,1
1407.6340,1010.63,22.4,22.40,+62.02,-52.28,1
1407.7683,1010.60,22.4,22.66,+62.02,-52.02,1
1407.9036,1010.61,22.4,22.58,+62.02,-52.11,1
1408.0380,1010.58,22.4,22.83,+62.02,-51.85,1
1408.1738,1010.52,22.4,23.35,+62.02,-51.34,1
1408.3083,1010.59,22.3,22.74,+62.02,-51.94,1
1408.4409,1010.52,22.3,23.34,+62.02,-51.34,1
1408.5752,1010.55,22.3,23.08,+62.02,-51.60,1
1408.7107,1010.54,22.3,23.17,+62.02,-51.52,1
1408.8438,1010.56,22.3,23.00,+62.02,-51.69,1
1408.9804,1010.60,22.3,22.65,+62.02,-52.03,1
1409.1150,1010.55,22.3,23.08,+62.02,-51.60,1
1409.2486,1010.57,22.3,22.91,+62.02,-51.77,1
1409.3830,1010.53,22.3,23.25,+62.02,-51.43,1
1409.5170,1010.59,22.3,22.74,+62.02,-51.94,1
1409.6492,1010.56,22.3,23.00,+62.02,-51.69,1
1409.7855,1010.57,22.3,22.91,+62.02,-51.77,1
1409.9231,1010.71,22.3,21.71,+61.72,-53.27,1
1410.0557,1010.56,22.3,23.00,+61.72,-51.98,1
1410.1907,1010.58,22.3,22.82,+61.72,-52.15,1
1410.3263,1010.59,22.3,22.74,+61.72,-52.24,1
1410.4587,1010.54,22.3,23.17,+61.72,-51.81,1
1410.5928,1010.60,22.3,22.65,+61.72,-52.32,1
1410.7273,1010.56,22.3,23.00,+61.72,-51.98,1
1410.8632,1010.56,22.3,23.00,+61.72,-51.98,1
1410.9966,1010.57,22.3,22.91,+61.72,-52.07,1
1411.1312,1010.57,22.3,22.91,+61.72,-52.07,1
1411.2659,1010.65,22.3,22.23,+61.72,-52.75,1
1411.3992,1010.57,22.3,22.91,+61.72,-52.07,1
1411.5333,1010.55,22.3,23.08,+61.72,-51.90,1
1411.6673,1010.59,22.3,22.74,+61.72,-52.24,1
1411.8007,1010.60,22.3,22.65,+61.72,-52.32,1
1411.9381,1010.56,22.3,23.00,+61.42,-52.28,1
1412.0722,1010.56,22.3,23.00,+61.42,-52.28,1
1412.2055,1010.62,22.3,22.48,+61.42,-52.80,1
1412.3398,1010.54,22.3,23.17,+61.42,-52.11,1
1412.4750,1010.54,22.3,23.17,+61.42,-52.11,1
1412.6070,1010.53,22.3,23.25,+61.42,-52.02,1
1412.7415,1010.62,22.3,22.48,+61.42,-52.80,1
1412.8763,1010.56,22.3,23.00,+61.42,-52.28,1
1413.0138,1010.54,22.3,23.17,+61.12,-52.41,1
1413.1486,1010.54,22.3,23.17,+61.12,-52.41,1
1413.2830,1010.60,22.3,22.65,+61.12,-52.93,1
1413.4141,1010.60,22.3,22.65,+61.12,-52.93,1
1413.5489,1010.64,22.3,22.31,+61.12,-53.27,1
1413.6830,1010.56,22.3,23.00,+61.12,-52.59,1
1413.8182,1010.61,22.3,22.57,+61.12,-53.01,1
1413.9535,1010.54,22.3,23.17,+60.83,-52.70,1
1414.0883,1010.56,22.3,23.00,+60.83,-52.87,1
1414.2228,1010.58,22.3,22.82,+60.83,-53.04,1
1414.3554,1010.56,22.3,23.00,+60.83,-52.87,1
1414.4899,1010.66,22.3,22.14,+60.83,-53.73,1
1414.6243,1010.58,22.3,22.82,+60.83,-53.04,1
1414.7565,1010.61,22.3,22.57,+60.83,-53.30,1
1414.8917,1010.60,22.3,22.65,+60.83,-53.21,1
1415.0293,1010.56,22.3,23.00,+60.55,-53.15,1
1415.1633,1010.60,22.3,22.65,+60.55,-53.50,1
1415.2979,1010.54,22.3,23.17,+60.55,-52.98,1
1415.4324,1010.57,22.3,22.91,+60.55,-53.24,1
1415.5647,1010.58,22.3,22.82,+60.55,-53.33,1
1415.7010,1010.59,22.3,22.74,+60.55,-53.41,1
1415.8363,1010.52,22.3,23.34,+60.55,-52.81,1
1415.9716,1010.56,22.3,23.00,+60.25,-53.45,1
1416.1054,1010.56,22.3,23.00,+60.25,-53.45,1
1416.2413,1010.62,22.3,22.48,+60.25,-53.96,1
1416.3727,1010.57,22.3,22.91,+60.25,-53.54,1
1416.5069,1010.57,22.3,22.91,+60.25,-53.54,1
1416.6410,1010.62,22.3,22.48,+60.25,-53.96,1
1416.7747,1010.58,22.3,22.82,+60.25,-53.62,1
1416.9089,1010.60,22.3,22.65,+60.25,-53.79,1
1417.0452,1010.56,22.2,22.99,+59.98,-53.73,1
1417.1777,1010.59,22.2,22.73,+59.98,-53.99,1
1417.3108,1010.63,22.2,22.39,+59.98,-54.33,1
1417.4439,1010.54,22.2,23.16,+59.98,-53.56,1
1417.5783,1010.57,22.2,22.90,+59.98,-53.82,1
1417.7114,1010.53,22.2,23.25,+59.98,-53.48,1
1417.8465,1010.57,22.2,22.90,+59.98,-53.82,1
1417.9834,1010.55,22.2,23.07,+59.71,-53.92,1
1418.1160,1010.52,22.2,23.33,+59.71,-53.66,1
1418.2508,1010.59,22.2,22.73,+59.71,-54.26,1
1418.3863,1010.58,22.2,22.82,+59.71,-54.17,1
1418.5188,1010.55,22.2,23.07,+59.71,-53.92,1
1418.6528,1010.55,22.2,23.07,+59.71,-53.92,1
1418.7875,1010.55,22.2,23.07,+59.71,-53.92,1
1418.9246,1010.54,22.2,23.16,+59.43,-54.11,1
1419.0581,1010.57,22.2,22.90,+59.43,-54.36,1
1419.1924,1010.49,22.2,23.59,+59.43,-53.68,1
1419.3251,1010.54,22.2,23.16,+59.43,-54.11,1
1419.4600,1010.57,22.2,22.90,+59.43,-54.36,1
1419.5932,1010.50,22.2,23.50,+59.43,-53.76,1
1419.7247,1010.58,22.2,22.82,+59.43,-54.45,1
1419.8590,1010.59,22.2,22.73,+59.43,-54.53,1
1419.9962,1010.55,22.2,23.07,+59.17,-54.46,1
1420.1279,1010.55,22.2,23.07,+59.17,-54.46,1
1420.2614,1010.56,22.2,22.99,+59.17,-54.55,1
1420.3955,1010.50,22.2,23.50,+59.17,-54.03,1
1420.5293,1010.57,22.2,22.90,+59.17,-54.63,1
1420.6636,1010.47,22.2,23.76,+59.17,-53.78,1
1420.7989,1010.56,22.2,22.99,+59.17,-54.55,1
1420.9344,1010.54,22.2,23.16,+58.89,-54.65,1
1421.0692,1010.56,22.2,22.99,+58.89,-54.82,1
1421.2030,1010.55,22.2,23.07,+58.89,-54.74,1
1421.3373,1010.52,22.2,23.33,+58.89,-54.48,1
1421.4698,1010.53,22.2,23.25,+58.89,-54.57,1
1421.6056,1010.57,22.2,22.90,+58.89,-54.91,1
1421.7399,1010.54,22.2,23.16,+58.89,-54.65,1
1421.8732,1010.47,22.2,23.76,+58.89,-54.05,1
1422.0094,1010.55,22.2,23.07,+58.60,-55.03,1
1422.1446,1010.54,22.2,23.16,+58.60,-54.94,1
1422.2775,1010.54,22.2,23.16,+58.60,-54.94,1
1422.4116,1010.51,22.2,23.42,+58.60,-54.69,1
1422.5462,1010.51,22.2,23.42,+58.60,-54.69,1
1422.6787,1010.59,22.2,22.73,+58.60,-55.37,1
1422.8126,1010.60,22.2,22.65,+58.60,-55.46,1
1422.9506,1010.57,22.2,22.90,+58.35,-55.45,1
1423.0832,1010.55,22.2,23.07,+58.35,-55.28,1
1423.2191,1010.55,22.2,23.07,+58.35,-55.28,1
1423.3524,1010.62,22.2,22.47,+58.35,-55.88,1
1423.4868,1010.59,22.2,22.73,+58.35,-55.62,1
1423.6183,1010.63,22.1,22.38,+58.35,-55.97,1
1423.7529,1010.58,22.1,22.81,+58.35,-55.54,1
1423.8866,1010.62,22.2,22.47,+58.35,-55.88,1
1424.0223,1010.59,22.1,22.72,+58.12,-55.86,1
1424.1556,1010.64,22.1,22.30,+58.12,-56.28,1
1424.2923,1010.57,22.1,22.90,+58.12,-55.69,1
1424.4244,1010.56,22.1,22.98,+58.12,-55.60,1
1424.5585,1010.57,22.1,22.90,+58.12,-55.69,1
1424.6930,1010.61,22.1,22.55,+58.12,-56.03,1
1424.8262,1010.58,22.1,22.81,+58.12,-55.77,1
1424.9613,1010.57,22.1,22.90,+57.90,-55.91,1
1425.0959,1010.57,22.2,22.90,+57.90,-55.90,1
1425.2307,1010.54,22.2,23.16,+57.90,-55.64,1
1425.3645,1010.55,22.2,23.07,+57.90,-55.73,1
1425.4986,1010.52,22.2,23.33,+57.90,-55.47,1
1425.6328,1010.53,22.2,23.25,+57.90,-55.56,1
1425.7660,1010.48,22.2,23.67,+57.90,-55.13,1
1425.9013,1010.55,22.2,23.07,+57.90,-55.73,1
1426.0387,1010.53,22.2,23.25,+57.69,-55.76,1
1426.1721,1010.48,22.2,23.67,+57.69,-55.34,1
1426.3056,1010.54,22.2,23.16,+57.69,-55.85,1
1426.4404,1010.49,22.2,23.59,+57.69,-55.42,1
1426.5729,1010.51,22.2,23.42,+57.69,-55.59,1
1426.7075,1010.46,22.2,23.84,+57.69,-55.17,1
1426.8429,1010.51,22.2,23.42,+57.69,-55.59,1
1426.9797,1010.57,22.2,22.90,+57.50,-56.30,1
1427.1143,1010.51,22.2,23.42,+57.50,-55.78,1
1427.2495,1010.48,22.2,23.67,+57.50,-55.53,1
1427.3822,1010.51,22.2,23.42,+57.50,-55.78,1
1427.5164,1010.54,22.2,23.16,+57.50,-56.04,1
1427.6501,1010.51,22.2,23.42,+57.50,-55.78,1
1427.7825,1010.49,22.2,23.59,+57.50,-55.61,1
1427.9210,1010.54,22.2,23.16,+57.32,-56.22,1
1428.0570,1010.53,22.2,23.25,+57.32,-56.14,1
1428.1897,1010.54,22.2,23.16,+57.32,-56.22,1
1428.3242,1010.55,22.2,23.07,+57.32,-56.31,1
1428.4587,1010.57,22.2,22.90,+57.32,-56.48,1
1428.5939,1010.51,22.2,23.42,+57.32,-55.96,1
1428.7265,1010.51,22.2,23.42,+57.32,-55.96,1
1428.8623,1010.60,22.2,22.65,+57.32,-56.74,1
1428.9998,1010.59,22.2,22.73,+57.18,-56.78,1
1429.1335,1010.52,22.2,23.33,+57.18,-56.18,1
1429.2680,1010.58,22.2,22.82,+57.18,-56.70,1
1429.4022,1010.61,22.2,22.56,+57.18,-56.95,1
1429.5353,1010.55,22.2,23.07,+57.18,-56.44,1
1429.6722,1010.55,22.2,23.07,+57.18,-56.44,1
1429.8061,1010.55,22.2,23.07,+57.18,-56.44,1
1429.9412,1010.51,22.2,23.42,+57.05,-56.24,1
1430.0751,1010.55,22.2,23.07,+57.05,-56.58,1
1430.2099,1010.51,22.2,23.42,+57.05,-56.24,1
1430.3414,1010.47,22.2,23.76,+57.05,-55.89,1
1430.4751,1010.56,22.2,22.99,+57.05,-56.66,1
1430.6082,1010.52,22.2,23.33,+57.05,-56.32,1
1430.7422,1010.47,22.2,23.76,+57.05,-55.89,1
1430.8760,1010.52,22.2,23.33,+57.05,-56.32,1
1431.0124,1010.49,22.2,23.59,+56.92,-56.19,1
1431.1443,1010.55,22.2,23.07,+56.92,-56.70,1
1431.2798,1010.48,22.2,23.67,+56.92,-56.10,1
1431.4130,1010.57,22.2,22.90,+56.92,-56.87,1
1431.5443,1010.55,22.2,23.07,+56.92,-56.70,1
1431.6779,1010.55,22.2,23.07,+56.92,-56.70,1
1431.8135,1010.55,22.2,23.07,+56.92,-56.70,1
1431.9477,1010.52,22.2,23.33,+56.82,-56.55,1
1432.0813,1010.48,22.2,23.67,+56.82,-56.21,1
1432.2155,1010.52,22.2,23.33,+56.82,-56.55,1
1432.3477,1010.52,22.2,23.33,+56.82,-56.55,1
1432.4791,1010.50,22.2,23.50,+56.82,-56.38,1
1432.6121,1010.61,22.2,22.56,+56.82,-57.32,1
1432.7457,1010.54,22.2,23.16,+56.82,-56.72,1
1432.8791,1010.50,22.2,23.50,+56.82,-56.38,1
1433.0141,1010.48,22.2,23.67,+56.70,-56.33,1
1433.1482,1010.47,22.2,23.76,+56.70,-56.24,1
1433.2813,1010.52,22.2,23.33,+56.70,-56.67,1
1433.4158,1010.52,22.2,23.33,+56.70,-56.67,1
1433.5499,1010.52,22.2,23.33,+56.70,-56.67,1
1433.6826,1010.57,22.2,22.90,+56.70,-57.10,1
1433.8180,1010.50,22.2,23.50,+56.70,-56.50,1
1433.9568,1010.51,22.2,23.42,+56.58,-56.70,1
1434.0897,1010.54,22.2,23.16,+56.58,-56.96,1
1434.2249,1010.49,22.2,23.59,+56.58,-56.53,1
1434.3593,1010.60,22.2,22.65,+56.58,-57.47,1
1434.4929,1010.49,22.2,23.59,+56.58,-56.53,1
1434.6260,1010.45,22.2,23.93,+56.58,-56.19,1
1434.7602,1010.57,22.2,22.90,+56.58,-57.21,1
1434.8933,1010.47,22.2,23.76,+56.58,-56.36,1
1435.0306,1010.51,22.2,23.42,+56.46,-56.82,1
1435.1647,1010.53,22.2,23.25,+56.46,-56.99,1
1435.2972,1010.46,22.2,23.84,+56.46,-56.39,1
1435.4317,1010.52,22.2,23.33,+56.46,-56.90,1
1435.5673,1010.51,22.2,23.42,+56.46,-56.82,1
1435.6995,1010.50,22.2,23.50,+56.46,-56.73,1
1435.8347,1010.55,22.2,23.07,+56.46,-57.16,1
1435.9715,1010.56,22.2,22.99,+56.46,-57.25,1
1436.1054,1010.53,22.2,23.25,+56.46,-56.99,1
1436.2391,1010.49,22.2,23.59,+56.46,-56.65,1
1436.3736,1010.50,22.2,23.50,+56.46,-56.73,1
1436.5054,1010.56,22.2,22.99,+56.46,-57.25,1
1436.6409,1010.50,22.2,23.50,+56.46,-56.73,1
1436.7742,1010.56,22.2,22.99,+56.46,-57.25,1
1436.9061,1010.44,22.2,24.02,+56.46,-56.22,1
1437.0405,1010.50,22.2,23.50,+56.46,-56.73,1
1437.1745,1010.53,22.2,23.25,+56.46,-56.99,1
1437.3078,1010.50,22.2,23.50,+56.46,-56.73,1
1437.4394,1010.49,22.2,23.59,+56.46,-56.65,1
1437.5725,1010.52,22.2,23.33,+56.46,-56.90,1
1437.7071,1010.47,22.1,23.75,+56.46,-56.48,1
1437.8394,1010.53,22.2,23.25,+56.46,-56.99,1
1437.9748,1010.47,22.1,23.75,+56.46,-56.48,1
1438.1084,1010.49,22.2,23.59,+56.46,-56.65,1
1438.2418,1010.47,22.2,23.76,+56.46,-56.48,1
1438.3752,1010.55,22.2,23.07,+56.46,-57.16,1
1438.5085,1010.42,22.2,24.19,+56.46,-56.05,1
1438.6398,1010.46,22.2,23.84,+56.46,-56.39,1
1438.7748,1010.52,22.2,23.33,+56.46,-56.90,1
1438.9087,1010.44,22.2,24.02,+56.46,-56.22,1
1439.0428,1010.51,22.2,23.42,+56.40,-56.88,1
1439.1766,1010.50,22.2,23.50,+56.40,-56.80,1
1439.3113,1010.46,22.1,23.84,+56.40,-56.46,1
1439.4444,1010.48,22.2,23.67,+56.40,-56.62,1
1439.5757,1010.47,22.1,23.75,+56.40,-56.55,1
1439.7093,1010.46,22.1,23.84,+56.40,-56.46,1
1439.8443,1010.56,22.1,22.98,+56.40,-57.32,1
1439.9775,1010.46,22.1,23.84,+56.40,-56.46,1
1440.1126,1010.55,22.1,23.07,+56.40,-57.23,1
1440.2465,1010.52,22.1,23.32,+56.40,-56.97,1
1440.3788,1010.60,22.1,22.64,+56.40,-57.66,1
1440.5118,1010.49,22.1,23.58,+56.40,-56.72,1
1440.6451,1010.44,22.1,24.01,+56.40,-56.29,1
1440.7787,1010.40,22.1,24.35,+56.40,-55.95,1
1440.9123,1010.40,22.1,24.35,+56.40,-55.95,1
1441.0474,1010.46,22.1,23.84,+56.37,-56.49,1
1441.1807,1010.51,22.1,23.41,+56.37,-56.92,1
1441.3126,1010.48,22.1,23.67,+56.37,-56.66,1
1441.4471,1010.41,22.1,24.26,+56.37,-56.06,1
1441.5800,1010.43,22.1,24.09,+56.37,-56.24,1
1441.7117,1010.47,22.1,23.75,+56.37,-56.58,1
1441.8455,1010.56,22.1,22.98,+56.37,-57.35,1
1441.9831,1010.47,22.1,23.75,+56.40,-56.55,1
1442.1149,1010.46,22.1,23.84,+56.40,-56.46,1
1442.2486,1010.48,22.1,23.67,+56.40,-56.64,1
1442.3822,1010.46,22.1,23.84,+56.40,-56.46,1
1442.5166,1010.46,22.1,23.84,+56.40,-56.46,1
1442.6487,1010.46,22.1,23.84,+56.40,-56.46,1
1442.7820,1010.43,22.1,24.09,+56.40,-56.21,1
1442.9188,1010.47,22.1,23.75,+56.42,-56.53,1
1443.0533,1010.43,22.1,24.09,+56.42,-56.19,1
1443.1869,1010.44,22.1,24.01,+56.42,-56.27,1
1443.3216,1010.46,22.1,23.84,+56.42,-56.44,1
1443.4538,1010.40,22.1,24.35,+56.42,-55.93,1
1443.5882,1010.45,22.1,23.92,+56.42,-56.36,1
1443.7214,1010.44,22.1,24.01,+56.42,-56.27,1
1443.8539,1010.44,22.1,24.01,+56.42,-56.27,1
1443.9891,1010.44,22.1,24.01,+56.47,-56.22,1
1444.1245,1010.44,22.1,24.01,+56.47,-56.22,1
1444.2565,1010.45,22.1,23.92,+56.47,-56.31,1
1444.3897,1010.40,22.1,24.35,+56.47,-55.88,1
1444.5231,1010.41,22.1,24.26,+56.47,-55.97,1
1444.6556,1010.42,22.1,24.18,+56.47,-56.05,1
1444.7894,1010.43,22.1,24.09,+56.47,-56.14,1
1444.9278,1010.42,22.1,24.18,+56.53,-55.99,1
1445.0598,1010.40,22.1,24.35,+56.53,-55.82,1
1445.1945,1010.44,22.1,24.01,+56.53,-56.16,1
1445.3279,1010.42,22.1,24.18,+56.53,-55.99,1
1445.4616,1010.38,22.1,24.52,+56.53,-55.64,1
1445.5933,1010.40,22.1,24.35,+56.53,-55.82,1
1445.7278,1010.42,22.1,24.18,+56.53,-55.99,1
1445.8623,1010.43,22.1,24.09,+56.53,-56.07,1
1445.9965,1010.35,22.1,24.78,+56.62,-55.30,1
1446.1300,1010.37,22.1,24.61,+56.62,-55.48,1
1446.2649,1010.39,22.1,24.44,+56.62,-55.65,1
1446.3977,1010.39,22.1,24.44,+56.62,-55.65,1
1446.5310,1010.38,22.1,24.52,+56.62,-55.56,1
1446.6641,1010.41,22.1,24.26,+56.62,-55.82,1
1446.7992,1010.39,22.1,24.44,+56.62,-55.65,1
1446.9357,1010.38,22.1,24.52,+56.69,-55.48,1
1447.0681,1010.39,22.1,24.44,+56.69,-55.57,1
1447.2016,1010.41,22.1,24.26,+56.69,-55.74,1
1447.3348,1010.40,22.1,24.35,+56.69,-55.66,1
1447.4680,1010.39,22.1,24.44,+56.69,-55.57,1
1447.6020,1010.37,22.1,24.61,+56.69,-55.40,1
1447.7347,1010.38,22.1,24.52,+56.69,-55.48,1
1447.8712,1010.40,22.1,24.35,+56.69,-55.66,1
1448.0085,1010.35,22.1,24.78,+56.78,-55.14,1
1448.1416,1010.39,22.1,24.44,+56.78,-55.48,1
1448.2765,1010.41,22.1,24.26,+56.78,-55.66,1
1448.4122,1010.46,22.1,23.84,+56.78,-56.08,1
1448.5446,1010.45,22.1,23.92,+56.78,-56.00,1
1448.6791,1010.35,22.1,24.78,+56.78,-55.14,1
1448.8143,1010.36,22.0,24.68,+56.78,-55.24,1
1448.9503,1010.35,22.0,24.77,+56.87,-55.07,1
1449.0837,1010.36,22.0,24.68,+56.87,-55.15,1
1449.2185,1010.46,22.1,23.84,+56.87,-56.00,1
1449.3509,1010.33,22.0,24.94,+56.87,-54.89,1
1449.4854,1010.35,22.0,24.77,+56.87,-55.07,1
1449.6189,1010.41,22.0,24.26,+56.87,-55.58,1
1449.7538,1010.33,22.0,24.94,+56.87,-54.89,1
1449.8868,1010.27,22.0,25.45,+56.87,-54.38,1
1450.0236,1010.27,22.0,25.45,+56.92,-54.33,1
1450.1578,1010.34,22.0,24.85,+56.92,-54.93,1
1450.2902,1010.39,22.0,24.43,+56.92,-55.35,1
1450.4249,1010.35,22.0,24.77,+56.92,-55.01,1
1450.5606,1010.26,22.0,25.54,+56.92,-54.24,1
1450.6929,1010.29,22.0,25.28,+56.92,-54.50,1
1450.8277,1010.31,22.0,25.11,+56.92,-54.67,1
1450.9655,1010.31,22.0,25.11,+56.97,-54.62,1
1451.0995,1010.31,22.0,25.11,+56.97,-54.62,1
1451.2341,1010.34,22.0,24.85,+56.97,-54.88,1
1451.3682,1010.27,22.0,25.45,+56.97,-54.28,1
1451.5017,1010.30,22.0,25.20,+56.97,-54.54,1
1451.6362,1010.32,22.0,25.03,+56.97,-54.71,1
1451.7700,1010.30,22.0,25.20,+56.97,-54.54,1
1451.9028,1010.30,22.0,25.20,+56.97,-54.54,1
1452.0404,1010.23,22.0,25.80,+57.00,-53.91,1
1452.1762,1010.27,22.0,25.45,+57.00,-54.25,1
1452.3086,1010.28,22.0,25.37,+57.00,-54.33,1
1452.4433,1010.31,22.0,25.11,+57.00,-54.59,1
1452.5775,1010.25,22.0,25.62,+57.00,-54.08,1
1452.7109,1010.31,22.0,25.11,+57.00,-54.59,1
1452.8473,1010.24,22.0,25.71,+57.00,-53.99,1
1452.9850,1010.22,22.0,25.88,+57.02,-53.80,1
1453.1176,1010.27,22.0,25.45,+57.02,-54.23,1
1453.2525,1010.22,22.0,25.88,+57.02,-53.80,1
1453.3862,1010.25,22.0,25.62,+57.02,-54.06,1
1453.5184,1010.26,22.0,25.54,+57.02,-54.14,1
1453.6525,1010.19,22.0,26.14,+57.02,-53.54,1
1453.7875,1010.24,22.0,25.71,+57.02,-53.97,1
1453.9233,1010.25,22.0,25.62,+57.05,-54.03,1
1454.0561,1010.20,22.0,26.05,+57.05,-53.60,1
1454.1902,1010.25,22.0,25.62,+57.05,-54.03,1
1454.3239,1010.21,22.0,25.97,+57.05,-53.68,1
1454.4581,1010.22,22.0,25.88,+57.05,-53.77,1
1454.5921,1010.23,22.0,25.80,+57.05,-53.85,1
1454.7264,1010.25,22.0,25.62,+57.05,-54.03,1
1454.8624,1010.25,22.0,25.62,+57.05,-54.03,1
1454.9983,1010.15,22.0,26.48,+57.10,-53.12,1
1455.1324,1010.16,22.0,26.40,+57.10,-53.21,1
1455.2658,1010.17,22.0,26.31,+57.10,-53.29,1
1455.4003,1010.20,22.0,26.05,+57.10,-53.55,1
1455.5340,1010.17,22.0,26.31,+57.10,-53.29,1
1455.6664,1010.17,22.0,26.31,+57.10,-53.29,1
1455.8029,1010.20,22.0,26.05,+57.10,-53.55,1
1455.9415,1010.17,22.0,26.31,+57.14,-53.25,1
1456.0743,1010.17,22.0,26.31,+57.14,-53.25,1
1456.2093,1010.14,22.0,26.57,+57.14,-52.99,1
1456.3436,1010.17,22.0,26.31,+57.14,-53.25,1
1456.4773,1010.21,22.0,25.97,+57.14,-53.59,1
1456.6115,1010.14,22.0,26.57,+57.14,-52.99,1
1456.7463,1010.11,22.0,26.82,+57.14,-52.73,1
1456.8794,1010.20,22.0,26.05,+57.14,-53.51,1
1457.0178,1010.19,22.0,26.14,+57.19,-53.37,1
1457.1521,1010.20,22.0,26.05,+57.19,-53.46,1
1457.2850,1010.15,22.0,26.48,+57.19,-53.03,1
1457.4182,1010.08,22.0,27.08,+57.19,-52.43,1
1457.5547,1010.17,22.0,26.31,+57.19,-53.20,1
1457.6869,1010.16,22.0,26.40,+57.19,-53.11,1
1457.8230,1010.06,22.0,27.25,+57.19,-52.26,1
1457.9615,1010.11,22.0,26.82,+57.20,-52.67,1
1458.0943,1010.14,22.0,26.57,+57.20,-52.93,1
1458.2279,1010.09,22.0,26.99,+57.20,-52.50,1
1458.3612,1010.14,22.0,26.57,+57.20,-52.93,1
1458.4949,1010.11,22.0,26.82,+57.20,-52.67,1
1458.6275,1010.14,22.0,26.57,+57.20,-52.93,1
1458.7609,1010.14,22.0,26.57,+57.20,-52.93,1
1458.8947,1010.15,22.0,26.48,+57.20,-53.02,1
1459.0312,1010.11,22.0,26.82,+57.27,-52.61,1
1459.1657,1010.10,22.0,26.91,+57.27,-52.52,1
1459.2998,1010.12,22.0,26.74,+57.27,-52.69,1
1459.4326,1010.13,22.0,26.65,+57.27,-52.78,1
1459.5672,1010.15,22.0,26.48,+57.27,-52.95,1
1459.7033,1010.06,22.0,27.25,+57.27,-52.18,1
1459.8374,1010.07,22.0,27.17,+57.27,-52.26,1
1459.9750,1010.14,22.0,26.57,+57.33,-52.81,1
1460.1096,1010.11,22.0,26.82,+57.33,-52.55,1
1460.2438,1010.07,22.0,27.17,+57.33,-52.21,1
1460.3779,1010.09,22.0,26.99,+57.33,-52.38,1
1460.5120,1010.03,22.0,27.51,+57.33,-51.87,1
1460.6444,1010.06,22.0,27.25,+57.33,-52.12,1
1460.7790,1010.09,22.0,26.99,+57.33,-52.38,1
1460.9146,1010.06,22.0,27.25,+57.33,-52.12,1
1461.0497,1010.03,22.0,27.51,+57.39,-51.80,1
1461.1847,1010.11,22.0,26.82,+57.39,-52.49,1
1461.3207,1010.09,22.0,26.99,+57.39,-52.32,1
1461.4529,1010.09,22.0,26.99,+57.39,-52.32,1
1461.5870,1010.03,22.0,27.51,+57.39,-51.80,1
1461.7217,1010.05,22.0,27.34,+57.39,-51.97,1
1461.8563,1010.09,22.0,26.99,+57.39,-52.32,1
1461.9934,1010.06,22.0,27.25,+57.46,-51.99,1
1462.1278,1010.11,22.0,26.82,+57.46,-52.41,1
1462.2610,1010.08,22.0,27.08,+57.46,-52.16,1
1462.3953,1010.08,22.0,27.08,+57.46,-52.16,1
1462.5289,1010.01,22.0,27.68,+57.46,-51.56,1
1462.6611,1010.10,22.0,26.91,+57.46,-52.33,1
1462.7962,1010.03,22.0,27.51,+57.46,-51.73,1
1462.9347,1010.03,22.0,27.51,+57.53,-51.66,1
1463.0673,1010.01,22.0,27.68,+57.53,-51.49,1
1463.2020,1010.05,22.0,27.34,+57.53,-51.83,1
1463.3364,1010.08,22.0,27.08,+57.53,-52.09,1
1463.4697,1010.07,22.0,27.17,+57.53,-52.00,1
1463.6039,1010.00,22.0,27.76,+57.53,-51.40,1
1463.7386,1009.99,22.0,27.85,+57.53,-51.32,1
1463.8717,1010.05,22.0,27.34,+57.53,-51.83,1
1464.0094,1010.06,22.0,27.25,+57.61,-51.84,1
1464.1433,1010.05,22.0,27.34,+57.61,-51.75,1
1464.2775,1010.03,22.0,27.51,+57.61,-51.58,1
1464.4097,1010.03,22.0,27.51,+57.61,-51.58,1
1464.5456,1010.04,22.0,27.42,+57.61,-51.67,1
1464.6798,1010.02,22.0,27.59,+57.61,-51.50,1
1464.8131,1010.04,22.0,27.42,+57.61,-51.67,1
1464.9520,1009.99,22.0,27.85,+57.70,-51.15,1
1465.0877,1009.99,22.0,27.85,+57.70,-51.15,1
1465.2205,1009.99,22.0,27.85,+57.70,-51.15,1
1465.3547,1009.98,22.0,27.94,+57.70,-51.06,1
1465.4891,1009.97,22.0,28.02,+57.70,-50.98,1
1465.6229,1010.03,22.0,27.51,+57.70,-51.49,1
1465.7572,1010.00,22.0,27.76,+57.70,-51.24,1
1465.8937,1009.99,22.0,27.85,+57.70,-51.15,1
1466.0299,1010.00,22.0,27.76,+57.79,-51.14,1
1466.1642,1010.02,22.0,27.59,+57.79,-51.31,1
1466.2989,1010.03,22.0,27.51,+57.79,-51.40,1
1466.4318,1010.00,22.0,27.76,+57.79,-51.14,1
1466.5661,1009.93,21.9,28.35,+57.79,-50.55,1
1466.7016,1009.91,21.9,28.53,+57.79,-50.38,1
1466.8365,1009.91,21.9,28.53,+57.79,-50.38,1
1466.9615,1009.96,21.9,28.10,+57.88,-50.72,1
1467.0962,1009.95,21.9,28.18,+57.88,-50.63,1
1467.2298,1010.00,21.9,27.76,+57.88,-51.06,1
1467.3642,1010.03,21.9,27.50,+57.88,-51.32,1
1467.4990,1009.96,21.9,28.10,+57.88,-50.72,1
1467.6313,1009.99,21.9,27.84,+57.88,-50.98,1
1467.7670,1009.89,21.9,28.70,+57.88,-50.12,1
1467.9033,1009.92,21.9,28.44,+57.88,-50.38,1
1468.0395,1009.98,21.9,27.93,+57.98,-50.79,1
1468.1748,1009.94,21.9,28.27,+57.98,-50.45,1
1468.3110,1009.98,21.9,27.93,+57.98,-50.79,1
1468.4436,1009.94,21.9,28.27,+57.98,-50.45,1
1468.5781,1009.95,21.9,28.18,+57.98,-50.54,1
1468.7125,1009.94,21.9,28.27,+57.98,-50.45,1
1468.8473,1009.95,21.9,28.18,+57.98,-50.54,1
1468.9832,1009.94,21.9,28.27,+58.09,-50.34,1
1469.1173,1009.93,21.9,28.35,+58.09,-50.26,1
1469.2503,1009.97,21.9,28.01,+58.09,-50.60,1
1469.3858,1009.98,21.9,27.93,+58.09,-50.69,1
1469.5200,1009.89,21.9,28.70,+58.09,-49.91,1
1469.6521,1010.05,21.9,27.33,+58.09,-51.28,1
1469.7869,1009.94,21.9,28.27,+58.09,-50.34,1
1469.9270,1009.95,21.9,28.18,+58.19,-50.33,1
1470.0587,1009.91,21.9,28.53,+58.19,-49.99,1
1470.1939,1009.89,21.9,28.70,+58.19,-49.82,1
1470.3283,1009.97,21.9,28.01,+58.19,-50.50,1
1470.4616,1010.00,21.9,27.76,+58.19,-50.76,1
1470.5958,1009.94,21.9,28.27,+58.19,-50.25,1
1470.7304,1009.99,21.9,27.84,+58.19,-50.67,1
1470.8647,1009.89,21.9,28.70,+58.19,-49.82,1
1471.0018,1009.96,21.9,28.10,+58.27,-50.33,1
1471.1349,1009.93,21.9,28.35,+58.27,-50.07,1
1471.2665,1009.89,21.9,28.70,+58.27,-49.73,1
1471.4008,1009.96,21.9,28.10,+58.27,-50.33,1
1471.5366,1009.98,21.9,27.93,+58.27,-50.50,1
1471.6689,1009.99,21.9,27.84,+58.27,-50.59,1
1471.8050,1009.89,21.9,28.70,+58.27,-49.73,1
1471.9428,1009.98,21.9,27.93,+58.36,-50.41,1
1472.0756,1009.88,21.9,28.78,+58.36,-49.55,1
1472.2092,1009.85,21.9,29.04,+58.36,-49.30,1
1472.3429,1009.91,21.9,28.53,+58.36,-49.81,1
1472.4755,1009.95,21.9,28.18,+58.36,-50.15,1
1472.6109,1009.94,21.9,28.27,+58.36,-50.07,1
1472.7452,1009.94,21.9,28.27,+58.36,-50.07,1
1472.8781,1009.90,21.9,28.61,+58.36,-49.72,1
1473.0156,1009.90,21.9,28.61,+58.46,-49.63,1
1473.1515,1009.81,21.9,29.38,+58.46,-48.86,1
1473.2842,1009.90,21.9,28.61,+58.46,-49.63,1
1473.4174,1009.89,21.9,28.70,+58.46,-49.54,1
1473.5513,1009.90,21.9,28.61,+58.46,-49.63,1
1473.6846,1009.91,21.9,28.53,+58.46,-49.71,1
1473.8213,1009.93,21.9,28.35,+58.46,-49.88,1
1473.9464,1009.86,21.9,28.95,+58.56,-49.19,1
1474.0787,1009.98,21.9,27.93,+58.56,-50.22,1
1474.2124,1009.96,21.9,28.10,+58.56,-50.05,1
1474.3470,1009.87,21.9,28.87,+58.56,-49.28,1
1474.4818,1009.92,21.9,28.44,+58.56,-49.70,1
1474.6136,1009.92,21.9,28.44,+58.56,-49.70,1
1474.7491,1009.85,21.9,29.04,+58.56,-49.10,1
1474.8840,1009.87,21.9,28.87,+58.56,-49.28,1
1475.0193,1009.85,21.9,29.04,+58.64,-49.02,1
1475.1537,1009.88,21.9,28.78,+58.64,-49.28,1
1475.2902,1009.85,21.9,29.04,+58.64,-49.02,1
1475.4228,1009.82,21.9,29.30,+58.64,-48.76,1
1475.5568,1009.83,21.9,29.21,+58.64,-48.85,1
1475.6915,1009.79,21.9,29.55,+58.64,-48.51,1
1475.8273,1009.81,21.9,29.38,+58.64,-48.68,1
1475.9630,1009.83,21.9,29.21,+58.76,-48.73,1
1476.0973,1009.87,21.9,28.87,+58.76,-49.07,1
1476.2307,1009.80,21.9,29.47,+58.76,-48.47,1
1476.3651,1009.81,21.9,29.38,+58.76,-48.56,1
1476.4988,1009.80,21.9,29.47,+58.76,-48.47,1
1476.6315,1009.80,21.9,29.47,+58.76,-48.47,1
1476.7662,1009.80,21.9,29.47,+58.76,-48.47,1
1476.9034,1009.80,21.9,29.47,+58.76,-48.47,1
1477.0387,1009.90,21.9,28.61,+58.88,-49.21,1
1477.1739,1009.90,21.9,28.61,+58.88,-49.21,1
1477.3085,1009.80,21.9,29.47,+58.88,-48.35,1
1477.4422,1009.82,21.9,29.30,+58.88,-48.52,1
1477.5764,1009.80,21.9,29.47,+58.88,-48.35,1
1477.7113,1009.82,21.9,29.30,+58.88,-48.52,1
1477.8459,1009.73,21.9,30.07,+58.88,-47.75,1
1477.9833,1009.77,21.9,29.72,+58.99,-47.99,1
1478.1174,1009.80,21.9,29.47,+58.99,-48.25,1
1478.2509,1009.79,21.9,29.55,+58.99,-48.16,1
1478.3852,1009.83,21.9,29.21,+58.99,-48.50,1
1478.5207,1009.79,21.9,29.55,+58.99,-48.16,1
1478.6535,1009.82,21.9,29.30,+58.99,-48.42,1
1478.7878,1009.80,21.9,29.47,+58.99,-48.25,1
1478.9269,1009.85,21.9,29.04,+59.11,-48.55,1
1479.0610,1009.79,21.9,29.55,+59.11,-48.04,1
1479.1956,1009.81,21.9,29.38,+59.11,-48.21,1
1479.3301,1009.84,21.9,29.12,+59.11,-48.46,1
1479.4633,1009.78,21.9,29.64,+59.11,-47.95,1
1479.5976,1009.86,21.9,28.95,+59.11,-48.63,1
1479.7320,1009.86,21.9,28.95,+59.11,-48.63,1
1479.8657,1009.86,21.9,28.95,+59.11,-48.63,1
1480.0033,1009.77,21.9,29.72,+59.25,-47.73,1
1480.1387,1009.82,21.9,29.30,+59.25,-48.15,1
1480.2716,1009.76,21.9,29.81,+59.25,-47.64,1
1480.4058,1009.71,21.9,30.24,+59.25,-47.21,1
1480.5403,1009.75,21.9,29.89,+59.25,-47.55,1
1480.6749,1009.73,21.9,30.07,+59.25,-47.38,1
1480.8103,1009.74,21.9,29.98,+59.25,-47.47,1
1480.9489,1009.75,21.9,29.89,+59.36,-47.45,1
1481.0815,1009.70,21.9,30.32,+59.36,-47.02,1
1481.2173,1009.75,21.9,29.89,+59.36,-47.45,1
1481.3516,1009.68,21.9,30.49,+59.36,-46.85,1
1481.4845,1009.72,21.9,30.15,+59.36,-47.19,1
1481.6187,1009.76,21.9,29.81,+59.36,-47.53,1
1481.7542,1009.83,21.9,29.21,+59.36,-48.13,1
1481.8875,1009.72,21.9,30.15,+59.36,-47.19,1
1482.0244,1009.71,21.9,30.24,+59.46,-47.00,1
1482.1589,1009.81,21.9,29.38,+59.46,-47.86,1
1482.2932,1009.69,21.9,30.41,+59.46,-46.83,1
1482.4274,1009.74,21.9,29.98,+59.46,-47.26,1
1482.5614,1009.71,21.9,30.24,+59.46,-47.00,1
1482.6938,1009.74,21.9,29.98,+59.46,-47.26,1
1482.8304,1009.79,21.9,29.55,+59.46,-47.68,1
1482.9681,1009.72,21.9,30.15,+59.59,-46.95,1
1483.1005,1009.71,21.9,30.24,+59.59,-46.87,1
1483.2356,1009.71,21.9,30.24,+59.59,-46.87,1
1483.3711,1009.73,21.8,30.06,+59.59,-47.05,1
1483.5032,1009.68,21.8,30.48,+59.59,-46.62,1
1483.6372,1009.67,21.8,30.57,+59.59,-46.54,1
1483.7719,1009.70,21.8,30.31,+59.59,-46.79,1
1483.9068,1009.71,21.8,30.23,+59.59,-46.88,1
1484.0426,1009.68,21.9,30.49,+59.72,-46.49,1
1484.1774,1009.66,21.8,30.65,+59.72,-46.33,1
1484.3101,1009.67,21.8,30.57,+59.72,-46.41,1
1484.4456,1009.68,21.9,30.49,+59.72,-46.49,1
1484.5797,1009.67,21.9,30.58,+59.72,-46.40,1
1484.7124,1009.67,21.9,30.58,+59.72,-46.40,1
1484.8480,1009.63,21.9,30.92,+59.72,-46.06,1
1484.9865,1009.62,21.9,31.01,+59.82,-45.87,1
1485.1193,1009.59,21.9,31.26,+59.82,-45.61,1
1485.2543,1009.62,21.8,31.00,+59.82,-45.88,1
1485.3885,1009.65,21.9,30.75,+59.82,-46.13,1
1485.5238,1009.70,21.9,30.32,+59.82,-46.56,1
1485.6565,1009.64,21.8,30.83,+59.82,-46.05,1
1485.7907,1009.60,21.8,31.17,+59.82,-45.71,1
1485.9287,1009.63,21.9,30.92,+59.91,-45.86,1
1486.0628,1009.63,21.9,30.92,+59.91,-45.86,1
1486.1974,1009.59,21.9,31.26,+59.91,-45.52,1
1486.3318,1009.61,21.9,31.09,+59.91,-45.69,1
1486.4644,1009.62,21.9,31.01,+59.91,-45.78,1
1486.5984,1009.61,21.9,31.09,+59.91,-45.69,1
1486.7320,1009.61,21.9,31.09,+59.91,-45.69,1
1486.8655,1009.68,21.9,30.49,+59.91,-46.29,1
1487.0017,1009.62,21.9,31.01,+60.03,-45.67,1
1487.1373,1009.65,21.9,30.75,+60.03,-45.92,1
1487.2704,1009.60,21.9,31.18,+60.03,-45.50,1
1487.4049,1009.65,21.9,30.75,+60.03,-45.92,1
1487.5396,1009.60,21.9,31.18,+60.03,-45.50,1
1487.6736,1009.64,21.9,30.84,+60.03,-45.84,1
1487.8097,1009.63,21.9,30.92,+60.03,-45.75,1
1487.9485,1009.58,21.9,31.35,+60.12,-45.23,1
1488.0816,1009.65,21.9,30.75,+60.12,-45.83,1
1488.2162,1009.60,21.9,31.18,+60.12,-45.40,1
1488.3500,1009.65,21.9,30.75,+60.12,-45.83,1
1488.4826,1009.62,21.9,31.01,+60.12,-45.57,1
1488.6169,1009.64,21.9,30.84,+60.12,-45.74,1
1488.7522,1009.67,21.9,30.58,+60.12,-46.00,1
1488.8854,1009.64,21.9,30.84,+60.12,-45.74,1
1489.0227,1009.65,21.9,30.75,+60.22,-45.73,1
1489.1571,1009.68,21.9,30.49,+60.22,-45.99,1
1489.2919,1009.60,21.9,31.18,+60.22,-45.30,1
1489.4261,1009.57,21.9,31.44,+60.22,-45.04,1
1489.5602,1009.60,21.9,31.18,+60.22,-45.30,1
1489.6925,1009.60,21.9,31.18,+60.22,-45.30,1
1489.8300,1009.58,21.9,31.35,+60.22,-45.13,1
1489.9674,1009.60,21.9,31.18,+60.31,-45.21,1
1490.1001,1009.58,21.9,31.35,+60.31,-45.04,1
1490.2352,1009.61,21.9,31.09,+60.31,-45.29,1
1490.3699,1009.60,21.9,31.18,+60.31,-45.21,1
1490.5013,1009.59,21.9,31.26,+60.31,-45.12,1
1490.6344,1009.58,21.9,31.35,+60.31,-45.04,1
1490.7681,1009.62,21.9,31.01,+60.31,-45.38,1
1490.9006,1009.62,21.9,31.01,+60.31,-45.38,1
1491.0367,1009.54,21.9,31.69,+60.42,-44.59,1
1491.1706,1009.57,21.9,31.44,+60.42,-44.85,1
1491.3041,1009.58,21.9,31.35,+60.42,-44.93,1
1491.4369,1009.63,22.0,30.93,+60.42,-45.35,1
1491.5700,1009.56,21.9,31.52,+60.42,-44.76,1
1491.7037,1009.53,22.0,31.79,+60.42,-44.49,1
1491.8355,1009.54,22.0,31.70,+60.42,-44.58,1
1491.9729,1009.56,22.0,31.53,+60.50,-44.67,1
1492.1064,1009.53,22.0,31.79,+60.50,-44.41,1
1492.2384,1009.57,22.0,31.45,+60.50,-44.76,1
1492.3717,1009.59,22.0,31.27,+60.50,-44.93,1
1492.5066,1009.56,22.0,31.53,+60.50,-44.67,1
1492.6397,1009.57,22.0,31.45,+60.50,-44.76,1
1492.7713,1009.62,22.0,31.02,+60.50,-45.18,1
1492.9060,1009.56,22.0,31.53,+60.50,-44.67,1
1493.0311,1009.59,22.0,31.27,+60.58,-44.85,1
1493.1638,1009.60,22.0,31.19,+60.58,-44.94,1
1493.2973,1009.58,22.0,31.36,+60.58,-44.76,1
1493.4308,1009.55,22.0,31.62,+60.58,-44.51,1
1493.5656,1009.65,22.0,30.76,+60.58,-45.36,1
1493.6973,1009.67,22.0,30.59,+60.58,-45.53,1
1493.8311,1009.64,22.0,30.85,+60.58,-45.28,1
1493.9680,1009.64,22.0,30.85,+60.65,-45.20,1
1494.1010,1009.56,22.0,31.53,+60.65,-44.52,1
1494.2346,1009.64,22.0,30.85,+60.65,-45.20,1
1494.3678,1009.64,22.0,30.85,+60.65,-45.20,1
1494.4995,1009.60,22.0,31.19,+60.65,-44.86,1
1494.6350,1009.58,22.0,31.36,+60.65,-44.69,1
1494.7684,1009.62,22.0,31.02,+60.65,-45.03,1
1494.9002,1009.61,22.0,31.10,+60.65,-44.95,1
1495.0365,1009.64,22.0,30.85,+60.71,-45.14,1
1495.1713,1009.58,22.0,31.36,+60.71,-44.63,1
1495.3049,1009.59,22.0,31.27,+60.71,-44.71,1
1495.4369,1009.60,22.0,31.19,+60.71,-44.80,1
1495.5702,1009.61,22.0,31.10,+60.71,-44.89,1
1495.7050,1009.64,22.0,30.85,+60.71,-45.14,1
1495.8375,1009.63,22.0,30.93,+60.71,-45.06,1
1495.9730,1009.61,22.0,31.10,+60.77,-44.83,1
1496.1063,1009.66,22.0,30.68,+60.77,-45.26,1
1496.2394,1009.61,22.0,31.10,+60.77,-44.83,1
1496.3726,1009.61,22.0,31.10,+60.77,-44.83,1
1496.5057,1009.64,22.0,30.85,+60.77,-45.09,1
1496.6369,1009.64,22.0,30.85,+60.77,-45.09,1
1496.7709,1009.65,22.0,30.76,+60.77,-45.17,1
1496.9039,1009.58,22.0,31.36,+60.77,-44.57,1
1497.0399,1009.67,22.0,30.59,+60.80,-45.31,1
1497.1718,1009.65,22.0,30.76,+60.80,-45.14,1
1497.3066,1009.71,22.0,30.25,+60.80,-45.66,1
1497.4397,1009.66,22.0,30.68,+60.80,-45.23,1
1497.5711,1009.62,22.0,31.02,+60.80,-44.89,1
1497.7061,1009.64,22.0,30.85,+60.80,-45.06,1
1497.8431,1009.62,22.0,31.02,+60.80,-44.89,1
1497.9775,1009.64,22.0,30.85,+60.83,-45.02,1
1498.1111,1009.73,22.0,30.08,+60.83,-45.79,1
1498.2450,1009.71,22.0,30.25,+60.83,-45.62,1
1498.3774,1009.72,22.0,30.16,+60.83,-45.70,1
1498.5106,1009.59,22.0,31.27,+60.83,-44.59,1
1498.6436,1009.70,22.0,30.33,+60.83,-45.53,1
1498.7754,1009.72,22.0,30.16,+60.83,-45.70,1
1498.9101,1009.71,22.0,30.25,+60.83,-45.62,1
1499.0442,1009.76,22.0,29.82,+60.83,-46.05,1
1499.1761,1009.66,22.0,30.68,+60.83,-45.19,1
1499.3097,1009.72,22.0,30.16,+60.83,-45.70,1
1499.4440,1009.67,22.0,30.59,+60.83,-45.28,1
1499.5770,1009.65,22.0,30.76,+60.83,-45.10,1
1499.7090,1009.73,22.0,30.08,+60.83,-45.79,1
1499.8436,1009.72,22.0,30.16,+60.83,-45.70,1
1499.9813,1009.71,22.0,30.25,+60.77,-45.68,1
1500.1130,1009.70,22.0,30.33,+60.77,-45.60,1
1500.2469,1009.71,22.0,30.25,+60.77,-45.68,1
1500.3800,1009.65,22.0,30.76,+60.77,-45.17,1
1500.5142,1009.77,22.0,29.73,+60.77,-46.19,1
1500.6457,1009.67,22.0,30.59,+60.77,-45.34,1
1500.7791,1009.76,22.0,29.82,+60.77,-46.11,1
1500.9127,1009.72,22.0,30.16,+60.77,-45.77,1
1501.0498,1009.77,22.0,29.73,+60.72,-46.25,1
1501.1835,1009.73,22.0,30.08,+60.72,-45.91,1
1501.3169,1009.76,22.0,29.82,+60.72,-46.16,1
1501.4486,1009.71,22.0,30.25,+60.72,-45.74,1
1501.5832,1009.72,22.0,30.16,+60.72,-45.82,1
1501.7162,1009.69,22.0,30.42,+60.72,-45.56,1
1501.8495,1009.72,22.0,30.16,+60.72,-45.82,1
1501.9863,1009.74,22.0,29.99,+60.63,-46.08,1
1502.1212,1009.71,22.0,30.25,+60.63,-45.82,1
1502.2529,1009.73,22.0,30.08,+60.63,-45.99,1
1502.3861,1009.70,22.0,30.33,+60.63,-45.73,1
1502.5196,1009.75,22.0,29.90,+60.63,-46.16,1
1502.6538,1009.71,22.0,30.25,+60.63,-45.82,1
1502.7853,1009.76,22.0,29.82,+60.63,-46.25,1
1502.9219,1009.76,22.0,29.82,+60.55,-46.33,1
1503.0558,1009.69,22.0,30.42,+60.55,-45.73,1
1503.1898,1009.73,22.0,30.08,+60.55,-46.07,1
1503.3233,1009.70,22.0,30.33,+60.55,-45.81,1
1503.4566,1009.75,22.0,29.90,+60.55,-46.24,1
1503.5883,1009.75,21.9,29.89,+60.55,-46.25,1
1503.7225,1009.74,22.0,29.99,+60.55,-46.16,1
1503.8577,1009.78,22.0,29.65,+60.55,-46.50,1
1503.9924,1009.70,21.9,30.32,+60.45,-45.93,1
1504.1262,1009.73,21.9,30.07,+60.45,-46.18,1
1504.2620,1009.80,22.0,29.48,+60.45,-46.77,1
1504.3934,1009.68,21.9,30.49,+60.45,-45.75,1
1504.5266,1009.74,21.9,29.98,+60.45,-46.27,1
1504.6596,1009.77,21.9,29.72,+60.45,-46.52,1
1504.7924,1009.77,21.9,29.72,+60.45,-46.52,1
1504.9303,1009.73,21.9,30.07,+60.29,-46.34,1
1505.0637,1009.81,21.9,29.38,+60.29,-47.03,1
1505.1957,1009.76,21.9,29.81,+60.29,-46.60,1
1505.3293,1009.73,21.9,30.07,+60.29,-46.34,1
1505.4617,1009.77,21.9,29.72,+60.29,-46.68,1
1505.5948,1009.80,21.9,29.47,+60.29,-46.94,1
1505.7269,1009.81,21.9,29.38,+60.29,-47.03,1
1505.8619,1009.76,21.9,29.81,+60.29,-46.60,1
1505.9993,1009.76,21.9,29.81,+60.08,-46.81,1
1506.1312,1009.77,21.9,29.72,+60.08,-46.90,1
1506.2652,1009.79,21.9,29.55,+60.08,-47.07,1
1506.3997,1009.85,21.9,29.04,+60.08,-47.58,1
1506.5311,1009.82,21.9,29.30,+60.08,-47.33,1
1506.6642,1009.78,21.9,29.64,+60.08,-46.98,1
1506.7980,1009.73,21.9,30.07,+60.08,-46.56,1
1506.9342,1009.80,21.9,29.47,+59.83,-47.40,1
1507.0677,1009.76,21.9,29.81,+59.83,-47.06,1
1507.2019,1009.77,21.8,29.71,+59.83,-47.16,1
1507.3335,1009.76,21.9,29.81,+59.83,-47.06,1
1507.4670,1009.75,21.8,29.88,+59.83,-46.99,1
1507.5993,1009.75,21.8,29.88,+59.83,-46.99,1
1507.7328,1009.74,21.8,29.97,+59.83,-46.90,1
1507.8649,1009.81,21.8,29.37,+59.83,-47.50,1
1508.0017,1009.81,21.8,29.37,+59.59,-47.74,1
1508.1348,1009.85,21.8,29.03,+59.59,-48.08,1
1508.2677,1009.74,21.8,29.97,+59.59,-47.14,1
1508.4010,1009.89,21.8,28.69,+59.59,-48.43,1
1508.5357,1009.84,21.8,29.11,+59.59,-48.00,1
1508.6669,1009.84,21.8,29.11,+59.59,-48.00,1
1508.8001,1009.82,21.8,29.29,+59.59,-47.83,1
1508.9253,1009.85,21.8,29.03,+59.38,-48.30,1
1509.0581,1009.86,21.8,28.94,+59.38,-48.38,1
1509.1916,1009.85,21.8,29.03,+59.38,-48.30,1
1509.3248,1009.89,21.8,28.69,+59.38,-48.64,1
1509.4583,1009.83,21.8,29.20,+59.38,-48.12,1
1509.5911,1009.90,21.8,28.60,+59.38,-48.72,1
1509.7241,1009.90,21.8,28.60,+59.38,-48.72,1
1509.8593,1009.90,21.8,28.60,+59.38,-48.72,1
1509.9947,1009.83,21.8,29.20,+59.20,-48.30,1
1510.1294,1009.87,21.8,28.86,+59.20,-48.64,1
1510.2628,1009.86,21.8,28.94,+59.20,-48.55,1
1510.3939,1009.88,21.8,28.77,+59.20,-48.72,1
1510.5274,1009.90,21.8,28.60,+59.20,-48.89,1
1510.6617,1009.93,21.8,28.34,+59.20,-49.15,1
1510.7951,1009.87,21.8,28.86,+59.20,-48.64,1
1510.9325,1009.92,21.8,28.43,+59.05,-49.22,1
1511.0649,1010.00,21.8,27.75,+59.05,-49.91,1
1511.1989,1009.97,21.8,28.00,+59.05,-49.65,1
1511.3306,1009.95,21.8,28.17,+59.05,-49.48,1
1511.4643,1009.94,21.8,28.26,+59.05,-49.39,1
1511.5974,1009.96,21.8,28.09,+59.05,-49.57,1
1511.7298,1009.91,21.8,28.52,+59.05,-49.14,1
1511.8653,1009.94,21.8,28.26,+59.05,-49.39,1
1512.0029,1009.98,21.8,27.92,+58.94,-49.85,1
1512.1347,1009.97,21.8,28.00,+58.94,-49.76,1
1512.2693,1009.98,21.8,27.92,+58.94,-49.85,1
1512.4026,1009.95,21.8,28.17,+58.94,-49.59,1
1512.5361,1009.94,21.8,28.26,+58.94,-49.51,1
1512.6679,1009.94,21.8,28.26,+58.94,-49.51,1
1512.8019,1009.99,21.8,27.83,+58.94,-49.93,1
1512.9401,1009.93,21.8,28.34,+58.84,-49.51,1
1513.0721,1009.94,21.8,28.26,+58.84,-49.60,1
1513.2060,1010.00,21.8,27.75,+58.84,-50.11,1
1513.3408,1010.00,21.8,27.75,+58.84,-50.11,1
1513.4722,1009.99,21.8,27.83,+58.84,-50.03,1
1513.6055,1009.99,21.8,27.83,+58.84,-50.03,1
1513.7392,1009.97,21.8,28.00,+58.84,-49.86,1
1513.8723,1009.96,21.8,28.09,+58.84,-49.77,1
1514.0088,1010.01,21.8,27.66,+58.72,-50.32,1
1514.1416,1010.04,21.8,27.40,+58.72,-50.57,1
1514.2739,1010.04,21.8,27.40,+58.72,-50.57,1
1514.4083,1010.04,21.8,27.40,+58.72,-50.57,1
1514.5415,1010.04,21.8,27.40,+58.72,-50.57,1
1514.6757,1010.03,21.8,27.49,+58.72,-50.49,1
1514.8097,1010.04,21.8,27.40,+58.72,-50.57,1
1514.9468,1009.98,21.8,27.92,+58.63,-50.16,1
1515.0800,1009.99,21.8,27.83,+58.63,-50.24,1
1515.2126,1009.95,21.8,28.17,+58.63,-49.90,1
1515.3461,1009.98,21.8,27.92,+58.63,-50.16,1
1515.4804,1010.03,21.8,27.49,+58.63,-50.58,1
1515.6117,1010.02,21.8,27.57,+58.63,-50.50,1
1515.7457,1010.07,21.8,27.15,+58.63,-50.93,1
1515.8796,1010.02,21.8,27.57,+58.63,-50.50,1
1516.0181,1010.05,21.8,27.32,+58.52,-50.87,1
1516.1503,1010.08,21.8,27.06,+58.52,-51.12,1
1516.2840,1010.06,21.8,27.23,+58.52,-50.95,1
1516.4171,1010.07,21.8,27.15,+58.52,-51.04,1
1516.5503,1010.08,21.8,27.06,+58.52,-51.12,1
1516.6836,1010.08,21.8,27.06,+58.52,-51.12,1
1516.8193,1010.04,21.8,27.40,+58.52,-50.78,1
1516.9552,1010.05,21.8,27.32,+58.43,-50.95,1
1517.0888,1010.05,21.8,27.32,+58.43,-50.95,1
1517.2219,1010.08,21.8,27.06,+58.43,-51.21,1
1517.3535,1010.05,21.8,27.32,+58.43,-50.95,1
1517.4869,1010.06,21.8,27.23,+58.43,-51.04,1
1517.6212,1010.06,21.8,27.23,+58.43,-51.04,1
1517.7545,1010.09,21.8,26.98,+58.43,-51.30,1
1517.8872,1010.13,21.8,26.63,+58.43,-51.64,1
1518.0235,1010.14,21.8,26.55,+58.38,-51.77,1
1518.1580,1010.15,21.8,26.46,+58.38,-51.86,1
1518.2900,1010.09,21.8,26.98,+58.38,-51.35,1
1518.4241,1010.17,21.8,26.29,+58.38,-52.03,1
1518.5576,1010.05,21.8,27.32,+58.38,-51.00,1
1518.6900,1010.09,21.8,26.98,+58.38,-51.35,1
1518.8254,1010.05,21.8,27.32,+58.38,-51.00,1
1518.9635,1010.07,21.8,27.15,+58.31,-51.25,1
1519.0952,1010.12,21.8,26.72,+58.31,-51.67,1
1519.2311,1010.05,21.8,27.32,+58.31,-51.08,1
1519.3644,1010.08,21.8,27.06,+58.31,-51.33,1
1519.4982,1010.07,21.8,27.15,+58.31,-51.25,1
1519.6297,1010.14,21.8,26.55,+58.31,-51.85,1
1519.7643,1010.19,21.8,26.12,+58.31,-52.27,1
1519.8996,1010.08,21.8,27.06,+58.31,-51.33,1
1520.0350,1010.12,21.8,26.72,+58.26,-51.72,1
1520.1687,1010.12,21.8,26.72,+58.26,-51.72,1
1520.3036,1010.24,21.8,25.69,+58.26,-52.75,1
1520.4348,1010.17,21.8,26.29,+58.26,-52.15,1
1520.5678,1010.13,21.8,26.63,+58.26,-51.81,1
1520.7012,1010.13,21.7,26.62,+58.26,-51.82,1
1520.8375,1010.15,21.7,26.45,+58.26,-51.99,1
1520.9726,1010.15,21.8,26.46,+58.23,-52.01,1
1521.1063,1010.17,21.7,26.28,+58.23,-52.19,1
1521.2402,1010.12,21.7,26.71,+58.23,-51.76,1
1521.3730,1010.15,21.8,26.46,+58.23,-52.01,1
1521.5061,1010.13,21.7,26.62,+58.23,-51.85,1
1521.6391,1010.18,21.7,26.20,+58.23,-52.27,1
1521.7713,1010.25,21.7,25.60,+58.23,-52.87,1
1521.9062,1010.14,21.7,26.54,+58.23,-51.93,1
1522.0428,1010.22,21.7,25.86,+58.21,-52.64,1
1522.1761,1010.19,21.7,26.11,+58.21,-52.38,1
1522.3097,1010.15,21.7,26.45,+58.21,-52.04,1
1522.4444,1010.10,21.7,26.88,+58.21,-51.61,1
1522.5758,1010.15,21.7,26.45,+58.21,-52.04,1
1522.7098,1010.15,21.7,26.45,+58.21,-52.04,1
1522.8454,1010.18,21.7,26.20,+58.21,-52.29,1
1522.9817,1010.16,21.8,26.38,+58.22,-52.10,1
1523.1157,1010.19,21.7,26.11,+58.22,-52.37,1
1523.2498,1010.19,21.8,26.12,+58.22,-52.36,1
1523.3813,1010.20,21.7,26.03,+58.22,-52.45,1
1523.5157,1010.22,21.7,25.86,+58.22,-52.62,1
1523.6489,1010.18,21.7,26.20,+58.22,-52.28,1
1523.7821,1010.18,21.7,26.20,+58.22,-52.28,1
1523.9145,1010.15,21.7,26.45,+58.22,-52.03,1
1524.0523,1010.23,21.8,25.78,+58.22,-52.71,1
1524.1855,1010.24,21.8,25.69,+58.22,-52.79,1
1524.3173,1010.23,21.8,25.78,+58.22,-52.71,1
1524.4510,1010.26,21.8,25.52,+58.22,-52.96,1
1524.5855,1010.20,21.8,26.04,+58.22,-52.45,1
1524.7183,1010.23,21.8,25.78,+58.22,-52.71,1
1524.8539,1010.21,21.8,25.95,+58.22,-52.54,1
1524.9917,1010.17,21.8,26.29,+58.24,-52.17,1
1525.1250,1010.24,21.8,25.69,+58.24,-52.77,1
1525.2589,1010.16,21.8,26.38,+58.24,-52.09,1
1525.3920,1010.19,21.8,26.12,+58.24,-52.34,1
1525.5238,1010.22,21.8,25.86,+58.24,-52.60,1
1525.6582,1010.19,21.8,26.12,+58.24,-52.34,1
1525.7917,1010.22,21.8,25.86,+58.24,-52.60,1
1525.9277,1010.25,21.8,25.61,+58.29,-52.81,1
1526.0606,1010.26,21.8,25.52,+58.29,-52.89,1
1526.1945,1010.22,21.8,25.86,+58.29,-52.55,1
1526.3261,1010.23,21.8,25.78,+58.29,-52.64,1
1526.4599,1010.21,21.8,25.95,+58.29,-52.47,1
1526.5931,1010.20,21.8,26.04,+58.29,-52.38,1
1526.7275,1010.23,21.8,25.78,+58.29,-52.64,1
1526.8603,1010.25,21.8,25.61,+58.29,-52.81,1
1526.9967,1010.29,21.8,25.27,+58.35,-53.09,1
1527.1297,1010.28,21.8,25.35,+58.35,-53.00,1
1527.2627,1010.20,21.8,26.04,+58.35,-52.32,1
1527.3961,1010.20,21.8,26.04,+58.35,-52.32,1
1527.5292,1010.21,21.8,25.95,+58.35,-52.40,1
1527.6622,1010.21,21.8,25.95,+58.35,-52.40,1
1527.7955,1010.27,21.8,25.44,+58.35,-52.92,1
1527.9330,1010.21,21.8,25.95,+58.42,-52.33,1
1528.0665,1010.22,21.8,25.86,+58.42,-52.42,1
1528.1990,1010.28,21.8,25.35,+58.42,-52.93,1
1528.3337,1010.25,21.8,25.61,+58.42,-52.67,1
1528.4670,1010.23,21.8,25.78,+58.42,-52.50,1
1528.5983,1010.26,21.8,25.52,+58.42,-52.76,1
1528.7318,1010.24,21.8,25.69,+58.42,-52.59,1
1528.8686,1010.26,21.8,25.52,+58.42,-52.76,1
1529.0036,1010.24,21.8,25.69,+58.48,-52.53,1
1529.1372,1010.20,21.8,26.04,+58.48,-52.19,1
1529.2710,1010.23,21.8,25.78,+58.48,-52.44,1
1529.4054,1010.23,21.9,25.79,+58.48,-52.43,1
1529.5374,1010.21,21.9,25.96,+58.48,-52.26,1
1529.6712,1010.23,21.9,25.79,+58.48,-52.43,1
1529.8065,1010.29,21.9,25.27,+58.48,-52.95,1
1529.9423,1010.30,21.9,25.19,+58.55,-52.96,1
1530.0747,1010.21,21.9,25.96,+58.55,-52.19,1
1530.2086,1010.24,21.9,25.70,+58.55,-52.45,1
1530.3400,1010.23,21.9,25.79,+58.55,-52.36,1
1530.4742,1010.28,21.9,25.36,+58.55,-52.79,1
1530.6073,1010.26,21.9,25.53,+58.55,-52.62,1
1530.7410,1010.25,21.8,25.61,+58.55,-52.54,1
1530.8735,1010.26,21.9,25.53,+58.55,-52.62,1
1531.0116,1010.21,21.9,25.96,+58.60,-52.14,1
1531.1446,1010.24,21.9,25.70,+58.60,-52.40,1
1531.2766,1010.25,21.8,25.61,+58.60,-52.49,1
1531.4096,1010.25,21.8,25.61,+58.60,-52.49,1
1531.5444,1010.25,21.8,25.61,+58.60,-52.49,1
1531.6759,1010.28,21.8,25.35,+58.60,-52.75,1
1531.8094,1010.36,21.8,24.67,+58.60,-53.43,1
1531.9461,1010.30,21.8,25.18,+58.68,-52.84,1
1532.0791,1010.27,21.8,25.44,+58.68,-52.59,1
1532.2126,1010.25,21.8,25.61,+58.68,-52.41,1
1532.3458,1010.27,21.8,25.44,+58.68,-52.59,1
1532.4774,1010.25,21.8,25.61,+58.68,-52.41,1
1532.6116,1010.32,21.8,25.01,+58.68,-53.01,1
1532.7446,1010.34,21.8,24.84,+58.68,-53.18,1
1532.8783,1010.31,21.8,25.09,+58.68,-52.93,1
1533.0125,1010.30,21.8,25.18,+58.76,-52.76,1
1533.1473,1010.30,21.8,25.18,+58.76,-52.76,1
1533.2821,1010.30,21.8,25.18,+58.76,-52.76,1
1533.4135,1010.29,21.8,25.27,+58.76,-52.67,1
1533.5472,1010.31,21.8,25.09,+58.76,-52.84,1
1533.6817,1010.27,21.8,25.44,+58.76,-52.50,1
1533.8138,1010.28,21.8,25.35,+58.76,-52.59,1
1533.9506,1010.32,21.9,25.02,+58.84,-52.84,1
1534.0841,1010.31,21.9,25.10,+58.84,-52.75,1
1534.2190,1010.30,21.9,25.19,+58.84,-52.67,1
1534.3527,1010.33,21.9,24.93,+58.84,-52.93,1
1534.4855,1010.28,21.9,25.36,+58.84,-52.50,1
1534.6167,1010.31,21.9,25.10,+58.84,-52.75,1
1534.7509,1010.30,21.9,25.19,+58.84,-52.67,1
1534.8845,1010.36,21.9,24.68,+58.84,-53.18,1
1535.0182,1010.38,21.9,24.50,+58.94,-53.25,1
1535.1498,1010.36,21.9,24.68,+58.94,-53.08,1
1535.2853,1010.35,21.9,24.76,+58.94,-52.99,1
1535.4185,1010.44,21.9,23.99,+58.94,-53.76,1
1535.5501,1010.35,21.9,24.76,+58.94,-52.99,1
1535.6847,1010.39,21.9,24.42,+58.94,-53.34,1
1535.8206,1010.37,21.9,24.59,+58.94,-53.17,1
1535.9552,1010.31,21.9,25.10,+59.06,-52.54,1
1536.0888,1010.37,21.9,24.59,+59.06,-53.05,1
1536.2227,1010.35,21.9,24.76,+59.06,-52.88,1
1536.3557,1010.34,21.9,24.85,+59.06,-52.80,1
1536.4889,1010.32,21.9,25.02,+59.06,-52.63,1
1536.6232,1010.30,21.9,25.19,+59.06,-52.45,1
1536.7559,1010.29,21.9,25.27,+59.06,-52.37,1
1536.8918,1010.29,21.9,25.27,+59.06,-52.37,1
1537.0291,1010.32,21.9,25.02,+59.16,-52.52,1
1537.1608,1010.38,22.0,24.51,+59.16,-53.03,1
1537.2951,1010.34,21.9,24.85,+59.16,-52.70,1
1537.4306,1010.32,21.9,25.02,+59.16,-52.52,1
1537.5628,1010.29,21.9,25.27,+59.16,-52.27,1
1537.6979,1010.34,21.9,24.85,+59.16,-52.70,1
1537.8335,1010.35,22.0,24.77,+59.16,-52.77,1
1537.9709,1010.31,22.0,25.11,+59.26,-52.33,1
1538.1043,1010.32,22.0,25.03,+59.26,-52.41,1
1538.2398,1010.30,22.0,25.20,+59.26,-52.24,1
1538.3722,1010.34,22.0,24.85,+59.26,-52.58,1
1538.4975,1010.28,22.0,25.37,+59.26,-52.07,1
1538.6319,1010.33,22.0,24.94,+59.26,-52.50,1
1538.7662,1010.32,22.0,25.03,+59.26,-52.41,1
1538.8998,1010.32,22.0,25.03,+59.26,-52.41,1
1539.0371,1010.30,22.0,25.20,+59.37,-52.13,1
1539.1715,1010.34,22.0,24.85,+59.37,-52.48,1
1539.3045,1010.40,22.0,24.34,+59.37,-52.99,1
1539.4397,1010.34,22.0,24.85,+59.37,-52.48,1
1539.5754,1010.37,22.0,24.60,+59.37,-52.73,1
1539.7067,1010.36,22.0,24.68,+59.37,-52.65,1
1539.8420,1010.39,22.0,24.43,+59.37,-52.90,1
1539.9798,1010.36,22.0,24.68,+59.49,-52.52,1
1540.1139,1010.36,22.0,24.68,+59.49,-52.52,1
1540.2485,1010.30,22.0,25.20,+59.49,-52.01,1
1540.3827,1010.41,22.0,24.26,+59.49,-52.95,1
1540.5153,1010.33,22.0,24.94,+59.49,-52.27,1
1540.6508,1010.33,22.0,24.94,+59.49,-52.27,1
1540.7856,1010.36,22.0,24.68,+59.49,-52.52,1
1540.9190,1010.33,22.0,24.94,+59.49,-52.27,1
1541.0555,1010.32,22.0,25.03,+59.61,-52.06,1
1541.1912,1010.27,22.0,25.45,+59.61,-51.64,1
1541.3237,1010.33,22.0,24.94,+59.61,-52.15,1
1541.4582,1010.37,22.0,24.60,+59.61,-52.49,1
1541.5925,1010.37,22.0,24.60,+59.61,-52.49,1
1541.7271,1010.31,22.0,25.11,+59.61,-51.98,1
1541.8598,1010.45,22.0,23.91,+59.61,-53.18,1
1541.9965,1010.33,22.0,24.94,+59.76,-52.00,1
1542.1310,1010.27,22.0,25.45,+59.76,-51.49,1
1542.2650,1010.36,22.0,24.68,+59.76,-52.26,1
1542.3994,1010.35,22.0,24.77,+59.76,-52.17,1
1542.5336,1010.30,22.0,25.20,+59.76,-51.74,1
1542.6662,1010.27,22.0,25.45,+59.76,-51.49,1
1542.8011,1010.35,22.0,24.77,+59.76,-52.17,1
1542.9386,1010.29,22.0,25.28,+59.88,-51.53,1
1543.0715,1010.31,22.0,25.11,+59.88,-51.70,1
1543.2064,1010.30,22.0,25.20,+59.88,-51.62,1
1543.3422,1010.32,22.0,25.03,+59.88,-51.79,1
1543.4746,1010.26,22.0,25.54,+59.88,-51.28,1
1543.6089,1010.37,22.0,24.60,+59.88,-52.22,1
1543.7439,1010.30,22.0,25.20,+59.88,-51.62,1
1543.8784,1010.31,22.0,25.11,+59.88,-51.70,1
1544.0154,1010.30,22.0,25.20,+60.01,-51.50,1
1544.1495,1010.37,22.0,24.60,+60.01,-52.09,1
1544.2833,1010.34,22.0,24.85,+60.01,-51.84,1
1544.4187,1010.24,22.0,25.71,+60.01,-50.98,1
1544.5529,1010.27,22.0,25.45,+60.01,-51.24,1
1544.6858,1010.31,22.0,25.11,+60.01,-51.58,1
1544.8211,1010.34,22.0,24.85,+60.01,-51.84,1
1544.9469,1010.26,22.0,25.54,+60.14,-51.02,1
1545.0793,1010.37,22.0,24.60,+60.14,-51.96,1
1545.2142,1010.43,22.0,24.08,+60.14,-52.48,1
1545.3486,1010.31,22.0,25.11,+60.14,-51.45,1
1545.4840,1010.36,22.0,24.68,+60.14,-51.88,1
1545.6165,1010.39,22.0,24.43,+60.14,-52.14,1
1545.7514,1010.39,22.0,24.43,+60.14,-52.14,1
1545.8863,1010.33,22.0,24.94,+60.14,-51.62,1
1546.0230,1010.28,22.0,25.37,+60.26,-51.08,1
1546.1561,1010.36,22.0,24.68,+60.26,-51.76,1
1546.2909,1010.32,22.0,25.03,+60.26,-51.42,1
1546.4241,1010.39,22.0,24.43,+60.26,-52.02,1
1546.5596,1010.33,22.0,24.94,+60.26,-51.50,1
1546.6937,1010.31,22.0,25.11,+60.26,-51.33,1
1546.8275,1010.27,22.0,25.45,+60.26,-50.99,1
1546.9644,1010.27,22.0,25.45,+60.35,-50.89,1
1547.0998,1010.28,22.0,25.37,+60.35,-50.98,1
1547.2327,1010.30,22.0,25.20,+60.35,-51.15,1
1547.3671,1010.32,22.0,25.03,+60.35,-51.32,1
1547.5017,1010.36,22.0,24.68,+60.35,-51.66,1
1547.6354,1010.31,22.0,25.11,+60.35,-51.23,1
1547.7698,1010.29,22.0,25.28,+60.35,-51.06,1
1547.9047,1010.37,22.0,24.60,+60.35,-51.75,1
1548.0407,1010.31,21.9,25.10,+60.48,-51.12,1
1548.1753,1010.38,22.0,24.51,+60.48,-51.71,1
1548.3084,1010.37,22.0,24.60,+60.48,-51.63,1
1548.4413,1010.38,22.0,24.51,+60.48,-51.71,1
1548.5751,1010.34,22.0,24.85,+60.48,-51.37,1
1548.7093,1010.36,22.0,24.68,+60.48,-51.54,1
1548.8430,1010.35,22.0,24.77,+60.48,-51.46,1
1548.9805,1010.34,22.0,24.85,+60.59,-51.25,1
1549.1147,1010.37,21.9,24.59,+60.59,-51.52,1
1549.2485,1010.30,21.9,25.19,+60.59,-50.92,1
1549.3828,1010.30,21.9,25.19,+60.59,-50.92,1
1549.5168,1010.27,21.9,25.45,+60.59,-50.66,1
1549.6480,1010.24,21.9,25.70,+60.59,-50.40,1
1549.7844,1010.30,22.0,25.20,+60.59,-50.91,1
1549.9233,1010.28,21.9,25.36,+60.71,-50.63,1
1550.0560,1010.28,21.9,25.36,+60.71,-50.63,1
1550.1898,1010.27,21.9,25.45,+60.71,-50.55,1
1550.3248,1010.26,21.9,25.53,+60.71,-50.46,1
1550.4562,1010.26,21.9,25.53,+60.71,-50.46,1
1550.5906,1010.27,21.9,25.45,+60.71,-50.55,1
1550.7244,1010.23,21.9,25.79,+60.71,-50.21,1
1550.8592,1010.32,22.0,25.03,+60.71,-50.97,1
1550.9962,1010.29,21.9,25.27,+60.83,-50.60,1
1551.1303,1010.31,22.0,25.11,+60.83,-50.76,1
1551.2633,1010.30,22.0,25.20,+60.83,-50.68,1
1551.3988,1010.31,21.9,25.10,+60.83,-50.77,1
1551.5319,1010.33,22.0,24.94,+60.83,-50.93,1
1551.6650,1010.24,22.0,25.71,+60.83,-50.16,1
1551.7976,1010.25,21.9,25.62,+60.83,-50.26,1
1551.9229,1010.30,22.0,25.20,+60.92,-50.58,1
1552.0566,1010.33,22.0,24.94,+60.92,-50.84,1
1552.1884,1010.36,22.0,24.68,+60.92,-51.09,1
1552.3218,1010.33,22.0,24.94,+60.92,-50.84,1
1552.4563,1010.36,22.0,24.68,+60.92,-51.09,1
1552.5894,1010.33,22.0,24.94,+60.92,-50.84,1
1552.7216,1010.32,22.0,25.03,+60.92,-50.75,1
1552.8560,1010.42,22.0,24.17,+60.92,-51.61,1
1552.9933,1010.38,22.0,24.51,+61.07,-51.12,1
1553.1252,1010.37,22.0,24.60,+61.07,-51.04,1
1553.2587,1010.35,22.0,24.77,+61.07,-50.86,1
1553.3918,1010.34,22.0,24.85,+61.07,-50.78,1
1553.5252,1010.27,22.0,25.45,+61.07,-50.18,1
1553.6601,1010.26,22.0,25.54,+61.07,-50.09,1
1553.7935,1010.15,22.0,26.48,+61.07,-49.15,1
1553.9290,1010.17,22.0,26.31,+61.16,-49.23,1
1554.0626,1010.19,22.0,26.14,+61.16,-49.40,1
1554.1956,1010.16,22.0,26.40,+61.16,-49.15,1
1554.3271,1010.20,22.0,26.05,+61.16,-49.49,1
1554.4619,1010.20,22.0,26.05,+61.16,-49.49,1
1554.5964,1010.19,22.0,26.14,+61.16,-49.40,1
1554.7296,1010.23,22.0,25.80,+61.16,-49.75,1
1554.8625,1010.21,22.0,25.97,+61.16,-49.57,1
1554.9978,1010.18,22.0,26.22,+61.25,-49.23,1
1555.1319,1010.20,22.0,26.05,+61.25,-49.40,1
1555.2636,1010.16,22.0,26.40,+61.25,-49.05,1
1555.3968,1010.14,22.0,26.57,+61.25,-48.88,1
1555.5302,1010.14,21.9,26.56,+61.25,-48.89,1
1555.6626,1010.06,21.9,27.24,+61.25,-48.21,1
1555.7958,1010.13,21.9,26.64,+61.25,-48.81,1
1555.9342,1010.15,21.9,26.47,+61.33,-48.90,1
1556.0659,1010.09,21.9,26.98,+61.33,-48.39,1
1556.2012,1010.10,21.9,26.90,+61.33,-48.48,1
1556.3346,1010.12,21.9,26.73,+61.33,-48.65,1
1556.4683,1010.12,21.9,26.73,+61.33,-48.65,1
1556.6002,1010.13,22.0,26.65,+61.33,-48.72,1
1556.7344,1010.14,22.0,26.57,+61.33,-48.81,1
1556.8694,1010.13,22.0,26.65,+61.33,-48.72,1
1557.0052,1010.09,21.9,26.98,+61.39,-48.32,1
1557.1397,1010.13,22.0,26.65,+61.39,-48.66,1
1557.2755,1010.07,22.0,27.17,+61.39,-48.14,1
1557.4083,1010.11,22.0,26.82,+61.39,-48.48,1
1557.5426,1010.09,22.0,26.99,+61.39,-48.31,1
1557.6773,1010.12,22.0,26.74,+61.39,-48.57,1
1557.8122,1010.15,22.0,26.48,+61.39,-48.83,1
1557.9509,1010.09,22.0,26.99,+61.46,-48.24,1
1558.0856,1010.09,22.0,26.99,+61.46,-48.24,1
1558.2182,1010.07,22.0,27.17,+61.46,-48.07,1
1558.3527,1010.09,22.0,26.99,+61.46,-48.24,1
1558.4865,1010.11,22.0,26.82,+61.46,-48.42,1
1558.6188,1010.12,22.0,26.74,+61.46,-48.50,1
1558.7535,1010.06,22.0,27.25,+61.46,-47.99,1
1558.8898,1010.03,22.0,27.51,+61.46,-47.73,1
1559.0252,1010.12,22.0,26.74,+61.50,-48.46,1
1559.1602,1010.02,22.0,27.59,+61.50,-47.60,1
1559.2947,1010.10,22.0,26.91,+61.50,-48.29,1
1559.4282,1010.09,22.0,26.99,+61.50,-48.20,1
1559.5626,1010.08,22.0,27.08,+61.50,-48.12,1
1559.6976,1010.03,22.0,27.51,+61.50,-47.69,1
1559.8311,1009.97,22.0,28.02,+61.50,-47.17,1
1559.9568,1010.02,22.0,27.59,+61.53,-47.58,1
1560.0916,1010.04,22.0,27.42,+61.53,-47.75,1
1560.2246,1010.05,22.0,27.34,+61.53,-47.84,1
1560.3563,1010.02,22.0,27.59,+61.53,-47.58,1
1560.4904,1009.96,22.0,28.11,+61.53,-47.07,1
1560.6241,1009.97,22.0,28.02,+61.53,-47.15,1
1560.7567,1009.98,22.0,27.94,+61.53,-47.24,1
1560.8921,1009.99,22.0,27.85,+61.53,-47.32,1
1561.0309,1009.93,22.0,28.36,+61.55,-46.78,1
1561.1641,1009.98,22.0,27.94,+61.55,-47.21,1
1561.2988,1010.01,22.0,27.68,+61.55,-47.47,1
1561.4335,1009.97,22.0,28.02,+61.55,-47.13,1
1561.5676,1010.02,22.0,27.59,+61.55,-47.55,1
1561.7019,1009.97,22.0,28.02,+61.55,-47.13,1
1561.8373,1009.96,22.0,28.11,+61.55,-47.04,1
1561.9724,1010.00,22.0,27.76,+61.57,-47.36,1
1562.1067,1009.98,22.0,27.94,+61.57,-47.19,1
1562.2414,1009.99,22.0,27.85,+61.57,-47.28,1
1562.3738,1009.99,22.0,27.85,+61.57,-47.28,1
1562.5083,1010.01,22.0,27.68,+61.57,-47.45,1
1562.6436,1009.97,22.0,28.02,+61.57,-47.10,1
1562.7765,1010.01,22.0,27.68,+61.57,-47.45,1
1562.9117,1009.99,22.0,27.85,+61.57,-47.28,1
1563.0487,1009.91,22.0,28.53,+61.57,-46.59,1
1563.1826,1009.93,22.0,28.36,+61.57,-46.76,1
1563.3175,1009.93,22.0,28.36,+61.57,-46.76,1
1563.4523,1009.94,22.0,28.28,+61.57,-46.85,1
1563.5845,1009.97,22.0,28.02,+61.57,-47.10,1
1563.7186,1009.93,22.0,28.36,+61.57,-46.76,1
1563.8531,1009.94,22.0,28.28,+61.57,-46.85,1
1563.9896,1009.90,22.0,28.62,+61.59,-46.49,1
1564.1242,1009.96,22.0,28.11,+61.59,-47.00,1
1564.2611,1009.88,22.0,28.79,+61.59,-46.32,1
1564.3935,1009.91,22.0,28.53,+61.59,-46.57,1
1564.5275,1009.91,22.0,28.53,+61.59,-46.57,1
1564.6615,1009.89,22.0,28.71,+61.59,-46.40,1
1564.7958,1009.90,22.0,28.62,+61.59,-46.49,1
1564.9342,1009.94,21.9,28.27,+61.59,-46.84,1
1565.0690,1010.03,22.0,27.51,+61.59,-47.60,1
1565.2024,1009.98,21.9,27.93,+61.59,-47.18,1
1565.3369,1009.95,21.9,28.18,+61.59,-46.93,1
1565.4710,1009.97,21.9,28.01,+61.59,-47.10,1
1565.6035,1009.93,21.9,28.35,+61.59,-46.75,1
1565.7369,1009.94,21.9,28.27,+61.59,-46.84,1
1565.8720,1009.90,21.9,28.61,+61.59,-46.50,1
1566.0068,1009.94,21.9,28.27,+61.59,-46.84,1
1566.1403,1009.90,21.9,28.61,+61.59,-46.50,1
1566.2743,1009.96,21.9,28.10,+61.59,-47.01,1
1566.4089,1009.88,21.9,28.78,+61.59,-46.32,1
1566.5405,1009.92,21.9,28.44,+61.59,-46.67,1
1566.6739,1009.91,21.9,28.53,+61.59,-46.58,1
1566.8082,1009.91,21.9,28.53,+61.59,-46.58,1
1566.9440,1009.89,21.9,28.70,+61.61,-46.40,1
1567.0765,1009.91,21.9,28.53,+61.61,-46.57,1
1567.2112,1009.95,21.9,28.18,+61.61,-46.91,1
1567.3449,1009.93,21.9,28.35,+61.61,-46.74,1
1567.4794,1009.89,21.9,28.70,+61.61,-46.40,1
1567.6128,1009.81,21.9,29.38,+61.61,-45.71,1
1567.7454,1009.91,21.9,28.53,+61.61,-46.57,1
1567.8794,1009.85,21.9,29.04,+61.61,-46.05,1
1568.0168,1009.88,21.9,28.78,+61.61,-46.31,1
1568.1495,1009.88,21.9,28.78,+61.61,-46.31,1
1568.2840,1009.86,21.9,28.95,+61.61,-46.14,1
1568.4182,1009.86,21.9,28.95,+61.61,-46.14,1
1568.5532,1009.87,21.9,28.87,+61.61,-46.22,1
1568.6878,1009.85,21.9,29.04,+61.61,-46.05,1
1568.8228,1009.85,21.9,29.04,+61.61,-46.05,1
1568.9585,1009.85,21.9,29.04,+61.63,-46.03,1
1569.0934,1009.88,21.9,28.78,+61.63,-46.29,1
1569.2270,1009.93,21.9,28.35,+61.63,-46.72,1
1569.3599,1009.87,21.9,28.87,+61.63,-46.20,1
1569.4950,1009.86,21.9,28.95,+61.63,-46.12,1
1569.6295,1009.86,21.9,28.95,+61.63,-46.12,1
1569.7612,1009.86,21.9,28.95,+61.63,-46.12,1
1569.8956,1009.88,21.9,28.78,+61.63,-46.29,1
1570.0300,1009.85,21.9,29.04,+61.66,-46.00,1
1570.1624,1009.89,21.9,28.70,+61.66,-46.34,1
1570.2961,1009.88,21.9,28.78,+61.66,-46.26,1
1570.4308,1009.87,21.9,28.87,+61.66,-46.17,1
1570.5632,1009.83,21.9,29.21,+61.66,-45.83,1
1570.6986,1009.87,21.9,28.87,+61.66,-46.17,1
1570.8340,1009.83,21.9,29.21,+61.66,-45.83,1
1570.9692,1009.81,21.9,29.38,+61.68,-45.64,1
1571.1022,1009.81,21.9,29.38,+61.68,-45.64,1
1571.2370,1009.79,21.9,29.55,+61.68,-45.46,1
1571.3714,1009.85,21.9,29.04,+61.68,-45.98,1
1571.5043,1009.89,21.9,28.70,+61.68,-46.32,1
1571.6386,1009.87,21.9,28.87,+61.68,-46.15,1
1571.7753,1009.81,21.9,29.38,+61.68,-45.64,1
1571.9102,1009.80,21.9,29.47,+61.68,-45.55,1
1572.0463,1009.84,21.9,29.12,+61.71,-45.87,1
1572.1813,1009.84,21.9,29.12,+61.71,-45.87,1
1572.3144,1009.87,21.9,28.87,+61.71,-46.13,1
1572.4476,1009.83,21.9,29.21,+61.71,-45.78,1
1572.5818,1009.85,21.9,29.04,+61.71,-45.95,1
1572.7144,1009.85,21.9,29.04,+61.71,-45.95,1
1572.8516,1009.89,21.9,28.70,+61.71,-46.30,1
1572.9879,1009.85,21.9,29.04,+61.77,-45.89,1
1573.1209,1009.91,21.9,28.53,+61.77,-46.41,1
1573.2561,1009.80,21.9,29.47,+61.77,-45.46,1
1573.3910,1009.83,21.9,29.21,+61.77,-45.72,1
1573.5224,1009.77,21.9,29.72,+61.77,-45.21,1
1573.6556,1009.76,21.9,29.81,+61.77,-45.12,1
1573.7907,1009.79,21.9,29.55,+61.77,-45.38,1
1573.9293,1009.74,21.9,29.98,+61.82,-44.90,1
1574.0637,1009.74,21.9,29.98,+61.82,-44.90,1
1574.1983,1009.74,21.9,29.98,+61.82,-44.90,1
1574.3311,1009.75,21.9,29.89,+61.82,-44.99,1
1574.4657,1009.78,21.9,29.64,+61.82,-45.25,1
1574.5990,1009.68,21.9,30.49,+61.82,-44.39,1
1574.7305,1009.81,21.9,29.38,+61.82,-45.50,1
1574.8658,1009.72,21.9,30.15,+61.82,-44.73,1
1575.0025,1009.76,21.9,29.81,+61.86,-45.03,1
1575.1367,1009.71,21.9,30.24,+61.86,-44.61,1
1575.2696,1009.72,21.9,30.15,+61.86,-44.69,1
1575.4038,1009.75,22.0,29.90,+61.86,-44.94,1
1575.5398,1009.78,22.0,29.65,+61.86,-45.20,1
1575.6713,1009.81,22.0,29.39,+61.86,-45.45,1
1575.8063,1009.75,22.0,29.90,+61.86,-44.94,1
1575.9441,1009.82,22.0,29.31,+61.91,-45.48,1
1576.0793,1009.79,21.9,29.55,+61.91,-45.23,1
1576.2139,1009.67,21.9,30.58,+61.91,-44.21,1
1576.3483,1009.79,22.0,29.56,+61.91,-45.22,1
1576.4810,1009.72,22.0,30.16,+61.91,-44.62,1
1576.6163,1009.72,22.0,30.16,+61.91,-44.62,1
1576.7495,1009.72,22.0,30.16,+61.91,-44.62,1
1576.8814,1009.73,22.0,30.08,+61.91,-44.71,1
1577.0168,1009.72,22.0,30.16,+61.91,-44.62,1
1577.1516,1009.73,22.0,30.08,+61.91,-44.71,1
1577.2843,1009.73,22.0,30.08,+61.91,-44.71,1
1577.4185,1009.63,22.0,30.93,+61.91,-43.85,1
1577.5533,1009.72,22.0,30.16,+61.91,-44.62,1
1577.6897,1009.73,22.0,30.08,+61.91,-44.71,1
1577.8223,1009.66,21.9,30.66,+61.91,-44.12,1
1577.9592,1009.73,22.0,30.08,+61.96,-44.67,1
1578.0932,1009.66,21.9,30.66,+61.96,-44.08,1
1578.2263,1009.65,21.9,30.75,+61.96,-43.99,1
1578.3608,1009.68,21.9,30.49,+61.96,-44.25,1
1578.4956,1009.62,21.9,31.01,+61.96,-43.74,1
1578.6283,1009.65,21.9,30.75,+61.96,-43.99,1
1578.7638,1009.66,21.9,30.66,+61.96,-44.08,1
1578.8980,1009.68,21.9,30.49,+61.96,-44.25,1
1579.0332,1009.76,21.9,29.81,+62.03,-44.86,1
1579.1666,1009.70,21.9,30.32,+62.03,-44.35,1
1579.3019,1009.69,21.9,30.41,+62.03,-44.26,1
1579.4333,1009.70,21.9,30.32,+62.03,-44.35,1
1579.5675,1009.65,21.9,30.75,+62.03,-43.92,1
1579.7022,1009.68,21.9,30.49,+62.03,-44.18,1
1579.8368,1009.64,21.9,30.84,+62.03,-43.83,1
1579.9745,1009.63,21.9,30.92,+62.11,-43.67,1
1580.1081,1009.63,21.9,30.92,+62.11,-43.67,1
1580.2409,1009.60,21.9,31.18,+62.11,-43.41,1
1580.3753,1009.58,21.9,31.35,+62.11,-43.24,1
1580.5093,1009.71,21.9,30.24,+62.11,-44.36,1
1580.6416,1009.65,21.9,30.75,+62.11,-43.84,1
1580.7765,1009.57,21.9,31.44,+62.11,-43.16,1
1580.9129,1009.59,21.9,31.26,+62.11,-43.33,1
1581.0484,1009.64,21.9,30.84,+62.18,-43.68,1
1581.1816,1009.66,21.9,30.66,+62.18,-43.85,1
1581.3164,1009.62,21.9,31.01,+62.18,-43.51,1
1581.4521,1009.60,21.9,31.18,+62.18,-43.34,1
1581.5849,1009.62,21.9,31.01,+62.18,-43.51,1
1581.7195,1009.64,21.9,30.84,+62.18,-43.68,1
1581.8549,1009.65,21.9,30.75,+62.18,-43.77,1
1581.9914,1009.60,21.9,31.18,+62.27,-43.25,1
1582.1244,1009.58,21.9,31.35,+62.27,-43.08,1
1582.2589,1009.55,21.9,31.61,+62.27,-42.82,1
1582.3907,1009.63,21.9,30.92,+62.27,-43.51,1
1582.5243,1009.63,21.9,30.92,+62.27,-43.51,1
1582.6570,1009.55,21.9,31.61,+62.27,-42.82,1
1582.7884,1009.64,21.9,30.84,+62.27,-43.59,1
1582.9231,1009.61,21.9,31.09,+62.27,-43.34,1
1583.0603,1009.55,21.9,31.61,+62.37,-42.73,1
1583.1917,1009.57,21.9,31.44,+62.37,-42.90,1
1583.3261,1009.55,21.9,31.61,+62.37,-42.73,1
1583.4598,1009.52,21.9,31.86,+62.37,-42.47,1
1583.5943,1009.57,21.9,31.44,+62.37,-42.90,1
1583.7258,1009.58,21.9,31.35,+62.37,-42.98,1
1583.8602,1009.54,21.9,31.69,+62.37,-42.64,1
1583.9979,1009.56,21.9,31.52,+62.45,-42.73,1
1584.1309,1009.55,21.9,31.61,+62.45,-42.65,1
1584.2655,1009.52,21.9,31.86,+62.45,-42.39,1
1584.3997,1009.57,21.9,31.44,+62.45,-42.82,1
1584.5326,1009.55,21.9,31.61,+62.45,-42.65,1
1584.6673,1009.56,21.9,31.52,+62.45,-42.73,1
1584.8007,1009.52,21.9,31.86,+62.45,-42.39,1
1584.9374,1009.49,21.9,32.12,+62.52,-42.06,1
1585.0709,1009.48,21.9,32.21,+62.52,-41.98,1
1585.2064,1009.56,21.9,31.52,+62.52,-42.66,1
1585.3391,1009.48,21.9,32.21,+62.52,-41.98,1
1585.4739,1009.56,21.9,31.52,+62.52,-42.66,1
1585.6085,1009.50,21.9,32.03,+62.52,-42.15,1
1585.7433,1009.46,21.9,32.38,+62.52,-41.81,1
1585.8782,1009.54,21.9,31.69,+62.52,-42.49,1
1586.0133,1009.51,21.9,31.95,+62.58,-42.17,1
1586.1455,1009.58,21.9,31.35,+62.58,-42.77,1
1586.2807,1009.46,21.9,32.38,+62.58,-41.74,1
1586.4150,1009.43,21.9,32.63,+62.58,-41.48,1
1586.5481,1009.49,21.9,32.12,+62.58,-42.00,1
1586.6800,1009.45,21.9,32.46,+62.58,-41.65,1
1586.8138,1009.46,21.9,32.38,+62.58,-41.74,1
1586.9505,1009.47,21.9,32.29,+62.63,-41.78,1
1587.0822,1009.47,21.9,32.29,+62.63,-41.78,1
1587.2161,1009.45,21.9,32.46,+62.63,-41.61,1
1587.3506,1009.46,21.9,32.38,+62.63,-41.69,1
1587.4828,1009.48,21.9,32.21,+62.63,-41.87,1
1587.6158,1009.45,21.9,32.46,+62.63,-41.61,1
1587.7505,1009.44,21.9,32.55,+62.63,-41.52,1
1587.8838,1009.40,21.9,32.89,+62.63,-41.18,1
1588.0200,1009.45,21.9,32.46,+62.65,-41.59,1
1588.1538,1009.42,21.9,32.72,+62.65,-41.33,1
1588.2867,1009.39,21.9,32.98,+62.65,-41.07,1
1588.4211,1009.41,21.9,32.81,+62.65,-41.24,1
1588.5543,1009.42,21.9,32.72,+62.65,-41.33,1
1588.6890,1009.41,21.9,32.81,+62.65,-41.24,1
1588.8235,1009.36,21.9,33.23,+62.65,-40.81,1
1588.9601,1009.42,21.9,32.72,+62.66,-41.32,1
1589.0943,1009.36,21.9,33.23,+62.66,-40.81,1
1589.2275,1009.38,21.9,33.06,+62.66,-40.98,1
1589.3618,1009.35,21.9,33.32,+62.66,-40.72,1
1589.4972,1009.34,21.9,33.40,+62.66,-40.63,1
1589.6298,1009.38,21.9,33.06,+62.66,-40.98,1
1589.7645,1009.38,21.9,33.06,+62.66,-40.98,1
1589.8994,1009.37,21.9,33.15,+62.66,-40.89,1
1590.0355,1009.32,21.9,33.58,+62.67,-40.45,1
1590.1687,1009.31,21.9,33.66,+62.67,-40.37,1
1590.3032,1009.37,21.9,33.15,+62.67,-40.88,1
1590.4358,1009.32,21.9,33.58,+62.67,-40.45,1
1590.5699,1009.36,21.9,33.23,+62.67,-40.79,1
1590.7035,1009.36,21.9,33.23,+62.67,-40.79,1
1590.8367,1009.38,21.9,33.06,+62.67,-40.96,1
1590.9746,1009.34,21.9,33.40,+62.67,-40.62,1
1591.1104,1009.35,21.9,33.32,+62.67,-40.71,1
1591.2437,1009.30,21.9,33.75,+62.67,-40.28,1
1591.3780,1009.30,21.9,33.75,+62.67,-40.28,1
1591.5126,1009.33,21.9,33.49,+62.67,-40.54,1
1591.6458,1009.33,21.9,33.49,+62.67,-40.54,1
1591.7802,1009.27,21.9,34.00,+62.67,-40.02,1
1591.9150,1009.24,21.9,34.26,+62.67,-39.77,1
1592.0503,1009.29,21.9,33.83,+62.62,-40.24,1
1592.1862,1009.24,21.9,34.26,+62.62,-39.82,1
1592.3206,1009.27,21.9,34.00,+62.62,-40.07,1
1592.4532,1009.30,21.9,33.75,+62.62,-40.33,1
1592.5875,1009.29,21.9,33.83,+62.62,-40.24,1
1592.7227,1009.29,21.9,33.83,+62.62,-40.24,1
1592.8555,1009.30,21.9,33.75,+62.62,-40.33,1
1592.9933,1009.23,21.9,34.35,+62.58,-39.78,1
1593.1278,1009.32,21.9,33.58,+62.58,-40.55,1
1593.2616,1009.30,21.9,33.75,+62.58,-40.38,1
1593.3958,1009.31,21.9,33.66,+62.58,-40.46,1
1593.5298,1009.24,21.8,34.25,+62.58,-39.87,1
1593.6621,1009.31,21.8,33.65,+62.58,-40.47,1
1593.7970,1009.30,21.8,33.74,+62.58,-40.39,1
1593.9350,1009.31,21.8,33.65,+62.52,-40.53,1
1594.0672,1009.30,21.9,33.75,+62.52,-40.43,1
1594.2021,1009.26,21.8,34.08,+62.52,-40.10,1
1594.3363,1009.17,21.8,34.85,+62.52,-39.33,1
1594.4701,1009.27,21.8,33.99,+62.52,-40.18,1
1594.6026,1009.28,21.8,33.91,+62.52,-40.27,1
1594.7375,1009.28,21.8,33.91,+62.52,-40.27,1
1594.8738,1009.30,21.8,33.74,+62.52,-40.44,1
1595.0097,1009.25,21.8,34.16,+62.47,-40.06,1
1595.1445,1009.30,21.8,33.74,+62.47,-40.49,1
1595.2796,1009.31,21.8,33.65,+62.47,-40.58,1
1595.4131,1009.26,21.8,34.08,+62.47,-40.15,1
1595.5474,1009.30,21.8,33.74,+62.47,-40.49,1
1595.6820,1009.23,21.8,34.33,+62.47,-39.89,1
1595.8139,1009.26,21.9,34.09,+62.47,-40.14,1
1595.9524,1009.18,21.8,34.76,+62.40,-39.53,1
1596.0872,1009.24,21.9,34.26,+62.40,-40.03,1
1596.2193,1009.20,21.9,34.60,+62.40,-39.69,1
1596.3526,1009.21,21.9,34.52,+62.40,-39.78,1
1596.4880,1009.12,21.9,35.29,+62.40,-39.01,1
1596.6202,1009.23,21.9,34.35,+62.40,-39.95,1
1596.7544,1009.21,21.9,34.52,+62.40,-39.78,1
1596.8896,1009.19,21.9,34.69,+62.40,-39.61,1
1597.0255,1009.30,21.9,33.75,+62.33,-40.62,1
1597.1576,1009.19,21.9,34.69,+62.33,-39.68,1
1597.2913,1009.18,21.9,34.77,+62.33,-39.60,1
1597.4246,1009.13,21.9,35.20,+62.33,-39.17,1
1597.5574,1009.20,21.9,34.60,+62.33,-39.77,1
1597.6906,1009.26,21.9,34.09,+62.33,-40.28,1
1597.8269,1009.17,21.9,34.86,+62.33,-39.51,1
1597.9625,1009.13,21.9,35.20,+62.27,-39.23,1
1598.0976,1009.13,21.9,35.20,+62.27,-39.23,1
1598.2311,1009.19,21.9,34.69,+62.27,-39.74,1
1598.3637,1009.23,21.9,34.35,+62.27,-40.08,1
1598.4973,1009.16,21.9,34.95,+62.27,-39.48,1
1598.6318,1009.14,21.9,35.12,+62.27,-39.31,1
1598.7632,1009.19,21.9,34.69,+62.27,-39.74,1
1598.8983,1009.16,21.9,34.95,+62.27,-39.48,1
1599.0336,1009.16,21.9,34.95,+62.23,-39.52,1
1599.1681,1009.11,21.9,35.37,+62.23,-39.09,1
1599.3002,1009.18,21.9,34.77,+62.23,-39.69,1
1599.4339,1009.15,21.9,35.03,+62.23,-39.44,1
1599.5673,1009.15,21.9,35.03,+62.23,-39.44,1
1599.7011,1009.10,21.9,35.46,+62.23,-39.01,1
1599.8350,1009.15,21.9,35.03,+62.23,-39.44,1
1599.9728,1009.16,21.9,34.95,+62.21,-39.54,1
1600.1050,1009.13,21.9,35.20,+62.21,-39.28,1
1600.2397,1009.15,21.9,35.03,+62.21,-39.46,1
1600.3730,1009.12,21.9,35.29,+62.21,-39.20,1
1600.5043,1009.12,21.9,35.29,+62.21,-39.20,1
1600.6374,1009.12,21.9,35.29,+62.21,-39.20,1
1600.7723,1009.10,21.9,35.46,+62.21,-39.03,1
1600.9053,1009.16,21.9,34.95,+62.21,-39.54,1
1601.0404,1009.14,21.9,35.12,+62.22,-39.37,1
1601.1743,1009.10,21.9,35.46,+62.22,-39.02,1
1601.3092,1009.11,21.9,35.37,+62.22,-39.11,1
1601.4409,1009.11,21.9,35.37,+62.22,-39.11,1
1601.5739,1009.06,21.9,35.80,+62.22,-38.68,1
1601.7076,1009.10,21.9,35.46,+62.22,-39.02,1
1601.8423,1009.12,21.9,35.29,+62.22,-39.19,1
1601.9783,1009.11,21.9,35.37,+62.22,-39.10,1
1602.1113,1009.07,21.9,35.72,+62.22,-38.76,1
1602.2437,1009.15,22.0,35.04,+62.22,-39.43,1
1602.3782,1009.06,21.9,35.80,+62.22,-38.67,1
1602.5117,1009.14,22.0,35.13,+62.22,-39.35,1
1602.6430,1009.08,22.0,35.64,+62.22,-38.83,1
1602.7768,1009.01,21.9,36.23,+62.22,-38.25,1
1602.9135,1009.06,22.0,35.81,+62.22,-38.66,1
1603.0483,1009.03,21.9,36.06,+62.22,-38.42,1
1603.1824,1009.13,22.0,35.21,+62.22,-39.27,1
1603.3160,1009.12,22.0,35.30,+62.22,-39.18,1
1603.4502,1009.06,22.0,35.81,+62.22,-38.67,1
1603.5819,1009.11,22.0,35.39,+62.22,-39.10,1
1603.7157,1009.05,22.0,35.90,+62.22,-38.58,1
1603.8510,1009.01,22.0,36.24,+62.22,-38.24,1
1603.9874,1009.06,22.0,35.81,+62.21,-38.67,1
1604.1210,1009.10,22.0,35.47,+62.21,-39.02,1
1604.2549,1009.04,22.0,35.99,+62.21,-38.50,1
1604.3862,1009.13,22.0,35.21,+62.21,-39.27,1
1604.5208,1009.04,22.0,35.99,+62.21,-38.50,1
1604.6538,1009.06,22.0,35.81,+62.21,-38.67,1
1604.7873,1009.05,22.0,35.90,+62.21,-38.59,1
1604.9238,1009.08,22.0,35.64,+62.22,-38.84,1
1605.0578,1009.06,22.0,35.81,+62.22,-38.67,1
1605.1909,1009.08,22.0,35.64,+62.22,-38.84,1
1605.3226,1009.11,22.0,35.39,+62.22,-39.09,1
1605.4563,1009.06,22.0,35.81,+62.22,-38.67,1
1605.5911,1009.08,22.0,35.64,+62.22,-38.84,1
1605.7225,1009.06,22.0,35.81,+62.22,-38.67,1
1605.8562,1009.09,22.0,35.56,+62.22,-38.92,1
1605.9927,1009.09,22.0,35.56,+62.26,-38.88,1
1606.1257,1009.12,22.0,35.30,+62.26,-39.14,1
1606.2595,1009.09,22.0,35.56,+62.26,-38.88,1
1606.3928,1009.06,22.0,35.81,+62.26,-38.62,1
1606.5265,1009.15,22.0,35.04,+62.26,-39.39,1
1606.6610,1009.09,22.0,35.56,+62.26,-38.88,1
1606.7944,1009.12,22.0,35.30,+62.26,-39.14,1
1606.9326,1009.05,22.0,35.90,+62.31,-38.49,1
1607.0645,1009.09,22.0,35.56,+62.31,-38.83,1
1607.1994,1009.14,22.0,35.13,+62.31,-39.26,1
1607.3329,1009.12,22.0,35.30,+62.31,-39.09,1
1607.4650,1009.06,22.0,35.81,+62.31,-38.58,1
1607.5981,1009.03,22.0,36.07,+62.31,-38.32,1
1607.7327,1009.04,22.0,35.99,+62.31,-38.41,1
1607.8660,1009.06,22.0,35.81,+62.31,-38.58,1
1608.0037,1009.11,22.0,35.39,+62.34,-38.98,1
1608.1377,1009.15,22.0,35.04,+62.34,-39.32,1
1608.2707,1009.04,22.0,35.99,+62.34,-38.38,1
1608.4039,1009.04,22.0,35.99,+62.34,-38.38,1
1608.5370,1009.11,22.0,35.39,+62.34,-38.98,1
1608.6684,1009.18,22.0,34.79,+62.34,-39.58,1
1608.8038,1009.19,22.0,34.70,+62.34,-39.66,1
1608.9414,1009.08,22.0,35.64,+62.40,-38.66,1
1609.0731,1009.04,22.0,35.99,+62.40,-38.31,1
1609.2070,1009.05,22.0,35.90,+62.40,-38.40,1
1609.3417,1009.10,22.0,35.47,+62.40,-38.83,1
1609.4732,1009.08,22.0,35.64,+62.40,-38.66,1
1609.6062,1009.06,22.0,35.81,+62.40,-38.49,1
1609.7400,1009.18,22.0,34.79,+62.40,-39.51,1
1609.8752,1009.08,22.0,35.64,+62.40,-38.66,1
1610.0102,1009.12,22.0,35.30,+62.43,-38.96,1
1610.1436,1009.15,22.0,35.04,+62.43,-39.22,1
1610.2777,1009.14,22.0,35.13,+62.43,-39.14,1
1610.4106,1009.10,22.0,35.47,+62.43,-38.79,1
1610.5438,1009.10,22.0,35.47,+62.43,-38.79,1
1610.6774,1009.14,22.0,35.13,+62.43,-39.14,1
1610.8094,1009.12,22.0,35.30,+62.43,-38.96,1
1610.9479,1009.16,22.0,34.96,+62.48,-39.26,1
1611.0793,1009.11,22.0,35.39,+62.48,-38.83,1
1611.2108,1009.18,22.0,34.79,+62.48,-39.43,1
1611.3454,1009.20,22.0,34.62,+62.48,-39.60,1
1611.4798,1009.10,22.0,35.47,+62.48,-38.74,1
1611.6109,1009.12,22.0,35.30,+62.48,-38.91,1
1611.7427,1009.10,22.0,35.47,+62.48,-38.74,1
1611.8764,1009.18,22.0,34.79,+62.48,-39.43,1
1612.0126,1009.17,22.0,34.87,+62.55,-39.27,1
1612.1440,1009.15,22.0,35.04,+62.55,-39.10,1
1612.2775,1009.09,22.0,35.56,+62.55,-38.59,1
1612.4106,1009.04,22.0,35.99,+62.55,-38.16,1
1612.5435,1009.08,22.0,35.64,+62.55,-38.50,1
1612.6768,1009.08,22.0,35.64,+62.55,-38.50,1
1612.8105,1009.09,22.0,35.56,+62.55,-38.59,1
1612.9455,1009.15,22.0,35.04,+62.61,-39.05,1
1613.0787,1009.08,22.0,35.64,+62.61,-38.45,1
1613.2122,1009.08,22.0,35.64,+62.61,-38.45,1
1613.3455,1009.14,22.0,35.13,+62.61,-38.96,1
1613.4775,1009.10,22.0,35.47,+62.61,-38.62,1
1613.6107,1009.09,22.0,35.56,+62.61,-38.53,1
1613.7437,1009.15,22.0,35.04,+62.61,-39.05,1
1613.8758,1009.11,22.0,35.39,+62.61,-38.71,1
1614.0124,1009.06,22.0,35.81,+62.68,-38.20,1
1614.1467,1009.02,22.0,36.16,+62.68,-37.86,1
1614.2784,1009.11,22.0,35.39,+62.68,-38.63,1
1614.4115,1009.15,22.0,35.04,+62.68,-38.98,1
1614.5451,1009.12,22.0,35.30,+62.68,-38.72,1
1614.6807,1009.07,22.0,35.73,+62.68,-38.29,1
1614.8135,1009.17,22.1,34.88,+62.68,-39.14,1
1614.9518,1009.04,22.0,35.99,+62.78,-37.93,1
1615.0864,1009.12,22.1,35.31,+62.78,-38.60,1
1615.2196,1009.07,22.1,35.74,+62.78,-38.18,1
1615.3532,1009.10,22.1,35.48,+62.78,-38.43,1
1615.4868,1009.05,22.1,35.91,+62.78,-38.00,1
1615.6183,1009.14,22.1,35.14,+62.78,-38.78,1
1615.7519,1009.08,22.1,35.66,+62.78,-38.26,1
1615.8849,1009.10,22.1,35.48,+62.78,-38.43,1
1616.0213,1009.11,22.1,35.40,+62.88,-38.42,1
1616.1536,1009.07,22.0,35.73,+62.88,-38.09,1
1616.2887,1009.05,22.0,35.90,+62.88,-37.92,1
1616.4218,1009.10,22.1,35.48,+62.88,-38.34,1
1616.5533,1009.08,22.1,35.66,+62.88,-38.17,1
1616.6870,1009.08,22.1,35.66,+62.88,-38.17,1
1616.8220,1009.07,22.1,35.74,+62.88,-38.08,1
1616.9564,1009.11,22.1,35.40,+62.98,-38.33,1
1617.0900,1009.04,22.1,36.00,+62.98,-37.73,1
1617.2242,1009.08,22.1,35.66,+62.98,-38.07,1
1617.3566,1009.14,22.1,35.14,+62.98,-38.58,1
1617.4897,1009.11,22.1,35.40,+62.98,-38.33,1
1617.6230,1009.16,22.1,34.97,+62.98,-38.75,1
1617.7549,1009.08,22.1,35.66,+62.98,-38.07,1
1617.8890,1009.08,22.1,35.66,+62.98,-38.07,1
1618.0243,1009.08,22.1,35.66,+63.08,-37.96,1
1618.1555,1009.04,22.1,36.00,+63.08,-37.62,1
1618.2899,1009.07,22.1,35.74,+63.08,-37.88,1
1618.4247,1009.07,22.1,35.74,+63.08,-37.88,1
1618.5590,1009.01,22.1,36.26,+63.08,-37.36,1
1618.6921,1009.12,22.1,35.31,+63.08,-38.31,1
1618.8272,1009.16,22.1,34.97,+63.08,-38.65,1
1618.9657,1009.18,22.1,34.80,+63.22,-38.69,1
1619.0988,1009.05,22.1,35.91,+63.22,-37.57,1
1619.2337,1009.13,22.1,35.23,+63.22,-38.26,1
1619.3674,1009.07,22.1,35.74,+63.22,-37.74,1
1619.5001,1009.10,22.1,35.48,+63.22,-38.00,1
1619.6333,1009.09,22.1,35.57,+63.22,-37.91,1
1619.7679,1009.05,22.1,35.91,+63.22,-37.57,1
1619.9007,1009.02,22.1,36.17,+63.22,-37.31,1
1620.0383,1009.12,22.1,35.31,+63.34,-38.05,1
1620.1723,1009.11,22.1,35.40,+63.34,-37.96,1
1620.3051,1009.06,22.1,35.83,+63.34,-37.53,1
1620.4399,1009.02,22.1,36.17,+63.34,-37.19,1
1620.5760,1009.04,22.1,36.00,+63.34,-37.36,1
1620.7082,1009.07,22.2,35.75,+63.34,-37.61,1
1620.8429,1009.06,22.2,35.84,+63.34,-37.52,1
1620.9809,1009.07,22.2,35.75,+63.50,-37.44,1
1621.1149,1009.05,22.2,35.92,+63.50,-37.27,1
1621.2495,1009.01,22.2,36.27,+63.50,-36.93,1
1621.3837,1009.06,22.2,35.84,+63.50,-37.36,1
1621.5161,1009.01,22.2,36.27,+63.50,-36.93,1
1621.6514,1009.02,22.2,36.18,+63.50,-37.02,1
1621.7858,1009.04,22.2,36.01,+63.50,-37.19,1
1621.9220,1009.05,22.2,35.92,+63.68,-37.09,1
1622.0567,1008.97,22.2,36.61,+63.68,-36.41,1
1622.1926,1009.00,22.2,36.35,+63.68,-36.66,1
1622.3250,1009.00,22.2,36.35,+63.68,-36.66,1
1622.4601,1008.99,22.2,36.44,+63.68,-36.58,1
1622.5942,1009.02,22.2,36.18,+63.68,-36.84,1
1622.7295,1009.02,22.2,36.18,+63.68,-36.84,1
1622.8626,1009.01,22.2,36.27,+63.68,-36.75,1
1622.9999,1009.03,22.2,36.10,+63.86,-36.75,1
1623.1343,1009.00,22.2,36.35,+63.86,-36.49,1
1623.2681,1009.00,22.2,36.35,+63.86,-36.49,1
1623.4023,1009.06,22.2,35.84,+63.86,-37.00,1
1623.5364,1009.00,22.2,36.35,+63.86,-36.49,1
1623.6689,1008.98,22.2,36.52,+63.86,-36.32,1
1623.8040,1008.98,22.2,36.52,+63.86,-36.32,1
1623.9409,1009.01,22.2,36.27,+64.03,-36.40,1
1624.0738,1008.96,22.2,36.70,+64.03,-35.97,1
1624.2078,1008.95,22.2,36.78,+64.03,-35.89,1
1624.3425,1008.97,22.2,36.61,+64.03,-36.06,1
1624.4739,1008.98,22.2,36.52,+64.03,-36.15,1
1624.6073,1009.00,22.2,36.35,+64.03,-36.32,1
1624.7407,1009.02,22.2,36.18,+64.03,-36.49,1
1624.8749,1008.97,22.2,36.61,+64.03,-36.06,1
1625.0133,1008.96,22.2,36.70,+64.21,-35.80,1
1625.1474,1008.99,22.2,36.44,+64.21,-36.05,1
1625.2806,1008.95,22.2,36.78,+64.21,-35.71,1
1625.4154,1008.99,22.2,36.44,+64.21,-36.05,1
1625.5485,1008.96,22.2,36.70,+64.21,-35.80,1
1625.6806,1008.96,22.2,36.70,+64.21,-35.80,1
1625.8144,1009.03,22.2,36.10,+64.21,-36.40,1
1625.9394,1008.93,22.2,36.95,+64.42,-35.33,1
1626.0707,1008.93,22.2,36.95,+64.42,-35.33,1
1626.2047,1009.00,22.2,36.35,+64.42,-35.93,1
1626.3381,1008.97,22.2,36.61,+64.42,-35.67,1
1626.4726,1008.96,22.2,36.70,+64.42,-35.59,1
1626.6045,1008.97,22.2,36.61,+64.42,-35.67,1
1626.7380,1008.96,22.2,36.70,+64.42,-35.59,1
1626.8718,1008.91,22.2,37.13,+64.42,-35.16,1
1627.0084,1008.94,22.2,36.87,+64.59,-35.24,1
1627.1419,1009.02,22.2,36.18,+64.59,-35.93,1
1627.2754,1008.95,22.2,36.78,+64.59,-35.33,1
1627.4078,1008.97,22.2,36.61,+64.59,-35.50,1
1627.5429,1008.96,22.2,36.70,+64.59,-35.41,1
1627.6766,1008.92,22.2,37.04,+64.59,-35.07,1
1627.8096,1008.92,22.2,37.04,+64.59,-35.07,1
1627.9485,1008.91,22.1,37.11,+64.75,-34.84,1
1628.0844,1008.94,22.1,36.86,+64.75,-35.09,1
1628.2174,1008.91,22.1,37.11,+64.75,-34.84,1
1628.3517,1008.92,22.1,37.03,+64.75,-34.92,1
1628.4852,1008.96,22.2,36.70,+64.75,-35.25,1
1628.6184,1008.92,22.1,37.03,+64.75,-34.92,1
1628.7520,1008.95,22.1,36.77,+64.75,-35.18,1
1628.8860,1008.87,22.1,37.46,+64.75,-34.49,1
1629.0210,1008.95,22.1,36.77,+64.88,-35.05,1
1629.1544,1008.94,22.1,36.86,+64.88,-34.96,1
1629.2880,1008.91,22.1,37.11,+64.88,-34.70,1
1629.4195,1008.91,22.1,37.11,+64.88,-34.70,1
1629.5533,1008.89,22.1,37.28,+64.88,-34.53,1
1629.6891,1008.89,22.1,37.28,+64.88,-34.53,1
1629.8230,1008.85,22.1,37.63,+64.88,-34.19,1
1629.9587,1008.80,22.1,38.06,+64.98,-33.66,1
1630.0923,1008.96,22.1,36.68,+64.98,-35.03,1
1630.2272,1008.90,22.1,37.20,+64.98,-34.52,1
1630.3589,1008.89,22.1,37.28,+64.98,-34.43,1
1630.4926,1008.89,22.1,37.28,+64.98,-34.43,1
1630.6261,1008.86,22.1,37.54,+64.98,-34.18,1
1630.7601,1008.87,22.2,37.47,+64.98,-34.25,1
1630.8960,1008.83,22.1,37.80,+64.98,-33.92,1
1631.0312,1008.81,22.1,37.97,+65.08,-33.65,1
1631.1629,1008.87,22.1,37.46,+65.08,-34.16,1
1631.2981,1008.83,22.1,37.80,+65.08,-33.82,1
1631.4314,1008.84,22.1,37.71,+65.08,-33.90,1
1631.5645,1008.82,22.2,37.90,+65.08,-33.72,1
1631.6968,1008.82,22.2,37.90,+65.08,-33.72,1
1631.8322,1008.84,22.1,37.71,+65.08,-33.90,1
1631.9680,1008.85,22.2,37.64,+65.20,-33.86,1
1632.1001,1008.82,22.2,37.90,+65.20,-33.60,1
1632.2339,1008.81,22.2,37.98,+65.20,-33.52,1
1632.3686,1008.83,22.1,37.80,+65.20,-33.70,1
1632.4999,1008.83,22.1,37.80,+65.20,-33.70,1
1632.6340,1008.82,22.1,37.88,+65.20,-33.62,1
1632.7690,1008.84,22.2,37.73,+65.20,-33.78,1
1632.9055,1008.82,22.1,37.88,+65.20,-33.62,1
1633.0409,1008.79,22.2,38.15,+65.33,-33.21,1
1633.1763,1008.81,22.2,37.98,+65.33,-33.39,1
1633.3099,1008.81,22.2,37.98,+65.33,-33.39,1
1633.4424,1008.77,22.2,38.33,+65.33,-33.04,1
1633.5756,1008.82,22.2,37.90,+65.33,-33.47,1
1633.7092,1008.83,22.2,37.81,+65.33,-33.56,1
1633.8416,1008.81,22.2,37.98,+65.33,-33.39,1
1633.9790,1008.82,22.1,37.88,+65.44,-33.38,1
1634.1121,1008.84,22.2,37.73,+65.44,-33.54,1
1634.2450,1008.83,22.1,37.80,+65.44,-33.46,1
1634.3783,1008.83,22.2,37.81,+65.44,-33.45,1
1634.5128,1008.80,22.2,38.07,+65.44,-33.19,1
1634.6440,1008.89,22.2,37.30,+65.44,-33.96,1
1634.7774,1008.85,22.1,37.63,+65.44,-33.63,1
1634.9116,1008.82,22.1,37.88,+65.44,-33.38,1
1635.0485,1008.88,22.2,37.38,+65.56,-33.76,1
1635.1813,1008.90,22.1,37.20,+65.56,-33.94,1
1635.3148,1008.80,22.1,38.06,+65.56,-33.09,1
1635.4487,1008.84,22.1,37.71,+65.56,-33.43,1
1635.5816,1008.83,22.1,37.80,+65.56,-33.34,1
1635.7150,1008.84,22.1,37.71,+65.56,-33.43,1
1635.8487,1008.78,22.1,38.23,+65.56,-32.91,1
1635.9835,1008.80,22.1,38.06,+65.65,-33.00,1
1636.1195,1008.70,22.1,38.91,+65.65,-32.14,1
1636.2543,1008.84,22.1,37.71,+65.65,-33.34,1
1636.3866,1008.87,22.1,37.46,+65.65,-33.60,1
1636.5203,1008.73,22.1,38.66,+65.65,-32.40,1
1636.6547,1008.81,22.1,37.97,+65.65,-33.08,1
1636.7892,1008.76,22.1,38.40,+65.65,-32.66,1
1636.9266,1008.85,22.1,37.63,+65.73,-33.34,1
1637.0598,1008.78,22.1,38.23,+65.73,-32.74,1
1637.1955,1008.81,22.1,37.97,+65.73,-33.00,1
1637.3280,1008.79,22.1,38.14,+65.73,-32.83,1
1637.4632,1008.81,22.1,37.97,+65.73,-33.00,1
1637.5974,1008.83,22.1,37.80,+65.73,-33.17,1
1637.7311,1008.76,22.1,38.40,+65.73,-32.57,1
1637.8659,1008.78,22.1,38.23,+65.73,-32.74,1
1638.0047,1008.75,22.1,38.48,+65.82,-32.40,1
1638.1365,1008.75,22.1,38.48,+65.82,-32.40,1
1638.2701,1008.74,22.1,38.57,+65.82,-32.31,1
1638.4041,1008.72,22.1,38.74,+65.82,-32.14,1
1638.5365,1008.77,22.1,38.31,+65.82,-32.57,1
1638.6712,1008.75,22.1,38.48,+65.82,-32.40,1
1638.8060,1008.80,22.1,38.06,+65.82,-32.83,1
1638.9426,1008.77,22.1,38.31,+65.91,-32.47,1
1639.0760,1008.72,22.1,38.74,+65.91,-32.04,1
1639.2106,1008.79,22.1,38.14,+65.91,-32.65,1
1639.3457,1008.79,22.1,38.14,+65.91,-32.65,1
1639.4799,1008.73,22.1,38.66,+65.91,-32.13,1
1639.6140,1008.77,22.1,38.31,+65.91,-32.47,1
1639.7469,1008.82,22.1,37.88,+65.91,-32.90,1
1639.8818,1008.84,22.2,37.73,+65.91,-33.06,1
1640.0192,1008.81,22.2,37.98,+66.01,-32.71,1
1640.1508,1008.75,22.2,38.50,+66.01,-32.19,1
1640.2848,1008.79,22.1,38.14,+66.01,-32.55,1
1640.4204,1008.81,22.2,37.98,+66.01,-32.71,1
1640.5526,1008.78,22.2,38.24,+66.01,-32.45,1
1640.6873,1008.79,22.2,38.15,+66.01,-32.54,1
1640.8221,1008.74,22.2,38.58,+66.01,-32.11,1
1640.9589,1008.74,22.2,38.58,+66.07,-32.05,1
1641.0918,1008.72,22.2,38.75,+66.07,-31.88,1
1641.2273,1008.77,22.2,38.33,+66.07,-32.31,1
1641.3618,1008.70,22.2,38.93,+66.07,-31.71,1
1641.4954,1008.71,22.2,38.84,+66.07,-31.79,1
1641.6295,1008.72,22.2,38.75,+66.07,-31.88,1
1641.7640,1008.72,22.2,38.75,+66.07,-31.88,1
1641.8970,1008.72,22.2,38.75,+66.07,-31.88,1
1642.0221,1008.78,22.2,38.24,+66.12,-32.34,1
1642.1563,1008.79,22.2,38.15,+66.12,-32.43,1
1642.2887,1008.77,22.2,38.33,+66.12,-32.26,1
1642.4235,1008.75,22.2,38.50,+66.12,-32.08,1
1642.5590,1008.66,22.2,39.27,+66.12,-31.31,1
1642.6909,1008.72,22.2,38.75,+66.12,-31.83,1
1642.8257,1008.73,22.2,38.67,+66.12,-31.91,1
1642.9645,1008.67,22.2,39.18,+66.16,-31.36,1
1643.0994,1008.70,22.2,38.93,+66.16,-31.61,1
1643.2329,1008.69,22.2,39.01,+66.16,-31.53,1
1643.3673,1008.68,22.2,39.10,+66.16,-31.44,1
1643.5012,1008.66,22.2,39.27,+66.16,-31.27,1
1643.6351,1008.65,22.2,39.36,+66.16,-31.18,1
1643.7695,1008.70,22.2,38.93,+66.16,-31.61,1
1643.9044,1008.62,22.2,39.61,+66.16,-30.93,1
1644.0409,1008.65,22.2,39.36,+66.17,-31.17,1
1644.1757,1008.72,22.2,38.75,+66.17,-31.77,1
1644.3097,1008.66,22.2,39.27,+66.17,-31.26,1
1644.4426,1008.62,22.2,39.61,+66.17,-30.92,1
1644.5769,1008.69,22.2,39.01,+66.17,-31.52,1
1644.7124,1008.70,22.2,38.93,+66.17,-31.60,1
1644.8457,1008.66,22.2,39.27,+66.17,-31.26,1
1644.9832,1008.72,22.2,38.75,+66.17,-31.78,1
1645.1175,1008.59,22.2,39.87,+66.17,-30.66,1
1645.2515,1008.66,22.2,39.27,+66.17,-31.26,1
1645.3858,1008.62,22.2,39.61,+66.17,-30.92,1
1645.5198,1008.69,22.2,39.01,+66.17,-31.52,1
1645.6526,1008.61,22.2,39.70,+66.17,-30.83,1
1645.7894,1008.64,22.2,39.44,+66.17,-31.09,1
1645.9276,1008.63,22.2,39.53,+66.15,-31.02,1
1646.0604,1008.66,22.2,39.27,+66.15,-31.28,1
1646.1956,1008.68,22.2,39.10,+66.15,-31.45,1
1646.3313,1008.71,22.2,38.84,+66.15,-31.71,1
1646.4637,1008.64,22.2,39.44,+66.15,-31.11,1
1646.5977,1008.64,22.2,39.44,+66.15,-31.11,1
1646.7323,1008.61,22.2,39.70,+66.15,-30.85,1
1646.8666,1008.61,22.2,39.70,+66.15,-30.85,1
1647.0035,1008.61,22.2,39.70,+66.11,-30.89,1
1647.1365,1008.67,22.2,39.18,+66.11,-31.41,1
1647.2690,1008.58,22.2,39.96,+66.11,-30.64,1
1647.4035,1008.58,22.2,39.96,+66.11,-30.64,1
1647.5376,1008.61,22.2,39.70,+66.11,-30.89,1
1647.6701,1008.57,22.2,40.04,+66.11,-30.55,1
1647.8048,1008.59,22.2,39.87,+66.11,-30.72,1
1647.9307,1008.62,22.2,39.61,+66.05,-31.04,1
1648.0632,1008.59,22.2,39.87,+66.05,-30.78,1
1648.1983,1008.63,22.2,39.53,+66.05,-31.12,1
1648.3329,1008.64,22.2,39.44,+66.05,-31.21,1
1648.4683,1008.64,22.2,39.44,+66.05,-31.21,1
1648.6007,1008.59,22.2,39.87,+66.05,-30.78,1
1648.7354,1008.64,22.2,39.44,+66.05,-31.21,1
1648.8702,1008.61,22.2,39.70,+66.05,-30.95,1
1649.0067,1008.64,22.2,39.44,+65.99,-31.27,1
1649.1401,1008.64,22.2,39.44,+65.99,-31.27,1
1649.2748,1008.65,22.2,39.36,+65.99,-31.35,1
1649.4074,1008.66,22.2,39.27,+65.99,-31.44,1
1649.5418,1008.62,22.2,39.61,+65.99,-31.10,1
1649.6755,1008.68,22.2,39.10,+65.99,-31.61,1
1649.8086,1008.65,22.2,39.36,+65.99,-31.35,1
1649.9476,1008.60,22.2,39.78,+65.91,-31.00,1
1650.0825,1008.62,22.2,39.61,+65.91,-31.18,1
1650.2154,1008.66,22.2,39.27,+65.91,-31.52,1
1650.3487,1008.59,22.2,39.87,+65.91,-30.92,1
1650.4835,1008.65,22.2,39.36,+65.91,-31.43,1
1650.6173,1008.62,22.2,39.61,+65.91,-31.18,1
1650.7516,1008.57,22.2,40.04,+65.91,-30.75,1
1650.8863,1008.58,22.2,39.96,+65.91,-30.83,1
1651.0219,1008.69,22.2,39.01,+65.79,-31.90,1
1651.1554,1008.61,22.2,39.70,+65.79,-31.22,1
1651.2900,1008.57,22.2,40.04,+65.79,-30.87,1
1651.4229,1008.60,22.2,39.78,+65.79,-31.13,1
1651.5564,1008.53,22.2,40.38,+65.79,-30.53,1
1651.6916,1008.64,22.2,39.44,+65.79,-31.47,1
1651.8237,1008.55,22.2,40.21,+65.79,-30.70,1
1651.9488,1008.58,22.2,39.96,+65.64,-31.10,1
1652.0824,1008.64,22.2,39.44,+65.64,-31.61,1
1652.2151,1008.62,22.2,39.61,+65.64,-31.44,1
1652.3484,1008.62,22.2,39.61,+65.64,-31.44,1
1652.4817,1008.56,22.2,40.13,+65.64,-30.93,1
1652.6149,1008.64,22.2,39.44,+65.64,-31.61,1
1652.7487,1008.59,22.2,39.87,+65.64,-31.19,1
1652.8835,1008.65,22.2,39.36,+65.64,-31.70,1
1653.0215,1008.59,22.2,39.87,+65.52,-31.31,1
1653.1545,1008.61,22.2,39.70,+65.52,-31.48,1
1653.2905,1008.57,22.2,40.04,+65.52,-31.14,1
1653.4243,1008.64,22.2,39.44,+65.52,-31.74,1
1653.5567,1008.54,22.2,40.30,+65.52,-30.88,1
1653.6915,1008.58,22.2,39.96,+65.52,-31.23,1
1653.8276,1008.59,22.2,39.87,+65.52,-31.31,1
1653.9638,1008.61,22.2,39.70,+65.35,-31.65,1
1654.0987,1008.60,22.2,39.78,+65.35,-31.56,1
1654.2338,1008.58,22.2,39.96,+65.35,-31.39,1
1654.3677,1008.62,22.2,39.61,+65.35,-31.73,1
1654.5009,1008.62,22.2,39.61,+65.35,-31.73,1
1654.6351,1008.46,22.2,40.99,+65.35,-30.36,1
1654.7677,1008.57,22.2,40.04,+65.35,-31.30,1
1654.9037,1008.62,22.2,39.61,+65.35,-31.73,1
1655.0396,1008.59,22.2,39.87,+65.19,-31.64,1
1655.1722,1008.54,22.2,40.30,+65.19,-31.21,1
1655.3069,1008.58,22.2,39.96,+65.19,-31.55,1
1655.4423,1008.56,22.2,40.13,+65.19,-31.38,1
1655.5746,1008.66,22.2,39.27,+65.19,-32.24,1
1655.7093,1008.61,22.2,39.70,+65.19,-31.81,1
1655.8442,1008.61,22.2,39.70,+65.19,-31.81,1
1655.9809,1008.59,22.1,39.86,+65.02,-31.82,1
1656.1137,1008.65,22.2,39.36,+65.02,-32.33,1
1656.2488,1008.56,22.1,40.11,+65.02,-31.57,1
1656.3814,1008.63,22.1,39.51,+65.02,-32.17,1
1656.5162,1008.56,22.1,40.11,+65.02,-31.57,1
1656.6493,1008.58,22.1,39.94,+65.02,-31.74,1
1656.7836,1008.51,22.1,40.54,+65.02,-31.14,1
1656.9169,1008.52,22.1,40.46,+65.02,-31.22,1
1657.0420,1008.53,22.1,40.37,+64.83,-31.49,1
1657.1758,1008.52,22.1,40.46,+64.83,-31.41,1
1657.3070,1008.53,22.1,40.37,+64.83,-31.49,1
1657.4407,1008.54,22.1,40.29,+64.83,-31.58,1
1657.5746,1008.56,22.1,40.11,+64.83,-31.75,1
1657.7084,1008.54,22.1,40.29,+64.83,-31.58,1
1657.8415,1008.59,22.1,39.86,+64.83,-32.01,1
1657.9800,1008.59,22.1,39.86,+64.67,-32.17,1
1658.1156,1008.55,22.1,40.20,+64.67,-31.83,1
1658.2488,1008.55,22.1,40.20,+64.67,-31.83,1
1658.3834,1008.55,22.1,40.20,+64.67,-31.83,1
1658.5180,1008.53,22.1,40.37,+64.67,-31.66,1
1658.6509,1008.51,22.1,40.54,+64.67,-31.48,1
1658.7852,1008.52,22.1,40.46,+64.67,-31.57,1
1658.9200,1008.56,22.1,40.11,+64.67,-31.91,1
1659.0566,1008.59,22.1,39.86,+64.49,-32.35,1
1659.1917,1008.52,22.1,40.46,+64.49,-31.75,1
1659.3260,1008.49,22.1,40.71,+64.49,-31.50,1
1659.4593,1008.57,22.1,40.03,+64.49,-32.18,1
1659.5935,1008.47,22.1,40.89,+64.49,-31.32,1
1659.7290,1008.56,22.1,40.11,+64.49,-32.10,1
1659.8613,1008.51,22.1,40.54,+64.49,-31.67,1
1659.9976,1008.60,22.1,39.77,+64.27,-32.66,1
1660.1318,1008.50,22.1,40.63,+64.27,-31.80,1
1660.2658,1008.47,22.1,40.89,+64.27,-31.54,1
1660.4003,1008.54,22.1,40.29,+64.27,-32.14,1
1660.5335,1008.55,22.1,40.20,+64.27,-32.23,1
1660.6648,1008.50,22.1,40.63,+64.27,-31.80,1
1660.8000,1008.51,22.1,40.54,+64.27,-31.89,1
1660.9373,1008.51,22.1,40.54,+64.04,-32.12,1
1661.0701,1008.57,22.1,40.03,+64.04,-32.63,1
1661.2053,1008.57,22.1,40.03,+64.04,-32.63,1
1661.3411,1008.57,22.1,40.03,+64.04,-32.63,1
1661.4757,1008.49,22.1,40.71,+64.04,-31.94,1
1661.6075,1008.53,22.1,40.37,+64.04,-32.29,1
1661.7419,1008.59,22.1,39.86,+64.04,-32.80,1
1661.8792,1008.45,22.1,41.06,+64.04,-31.60,1
1662.0146,1008.51,22.1,40.54,+63.75,-32.41,1
1662.1469,1008.50,22.1,40.63,+63.75,-32.32,1
1662.2820,1008.45,22.1,41.06,+63.75,-31.89,1
1662.4158,1008.46,22.1,40.97,+63.75,-31.98,1
1662.5503,1008.45,22.1,41.06,+63.75,-31.89,1
1662.6851,1008.43,22.1,41.23,+63.75,-31.72,1
1662.8183,1008.49,22.1,40.71,+63.75,-32.24,1
1662.9564,1008.52,22.1,40.46,+63.43,-32.81,1
1663.0907,1008.49,22.1,40.71,+63.43,-32.55,1
1663.2241,1008.49,22.1,40.71,+63.43,-32.55,1
1663.3586,1008.47,22.1,40.89,+63.43,-32.38,1
1663.4943,1008.57,22.1,40.03,+63.43,-33.24,1
1663.6269,1008.48,22.1,40.80,+63.43,-32.47,1
1663.7617,1008.48,22.1,40.80,+63.43,-32.47,1
1663.8970,1008.39,22.1,41.57,+63.43,-31.69,1
1664.0343,1008.51,22.1,40.54,+63.09,-33.07,1
1664.1667,1008.46,22.1,40.97,+63.09,-32.64,1
1664.3002,1008.36,22.1,41.83,+63.09,-31.78,1
1664.4332,1008.48,22.1,40.80,+63.09,-32.81,1
1664.5681,1008.52,22.1,40.46,+63.09,-33.15,1
1664.7015,1008.44,22.1,41.14,+63.09,-32.47,1
1664.8344,1008.44,22.1,41.14,+63.09,-32.47,1
1664.9721,1008.44,22.1,41.14,+62.79,-32.77,1
1665.1048,1008.56,22.2,40.13,+62.79,-33.79,1
1665.2382,1008.47,22.1,40.89,+62.79,-33.03,1
1665.3714,1008.46,22.1,40.97,+62.79,-32.94,1
1665.5050,1008.46,22.2,40.99,+62.79,-32.93,1
1665.6393,1008.45,22.1,41.06,+62.79,-32.86,1
1665.7721,1008.46,22.1,40.97,+62.79,-32.94,1
1665.9074,1008.48,22.2,40.81,+62.79,-33.10,1
1666.0461,1008.46,22.2,40.99,+62.52,-33.19,1
1666.1801,1008.46,22.2,40.99,+62.52,-33.19,1
1666.3148,1008.49,22.2,40.73,+62.52,-33.45,1
1666.4494,1008.50,22.2,40.64,+62.52,-33.53,1
1666.5824,1008.48,22.2,40.81,+62.52,-33.36,1
1666.7179,1008.50,22.2,40.64,+62.52,-33.53,1
1666.8535,1008.48,22.2,40.81,+62.52,-33.36,1
1666.9897,1008.43,22.2,41.24,+62.28,-33.17,1
1667.1231,1008.45,22.2,41.07,+62.28,-33.35,1
1667.2579,1008.47,22.2,40.90,+62.28,-33.52,1
1667.3897,1008.44,22.2,41.16,+62.28,-33.26,1
1667.5228,1008.48,22.2,40.81,+62.28,-33.60,1
1667.6558,1008.51,22.2,40.56,+62.28,-33.86,1
1667.7903,1008.44,22.2,41.16,+62.28,-33.26,1
1667.9287,1008.44,22.2,41.16,+62.06,-33.49,1
1668.0614,1008.49,22.2,40.73,+62.06,-33.92,1
1668.1941,1008.46,22.2,40.99,+62.06,-33.66,1
1668.3300,1008.49,22.2,40.73,+62.06,-33.92,1
1668.4643,1008.44,22.2,41.16,+62.06,-33.49,1
1668.5963,1008.37,22.2,41.76,+62.06,-32.89,1
1668.7308,1008.45,22.2,41.07,+62.06,-33.57,1
1668.8672,1008.45,22.2,41.07,+62.06,-33.57,1
1669.0031,1008.47,22.2,40.90,+61.85,-33.95,1
1669.1376,1008.44,22.2,41.16,+61.85,-33.69,1
1669.2732,1008.46,22.2,40.99,+61.85,-33.86,1
1669.4069,1008.44,22.2,41.16,+61.85,-33.69,1
1669.5411,1008.38,22.2,41.67,+61.85,-33.17,1
1669.6759,1008.46,22.2,40.99,+61.85,-33.86,1
1669.8087,1008.46,22.2,40.99,+61.85,-33.86,1
1669.9346,1008.44,22.2,41.16,+61.68,-33.86,1
1670.0676,1008.37,22.2,41.76,+61.68,-33.26,1
1670.2023,1008.39,22.2,41.59,+61.68,-33.43,1
1670.3350,1008.44,22.2,41.16,+61.68,-33.86,1
1670.4705,1008.44,22.2,41.16,+61.68,-33.86,1
1670.6048,1008.44,22.2,41.16,+61.68,-33.86,1
1670.7379,1008.45,22.2,41.07,+61.68,-33.95,1
1670.8728,1008.34,22.2,42.02,+61.68,-33.01,1
1670.9987,1008.46,22.2,40.99,+61.50,-34.22,1
1671.1313,1008.47,22.2,40.90,+61.50,-34.30,1
1671.2658,1008.43,22.2,41.24,+61.50,-33.96,1
1671.3992,1008.51,22.2,40.56,+61.50,-34.64,1
1671.5329,1008.49,22.2,40.73,+61.50,-34.47,1
1671.6673,1008.46,22.2,40.99,+61.50,-34.22,1
1671.8016,1008.51,22.2,40.56,+61.50,-34.64,1
1671.9404,1008.47,22.2,40.90,+61.38,-34.42,1
1672.0746,1008.46,22.2,40.99,+61.38,-34.33,1
1672.2091,1008.48,22.2,40.81,+61.38,-34.50,1
1672.3435,1008.39,22.2,41.59,+61.38,-33.73,1
1672.4766,1008.45,22.2,41.07,+61.38,-34.25,1
1672.6109,1008.46,22.2,40.99,+61.38,-34.33,1
1672.7447,1008.43,22.2,41.24,+61.38,-34.07,1
1672.8775,1008.47,22.2,40.90,+61.38,-34.42,1
1673.0149,1008.50,22.2,40.64,+61.29,-34.76,1
1673.1495,1008.32,22.2,42.19,+61.29,-33.22,1
1673.2822,1008.46,22.2,40.99,+61.29,-34.42,1
1673.4164,1008.44,22.2,41.16,+61.29,-34.25,1
1673.5509,1008.44,22.2,41.16,+61.29,-34.25,1
1673.6843,1008.39,22.2,41.59,+61.29,-33.82,1
1673.8191,1008.48,22.2,40.81,+61.29,-34.59,1
1673.9579,1008.44,22.2,41.16,+61.22,-34.32,1
1674.0908,1008.43,22.2,41.24,+61.22,-34.24,1
1674.2252,1008.45,22.2,41.07,+61.22,-34.41,1
1674.3594,1008.44,22.2,41.16,+61.22,-34.32,1
1674.4923,1008.39,22.2,41.59,+61.22,-33.89,1
1674.6266,1008.37,22.2,41.76,+61.22,-33.72,1
1674.7624,1008.44,22.2,41.16,+61.22,-34.32,1
1674.8957,1008.46,22.2,40.99,+61.22,-34.49,1
1675.0317,1008.44,22.2,41.16,+61.16,-34.39,1
1675.1656,1008.45,22.2,41.07,+61.16,-34.47,1
1675.3001,1008.45,22.2,41.07,+61.16,-34.47,1
1675.4344,1008.46,22.2,40.99,+61.16,-34.56,1
1675.5675,1008.51,22.2,40.56,+61.16,-34.99,1
1675.6991,1008.45,22.2,41.07,+61.16,-34.47,1
1675.8331,1008.36,22.2,41.84,+61.16,-33.70,1
1675.9689,1008.46,22.2,40.99,+61.06,-34.65,1
1676.1003,1008.46,22.2,40.99,+61.06,-34.65,1
1676.2344,1008.36,22.2,41.84,+61.06,-33.80,1
1676.3689,1008.45,22.2,41.07,+61.06,-34.57,1
1676.5021,1008.46,22.2,40.99,+61.06,-34.65,1
1676.6335,1008.47,22.2,40.90,+61.06,-34.74,1
1676.7674,1008.49,22.2,40.73,+61.06,-34.91,1
1676.9026,1008.43,22.2,41.24,+61.06,-34.40,1
1677.0367,1008.34,22.2,42.02,+61.01,-33.67,1
1677.1706,1008.38,22.2,41.67,+61.01,-34.02,1
1677.3042,1008.46,22.2,40.99,+61.01,-34.70,1
1677.4367,1008.45,22.2,41.07,+61.01,-34.62,1
1677.5698,1008.45,22.2,41.07,+61.01,-34.62,1
1677.7036,1008.48,22.2,40.81,+61.01,-34.87,1
1677.8361,1008.44,22.2,41.16,+61.01,-34.53,1
1677.9727,1008.45,22.2,41.07,+60.96,-34.67,1
1678.1072,1008.38,22.2,41.67,+60.96,-34.07,1
1678.2422,1008.45,22.2,41.07,+60.96,-34.67,1
1678.3737,1008.51,22.2,40.56,+60.96,-35.18,1
1678.5095,1008.44,22.2,41.16,+60.96,-34.58,1
1678.6436,1008.44,22.2,41.16,+60.96,-34.58,1
1678.7754,1008.54,22.2,40.30,+60.96,-35.44,1
1678.9092,1008.53,22.2,40.38,+60.96,-35.35,1
1679.0478,1008.49,22.2,40.73,+60.93,-35.04,1
1679.1807,1008.49,22.2,40.73,+60.93,-35.04,1
1679.3153,1008.43,22.2,41.24,+60.93,-34.52,1
1679.4500,1008.47,22.2,40.90,+60.93,-34.87,1
1679.5837,1008.49,22.2,40.73,+60.93,-35.04,1
1679.7179,1008.54,22.2,40.30,+60.93,-35.47,1
1679.8526,1008.49,22.2,40.73,+60.93,-35.04,1
1679.9895,1008.44,22.2,41.16,+60.90,-34.65,1
1680.1243,1008.57,22.2,40.04,+60.90,-35.76,1
1680.2585,1008.49,22.2,40.73,+60.90,-35.08,1
1680.3912,1008.53,22.2,40.38,+60.90,-35.42,1
1680.5258,1008.53,22.2,40.38,+60.90,-35.42,1
1680.6612,1008.47,22.2,40.90,+60.90,-34.91,1
1680.7938,1008.52,22.2,40.47,+60.90,-35.33,1
1680.9314,1008.56,22.2,40.13,+60.88,-35.69,1
1681.0661,1008.52,22.2,40.47,+60.88,-35.35,1
1681.1989,1008.59,22.2,39.87,+60.88,-35.95,1
1681.3323,1008.53,22.2,40.38,+60.88,-35.44,1
1681.4661,1008.53,22.2,40.38,+60.88,-35.44,1
1681.5996,1008.54,22.2,40.30,+60.88,-35.52,1
1681.7330,1008.49,22.2,40.73,+60.88,-35.09,1
1681.8678,1008.56,22.2,40.13,+60.88,-35.69,1
1682.0056,1008.56,22.2,40.13,+60.88,-35.69,1
1682.1382,1008.56,22.2,40.13,+60.88,-35.69,1
1682.2727,1008.57,22.2,40.04,+60.88,-35.78,1
1682.4066,1008.60,22.2,39.78,+60.88,-36.04,1
1682.5391,1008.52,22.2,40.47,+60.88,-35.35,1
1682.6734,1008.53,22.2,40.38,+60.88,-35.44,1
1682.8094,1008.52,22.2,40.47,+60.88,-35.35,1
1682.9453,1008.55,22.2,40.21,+60.86,-35.63,1
1683.0798,1008.52,22.2,40.47,+60.86,-35.37,1
1683.2148,1008.50,22.1,40.63,+60.86,-35.21,1
1683.3489,1008.55,22.2,40.21,+60.86,-35.63,1
1683.4832,1008.50,22.1,40.63,+60.86,-35.21,1
1683.6173,1008.54,22.2,40.30,+60.86,-35.54,1
1683.7508,1008.56,22.2,40.13,+60.86,-35.71,1
1683.8855,1008.53,22.2,40.38,+60.86,-35.45,1
1684.0222,1008.61,22.2,39.70,+60.76,-36.25,1
1684.1549,1008.57,22.2,40.04,+60.76,-35.90,1
1684.2887,1008.56,22.2,40.13,+60.76,-35.82,1
1684.4242,1008.59,22.2,39.87,+60.76,-36.07,1
1684.5559,1008.59,22.2,39.87,+60.76,-36.07,1
1684.6907,1008.59,22.2,39.87,+60.76,-36.07,1
1684.8256,1008.57,22.2,40.04,+60.76,-35.90,1
1684.9621,1008.57,22.2,40.04,+60.65,-36.01,1
1685.0957,1008.63,22.2,39.53,+60.65,-36.52,1
1685.2297,1008.63,22.2,39.53,+60.65,-36.52,1
1685.3614,1008.56,22.1,40.11,+60.65,-35.94,1
1685.4957,1008.60,22.2,39.78,+60.65,-36.27,1
1685.6289,1008.59,22.2,39.87,+60.65,-36.18,1
1685.7604,1008.66,22.2,39.27,+60.65,-36.78,1
1685.8944,1008.63,22.2,39.53,+60.65,-36.52,1
1686.0203,1008.69,22.2,39.01,+60.57,-37.12,1
1686.1525,1008.60,22.2,39.78,+60.57,-36.35,1
1686.2853,1008.59,22.2,39.87,+60.57,-36.26,1
1686.4194,1008.59,22.2,39.87,+60.57,-36.26,1
1686.5565,1008.58,22.2,39.96,+60.57,-36.17,1
1686.6887,1008.61,22.2,39.70,+60.57,-36.43,1
1686.8234,1008.55,22.2,40.21,+60.57,-35.92,1
1686.9611,1008.55,22.2,40.21,+60.47,-36.01,1
1687.0948,1008.53,22.2,40.38,+60.47,-35.84,1
1687.2294,1008.55,22.2,40.21,+60.47,-36.01,1
1687.3635,1008.59,22.2,39.87,+60.47,-36.36,1
1687.4962,1008.55,22.2,40.21,+60.47,-36.01,1
1687.6303,1008.60,22.2,39.78,+60.47,-36.44,1
1687.7641,1008.54,22.2,40.30,+60.47,-35.93,1
1687.8962,1008.55,22.2,40.21,+60.47,-36.01,1
1688.0337,1008.59,22.2,39.87,+60.40,-36.43,1
1688.1679,1008.58,22.2,39.96,+60.40,-36.34,1
1688.3009,1008.62,22.2,39.61,+60.40,-36.68,1
1688.4357,1008.57,22.2,40.04,+60.40,-36.26,1
1688.5701,1008.62,22.2,39.61,+60.40,-36.68,1
1688.7037,1008.62,22.2,39.61,+60.40,-36.68,1
1688.8387,1008.65,22.2,39.36,+60.40,-36.94,1
1688.9766,1008.64,22.2,39.44,+60.36,-36.90,1
1689.1085,1008.59,22.2,39.87,+60.36,-36.47,1
1689.2437,1008.61,22.2,39.70,+60.36,-36.65,1
1689.3782,1008.65,22.2,39.36,+60.36,-36.99,1
1689.5095,1008.64,22.2,39.44,+60.36,-36.90,1
1689.6427,1008.59,22.2,39.87,+60.36,-36.47,1
1689.7778,1008.60,22.2,39.78,+60.36,-36.56,1
1689.9098,1008.63,22.2,39.53,+60.36,-36.82,1
1690.0451,1008.63,22.2,39.53,+60.30,-36.88,1
1690.1783,1008.58,22.2,39.96,+60.30,-36.45,1
1690.3133,1008.57,22.2,40.04,+60.30,-36.36,1
1690.4447,1008.53,22.2,40.38,+60.30,-36.02,1
1690.5778,1008.59,22.2,39.87,+60.30,-36.53,1
1690.7118,1008.56,22.2,40.13,+60.30,-36.28,1
1690.8472,1008.55,22.2,40.21,+60.30,-36.19,1
1690.9832,1008.56,22.2,40.13,+60.22,-36.35,1
1691.1173,1008.59,22.2,39.87,+60.22,-36.61,1
1691.2508,1008.54,22.2,40.30,+60.22,-36.18,1
1691.3854,1008.62,22.2,39.61,+60.22,-36.87,1
1691.5197,1008.59,22.2,39.87,+60.22,-36.61,1
1691.6512,1008.61,22.2,39.70,+60.22,-36.78,1
1691.7850,1008.60,22.2,39.78,+60.22,-36.70,1
1691.9201,1008.64,22.2,39.44,+60.22,-37.04,1
1692.0544,1008.55,22.2,40.21,+60.16,-36.33,1
1692.1893,1008.57,22.2,40.04,+60.16,-36.50,1
1692.3229,1008.58,22.2,39.96,+60.16,-36.58,1
1692.4552,1008.55,22.2,40.21,+60.16,-36.33,1
1692.5883,1008.56,22.2,40.13,+60.16,-36.41,1
1692.7220,1008.60,22.2,39.78,+60.16,-36.76,1
1692.8537,1008.66,22.2,39.27,+60.16,-37.27,1
1692.9902,1008.64,22.2,39.44,+60.16,-37.10,1
1693.1238,1008.55,22.2,40.21,+60.16,-36.33,1
1693.2574,1008.56,22.2,40.13,+60.16,-36.41,1
1693.3890,1008.58,22.2,39.96,+60.16,-36.58,1
1693.5224,1008.57,22.2,40.04,+60.16,-36.50,1
1693.6552,1008.54,22.2,40.30,+60.16,-36.24,1
1693.7868,1008.57,22.2,40.04,+60.16,-36.50,1
1693.9240,1008.55,22.2,40.21,+60.10,-36.39,1
1694.0569,1008.58,22.2,39.96,+60.10,-36.65,1
1694.1902,1008.53,22.2,40.38,+60.10,-36.22,1
1694.3239,1008.57,22.2,40.04,+60.10,-36.56,1
1694.4576,1008.58,22.2,39.96,+60.10,-36.65,1
1694.5901,1008.62,22.2,39.61,+60.10,-36.99,1
1694.7234,1008.57,22.2,40.04,+60.10,-36.56,1
1694.8573,1008.59,22.2,39.87,+60.10,-36.73,1
1694.9920,1008.58,22.2,39.96,+60.10,-36.65,1
1695.1271,1008.62,22.2,39.61,+60.10,-36.99,1
1695.2597,1008.61,22.2,39.70,+60.10,-36.90,1
1695.3929,1008.55,22.2,40.21,+60.10,-36.39,1
1695.5248,1008.58,22.2,39.96,+60.10,-36.65,1
1695.6592,1008.64,22.2,39.44,+60.10,-37.16,1
1695.7926,1008.60,22.2,39.78,+60.10,-36.82,1
1695.9267,1008.57,22.2,40.04,+60.10,-36.56,1
1696.0593,1008.58,22.2,39.96,+60.10,-36.65,1
1696.1938,1008.61,22.2,39.70,+60.10,-36.90,1
1696.3256,1008.60,22.2,39.78,+60.10,-36.82,1
1696.4595,1008.62,22.2,39.61,+60.10,-36.99,1
1696.5926,1008.59,22.2,39.87,+60.10,-36.73,1
1696.7274,1008.62,22.2,39.61,+60.10,-36.99,1
1696.8597,1008.56,22.2,40.13,+60.10,-36.48,1
1696.9955,1008.57,22.2,40.04,+60.10,-36.56,1
1697.1291,1008.57,22.2,40.04,+60.10,-36.56,1
1697.2621,1008.56,22.2,40.13,+60.10,-36.48,1
1697.3956,1008.58,22.2,39.96,+60.10,-36.65,1
1697.5289,1008.62,22.2,39.61,+60.10,-36.99,1
1697.6619,1008.64,22.2,39.44,+60.10,-37.16,1
1697.7954,1008.63,22.2,39.53,+60.10,-37.08,1
1697.9319,1008.63,22.2,39.53,+60.13,-37.05,1
1698.0655,1008.66,22.2,39.27,+60.13,-37.30,1
1698.1977,1008.66,22.3,39.28,+60.13,-37.29,1
1698.3313,1008.71,22.3,38.85,+60.13,-37.72,1
1698.4654,1008.64,22.3,39.45,+60.13,-37.12,1
1698.5970,1008.62,22.2,39.61,+60.13,-36.96,1
1698.7308,1008.61,22.2,39.70,+60.13,-36.88,1
1698.8659,1008.61,22.3,39.71,+60.13,-36.86,1
1698.9990,1008.62,22.3,39.63,+60.13,-36.95,1
1699.1325,1008.64,22.3,39.45,+60.13,-37.12,1
1699.2665,1008.62,22.3,39.63,+60.13,-36.95,1
1699.4002,1008.61,22.3,39.71,+60.13,-36.86,1
1699.5345,1008.58,22.3,39.97,+60.13,-36.60,1
1699.6680,1008.54,22.3,40.31,+60.13,-36.26,1
1699.8021,1008.58,22.3,39.97,+60.13,-36.60,1
1699.9386,1008.55,22.3,40.23,+60.23,-36.25,1
1700.0711,1008.56,22.3,40.14,+60.23,-36.33,1
1700.2045,1008.61,22.3,39.71,+60.23,-36.76,1
1700.3364,1008.61,22.3,39.71,+60.23,-36.76,1
1700.4709,1008.58,22.3,39.97,+60.23,-36.50,1
1700.6045,1008.60,22.3,39.80,+60.23,-36.67,1
1700.7363,1008.51,22.3,40.57,+60.23,-35.90,1
1700.8703,1008.58,22.3,39.97,+60.23,-36.50,1
1701.0076,1008.66,22.3,39.28,+60.33,-37.09,1
1701.1393,1008.61,22.3,39.71,+60.33,-36.66,1
1701.2729,1008.55,22.3,40.23,+60.33,-36.15,1
1701.4061,1008.56,22.3,40.14,+60.33,-36.23,1
1701.5401,1008.53,22.3,40.40,+60.33,-35.97,1
1701.6734,1008.58,22.3,39.97,+60.33,-36.40,1
1701.8070,1008.60,22.3,39.80,+60.33,-36.58,1
1701.9412,1008.55,22.3,40.23,+60.44,-36.03,1
1702.0740,1008.59,22.3,39.88,+60.44,-36.37,1
1702.2079,1008.57,22.3,40.06,+60.44,-36.20,1
1702.3413,1008.61,22.3,39.71,+60.44,-36.54,1
1702.4735,1008.64,22.3,39.45,+60.44,-36.80,1
1702.6079,1008.66,22.3,39.28,+60.44,-36.97,1
1702.7409,1008.62,22.3,39.63,+60.44,-36.63,1
1702.8729,1008.58,22.3,39.97,+60.44,-36.29,1
1703.0110,1008.63,22.3,39.54,+60.54,-36.62,1
1703.1459,1008.60,22.3,39.80,+60.54,-36.36,1
1703.2778,1008.55,22.2,40.21,+60.54,-35.94,1
1703.4113,1008.61,22.2,39.70,+60.54,-36.46,1
1703.5448,1008.61,22.2,39.70,+60.54,-36.46,1
1703.6794,1008.55,22.2,40.21,+60.54,-35.94,1
1703.8115,1008.57,22.2,40.04,+60.54,-36.12,1
1703.9473,1008.62,22.2,39.61,+60.54,-36.55,1
1704.0812,1008.65,22.2,39.36,+60.54,-36.80,1
1704.2143,1008.67,22.2,39.18,+60.54,-36.97,1
1704.3477,1008.59,22.2,39.87,+60.54,-36.29,1
1704.4814,1008.66,22.2,39.27,+60.54,-36.89,1
1704.6128,1008.59,22.2,39.87,+60.54,-36.29,1
1704.7474,1008.60,22.2,39.78,+60.54,-36.37,1
1704.8815,1008.65,22.2,39.36,+60.54,-36.80,1
1705.0155,1008.56,22.2,40.13,+60.54,-36.03,1
1705.1501,1008.64,22.2,39.44,+60.54,-36.72,1
1705.2854,1008.63,22.2,39.53,+60.54,-36.63,1
1705.4169,1008.60,22.2,39.78,+60.54,-36.37,1
1705.5500,1008.65,22.2,39.36,+60.54,-36.80,1
1705.6837,1008.67,22.2,39.18,+60.54,-36.97,1
1705.8208,1008.64,22.2,39.44,+60.54,-36.72,1
1705.9561,1008.70,22.2,38.93,+60.70,-37.07,1
1706.0909,1008.61,22.2,39.70,+60.70,-36.30,1
1706.2261,1008.58,22.2,39.96,+60.70,-36.04,1
1706.3602,1008.57,22.2,40.04,+60.70,-35.95,1
1706.4944,1008.55,22.2,40.21,+60.70,-35.78,1
1706.6286,1008.60,22.2,39.78,+60.70,-36.21,1
1706.7619,1008.61,22.2,39.70,+60.70,-36.30,1
1706.8970,1008.59,22.2,39.87,+60.70,-36.13,1
1707.0326,1008.64,22.1,39.43,+60.70,-36.57,1
1707.1648,1008.65,22.1,39.34,+60.70,-36.65,1
1707.2998,1008.64,22.1,39.43,+60.70,-36.57,1
1707.4352,1008.59,22.1,39.86,+60.70,-36.14,1
1707.5681,1008.63,22.1,39.51,+60.70,-36.48,1
1707.7031,1008.66,22.1,39.26,+60.70,-36.74,1
1707.8379,1008.62,22.1,39.60,+60.70,-36.40,1
1707.9729,1008.63,22.1,39.51,+60.70,-36.48,1
1708.1063,1008.59,22.1,39.86,+60.70,-36.14,1
1708.2417,1008.64,22.1,39.43,+60.70,-36.57,1
1708.3745,1008.57,22.1,40.03,+60.70,-35.97,1
1708.5087,1008.62,22.1,39.60,+60.70,-36.40,1
1708.6425,1008.65,22.1,39.34,+60.70,-36.65,1
1708.7750,1008.56,22.1,40.11,+60.70,-35.88,1
1708.9098,1008.59,22.1,39.86,+60.70,-36.14,1
1709.0354,1008.64,22.1,39.43,+60.87,-36.40,1
1709.1677,1008.64,22.1,39.43,+60.87,-36.40,1
1709.3024,1008.63,22.1,39.51,+60.87,-36.32,1
1709.4373,1008.62,22.1,39.60,+60.87,-36.23,1
1709.5729,1008.59,22.1,39.86,+60.87,-35.98,1
1709.7054,1008.58,22.1,39.94,+60.87,-35.89,1
1709.8401,1008.60,22.1,39.77,+60.87,-36.06,1
1709.9780,1008.64,22.1,39.43,+61.05,-36.22,1
1710.1119,1008.70,22.1,38.91,+61.05,-36.74,1
1710.2465,1008.62,22.1,39.60,+61.05,-36.05,1
1710.3807,1008.67,22.1,39.17,+61.05,-36.48,1
1710.5128,1008.61,22.1,39.68,+61.05,-35.97,1
1710.6482,1008.58,22.1,39.94,+61.05,-35.71,1
1710.7825,1008.60,22.1,39.77,+61.05,-35.88,1
1710.9157,1008.63,22.1,39.51,+61.05,-36.14,1
1711.0532,1008.66,22.1,39.26,+61.24,-36.20,1
1711.1894,1008.63,22.1,39.51,+61.24,-35.95,1
1711.3211,1008.66,22.1,39.26,+61.24,-36.20,1
1711.4558,1008.60,22.1,39.77,+61.24,-35.69,1
1711.5902,1008.60,22.1,39.77,+61.24,-35.69,1
1711.7257,1008.64,22.1,39.43,+61.24,-36.03,1
1711.8594,1008.64,22.1,39.43,+61.24,-36.03,1
1711.9969,1008.66,22.1,39.26,+61.44,-36.01,1
1712.1302,1008.62,22.1,39.60,+61.44,-35.67,1
1712.2632,1008.64,22.1,39.43,+61.44,-35.84,1
1712.3975,1008.62,22.1,39.60,+61.44,-35.67,1
1712.5317,1008.66,22.1,39.26,+61.44,-36.01,1
1712.6643,1008.64,22.1,39.43,+61.44,-35.84,1
1712.7990,1008.58,22.1,39.94,+61.44,-35.32,1
1712.9375,1008.67,22.1,39.17,+61.61,-35.92,1
1713.0703,1008.57,22.0,40.01,+61.61,-35.08,1
1713.2058,1008.66,22.1,39.26,+61.61,-35.83,1
1713.3419,1008.65,22.1,39.34,+61.61,-35.75,1
1713.4744,1008.63,22.1,39.51,+61.61,-35.58,1
1713.6087,1008.54,22.0,40.27,+61.61,-34.82,1
1713.7436,1008.57,22.0,40.01,+61.61,-35.08,1
1713.8776,1008.63,22.1,39.51,+61.61,-35.58,1
1714.0143,1008.60,22.0,39.76,+61.80,-35.14,1
1714.1485,1008.57,22.0,40.01,+61.80,-34.88,1
1714.2814,1008.62,22.0,39.59,+61.80,-35.31,1
1714.4168,1008.57,22.0,40.01,+61.80,-34.88,1
1714.5512,1008.55,22.0,40.19,+61.80,-34.71,1
1714.6833,1008.64,22.0,39.41,+61.80,-35.48,1
1714.8181,1008.60,22.0,39.76,+61.80,-35.14,1
1714.9437,1008.63,22.0,39.50,+61.95,-35.25,1
1715.0763,1008.64,22.0,39.41,+61.95,-35.34,1
1715.2102,1008.62,22.0,39.59,+61.95,-35.16,1
1715.3449,1008.70,22.0,38.90,+61.95,-35.85,1
1715.4806,1008.60,22.0,39.76,+61.95,-34.99,1
1715.6131,1008.55,22.0,40.19,+61.95,-34.56,1
1715.7478,1008.56,22.0,40.10,+61.95,-34.65,1
1715.8828,1008.68,22.0,39.07,+61.95,-35.68,1
1716.0192,1008.61,22.0,39.67,+62.10,-34.93,1
1716.1525,1008.66,22.0,39.24,+62.10,-35.36,1
1716.2871,1008.56,22.0,40.10,+62.10,-34.50,1
1716.4195,1008.65,22.0,39.33,+62.10,-35.28,1
1716.5552,1008.55,22.0,40.19,+62.10,-34.42,1
1716.6890,1008.59,22.0,39.84,+62.10,-34.76,1
1716.8221,1008.61,22.0,39.67,+62.10,-34.93,1
1716.9609,1008.58,22.0,39.93,+62.20,-34.58,1
1717.0967,1008.58,22.0,39.93,+62.20,-34.58,1
1717.2293,1008.60,22.0,39.76,+62.20,-34.75,1
1717.3635,1008.55,22.0,40.19,+62.20,-34.32,1
1717.4984,1008.61,22.0,39.67,+62.20,-34.83,1
1717.6323,1008.53,22.0,40.36,+62.20,-34.15,1
1717.7668,1008.53,22.0,40.36,+62.20,-34.15,1
1717.9016,1008.65,22.0,39.33,+62.20,-35.18,1
1718.0362,1008.60,22.0,39.76,+62.31,-34.63,1
1718.1705,1008.56,22.0,40.10,+62.31,-34.29,1
1718.3051,1008.63,22.0,39.50,+62.31,-34.89,1
1718.4382,1008.65,22.0,39.33,+62.31,-35.06,1
1718.5725,1008.61,22.0,39.67,+62.31,-34.72,1
1718.7084,1008.62,22.0,39.59,+62.31,-34.80,1
1718.8414,1008.58,22.0,39.93,+62.31,-34.46,1
1718.9794,1008.59,22.0,39.84,+62.39,-34.46,1
1719.1139,1008.60,22.0,39.76,+62.39,-34.55,1
1719.2476,1008.58,22.0,39.93,+62.39,-34.38,1
1719.3809,1008.62,22.0,39.59,+62.39,-34.72,1
1719.5140,1008.65,22.0,39.33,+62.39,-34.98,1
1719.6468,1008.62,22.0,39.59,+62.39,-34.72,1
1719.7815,1008.61,22.0,39.67,+62.39,-34.64,1
1719.9159,1008.68,22.0,39.07,+62.39,-35.24,1
1720.0514,1008.58,22.0,39.93,+62.49,-34.28,1
1720.1864,1008.66,22.0,39.24,+62.49,-34.97,1
1720.3222,1008.63,22.0,39.50,+62.49,-34.71,1
1720.4549,1008.66,22.0,39.24,+62.49,-34.97,1
1720.5891,1008.67,22.0,39.16,+62.49,-35.05,1
1720.7227,1008.70,22.0,38.90,+62.49,-35.31,1
1720.8577,1008.65,22.0,39.33,+62.49,-34.88,1
1720.9938,1008.61,22.0,39.67,+62.59,-34.43,1
1721.1279,1008.59,22.0,39.84,+62.59,-34.26,1
1721.2609,1008.56,22.0,40.10,+62.59,-34.01,1
1721.3964,1008.57,22.0,40.01,+62.59,-34.09,1
1721.5307,1008.62,22.0,39.59,+62.59,-34.52,1
1721.6629,1008.59,22.0,39.84,+62.59,-34.26,1
1721.7978,1008.63,22.0,39.50,+62.59,-34.61,1
1721.9369,1008.61,22.0,39.67,+62.72,-34.31,1
1722.0697,1008.64,22.0,39.41,+62.72,-34.57,1
1722.2048,1008.57,22.0,40.01,+62.72,-33.97,1
1722.3394,1008.62,22.0,39.59,+62.72,-34.39,1
1722.4747,1008.61,22.0,39.67,+62.72,-34.31,1
1722.6073,1008.61,22.0,39.67,+62.72,-34.31,1
1722.7418,1008.63,22.0,39.50,+62.72,-34.48,1
1722.8775,1008.55,22.0,40.19,+62.72,-33.79,1
1723.0151,1008.54,22.0,40.27,+62.83,-33.59,1
1723.1487,1008.58,22.0,39.93,+62.83,-33.94,1
1723.2824,1008.55,22.0,40.19,+62.83,-33.68,1
1723.4141,1008.60,22.0,39.76,+62.83,-34.11,1
1723.5486,1008.60,22.0,39.76,+62.83,-34.11,1
1723.6814,1008.65,22.0,39.33,+62.83,-34.54,1
1723.8143,1008.62,22.0,39.59,+62.83,-34.28,1
1723.9524,1008.57,22.0,40.01,+62.96,-33.73,1
1724.0875,1008.55,22.0,40.19,+62.96,-33.55,1
1724.2198,1008.57,22.0,40.01,+62.96,-33.73,1
1724.3531,1008.65,22.1,39.34,+62.96,-34.40,1
1724.4868,1008.59,22.1,39.86,+62.96,-33.88,1
1724.6192,1008.60,22.0,39.76,+62.96,-33.98,1
1724.7525,1008.64,22.1,39.43,+62.96,-34.31,1
1724.8868,1008.57,22.0,40.01,+62.96,-33.73,1
1725.0218,1008.58,22.1,39.94,+63.05,-33.70,1
1725.1549,1008.59,22.0,39.84,+63.05,-33.80,1
1725.2886,1008.61,22.1,39.68,+63.05,-33.96,1
1725.4222,1008.54,22.1,40.29,+63.05,-33.36,1
1725.5540,1008.59,22.1,39.86,+63.05,-33.79,1
1725.6884,1008.65,22.1,39.34,+63.05,-34.31,1
1725.8239,1008.65,22.1,39.34,+63.05,-34.31,1
1725.9600,1008.67,22.1,39.17,+63.17,-34.36,1
1726.0937,1008.64,22.1,39.43,+63.17,-34.10,1
1726.2286,1008.66,22.1,39.26,+63.17,-34.27,1
1726.3605,1008.60,22.1,39.77,+63.17,-33.76,1
1726.4954,1008.66,22.1,39.26,+63.17,-34.27,1
1726.6287,1008.67,22.1,39.17,+63.17,-34.36,1
1726.7613,1008.63,22.1,39.51,+63.17,-34.01,1
1726.8957,1008.64,22.1,39.43,+63.17,-34.10,1
1727.0329,1008.67,22.1,39.17,+63.29,-34.24,1
1727.1656,1008.62,22.1,39.60,+63.29,-33.81,1
1727.3020,1008.60,22.1,39.77,+63.29,-33.64,1
1727.4363,1008.61,22.1,39.68,+63.29,-33.72,1
1727.5686,1008.63,22.1,39.51,+63.29,-33.90,1
1727.7023,1008.67,22.1,39.17,+63.29,-34.24,1
1727.8391,1008.60,22.1,39.77,+63.29,-33.64,1
1727.9746,1008.59,22.1,39.86,+63.39,-33.46,1
1728.1087,1008.64,22.1,39.43,+63.39,-33.88,1
1728.2428,1008.65,22.1,39.34,+63.39,-33.97,1
1728.3754,1008.65,22.1,39.34,+63.39,-33.97,1
1728.5097,1008.65,22.1,39.34,+63.39,-33.97,1
1728.6430,1008.69,22.1,39.00,+63.39,-34.31,1
1728.7767,1008.64,22.1,39.43,+63.39,-33.88,1
1728.9111,1008.61,22.1,39.68,+63.39,-33.63,1
1729.0479,1008.68,22.1,39.08,+63.46,-34.15,1
1729.1825,1008.69,22.1,39.00,+63.46,-34.24,1
1729.3154,1008.71,22.1,38.83,+63.46,-34.41,1
1729.4509,1008.61,22.0,39.67,+63.46,-33.57,1
1729.5852,1008.67,22.0,39.16,+63.46,-34.08,1
1729.7174,1008.63,22.0,39.50,+63.46,-33.74,1
1729.8517,1008.65,22.0,39.33,+63.46,-33.91,1
1729.9902,1008.63,22.0,39.50,+63.53,-33.67,1
1730.1234,1008.67,22.0,39.16,+63.53,-34.01,1
1730.2573,1008.73,22.0,38.64,+63.53,-34.52,1
1730.3906,1008.62,22.0,39.59,+63.53,-33.58,1
1730.5230,1008.67,22.0,39.16,+63.53,-34.01,1
1730.6573,1008.68,22.0,39.07,+63.53,-34.10,1
1730.7917,1008.68,22.0,39.07,+63.53,-34.10,1
1730.9282,1008.75,22.0,38.47,+63.61,-34.62,1
1731.0628,1008.70,22.0,38.90,+63.61,-34.19,1
1731.1974,1008.65,22.0,39.33,+63.61,-33.76,1
1731.3319,1008.66,22.0,39.24,+63.61,-33.85,1
1731.4647,1008.68,22.0,39.07,+63.61,-34.02,1
1731.5981,1008.61,22.0,39.67,+63.61,-33.42,1
1731.7319,1008.64,22.0,39.41,+63.61,-33.68,1
1731.8646,1008.61,22.0,39.67,+63.61,-33.42,1
1732.0021,1008.70,22.0,38.90,+63.64,-34.16,1
1732.1365,1008.67,22.0,39.16,+63.64,-33.90,1
1732.2698,1008.65,22.0,39.33,+63.64,-33.73,1
1732.4041,1008.67,22.0,39.16,+63.64,-33.90,1
1732.5388,1008.61,22.0,39.67,+63.64,-33.38,1
1732.6724,1008.62,22.0,39.59,+63.64,-33.47,1
1732.8076,1008.64,22.0,39.41,+63.64,-33.64,1
1732.9454,1008.61,22.0,39.67,+63.67,-33.36,1
1733.0782,1008.64,22.0,39.41,+63.67,-33.62,1
1733.2147,1008.68,22.0,39.07,+63.67,-33.96,1
1733.3492,1008.70,22.0,38.90,+63.67,-34.13,1
1733.4821,1008.67,22.0,39.16,+63.67,-33.88,1
1733.6162,1008.70,22.0,38.90,+63.67,-34.13,1
1733.7517,1008.71,22.0,38.81,+63.67,-34.22,1
1733.8849,1008.61,22.0,39.67,+63.67,-33.36,1
1734.0221,1008.63,22.0,39.50,+63.66,-33.54,1
1734.1567,1008.68,22.0,39.07,+63.66,-33.97,1
1734.2911,1008.69,22.0,38.99,+63.66,-34.05,1
1734.4256,1008.71,22.0,38.81,+63.66,-34.22,1
1734.5598,1008.75,22.0,38.47,+63.66,-34.57,1
1734.6929,1008.65,22.0,39.33,+63.66,-33.71,1
1734.8279,1008.68,22.0,39.07,+63.66,-33.97,1
1734.9647,1008.67,22.0,39.16,+63.67,-33.87,1
1735.0973,1008.64,22.0,39.41,+63.67,-33.61,1
1735.2324,1008.65,22.0,39.33,+63.67,-33.70,1
1735.3680,1008.71,22.0,38.81,+63.67,-34.21,1
1735.5007,1008.67,22.0,39.16,+63.67,-33.87,1
1735.6349,1008.65,22.0,39.33,+63.67,-33.70,1
1735.7696,1008.64,22.0,39.41,+63.67,-33.61,1
1735.9040,1008.68,22.0,39.07,+63.67,-33.96,1
1736.0416,1008.64,22.0,39.41,+63.67,-33.61,1
1736.1765,1008.57,22.0,40.01,+63.67,-33.01,1
1736.3095,1008.63,22.0,39.50,+63.67,-33.53,1
1736.4437,1008.63,22.0,39.50,+63.67,-33.53,1
1736.5778,1008.65,22.0,39.33,+63.67,-33.70,1
1736.7111,1008.59,22.0,39.84,+63.67,-33.18,1
1736.8460,1008.62,22.0,39.59,+63.67,-33.44,1
1736.9719,1008.59,22.0,39.84,+63.65,-33.20,1
1737.1066,1008.62,22.0,39.59,+63.65,-33.46,1
1737.2400,1008.62,22.0,39.59,+63.65,-33.46,1
1737.3744,1008.68,22.0,39.07,+63.65,-33.97,1
1737.5097,1008.66,22.0,39.24,+63.65,-33.80,1
1737.6423,1008.56,22.0,40.10,+63.65,-32.94,1
1737.7766,1008.59,22.0,39.84,+63.65,-33.20,1
1737.9115,1008.56,22.0,40.10,+63.65,-32.94,1
1738.0485,1008.63,22.0,39.50,+63.62,-33.58,1
1738.1820,1008.60,22.0,39.76,+63.62,-33.33,1
1738.3165,1008.65,22.0,39.33,+63.62,-33.75,1
1738.4493,1008.57,22.0,40.01,+63.62,-33.07,1
1738.5849,1008.59,22.0,39.84,+63.62,-33.24,1
1738.7193,1008.60,22.0,39.76,+63.62,-33.33,1
1738.8529,1008.52,22.0,40.44,+63.62,-32.64,1
1738.9894,1008.56,22.0,40.10,+63.57,-33.03,1
1739.1248,1008.51,22.0,40.53,+63.57,-32.60,1
1739.2578,1008.59,22.0,39.84,+63.57,-33.29,1
1739.3921,1008.56,22.0,40.10,+63.57,-33.03,1
1739.5266,1008.59,22.0,39.84,+63.57,-33.29,1
1739.6599,1008.53,22.0,40.36,+63.57,-32.78,1
1739.7943,1008.54,22.0,40.27,+63.57,-32.86,1
1739.9325,1008.52,22.0,40.44,+63.53,-32.72,1
1740.0654,1008.46,22.0,40.96,+63.53,-32.21,1
1740.2013,1008.51,22.0,40.53,+63.53,-32.64,1
1740.3358,1008.53,22.0,40.36,+63.53,-32.81,1
1740.4686,1008.53,22.0,40.36,+63.53,-32.81,1
1740.6028,1008.57,22.0,40.01,+63.53,-33.15,1
1740.7382,1008.53,22.0,40.36,+63.53,-32.81,1
1740.8715,1008.49,22.0,40.70,+63.53,-32.47,1
1741.0088,1008.50,22.0,40.61,+63.48,-32.61,1
1741.1433,1008.54,22.0,40.27,+63.48,-32.95,1
1741.2776,1008.49,22.0,40.70,+63.48,-32.52,1
1741.4120,1008.51,22.0,40.53,+63.48,-32.69,1
1741.5461,1008.53,22.0,40.36,+63.48,-32.86,1
1741.6786,1008.54,22.0,40.27,+63.48,-32.95,1
1741.8145,1008.58,22.0,39.93,+63.48,-33.29,1
1741.9519,1008.59,22.0,39.84,+63.45,-33.41,1
1742.0843,1008.57,22.0,40.01,+63.45,-33.23,1
1742.2194,1008.54,22.0,40.27,+63.45,-32.98,1
1742.3550,1008.53,22.0,40.36,+63.45,-32.89,1
1742.4872,1008.53,22.0,40.36,+63.45,-32.89,1
1742.6212,1008.58,22.0,39.93,+63.45,-33.32,1
1742.7560,1008.56,22.0,40.10,+63.45,-33.15,1
1742.8904,1008.58,22.0,39.93,+63.45,-33.32,1
1743.0276,1008.57,22.0,40.01,+63.41,-33.28,1
1743.1621,1008.56,22.0,40.10,+63.41,-33.19,1
1743.2951,1008.50,22.0,40.61,+63.41,-32.68,1
1743.4307,1008.52,22.0,40.44,+63.41,-32.85,1
1743.5650,1008.52,22.0,40.44,+63.41,-32.85,1
1743.6980,1008.52,22.0,40.44,+63.41,-32.85,1
1743.8334,1008.50,22.0,40.61,+63.41,-32.68,1
1743.9597,1008.56,22.0,40.10,+63.34,-33.26,1
1744.0921,1008.55,22.0,40.19,+63.34,-33.17,1
1744.2275,1008.55,22.0,40.19,+63.34,-33.17,1
1744.3619,1008.56,22.0,40.10,+63.34,-33.26,1
1744.4974,1008.52,22.0,40.44,+63.34,-32.92,1
1744.6300,1008.54,22.0,40.27,+63.34,-33.09,1
1744.7642,1008.55,22.0,40.19,+63.34,-33.17,1
1744.8990,1008.53,22.0,40.36,+63.34,-33.00,1
1745.0359,1008.56,22.0,40.10,+63.28,-33.32,1
1745.1696,1008.53,22.0,40.36,+63.28,-33.07,1
1745.3041,1008.53,22.0,40.36,+63.28,-33.07,1
1745.4372,1008.59,22.0,39.84,+63.28,-33.58,1
1745.5716,1008.54,22.0,40.27,+63.28,-33.15,1
1745.7053,1008.54,22.0,40.27,+63.28,-33.15,1
1745.8396,1008.61,22.0,39.67,+63.28,-33.75,1
1745.9784,1008.58,22.0,39.93,+63.22,-33.55,1
1746.1123,1008.53,22.0,40.36,+63.22,-33.12,1
1746.2448,1008.54,22.0,40.27,+63.22,-33.21,1
1746.3793,1008.58,22.0,39.93,+63.22,-33.55,1
1746.5139,1008.47,22.0,40.87,+63.22,-32.61,1
1746.6474,1008.44,22.0,41.13,+63.22,-32.35,1
1746.7807,1008.46,22.0,40.96,+63.22,-32.52,1
1746.9169,1008.56,22.0,40.10,+63.22,-33.38,1
1747.0537,1008.56,22.0,40.10,+63.15,-33.45,1
1747.1883,1008.55,22.0,40.19,+63.15,-33.36,1
1747.3224,1008.49,22.0,40.70,+63.15,-32.85,1
1747.4552,1008.49,22.0,40.70,+63.15,-32.85,1
1747.5895,1008.46,22.0,40.96,+63.15,-32.59,1
1747.7251,1008.49,22.0,40.70,+63.15,-32.85,1
1747.8595,1008.48,22.0,40.79,+63.15,-32.76,1
1747.9972,1008.45,22.0,41.04,+63.06,-32.59,1
1748.1318,1008.47,22.0,40.87,+63.06,-32.76,1
1748.2658,1008.49,22.0,40.70,+63.06,-32.94,1
1748.4002,1008.52,22.0,40.44,+63.06,-33.19,1
1748.5344,1008.50,22.0,40.61,+63.06,-33.02,1
1748.6667,1008.49,22.0,40.70,+63.06,-32.94,1
1748.8028,1008.47,22.0,40.87,+63.06,-32.76,1
1748.9279,1008.47,22.0,40.87,+62.97,-32.86,1
1749.0602,1008.48,22.0,40.79,+62.97,-32.94,1
1749.1957,1008.43,22.0,41.21,+62.97,-32.52,1
1749.3315,1008.45,22.0,41.04,+62.97,-32.69,1
1749.4658,1008.45,22.0,41.04,+62.97,-32.69,1
1749.5985,1008.51,22.0,40.53,+62.97,-33.20,1
1749.7332,1008.49,22.0,40.70,+62.97,-33.03,1
1749.8711,1008.46,22.0,40.96,+62.97,-32.77,1
1750.0064,1008.39,22.0,41.56,+62.87,-32.28,1
1750.1412,1008.47,22.0,40.87,+62.87,-32.96,1
1750.2762,1008.52,22.0,40.44,+62.87,-33.39,1
1750.4100,1008.48,22.0,40.79,+62.87,-33.05,1
1750.5443,1008.49,22.0,40.70,+62.87,-33.13,1
1750.6791,1008.48,22.0,40.79,+62.87,-33.05,1
1750.8123,1008.47,22.0,40.87,+62.87,-32.96,1
1750.9495,1008.49,22.0,40.70,+62.78,-33.22,1
1751.0839,1008.46,22.0,40.96,+62.78,-32.97,1
1751.2175,1008.46,22.0,40.96,+62.78,-32.97,1
1751.3523,1008.46,22.0,40.96,+62.78,-32.97,1
1751.4878,1008.38,22.0,41.64,+62.78,-32.28,1
1751.6204,1008.43,22.0,41.21,+62.78,-32.71,1
1751.7547,1008.37,22.0,41.73,+62.78,-32.19,1
1751.8896,1008.32,22.0,42.16,+62.78,-31.77,1
1752.0258,1008.36,22.0,41.82,+62.65,-32.23,1
1752.1591,1008.44,22.0,41.13,+62.65,-32.92,1
1752.2937,1008.44,22.0,41.13,+62.65,-32.92,1
1752.4268,1008.54,22.1,40.29,+62.65,-33.76,1
1752.5611,1008.44,22.0,41.13,+62.65,-32.92,1
1752.6950,1008.43,22.0,41.21,+62.65,-32.83,1
1752.8297,1008.46,22.1,40.97,+62.65,-33.07,1
1752.9662,1008.48,22.1,40.80,+62.58,-33.32,1
1753.1018,1008.49,22.1,40.71,+62.58,-33.41,1
1753.2347,1008.45,22.0,41.04,+62.58,-33.08,1
1753.3691,1008.44,22.0,41.13,+62.58,-32.99,1
1753.5041,1008.48,22.1,40.80,+62.58,-33.32,1
1753.6379,1008.37,22.0,41.73,+62.58,-32.39,1
1753.7724,1008.43,22.1,41.23,+62.58,-32.89,1
1753.9087,1008.45,22.1,41.06,+62.58,-33.06,1
1754.0439,1008.43,22.1,41.23,+62.50,-32.97,1
1754.1796,1008.38,22.1,41.66,+62.50,-32.54,1
1754.3142,1008.37,22.1,41.74,+62.50,-32.45,1
1754.4469,1008.44,22.1,41.14,+62.50,-33.05,1
1754.5811,1008.45,22.1,41.06,+62.50,-33.14,1
1754.7167,1008.46,22.1,40.97,+62.50,-33.23,1
1754.8497,1008.45,22.1,41.06,+62.50,-33.14,1
1754.9878,1008.47,22.1,40.89,+62.43,-33.39,1
1755.1223,1008.45,22.1,41.06,+62.43,-33.21,1
1755.2564,1008.47,22.1,40.89,+62.43,-33.39,1
1755.3908,1008.44,22.1,41.14,+62.43,-33.13,1
1755.5250,1008.39,22.1,41.57,+62.43,-32.70,1
1755.6578,1008.43,22.1,41.23,+62.43,-33.04,1
1755.7925,1008.44,22.1,41.14,+62.43,-33.13,1
1755.9284,1008.48,22.1,40.80,+62.43,-33.47,1
1756.0614,1008.45,22.1,41.06,+62.43,-33.21,1
1756.1956,1008.45,22.1,41.06,+62.43,-33.21,1
1756.3305,1008.49,22.1,40.71,+62.43,-33.56,1
1756.4619,1008.43,22.1,41.23,+62.43,-33.04,1
1756.5952,1008.44,22.0,41.13,+62.43,-33.14,1
1756.7288,1008.49,22.1,40.71,+62.43,-33.56,1
1756.8620,1008.48,22.1,40.80,+62.43,-33.47,1
1756.9973,1008.43,22.0,41.21,+62.43,-33.06,1
1757.1311,1008.44,22.0,41.13,+62.43,-33.14,1
1757.2639,1008.44,22.1,41.14,+62.43,-33.13,1
1757.3986,1008.51,22.1,40.54,+62.43,-33.73,1
1757.5323,1008.44,22.0,41.13,+62.43,-33.14,1
1757.6667,1008.44,22.0,41.13,+62.43,-33.14,1
1757.7998,1008.48,22.1,40.80,+62.43,-33.47,1
1757.9358,1008.46,22.0,40.96,+62.43,-33.31,1
1758.0690,1008.48,22.0,40.79,+62.43,-33.48,1
1758.2014,1008.44,22.0,41.13,+62.43,-33.14,1
1758.3351,1008.51,22.1,40.54,+62.43,-33.73,1
1758.4696,1008.49,22.0,40.70,+62.43,-33.57,1
1758.6010,1008.44,22.0,41.13,+62.43,-33.14,1
1758.7349,1008.46,22.1,40.97,+62.43,-33.30,1
1758.8689,1008.57,22.1,40.03,+62.43,-34.24,1
1759.0039,1008.53,22.1,40.37,+62.41,-33.92,1
1759.1363,1008.44,22.0,41.13,+62.41,-33.16,1
1759.2697,1008.47,22.1,40.89,+62.41,-33.41,1
1759.4012,1008.43,22.1,41.23,+62.41,-33.06,1
1759.5351,1008.49,22.1,40.71,+62.41,-33.58,1
1759.6676,1008.44,22.1,41.14,+62.41,-33.15,1
1759.8018,1008.45,22.1,41.06,+62.41,-33.24,1
1759.9362,1008.50,22.1,40.63,+62.41,-33.67,1
1760.0700,1008.44,22.1,41.14,+62.41,-33.15,1
1760.2032,1008.44,22.1,41.14,+62.41,-33.15,1
1760.3351,1008.49,22.1,40.71,+62.41,-33.58,1
1760.4688,1008.47,22.1,40.89,+62.41,-33.41,1
1760.6035,1008.49,22.1,40.71,+62.41,-33.58,1
1760.7349,1008.49,22.1,40.71,+62.41,-33.58,1
1760.8687,1008.49,22.1,40.71,+62.41,-33.58,1
1761.0054,1008.50,22.1,40.63,+62.38,-33.69,1
1761.1377,1008.49,22.1,40.71,+62.38,-33.60,1
1761.2694,1008.45,22.0,41.04,+62.38,-33.27,1
1761.4041,1008.49,22.0,40.70,+62.38,-33.61,1
1761.5380,1008.47,22.0,40.87,+62.38,-33.44,1
1761.6708,1008.46,22.0,40.96,+62.38,-33.36,1
1761.8059,1008.50,22.1,40.63,+62.38,-33.69,1
1761.9441,1008.45,22.0,41.04,+62.35,-33.31,1
1762.0760,1008.50,22.0,40.61,+62.35,-33.73,1
1762.2107,1008.45,22.0,41.04,+62.35,-33.31,1
1762.3441,1008.43,22.0,41.21,+62.35,-33.13,1
1762.4760,1008.44,22.0,41.13,+62.35,-33.22,1
1762.6092,1008.51,22.0,40.53,+62.35,-33.82,1
1762.7438,1008.49,22.0,40.70,+62.35,-33.65,1
1762.8759,1008.47,22.0,40.87,+62.35,-33.48,1
1763.0135,1008.50,22.0,40.61,+62.31,-33.77,1
1763.1472,1008.50,22.0,40.61,+62.31,-33.77,1
1763.2803,1008.49,22.0,40.70,+62.31,-33.69,1
1763.4137,1008.46,22.0,40.96,+62.31,-33.43,1
1763.5471,1008.48,22.0,40.79,+62.31,-33.60,1
1763.6807,1008.44,22.0,41.13,+62.31,-33.26,1
1763.8145,1008.47,22.0,40.87,+62.31,-33.52,1
1763.9522,1008.51,22.0,40.53,+62.28,-33.89,1
1764.0872,1008.50,22.0,40.61,+62.28,-33.81,1
1764.2204,1008.51,22.0,40.53,+62.28,-33.89,1
1764.3550,1008.54,22.0,40.27,+62.28,-34.15,1
1764.4883,1008.53,22.0,40.36,+62.28,-34.06,1
1764.6201,1008.51,22.0,40.53,+62.28,-33.89,1
1764.7539,1008.48,22.0,40.79,+62.28,-33.63,1
1764.8892,1008.48,22.0,40.79,+62.28,-33.63,1
1765.0244,1008.50,22.0,40.61,+62.27,-33.82,1
1765.1579,1008.53,22.0,40.36,+62.27,-34.07,1
1765.2933,1008.48,22.0,40.79,+62.27,-33.65,1
1765.4256,1008.46,22.0,40.96,+62.27,-33.47,1
1765.5588,1008.50,22.0,40.61,+62.27,-33.82,1
1765.6924,1008.52,22.0,40.44,+62.27,-33.99,1
1765.8263,1008.49,22.0,40.70,+62.27,-33.73,1
1765.9617,1008.47,22.0,40.87,+62.25,-33.58,1
1766.0954,1008.47,22.0,40.87,+62.25,-33.58,1
1766.2294,1008.50,22.0,40.61,+62.25,-33.83,1
1766.3608,1008.48,22.0,40.79,+62.25,-33.66,1
1766.4952,1008.47,22.0,40.87,+62.25,-33.58,1
1766.6283,1008.44,22.0,41.13,+62.25,-33.32,1
1766.7620,1008.44,22.0,41.13,+62.25,-33.32,1
1766.8973,1008.44,22.0,41.13,+62.25,-33.32,1
1767.0353,1008.52,22.0,40.44,+62.21,-34.05,1
1767.1670,1008.50,22.0,40.61,+62.21,-33.88,1
1767.3003,1008.50,22.0,40.61,+62.21,-33.88,1
1767.4338,1008.46,22.0,40.96,+62.21,-33.54,1
1767.5670,1008.57,22.1,40.03,+62.21,-34.47,1
1767.7000,1008.51,22.0,40.53,+62.21,-33.96,1
1767.8353,1008.47,22.0,40.87,+62.21,-33.62,1
1767.9698,1008.45,22.0,41.04,+62.18,-33.48,1
1768.1049,1008.56,22.1,40.11,+62.18,-34.41,1
1768.2387,1008.49,22.0,40.70,+62.18,-33.82,1
1768.3702,1008.55,22.1,40.20,+62.18,-34.32,1
1768.5038,1008.58,22.1,39.94,+62.18,-34.58,1
1768.6385,1008.54,22.1,40.29,+62.18,-34.24,1
1768.7718,1008.48,22.1,40.80,+62.18,-33.72,1
1768.9044,1008.50,22.1,40.63,+62.18,-33.89,1
1769.0403,1008.54,22.1,40.29,+62.16,-34.26,1
1769.1758,1008.49,22.1,40.71,+62.16,-33.83,1
1769.3077,1008.60,22.1,39.77,+62.16,-34.77,1
1769.4414,1008.59,22.1,39.86,+62.16,-34.68,1
1769.5747,1008.61,22.1,39.68,+62.16,-34.86,1
1769.7071,1008.60,22.1,39.77,+62.16,-34.77,1
1769.8423,1008.53,22.1,40.37,+62.16,-34.17,1
1769.9789,1008.55,22.1,40.20,+62.17,-34.33,1
1770.1105,1008.53,22.1,40.37,+62.17,-34.16,1
1770.2444,1008.54,22.1,40.29,+62.17,-34.25,1
1770.3772,1008.53,22.1,40.37,+62.17,-34.16,1
1770.5103,1008.55,22.1,40.20,+62.17,-34.33,1
1770.6417,1008.58,22.1,39.94,+62.17,-34.59,1
1770.7755,1008.55,22.1,40.20,+62.17,-34.33,1
1770.9101,1008.53,22.1,40.37,+62.17,-34.16,1
1771.0454,1008.58,22.1,39.94,+62.18,-34.58,1
1771.1795,1008.57,22.1,40.03,+62.18,-34.49,1
1771.3145,1008.57,22.1,40.03,+62.18,-34.49,1
1771.4459,1008.58,22.1,39.94,+62.18,-34.58,1
1771.5792,1008.53,22.1,40.37,+62.18,-34.15,1
1771.7126,1008.64,22.1,39.43,+62.18,-35.09,1
1771.8479,1008.67,22.1,39.17,+62.18,-35.35,1
1771.9832,1008.54,22.1,40.29,+62.24,-34.18,1
1772.1167,1008.60,22.1,39.77,+62.24,-34.69,1
1772.2508,1008.57,22.1,40.03,+62.24,-34.43,1
1772.3835,1008.63,22.1,39.51,+62.24,-34.95,1
1772.5169,1008.61,22.1,39.68,+62.24,-34.78,1
1772.6499,1008.64,22.1,39.43,+62.24,-35.03,1
1772.7821,1008.64,22.1,39.43,+62.24,-35.03,1
1772.9162,1008.63,22.1,39.51,+62.24,-34.95,1
1773.0525,1008.60,22.1,39.77,+62.32,-34.61,1
1773.1846,1008.63,22.1,39.51,+62.32,-34.87,1
1773.3181,1008.68,22.1,39.08,+62.32,-35.30,1
1773.4525,1008.64,22.1,39.43,+62.32,-34.96,1
1773.5838,1008.68,22.1,39.08,+62.32,-35.30,1
1773.7175,1008.68,22.1,39.08,+62.32,-35.30,1
1773.8533,1008.65,22.1,39.34,+62.32,-35.04,1
1773.9896,1008.66,22.1,39.26,+62.41,-35.03,1
1774.1232,1008.63,22.1,39.51,+62.41,-34.78,1
1774.2571,1008.64,22.1,39.43,+62.41,-34.86,1
1774.3884,1008.66,22.1,39.26,+62.41,-35.03,1
1774.5235,1008.59,22.1,39.86,+62.41,-34.43,1
1774.6568,1008.67,22.1,39.17,+62.41,-35.12,1
1774.7878,1008.65,22.1,39.34,+62.41,-34.95,1
1774.9272,1008.64,22.1,39.43,+62.50,-34.77,1
1775.0606,1008.66,22.2,39.27,+62.50,-34.93,1
1775.1937,1008.66,22.2,39.27,+62.50,-34.93,1
1775.3257,1008.70,22.2,38.93,+62.50,-35.27,1
1775.4591,1008.61,22.2,39.70,+62.50,-34.50,1
1775.5936,1008.69,22.2,39.01,+62.50,-35.18,1
1775.7252,1008.66,22.2,39.27,+62.50,-34.93,1
1775.8605,1008.66,22.2,39.27,+62.50,-34.93,1
1775.9983,1008.63,22.2,39.53,+62.60,-34.58,1
1776.1313,1008.64,22.2,39.44,+62.60,-34.66,1
1776.2648,1008.66,22.2,39.27,+62.60,-34.84,1
1776.3980,1008.66,22.2,39.27,+62.60,-34.84,1
1776.5299,1008.69,22.2,39.01,+62.60,-35.09,1
1776.6645,1008.63,22.2,39.53,+62.60,-34.58,1
1776.7979,1008.67,22.2,39.18,+62.60,-34.92,1
1776.9350,1008.68,22.2,39.10,+62.70,-34.90,1
1777.0685,1008.69,22.2,39.01,+62.70,-34.99,1
1777.2032,1008.63,22.2,39.53,+62.70,-34.48,1
1777.3350,1008.66,22.2,39.27,+62.70,-34.73,1
1777.4686,1008.62,22.1,39.60,+62.70,-34.40,1
1777.6018,1008.75,22.2,38.50,+62.70,-35.50,1
1777.7343,1008.72,22.2,38.75,+62.70,-35.25,1
1777.8686,1008.65,22.2,39.36,+62.70,-34.65,1
1778.0053,1008.73,22.1,38.66,+62.82,-35.22,1
1778.1366,1008.66,22.1,39.26,+62.82,-34.62,1
1778.2714,1008.69,22.2,39.01,+62.82,-34.87,1
1778.4046,1008.68,22.2,39.10,+62.82,-34.78,1
1778.5377,1008.66,22.1,39.26,+62.82,-34.62,1
1778.6691,1008.74,22.1,38.57,+62.82,-35.31,1
1778.8044,1008.75,22.1,38.48,+62.82,-35.39,1
1778.9403,1008.78,22.1,38.23,+62.94,-35.54,1
1779.0725,1008.81,22.1,37.97,+62.94,-35.79,1
1779.2066,1008.80,22.1,38.06,+62.94,-35.71,1
1779.3414,1008.78,22.2,38.24,+62.94,-35.52,1
1779.4728,1008.74,22.1,38.57,+62.94,-35.19,1
1779.6059,1008.77,22.1,38.31,+62.94,-35.45,1
1779.7397,1008.72,22.1,38.74,+62.94,-35.02,1
1779.8733,1008.68,22.1,39.08,+62.94,-34.68,1
1780.0096,1008.72,22.1,38.74,+63.02,-34.94,1
1780.1446,1008.74,22.1,38.57,+63.02,-35.11,1
1780.2768,1008.71,22.1,38.83,+63.02,-34.85,1
1780.4114,1008.68,22.1,39.08,+63.02,-34.60,1
1780.5446,1008.69,22.1,39.00,+63.02,-34.68,1
1780.6762,1008.70,22.2,38.93,+63.02,-34.75,1
1780.8099,1008.68,22.1,39.08,+63.02,-34.60,1
1780.9350,1008.70,22.2,38.93,+63.09,-34.69,1
1781.0674,1008.69,22.2,39.01,+63.09,-34.60,1
1781.1997,1008.70,22.1,38.91,+63.09,-34.70,1
1781.3333,1008.69,22.2,39.01,+63.09,-34.60,1
1781.4688,1008.72,22.1,38.74,+63.09,-34.87,1
1781.6014,1008.69,22.1,39.00,+63.09,-34.62,1
1781.7360,1008.72,22.2,38.75,+63.09,-34.86,1
1781.8716,1008.80,22.2,38.07,+63.09,-35.55,1
1782.0073,1008.77,22.2,38.33,+63.15,-35.22,1
1782.1406,1008.73,22.2,38.67,+63.15,-34.88,1
1782.2752,1008.74,22.2,38.58,+63.15,-34.96,1
1782.4075,1008.76,22.2,38.41,+63.15,-35.14,1
1782.5433,1008.76,22.2,38.41,+63.15,-35.14,1
1782.6775,1008.71,22.2,38.84,+63.15,-34.71,1
1782.8102,1008.73,22.2,38.67,+63.15,-34.88,1
1782.9354,1008.72,22.2,38.75,+63.28,-34.67,1
1783.0700,1008.73,22.2,38.67,+63.28,-34.76,1
1783.2044,1008.76,22.2,38.41,+63.28,-35.01,1
1783.3369,1008.73,22.2,38.67,+63.28,-34.76,1
1783.4717,1008.75,22.2,38.50,+63.28,-34.93,1
1783.6072,1008.69,22.2,39.01,+63.28,-34.41,1
1783.7397,1008.74,22.2,38.58,+63.28,-34.84,1
1783.8746,1008.72,22.2,38.75,+63.28,-34.67,1
1784.0122,1008.70,22.2,38.93,+63.39,-34.39,1
1784.1462,1008.70,22.2,38.93,+63.39,-34.39,1
1784.2810,1008.67,22.2,39.18,+63.39,-34.13,1
1784.4154,1008.70,22.2,38.93,+63.39,-34.39,1
1784.5486,1008.73,22.2,38.67,+63.39,-34.65,1
1784.6828,1008.79,22.2,38.15,+63.39,-35.16,1
1784.8172,1008.78,22.2,38.24,+63.39,-35.07,1
1784.9536,1008.78,22.2,38.24,+63.51,-34.95,1
1785.0873,1008.71,22.2,38.84,+63.51,-34.35,1
1785.2228,1008.75,22.2,38.50,+63.51,-34.69,1
1785.3555,1008.69,22.2,39.01,+63.51,-34.18,1
1785.4904,1008.77,22.2,38.33,+63.51,-34.87,1
1785.6248,1008.73,22.2,38.67,+63.51,-34.52,1
1785.7585,1008.67,22.2,39.18,+63.51,-34.01,1
1785.8935,1008.73,22.2,38.67,+63.51,-34.52,1
1786.0307,1008.80,22.2,38.07,+63.62,-35.01,1
1786.1634,1008.81,22.2,37.98,+63.62,-35.10,1
1786.2983,1008.71,22.2,38.84,+63.62,-34.24,1
1786.4321,1008.73,22.2,38.67,+63.62,-34.41,1
1786.5647,1008.74,22.2,38.58,+63.62,-34.50,1
1786.6995,1008.75,22.2,38.50,+63.62,-34.58,1
1786.8357,1008.78,22.2,38.24,+63.62,-34.84,1
1786.9714,1008.74,22.2,38.58,+63.77,-34.35,1
1787.1059,1008.71,22.1,38.83,+63.77,-34.11,1
1787.2414,1008.76,22.2,38.41,+63.77,-34.52,1
1787.3754,1008.75,22.2,38.50,+63.77,-34.44,1
1787.5097,1008.80,22.2,38.07,+63.77,-34.86,1
1787.6438,1008.79,22.2,38.15,+63.77,-34.78,1
1787.7769,1008.79,22.2,38.15,+63.77,-34.78,1
1787.9117,1008.78,22.2,38.24,+63.77,-34.69,1
1788.0483,1008.81,22.2,37.98,+63.92,-34.80,1
1788.1817,1008.75,22.2,38.50,+63.92,-34.29,1
1788.3165,1008.76,22.1,38.40,+63.92,-34.38,1
1788.4521,1008.79,22.2,38.15,+63.92,-34.63,1
1788.5844,1008.72,22.2,38.75,+63.92,-34.03,1
1788.7193,1008.82,22.2,37.90,+63.92,-34.89,1
1788.8542,1008.77,22.2,38.33,+63.92,-34.46,1
1788.9902,1008.78,22.2,38.24,+64.09,-34.37,1
1789.1233,1008.74,22.2,38.58,+64.09,-34.03,1
1789.2578,1008.76,22.2,38.41,+64.09,-34.20,1
1789.3923,1008.75,22.2,38.50,+64.09,-34.11,1
1789.5263,1008.74,22.2,38.58,+64.09,-34.03,1
1789.6605,1008.76,22.2,38.41,+64.09,-34.20,1
1789.7950,1008.74,22.2,38.58,+64.09,-34.03,1
1789.9301,1008.75,22.2,38.50,+64.27,-33.93,1
1790.0648,1008.72,22.2,38.75,+64.27,-33.68,1
1790.1991,1008.70,22.2,38.93,+64.27,-33.51,1
1790.3318,1008.75,22.2,38.50,+64.27,-33.93,1
1790.4665,1008.77,22.2,38.33,+64.27,-34.11,1
1790.6011,1008.72,22.2,38.75,+64.27,-33.68,1
1790.7328,1008.76,22.2,38.41,+64.27,-34.02,1
1790.8665,1008.79,22.2,38.15,+64.27,-34.28,1
1791.0031,1008.73,22.2,38.67,+64.46,-33.57,1
1791.1375,1008.75,22.2,38.50,+64.46,-33.74,1
1791.2711,1008.77,22.2,38.33,+64.46,-33.91,1
1791.4044,1008.74,22.2,38.58,+64.46,-33.66,1
1791.5365,1008.79,22.2,38.15,+64.46,-34.09,1
1791.6720,1008.78,22.2,38.24,+64.46,-34.00,1
1791.8066,1008.76,22.2,38.41,+64.46,-33.83,1
1791.9421,1008.80,22.2,38.07,+64.62,-34.01,1
1792.0769,1008.74,22.2,38.58,+64.62,-33.49,1
1792.2117,1008.76,22.2,38.41,+64.62,-33.67,1
1792.3441,1008.78,22.2,38.24,+64.62,-33.84,1
1792.4777,1008.75,22.2,38.50,+64.62,-33.58,1
1792.6110,1008.76,22.2,38.41,+64.62,-33.67,1
1792.7453,1008.69,22.2,39.01,+64.62,-33.07,1
1792.8775,1008.80,22.2,38.07,+64.62,-34.01,1
1793.0139,1008.79,22.2,38.15,+64.80,-33.74,1
1793.1484,1008.75,22.2,38.50,+64.80,-33.40,1
1793.2816,1008.77,22.2,38.33,+64.80,-33.57,1
1793.4151,1008.74,22.2,38.58,+64.80,-33.31,1
1793.5485,1008.78,22.2,38.24,+64.80,-33.66,1
1793.6803,1008.81,22.2,37.98,+64.80,-33.91,1
1793.8170,1008.81,22.2,37.98,+64.80,-33.91,1
1793.9537,1008.80,22.2,38.07,+64.99,-33.64,1
1794.0855,1008.79,22.2,38.15,+64.99,-33.55,1
1794.2198,1008.77,22.2,38.33,+64.99,-33.38,1
1794.3545,1008.80,22.2,38.07,+64.99,-33.64,1
1794.4859,1008.77,22.2,38.33,+64.99,-33.38,1
1794.6192,1008.77,22.2,38.33,+64.99,-33.38,1
1794.7527,1008.73,22.2,38.67,+64.99,-33.04,1
1794.8888,1008.77,22.2,38.33,+64.99,-33.38,1
1795.0243,1008.76,22.2,38.41,+65.17,-33.11,1
1795.1578,1008.74,22.2,38.58,+65.17,-32.94,1
1795.2919,1008.78,22.2,38.24,+65.17,-33.29,1
1795.4262,1008.71,22.2,38.84,+65.17,-32.69,1
1795.5594,1008.79,22.2,38.15,+65.17,-33.37,1
1795.6934,1008.75,22.2,38.50,+65.17,-33.03,1
1795.8259,1008.71,22.2,38.84,+65.17,-32.69,1
1795.9630,1008.77,22.2,38.33,+65.31,-33.07,1
1796.0962,1008.78,22.2,38.24,+65.31,-33.15,1
1796.2284,1008.76,22.2,38.41,+65.31,-32.98,1
1796.3617,1008.71,22.2,38.84,+65.31,-32.55,1
1796.4961,1008.76,22.2,38.41,+65.31,-32.98,1
1796.6274,1008.77,22.2,38.33,+65.31,-33.07,1
1796.7608,1008.74,22.2,38.58,+65.31,-32.81,1
1796.8951,1008.79,22.2,38.15,+65.31,-33.24,1
1797.0311,1008.78,22.2,38.24,+65.43,-33.03,1
1797.1633,1008.74,22.2,38.58,+65.43,-32.69,1
1797.2967,1008.68,22.2,39.10,+65.43,-32.17,1
1797.4303,1008.74,22.2,38.58,+65.43,-32.69,1
1797.5632,1008.68,22.2,39.10,+65.43,-32.17,1
1797.6974,1008.75,22.2,38.50,+65.43,-32.77,1
1797.8314,1008.73,22.2,38.67,+65.43,-32.60,1
1797.9683,1008.76,22.2,38.41,+65.51,-32.77,1
1798.1030,1008.70,22.2,38.93,+65.51,-32.26,1
1798.2373,1008.71,22.2,38.84,+65.51,-32.35,1
1798.3700,1008.75,22.2,38.50,+65.51,-32.69,1
1798.5046,1008.72,22.2,38.75,+65.51,-32.43,1
1798.6400,1008.77,22.2,38.33,+65.51,-32.86,1
1798.7718,1008.74,22.2,38.58,+65.51,-32.60,1
1798.9059,1008.70,22.2,38.93,+65.51,-32.26,1
1799.0425,1008.78,22.2,38.24,+65.57,-32.89,1
1799.1772,1008.76,22.2,38.41,+65.57,-32.72,1
1799.3118,1008.73,22.2,38.67,+65.57,-32.46,1
1799.4467,1008.76,22.3,38.42,+65.57,-32.71,1
1799.5783,1008.68,22.2,39.10,+65.57,-32.04,1
1799.7136,1008.73,22.2,38.67,+65.57,-32.46,1
1799.8476,1008.73,22.2,38.67,+65.57,-32.46,1
1799.9827,1008.72,22.2,38.75,+65.61,-32.33,1
1800.1157,1008.76,22.2,38.41,+65.61,-32.68,1
1800.2516,1008.77,22.2,38.33,+65.61,-32.76,1
1800.3839,1008.67,22.2,39.18,+65.61,-31.91,1
1800.5181,1008.73,22.2,38.67,+65.61,-32.42,1
1800.6522,1008.71,22.2,38.84,+65.61,-32.25,1
1800.7862,1008.70,22.2,38.93,+65.61,-32.16,1
1800.9205,1008.68,22.2,39.10,+65.61,-31.99,1
1801.0577,1008.70,22.2,38.93,+65.63,-32.14,1
1801.1904,1008.70,22.2,38.93,+65.63,-32.14,1
1801.3255,1008.79,22.2,38.15,+65.63,-32.91,1
1801.4587,1008.82,22.2,37.90,+65.63,-33.17,1
1801.5928,1008.79,22.2,38.15,+65.63,-32.91,1
1801.7257,1008.80,22.3,38.08,+65.63,-32.99,1
1801.8605,1008.82,22.3,37.91,+65.63,-33.16,1
1801.9987,1008.71,22.2,38.84,+65.66,-32.20,1
1802.1316,1008.68,22.2,39.10,+65.66,-31.94,1
1802.2667,1008.66,22.2,39.27,+65.66,-31.77,1
1802.4025,1008.64,22.2,39.44,+65.66,-31.60,1
1802.5350,1008.65,22.2,39.36,+65.66,-31.68,1
1802.6696,1008.70,22.2,38.93,+65.66,-32.11,1
1802.8036,1008.69,22.2,39.01,+65.66,-32.03,1
1802.9418,1008.73,22.2,38.67,+65.62,-32.41,1
1803.0753,1008.72,22.2,38.75,+65.62,-32.33,1
1803.2102,1008.73,22.2,38.67,+65.62,-32.41,1
1803.3431,1008.68,22.2,39.10,+65.62,-31.98,1
1803.4784,1008.66,22.2,39.27,+65.62,-31.81,1
1803.6122,1008.68,22.2,39.10,+65.62,-31.98,1
1803.7452,1008.64,22.2,39.44,+65.62,-31.64,1
1803.8801,1008.66,22.2,39.27,+65.62,-31.81,1
1804.0162,1008.66,22.2,39.27,+65.53,-31.90,1
1804.1487,1008.61,22.2,39.70,+65.53,-31.48,1
1804.2834,1008.62,22.2,39.61,+65.53,-31.56,1
1804.4176,1008.66,22.2,39.27,+65.53,-31.90,1
1804.5517,1008.63,22.2,39.53,+65.53,-31.65,1
1804.6859,1008.65,22.2,39.36,+65.53,-31.82,1
1804.8211,1008.62,22.2,39.61,+65.53,-31.56,1
1804.9581,1008.70,22.2,38.93,+65.43,-32.35,1
1805.0928,1008.61,22.2,39.70,+65.43,-31.58,1
1805.2270,1008.61,22.2,39.70,+65.43,-31.58,1
1805.3597,1008.63,22.2,39.53,+65.43,-31.75,1
1805.4944,1008.63,22.2,39.53,+65.43,-31.75,1
1805.6300,1008.60,22.2,39.78,+65.43,-31.49,1
1805.7624,1008.66,22.2,39.27,+65.43,-32.00,1
1805.8978,1008.64,22.2,39.44,+65.43,-31.83,1
1806.0345,1008.63,22.2,39.53,+65.33,-31.85,1
1806.1682,1008.65,22.2,39.36,+65.33,-32.02,1
1806.3032,1008.67,22.2,39.18,+65.33,-32.19,1
1806.4379,1008.64,22.2,39.44,+65.33,-31.93,1
1806.5705,1008.60,22.2,39.78,+65.33,-31.59,1
1806.7048,1008.62,22.2,39.61,+65.33,-31.76,1
1806.8398,1008.68,22.2,39.10,+65.33,-32.28,1
1806.9754,1008.72,22.2,38.75,+65.29,-32.65,1
1807.1100,1008.68,22.2,39.10,+65.29,-32.31,1
1807.2457,1008.67,22.2,39.18,+65.29,-32.22,1
1807.3781,1008.64,22.2,39.44,+65.29,-31.96,1
1807.5122,1008.61,22.2,39.70,+65.29,-31.71,1
1807.6464,1008.62,22.2,39.61,+65.29,-31.79,1
1807.7806,1008.59,22.2,39.87,+65.29,-31.54,1
1807.9159,1008.62,22.2,39.61,+65.29,-31.79,1
1808.0523,1008.65,22.2,39.36,+65.23,-32.11,1
1808.1852,1008.62,22.2,39.61,+65.23,-31.86,1
1808.3215,1008.63,22.2,39.53,+65.23,-31.94,1
1808.4559,1008.64,22.2,39.44,+65.23,-32.03,1
1808.5873,1008.65,22.2,39.36,+65.23,-32.11,1
1808.7220,1008.65,22.2,39.36,+65.23,-32.11,1
1808.8584,1008.67,22.2,39.18,+65.23,-32.29,1
1808.9945,1008.61,22.2,39.70,+65.20,-31.80,1
1809.1292,1008.56,22.2,40.13,+65.20,-31.37,1
1809.2641,1008.61,22.2,39.70,+65.20,-31.80,1
1809.3996,1008.58,22.2,39.96,+65.20,-31.55,1
1809.5321,1008.66,22.2,39.27,+65.20,-32.23,1
1809.6662,1008.64,22.2,39.44,+65.20,-32.06,1
1809.8013,1008.65,22.2,39.36,+65.20,-32.15,1
1809.9403,1008.63,22.2,39.53,+65.18,-31.99,1
1810.0740,1008.57,22.2,40.04,+65.18,-31.48,1
1810.2081,1008.55,22.2,40.21,+65.18,-31.31,1
1810.3410,1008.64,22.2,39.44,+65.18,-32.08,1
1810.4753,1008.63,22.2,39.53,+65.18,-31.99,1
1810.6091,1008.58,22.2,39.96,+65.18,-31.56,1
1810.7409,1008.61,22.2,39.70,+65.18,-31.82,1
1810.8759,1008.67,22.2,39.18,+65.18,-32.34,1
1811.0131,1008.66,22.2,39.27,+65.19,-32.24,1
1811.1459,1008.64,22.2,39.44,+65.19,-32.07,1
1811.2806,1008.60,22.2,39.78,+65.19,-31.72,1
1811.4150,1008.61,22.2,39.70,+65.19,-31.81,1
1811.5489,1008.51,22.2,40.56,+65.19,-30.95,1
1811.6832,1008.61,22.2,39.70,+65.19,-31.81,1
1811.8179,1008.57,22.2,40.04,+65.19,-31.47,1
1811.9548,1008.56,22.2,40.13,+65.20,-31.38,1
1812.0896,1008.56,22.2,40.13,+65.20,-31.38,1
1812.2237,1008.63,22.2,39.53,+65.20,-31.98,1
1812.3554,1008.58,22.2,39.96,+65.20,-31.55,1
1812.4899,1008.56,22.2,40.13,+65.20,-31.38,1
1812.6256,1008.56,22.2,40.13,+65.20,-31.38,1
1812.7579,1008.56,22.2,40.13,+65.20,-31.38,1
1812.8929,1008.53,22.2,40.38,+65.20,-31.12,1
1813.0285,1008.63,22.3,39.54,+65.19,-31.97,1
1813.1614,1008.55,22.2,40.21,+65.19,-31.29,1
1813.2979,1008.54,22.2,40.30,+65.19,-31.21,1
1813.4325,1008.58,22.2,39.96,+65.19,-31.55,1
1813.5649,1008.61,22.2,39.70,+65.19,-31.81,1
1813.7006,1008.56,22.2,40.13,+65.19,-31.38,1
1813.8355,1008.54,22.2,40.30,+65.19,-31.21,1
1813.9723,1008.60,22.2,39.78,+65.15,-31.76,1
1814.1070,1008.62,22.2,39.61,+65.15,-31.93,1
1814.2431,1008.58,22.2,39.96,+65.15,-31.59,1
1814.3747,1008.56,22.2,40.13,+65.15,-31.42,1
1814.5077,1008.65,22.2,39.36,+65.15,-32.19,1
1814.6420,1008.66,22.2,39.27,+65.15,-32.28,1
1814.7760,1008.67,22.2,39.18,+65.15,-32.36,1
1814.9110,1008.55,22.2,40.21,+65.15,-31.33,1
1815.0480,1008.67,22.2,39.18,+65.08,-32.43,1
1815.1808,1008.64,22.2,39.44,+65.08,-32.18,1
1815.3168,1008.68,22.2,39.10,+65.08,-32.52,1
1815.4510,1008.58,22.2,39.96,+65.08,-31.66,1
1815.5832,1008.58,22.2,39.96,+65.08,-31.66,1
1815.7179,1008.57,22.2,40.04,+65.08,-31.57,1
1815.8540,1008.55,22.2,40.21,+65.08,-31.40,1
1815.9888,1008.58,22.2,39.96,+65.00,-31.74,1
1816.1220,1008.48,22.2,40.81,+65.00,-30.89,1
1816.2569,1008.54,22.2,40.30,+65.00,-31.40,1
1816.3925,1008.58,22.2,39.96,+65.00,-31.74,1
1816.5251,1008.53,22.2,40.38,+65.00,-31.32,1
1816.6592,1008.55,22.2,40.21,+65.00,-31.49,1
1816.7944,1008.60,22.2,39.78,+65.00,-31.92,1
1816.9313,1008.53,22.2,40.38,+64.90,-31.41,1
1817.0659,1008.54,22.2,40.30,+64.90,-31.50,1
1817.2009,1008.53,22.2,40.38,+64.90,-31.41,1
1817.3338,1008.56,22.2,40.13,+64.90,-31.67,1
1817.4681,1008.58,22.2,39.96,+64.90,-31.84,1
1817.6017,1008.59,22.2,39.87,+64.90,-31.93,1
1817.7348,1008.59,22.2,39.87,+64.90,-31.93,1
1817.8697,1008.54,22.2,40.30,+64.90,-31.50,1
1818.0079,1008.53,22.2,40.38,+64.84,-31.48,1
1818.1406,1008.57,22.2,40.04,+64.84,-31.82,1
1818.2752,1008.56,22.2,40.13,+64.84,-31.74,1
1818.4094,1008.58,22.2,39.96,+64.84,-31.91,1
1818.5439,1008.51,22.2,40.56,+64.84,-31.31,1
1818.6781,1008.55,22.2,40.21,+64.84,-31.65,1
1818.8129,1008.58,22.2,39.96,+64.84,-31.91,1
1818.9493,1008.52,22.2,40.47,+64.75,-31.48,1
1819.0839,1008.54,22.2,40.30,+64.75,-31.65,1
1819.2182,1008.53,22.2,40.38,+64.75,-31.57,1
1819.3509,1008.54,22.2,40.30,+64.75,-31.65,1
1819.4845,1008.58,22.2,39.96,+64.75,-32.00,1
1819.6201,1008.53,22.2,40.38,+64.75,-31.57,1
1819.7520,1008.55,22.2,40.21,+64.75,-31.74,1
1819.8858,1008.57,22.2,40.04,+64.75,-31.91,1
1820.0224,1008.56,22.2,40.13,+64.63,-31.94,1
1820.1555,1008.59,22.2,39.87,+64.63,-32.20,1
1820.2891,1008.58,22.2,39.96,+64.63,-32.12,1
1820.4238,1008.56,22.2,40.13,+64.63,-31.94,1
1820.5566,1008.59,22.2,39.87,+64.63,-32.20,1
1820.6909,1008.50,22.2,40.64,+64.63,-31.43,1
1820.8253,1008.52,22.2,40.47,+64.63,-31.60,1
1820.9605,1008.50,22.2,40.64,+64.48,-31.58,1
1821.0943,1008.61,22.2,39.70,+64.48,-32.52,1
1821.2290,1008.57,22.2,40.04,+64.48,-32.18,1
1821.3617,1008.55,22.2,40.21,+64.48,-32.01,1
1821.4963,1008.51,22.2,40.56,+64.48,-31.66,1
1821.6295,1008.56,22.2,40.13,+64.48,-32.09,1
1821.7634,1008.56,22.2,40.13,+64.48,-32.09,1
1821.8976,1008.57,22.2,40.04,+64.48,-32.18,1
1822.0333,1008.53,22.2,40.38,+64.34,-31.98,1
1822.1655,1008.59,22.2,39.87,+64.34,-32.49,1
1822.3007,1008.52,22.2,40.47,+64.34,-31.89,1
1822.4335,1008.58,22.2,39.96,+64.34,-32.41,1
1822.5661,1008.47,22.2,40.90,+64.34,-31.46,1
1822.7009,1008.51,22.2,40.56,+64.34,-31.81,1
1822.8374,1008.54,22.2,40.30,+64.34,-32.06,1
1822.9726,1008.56,22.2,40.13,+64.19,-32.38,1
1823.1075,1008.56,22.2,40.13,+64.19,-32.38,1
1823.2425,1008.51,22.2,40.56,+64.19,-31.95,1
1823.3766,1008.50,22.2,40.64,+64.19,-31.87,1
1823.5110,1008.51,22.2,40.56,+64.19,-31.95,1
1823.6452,1008.52,22.2,40.47,+64.19,-32.04,1
1823.7781,1008.48,22.2,40.81,+64.19,-31.69,1
1823.9145,1008.49,22.2,40.73,+64.19,-31.78,1
1824.0507,1008.47,22.2,40.90,+64.19,-31.61,1
1824.1840,1008.47,22.2,40.90,+64.19,-31.61,1
1824.3188,1008.55,22.2,40.21,+64.19,-32.29,1
1824.4545,1008.49,22.2,40.73,+64.19,-31.78,1
1824.5869,1008.49,22.2,40.73,+64.19,-31.78,1
1824.7216,1008.50,22.2,40.64,+64.19,-31.87,1
1824.8567,1008.50,22.2,40.64,+64.19,-31.87,1
1824.9917,1008.49,22.2,40.73,+64.19,-31.78,1
1825.1246,1008.49,22.2,40.73,+64.19,-31.78,1
1825.2595,1008.55,22.2,40.21,+64.19,-32.29,1
1825.3937,1008.52,22.2,40.47,+64.19,-32.04,1
1825.5277,1008.50,22.2,40.64,+64.19,-31.87,1
1825.6619,1008.55,22.2,40.21,+64.19,-32.29,1
1825.7962,1008.49,22.2,40.73,+64.19,-31.78,1
1825.9314,1008.52,22.2,40.47,+64.19,-32.04,1
1826.0662,1008.60,22.2,39.78,+64.19,-32.72,1
1826.2004,1008.53,22.2,40.38,+64.19,-32.12,1
1826.3332,1008.55,22.2,40.21,+64.19,-32.29,1
1826.4680,1008.52,22.2,40.47,+64.19,-32.04,1
1826.6038,1008.46,22.2,40.99,+64.19,-31.52,1
1826.7361,1008.52,22.2,40.47,+64.19,-32.04,1
1826.8709,1008.53,22.2,40.38,+64.19,-32.12,1
1827.0087,1008.51,22.2,40.56,+64.07,-32.08,1
1827.1440,1008.51,22.2,40.56,+64.07,-32.08,1
1827.2786,1008.50,22.2,40.64,+64.07,-31.99,1
1827.4131,1008.47,22.2,40.90,+64.07,-31.73,1
1827.5460,1008.49,22.2,40.73,+64.07,-31.91,1
1827.6814,1008.50,22.2,40.64,+64.07,-31.99,1
1827.8160,1008.56,22.2,40.13,+64.07,-32.51,1
1827.9517,1008.48,22.2,40.81,+63.96,-31.93,1
1828.0864,1008.54,22.2,40.30,+63.96,-32.44,1
1828.2224,1008.49,22.2,40.73,+63.96,-32.02,1
1828.3549,1008.50,22.2,40.64,+63.96,-32.10,1
1828.4894,1008.57,22.2,40.04,+63.96,-32.70,1
1828.6237,1008.56,22.2,40.13,+63.96,-32.62,1
1828.7573,1008.49,22.2,40.73,+63.96,-32.02,1
1828.8925,1008.55,22.2,40.21,+63.96,-32.53,1
1829.0287,1008.50,22.2,40.64,+63.87,-32.19,1
1829.1609,1008.53,22.2,40.38,+63.87,-32.45,1
1829.2961,1008.52,22.2,40.47,+63.87,-32.36,1
1829.4300,1008.52,22.2,40.47,+63.87,-32.36,1
1829.5624,1008.52,22.2,40.47,+63.87,-32.36,1
1829.6978,1008.50,22.2,40.64,+63.87,-32.19,1
1829.8340,1008.55,22.2,40.21,+63.87,-32.62,1
1829.9692,1008.54,22.2,40.30,+63.80,-32.60,1
1830.1037,1008.52,22.2,40.47,+63.80,-32.42,1
1830.2388,1008.48,22.2,40.81,+63.80,-32.08,1
1830.3734,1008.43,22.2,41.24,+63.80,-31.65,1
1830.5077,1008.49,22.2,40.73,+63.80,-32.17,1
1830.6422,1008.49,22.2,40.73,+63.80,-32.17,1
1830.7750,1008.50,22.2,40.64,+63.80,-32.25,1
1830.9119,1008.46,22.2,40.99,+63.80,-31.91,1
1831.0471,1008.48,22.2,40.81,+63.75,-32.13,1
1831.1798,1008.53,22.2,40.38,+63.75,-32.56,1
1831.3145,1008.49,22.2,40.73,+63.75,-32.22,1
1831.4500,1008.48,22.2,40.81,+63.75,-32.13,1
1831.5827,1008.51,22.2,40.56,+63.75,-32.39,1
1831.7175,1008.44,22.2,41.16,+63.75,-31.79,1
1831.8524,1008.46,22.2,40.99,+63.75,-31.96,1
1831.9875,1008.52,22.2,40.47,+63.75,-32.48,1
1832.1212,1008.51,22.2,40.56,+63.75,-32.40,1
1832.2552,1008.52,22.2,40.47,+63.75,-32.48,1
1832.3867,1008.38,22.2,41.67,+63.75,-31.28,1
1832.5221,1008.47,22.2,40.90,+63.75,-32.05,1
1832.6553,1008.58,22.2,39.96,+63.75,-33.00,1
1832.7885,1008.44,22.2,41.16,+63.75,-31.80,1
1832.9217,1008.51,22.2,40.56,+63.75,-32.40,1
1833.0590,1008.50,22.2,40.64,+63.80,-32.26,1
1833.1932,1008.51,22.2,40.56,+63.80,-32.35,1
1833.3259,1008.52,22.2,40.47,+63.80,-32.43,1
1833.4607,1008.45,22.2,41.07,+63.80,-31.83,1
1833.5974,1008.50,22.2,40.64,+63.80,-32.26,1
1833.7300,1008.47,22.2,40.90,+63.80,-32.00,1
1833.8650,1008.39,22.2,41.59,+63.80,-31.32,1
1834.0025,1008.47,22.2,40.90,+63.83,-31.98,1
1834.1368,1008.46,22.2,40.99,+63.83,-31.89,1
1834.2715,1008.51,22.2,40.56,+63.83,-32.32,1
1834.4057,1008.54,22.2,40.30,+63.83,-32.58,1
1834.5387,1008.47,22.2,40.90,+63.83,-31.98,1
1834.6748,1008.48,22.2,40.81,+63.83,-32.06,1
1834.8092,1008.56,22.2,40.13,+63.83,-32.75,1
1834.9455,1008.45,22.2,41.07,+63.90,-31.73,1
1835.0792,1008.52,22.2,40.47,+63.90,-32.33,1
1835.2144,1008.55,22.2,40.21,+63.90,-32.59,1
1835.3459,1008.50,22.2,40.64,+63.90,-32.16,1
1835.4806,1008.46,22.2,40.99,+63.90,-31.82,1
1835.6150,1008.46,22.2,40.99,+63.90,-31.82,1
1835.7485,1008.47,22.2,40.90,+63.90,-31.90,1
1835.8837,1008.52,22.2,40.47,+63.90,-32.33,1
1836.0209,1008.48,22.2,40.81,+63.97,-31.92,1
1836.1536,1008.47,22.2,40.90,+63.97,-31.83,1
1836.2901,1008.54,22.1,40.29,+63.97,-32.45,1
1836.4244,1008.56,22.1,40.11,+63.97,-32.62,1
1836.5565,1008.45,22.1,41.06,+63.97,-31.68,1
1836.6913,1008.48,22.1,40.80,+63.97,-31.93,1
1836.8275,1008.52,22.1,40.46,+63.97,-32.28,1
1836.9627,1008.46,22.1,40.97,+64.02,-31.71,1
1837.0972,1008.52,22.1,40.46,+64.02,-32.23,1
1837.2323,1008.56,22.1,40.11,+64.02,-32.57,1
1837.3659,1008.53,22.1,40.37,+64.02,-32.31,1
1837.4992,1008.53,22.1,40.37,+64.02,-32.31,1
1837.6321,1008.45,22.1,41.06,+64.02,-31.63,1
1837.7637,1008.51,22.1,40.54,+64.02,-32.14,1
1837.8996,1008.44,22.1,41.14,+64.02,-31.54,1
1838.0359,1008.46,22.1,40.97,+64.00,-31.73,1
1838.1677,1008.46,22.1,40.97,+64.00,-31.73,1
1838.3019,1008.54,22.1,40.29,+64.00,-32.41,1
1838.4364,1008.47,22.1,40.89,+64.00,-31.81,1
1838.5696,1008.51,22.1,40.54,+64.00,-32.16,1
1838.7017,1008.44,22.1,41.14,+64.00,-31.55,1
1838.8363,1008.44,22.1,41.14,+64.00,-31.55,1
1838.9740,1008.36,22.1,41.83,+63.95,-30.92,1
1839.1059,1008.48,22.1,40.80,+63.95,-31.95,1
1839.2398,1008.51,22.1,40.54,+63.95,-32.20,1
1839.3732,1008.48,22.1,40.80,+63.95,-31.95,1
1839.5054,1008.45,22.1,41.06,+63.95,-31.69,1
1839.6386,1008.45,22.1,41.06,+63.95,-31.69,1
1839.7718,1008.45,22.0,41.04,+63.95,-31.70,1
1839.9040,1008.45,22.0,41.04,+63.95,-31.70,1
1840.0411,1008.37,22.0,41.73,+63.82,-31.15,1
1840.1742,1008.44,22.0,41.13,+63.82,-31.75,1
1840.3058,1008.49,22.0,40.70,+63.82,-32.18,1
1840.4407,1008.47,22.0,40.87,+63.82,-32.01,1
1840.5753,1008.49,22.0,40.70,+63.82,-32.18,1
1840.7087,1008.46,22.0,40.96,+63.82,-31.92,1
1840.8420,1008.51,22.0,40.53,+63.82,-32.35,1
1840.9799,1008.47,22.0,40.87,+63.65,-32.17,1
1841.1142,1008.45,22.0,41.04,+63.65,-32.00,1
1841.2472,1008.49,22.0,40.70,+63.65,-32.35,1
1841.3813,1008.46,22.0,40.96,+63.65,-32.09,1
1841.5148,1008.45,22.0,41.04,+63.65,-32.00,1
1841.6481,1008.46,22.0,40.96,+63.65,-32.09,1
1841.7826,1008.43,22.0,41.21,+63.65,-31.83,1
1841.9223,1008.45,22.0,41.04,+63.45,-32.21,1
1842.0552,1008.44,22.0,41.13,+63.45,-32.12,1
1842.1914,1008.48,22.0,40.79,+63.45,-32.46,1
1842.3258,1008.53,22.0,40.36,+63.45,-32.89,1
1842.4587,1008.52,22.0,40.44,+63.45,-32.81,1
1842.5929,1008.51,22.0,40.53,+63.45,-32.72,1
1842.7283,1008.49,22.0,40.70,+63.45,-32.55,1
1842.8612,1008.53,22.0,40.36,+63.45,-32.89,1
1842.9986,1008.50,22.0,40.61,+63.28,-32.80,1
1843.1328,1008.49,22.0,40.70,+63.28,-32.72,1
1843.2663,1008.47,22.0,40.87,+63.28,-32.55,1
1843.3987,1008.49,22.0,40.70,+63.28,-32.72,1
1843.5328,1008.48,22.0,40.79,+63.28,-32.63,1
1843.6671,1008.48,22.0,40.79,+63.28,-32.63,1
1843.8018,1008.53,22.0,40.36,+63.28,-33.06,1
1843.9402,1008.53,22.0,40.36,+63.13,-33.21,1
1844.0748,1008.49,22.0,40.70,+63.13,-32.86,1
1844.2079,1008.47,22.0,40.87,+63.13,-32.69,1
1844.3437,1008.51,22.0,40.53,+63.13,-33.04,1
1844.4778,1008.46,22.0,40.96,+63.13,-32.61,1
1844.6104,1008.49,22.0,40.70,+63.13,-32.86,1
1844.7449,1008.47,22.0,40.87,+63.13,-32.69,1
1844.8808,1008.46,22.0,40.96,+63.13,-32.61,1
1845.0162,1008.46,22.0,40.96,+62.97,-32.77,1
1845.1507,1008.37,22.0,41.73,+62.97,-32.00,1
1845.2856,1008.47,22.0,40.87,+62.97,-32.86,1
1845.4195,1008.51,22.0,40.53,+62.97,-33.20,1
1845.5536,1008.44,22.0,41.13,+62.97,-32.60,1
1845.6882,1008.48,22.0,40.79,+62.97,-32.94,1
1845.8214,1008.48,22.0,40.79,+62.97,-32.94,1
1845.9584,1008.51,22.0,40.53,+62.81,-33.36,1
1846.0924,1008.45,22.0,41.04,+62.81,-32.85,1
1846.2259,1008.49,22.0,40.70,+62.81,-33.19,1
1846.3602,1008.49,22.0,40.70,+62.81,-33.19,1
1846.4959,1008.47,22.0,40.87,+62.81,-33.02,1
1846.6271,1008.44,22.0,41.13,+62.81,-32.76,1
1846.7602,1008.45,22.0,41.04,+62.81,-32.85,1
1846.8950,1008.44,22.0,41.13,+62.81,-32.76,1
1847.0312,1008.37,21.9,41.72,+62.66,-32.33,1
1847.1643,1008.44,22.0,41.13,+62.66,-32.91,1
1847.2977,1008.44,22.0,41.13,+62.66,-32.91,1
1847.4304,1008.45,22.0,41.04,+62.66,-33.00,1
1847.5653,1008.50,22.0,40.61,+62.66,-33.43,1
1847.6990,1008.44,21.9,41.12,+62.66,-32.93,1
1847.8304,1008.46,21.9,40.94,+62.66,-33.10,1
1847.9682,1008.45,21.9,41.03,+62.51,-33.16,1
1848.1023,1008.49,21.9,40.69,+62.51,-33.50,1
1848.2365,1008.53,21.9,40.34,+62.51,-33.85,1
1848.3691,1008.48,21.9,40.77,+62.51,-33.42,1
1848.5038,1008.46,21.9,40.94,+62.51,-33.25,1
1848.6393,1008.47,21.9,40.86,+62.51,-33.33,1
1848.7708,1008.49,21.9,40.69,+62.51,-33.50,1
1848.9045,1008.45,21.9,41.03,+62.51,-33.16,1
1849.0412,1008.46,21.9,40.94,+62.36,-33.40,1
1849.1756,1008.46,21.9,40.94,+62.36,-33.40,1
1849.3099,1008.50,21.9,40.60,+62.36,-33.74,1
1849.4445,1008.44,21.9,41.12,+62.36,-33.22,1
1849.5770,1008.43,21.9,41.20,+62.36,-33.14,1
1849.7112,1008.47,21.9,40.86,+62.36,-33.48,1
1849.8449,1008.48,21.9,40.77,+62.36,-33.57,1
1849.9807,1008.47,22.0,40.87,+62.25,-33.58,1
1850.1141,1008.51,22.0,40.53,+62.25,-33.92,1
1850.2498,1008.48,22.0,40.79,+62.25,-33.66,1
1850.3823,1008.47,22.0,40.87,+62.25,-33.58,1
1850.5166,1008.52,22.0,40.44,+62.25,-34.01,1
1850.6512,1008.49,22.0,40.70,+62.25,-33.75,1
1850.7857,1008.47,22.0,40.87,+62.25,-33.58,1
1850.9195,1008.55,22.0,40.19,+62.25,-34.26,1
1851.0576,1008.48,22.0,40.79,+62.17,-33.74,1
1851.1908,1008.46,22.0,40.96,+62.17,-33.57,1
1851.3265,1008.46,22.0,40.96,+62.17,-33.57,1
1851.4609,1008.46,22.0,40.96,+62.17,-33.57,1
1851.5935,1008.51,22.0,40.53,+62.17,-34.00,1
1851.7282,1008.47,22.0,40.87,+62.17,-33.66,1
1851.8642,1008.53,22.0,40.36,+62.17,-34.17,1
1852.0004,1008.33,22.0,42.07,+62.10,-32.53,1
1852.1351,1008.50,22.0,40.61,+62.10,-33.98,1
1852.2699,1008.46,22.0,40.96,+62.10,-33.64,1
1852.4036,1008.46,22.0,40.96,+62.10,-33.64,1
1852.5378,1008.39,22.0,41.56,+62.10,-33.04,1
1852.6724,1008.43,22.0,41.21,+62.10,-33.38,1
1852.8073,1008.45,22.0,41.04,+62.10,-33.55,1
1852.9451,1008.52,22.0,40.44,+61.91,-34.34,1
1853.0794,1008.17,21.9,43.43,+61.91,-31.36,1
1853.2127,1008.31,22.0,42.24,+61.91,-32.54,1
1853.3473,1008.39,22.0,41.56,+61.91,-33.23,1
1853.4825,1008.45,22.0,41.04,+61.91,-33.74,1
1853.6150,1008.53,22.0,40.36,+61.91,-34.43,1
1853.7497,1008.47,22.0,40.87,+61.91,-33.91,1
1853.8836,1008.46,22.0,40.96,+61.91,-33.83,1
1854.0200,1008.45,22.0,41.04,+61.68,-33.98,1
1854.1536,1008.44,22.0,41.13,+61.68,-33.90,1
1854.2872,1008.38,22.0,41.64,+61.68,-33.38,1
1854.4184,1008.47,22.1,40.89,+61.68,-34.14,1
1854.5536,1008.51,22.1,40.54,+61.68,-34.48,1
1854.6869,1008.44,22.1,41.14,+61.68,-33.88,1
1854.8202,1008.45,22.1,41.06,+61.68,-33.97,1
1854.9584,1008.38,22.1,41.66,+61.43,-33.61,1
1855.0911,1008.45,22.1,41.06,+61.43,-34.21,1
1855.2225,1008.48,22.1,40.80,+61.43,-34.47,1
1855.3558,1008.44,22.1,41.14,+61.43,-34.13,1
1855.4893,1008.46,22.1,40.97,+61.43,-34.30,1
1855.6237,1008.47,22.1,40.89,+61.43,-34.38,1
1855.7554,1008.45,22.1,41.06,+61.43,-34.21,1
1855.8893,1008.43,22.1,41.23,+61.43,-34.04,1
1856.0249,1008.43,22.1,41.23,+61.20,-34.28,1
1856.1575,1008.44,22.1,41.14,+61.20,-34.36,1
1856.2912,1008.47,22.1,40.89,+61.20,-34.62,1
1856.4249,1008.48,22.1,40.80,+61.20,-34.70,1
1856.5564,1008.45,22.1,41.06,+61.20,-34.45,1
1856.6910,1008.47,22.1,40.89,+61.20,-34.62,1
1856.8247,1008.47,22.1,40.89,+61.20,-34.62,1
1856.9604,1008.51,22.1,40.54,+60.98,-35.18,1
1857.0925,1008.47,22.1,40.89,+60.98,-34.84,1
1857.2274,1008.48,22.1,40.80,+60.98,-34.92,1
1857.3609,1008.49,22.1,40.71,+60.98,-35.01,1
1857.4926,1008.52,22.1,40.46,+60.98,-35.27,1
1857.6258,1008.51,22.1,40.54,+60.98,-35.18,1
1857.7603,1008.54,22.1,40.29,+60.98,-35.44,1
1857.8927,1008.45,22.1,41.06,+60.98,-34.67,1
1858.0276,1008.34,22.1,42.00,+60.79,-33.91,1
1858.1605,1008.43,22.1,41.23,+60.79,-34.68,1
1858.2955,1008.43,22.1,41.23,+60.79,-34.68,1
1858.4286,1008.44,22.1,41.14,+60.79,-34.77,1
1858.5617,1008.44,22.1,41.14,+60.79,-34.77,1
1858.6936,1008.46,22.1,40.97,+60.79,-34.94,1
1858.8289,1008.53,22.1,40.37,+60.79,-35.54,1
1858.9653,1008.47,22.1,40.89,+60.63,-35.18,1
1859.0973,1008.44,22.1,41.14,+60.63,-34.92,1
1859.2312,1008.43,22.1,41.23,+60.63,-34.84,1
1859.3657,1008.44,22.1,41.14,+60.63,-34.92,1
1859.4970,1008.44,22.1,41.14,+60.63,-34.92,1
1859.6301,1008.49,22.1,40.71,+60.63,-35.35,1
1859.7640,1008.37,22.1,41.74,+60.63,-34.32,1
1859.8991,1008.49,22.1,40.71,+60.63,-35.35,1
1860.0334,1008.36,22.1,41.83,+60.48,-34.39,1
1860.1671,1008.49,22.1,40.71,+60.48,-35.50,1
1860.3012,1008.39,22.1,41.57,+60.48,-34.64,1
1860.4340,1008.49,22.1,40.71,+60.48,-35.50,1
1860.5673,1008.48,22.1,40.80,+60.48,-35.42,1
1860.7008,1008.39,22.0,41.56,+60.48,-34.66,1
1860.8327,1008.39,22.0,41.56,+60.48,-34.66,1
1860.9704,1008.46,22.0,40.96,+60.32,-35.42,1
1861.1039,1008.38,22.0,41.64,+60.32,-34.74,1
1861.2362,1008.48,22.1,40.80,+60.32,-35.58,1
1861.3695,1008.48,22.0,40.79,+60.32,-35.60,1
1861.5038,1008.44,22.0,41.13,+60.32,-35.25,1
1861.6369,1008.48,22.0,40.79,+60.32,-35.60,1
1861.7698,1008.48,22.0,40.79,+60.32,-35.60,1
1861.9035,1008.48,22.0,40.79,+60.32,-35.60,1
1862.0401,1008.45,22.0,41.04,+60.19,-35.47,1
1862.1714,1008.46,22.0,40.96,+60.19,-35.56,1
1862.3048,1008.39,22.0,41.56,+60.19,-34.96,1
1862.4385,1008.47,22.0,40.87,+60.19,-35.64,1
1862.5720,1008.46,22.0,40.96,+60.19,-35.56,1
1862.7052,1008.48,22.0,40.79,+60.19,-35.73,1
1862.8395,1008.49,22.0,40.70,+60.19,-35.81,1
1862.9756,1008.48,22.0,40.79,+60.05,-35.86,1
1863.1086,1008.52,22.0,40.44,+60.05,-36.20,1
1863.2433,1008.50,22.0,40.61,+60.05,-36.03,1
1863.3775,1008.56,22.0,40.10,+60.05,-36.55,1
1863.5102,1008.48,22.0,40.79,+60.05,-35.86,1
1863.6457,1008.46,22.0,40.96,+60.05,-35.69,1
1863.7792,1008.47,22.0,40.87,+60.05,-35.77,1
1863.9112,1008.50,22.0,40.61,+60.05,-36.03,1
1864.0477,1008.51,22.0,40.53,+59.93,-36.25,1
1864.1819,1008.49,22.0,40.70,+59.93,-36.07,1
1864.3139,1008.50,22.0,40.61,+59.93,-36.16,1
1864.4478,1008.49,22.0,40.70,+59.93,-36.07,1
1864.5810,1008.52,22.0,40.44,+59.93,-36.33,1
1864.7145,1008.52,22.0,40.44,+59.93,-36.33,1
1864.8483,1008.48,22.0,40.79,+59.93,-35.99,1
1864.9861,1008.43,22.0,41.21,+59.80,-35.68,1
1865.1178,1008.51,22.0,40.53,+59.80,-36.37,1
1865.2525,1008.53,22.0,40.36,+59.80,-36.54,1
1865.3860,1008.44,22.0,41.13,+59.80,-35.77,1
1865.5173,1008.46,22.0,40.96,+59.80,-35.94,1
1865.6503,1008.51,22.0,40.53,+59.80,-36.37,1
1865.7855,1008.43,22.0,41.21,+59.80,-35.68,1
1865.9175,1008.51,22.0,40.53,+59.80,-36.37,1
1866.0547,1008.55,22.0,40.19,+59.72,-36.80,1
1866.1885,1008.49,22.0,40.70,+59.72,-36.28,1
1866.3207,1008.44,22.0,41.13,+59.72,-35.85,1
1866.4522,1008.47,22.0,40.87,+59.72,-36.11,1
1866.5856,1008.51,22.0,40.53,+59.72,-36.45,1
1866.7195,1008.52,22.1,40.46,+59.72,-36.53,1
1866.8533,1008.47,22.0,40.87,+59.72,-36.11,1
1866.9895,1008.54,22.1,40.29,+59.65,-36.77,1
1867.1240,1008.51,22.1,40.54,+59.65,-36.51,1
1867.2566,1008.49,22.1,40.71,+59.65,-36.34,1
1867.3908,1008.47,22.1,40.89,+59.65,-36.17,1
1867.5257,1008.44,22.1,41.14,+59.65,-35.91,1
1867.6591,1008.50,22.1,40.63,+59.65,-36.43,1
1867.7929,1008.51,22.1,40.54,+59.65,-36.51,1
1867.9316,1008.48,22.1,40.80,+59.62,-36.28,1
1868.0646,1008.50,22.1,40.63,+59.62,-36.46,1
1868.1988,1008.54,22.1,40.29,+59.62,-36.80,1
1868.3322,1008.44,22.1,41.14,+59.62,-35.94,1
1868.4649,1008.49,22.1,40.71,+59.62,-36.37,1
1868.5991,1008.51,22.1,40.54,+59.62,-36.54,1
1868.7327,1008.53,22.1,40.37,+59.62,-36.71,1
1868.8648,1008.53,22.1,40.37,+59.62,-36.71,1
1869.0018,1008.56,22.1,40.11,+59.60,-36.98,1
1869.1350,1008.57,22.1,40.03,+59.60,-37.07,1
1869.2667,1008.55,22.1,40.20,+59.60,-36.90,1
1869.3999,1008.54,22.1,40.29,+59.60,-36.81,1
1869.5349,1008.58,22.1,39.94,+59.60,-37.15,1
1869.6682,1008.57,22.1,40.03,+59.60,-37.07,1
1869.8001,1008.58,22.1,39.94,+59.60,-37.15,1
1869.9379,1008.53,22.2,40.38,+59.66,-36.65,1
1870.0732,1008.53,22.1,40.37,+59.66,-36.67,1
1870.2052,1008.59,22.2,39.87,+59.66,-37.17,1
1870.3385,1008.55,22.1,40.20,+59.66,-36.84,1
1870.4721,1008.53,22.2,40.38,+59.66,-36.65,1
1870.6048,1008.57,22.2,40.04,+59.66,-37.00,1
1870.7380,1008.59,22.2,39.87,+59.66,-37.17,1
1870.8722,1008.60,22.2,39.78,+59.66,-37.25,1
1871.0078,1008.52,22.2,40.47,+59.80,-36.43,1
1871.1415,1008.55,22.2,40.21,+59.80,-36.68,1
1871.2746,1008.50,22.2,40.64,+59.80,-36.25,1
1871.4060,1008.50,22.2,40.64,+59.80,-36.25,1
1871.5395,1008.56,22.2,40.13,+59.80,-36.77,1
1871.6741,1008.52,22.2,40.47,+59.80,-36.43,1
1871.8079,1008.53,22.2,40.38,+59.80,-36.51,1
1871.9447,1008.57,22.2,40.04,+59.98,-36.68,1
1872.0784,1008.56,22.2,40.13,+59.98,-36.60,1
1872.2134,1008.59,22.2,39.87,+59.98,-36.85,1
1872.3452,1008.53,22.2,40.38,+59.98,-36.34,1
1872.4788,1008.61,22.2,39.70,+59.98,-37.02,1
1872.6124,1008.60,22.2,39.78,+59.98,-36.94,1
1872.7449,1008.58,22.2,39.96,+59.98,-36.77,1
1872.8788,1008.61,22.2,39.70,+59.98,-37.02,1
1873.0148,1008.54,22.2,40.30,+60.27,-36.14,1
1873.1469,1008.61,22.2,39.70,+60.27,-36.74,1
1873.2820,1008.56,22.2,40.13,+60.27,-36.31,1
1873.4152,1008.62,22.2,39.61,+60.27,-36.82,1
1873.5492,1008.62,22.2,39.61,+60.27,-36.82,1
1873.6813,1008.54,22.2,40.30,+60.27,-36.14,1
1873.8166,1008.61,22.2,39.70,+60.27,-36.74,1
1873.9539,1008.62,22.2,39.61,+60.59,-36.50,1
1874.0860,1008.57,22.2,40.04,+60.59,-36.07,1
1874.2201,1008.59,22.2,39.87,+60.59,-36.24,1
1874.3550,1008.61,22.2,39.70,+60.59,-36.41,1
1874.4866,1008.57,22.2,40.04,+60.59,-36.07,1
1874.6197,1008.60,22.2,39.78,+60.59,-36.33,1
1874.7535,1008.56,22.2,40.13,+60.59,-35.98,1
1874.8866,1008.63,22.2,39.53,+60.59,-36.59,1
1875.0238,1008.65,22.2,39.36,+60.97,-36.37,1
1875.1573,1008.62,22.2,39.61,+60.97,-36.12,1
1875.2894,1008.57,22.2,40.04,+60.97,-35.69,1
1875.4239,1008.58,22.2,39.96,+60.97,-35.77,1
1875.5571,1008.55,22.2,40.21,+60.97,-35.52,1
1875.6910,1008.62,22.2,39.61,+60.97,-36.12,1
1875.8233,1008.61,22.2,39.70,+60.97,-36.03,1
1875.9605,1008.61,22.2,39.70,+61.38,-35.62,1
1876.0937,1008.66,22.2,39.27,+61.38,-36.05,1
1876.2264,1008.64,22.2,39.44,+61.38,-35.88,1
1876.3598,1008.59,22.2,39.87,+61.38,-35.45,1
1876.4942,1008.66,22.2,39.27,+61.38,-36.05,1
1876.6276,1008.64,22.2,39.44,+61.38,-35.88,1
1876.7609,1008.61,22.2,39.70,+61.38,-35.62,1
1876.8947,1008.60,22.2,39.78,+61.38,-35.53,1
1877.0324,1008.57,22.2,40.04,+61.83,-34.83,1
1877.1659,1008.62,22.2,39.61,+61.83,-35.26,1
1877.2995,1008.58,22.2,39.96,+61.83,-34.92,1
1877.4312,1008.55,22.2,40.21,+61.83,-34.66,1
1877.5659,1008.56,22.2,40.13,+61.83,-34.74,1
1877.6993,1008.66,22.2,39.27,+61.83,-35.60,1
1877.8311,1008.63,22.2,39.53,+61.83,-35.34,1
1877.9680,1008.71,22.2,38.84,+62.28,-35.58,1
1878.1031,1008.66,22.2,39.27,+62.28,-35.15,1
1878.2344,1008.57,22.2,40.04,+62.28,-34.38,1
1878.3677,1008.57,22.2,40.04,+62.28,-34.38,1
1878.5013,1008.60,22.2,39.78,+62.28,-34.64,1
1878.6358,1008.56,22.2,40.13,+62.28,-34.30,1
1878.7679,1008.56,22.2,40.13,+62.28,-34.30,1
1878.9019,1008.61,22.2,39.70,+62.28,-34.72,1
1879.0385,1008.58,22.2,39.96,+62.71,-34.03,1
1879.1715,1008.56,22.2,40.13,+62.71,-33.86,1
1879.3052,1008.59,22.2,39.87,+62.71,-34.12,1
1879.4390,1008.60,22.2,39.78,+62.71,-34.21,1
1879.5705,1008.62,22.2,39.61,+62.71,-34.38,1
1879.7055,1008.63,22.2,39.53,+62.71,-34.46,1
1879.8395,1008.68,22.2,39.10,+62.71,-34.89,1
1879.9745,1008.59,22.2,39.87,+63.13,-33.70,1
1880.1082,1008.55,22.2,40.21,+63.13,-33.35,1
1880.2434,1008.57,22.2,40.04,+63.13,-33.53,1
1880.3749,1008.65,22.2,39.36,+63.13,-34.21,1
1880.5093,1008.53,22.2,40.38,+63.13,-33.18,1
1880.6425,1008.58,22.2,39.96,+63.13,-33.61,1
1880.7755,1008.63,22.2,39.53,+63.13,-34.04,1
1880.9094,1008.66,22.2,39.27,+63.13,-34.30,1
1881.0444,1008.65,22.2,39.36,+63.13,-34.21,1
1881.1784,1008.59,22.2,39.87,+63.13,-33.70,1
1881.3126,1008.66,22.2,39.27,+63.13,-34.30,1
1881.4451,1008.62,22.2,39.61,+63.13,-33.96,1
1881.5782,1008.65,22.2,39.36,+63.13,-34.21,1
1881.7103,1008.63,22.2,39.53,+63.13,-34.04,1
1881.8453,1008.58,22.2,39.96,+63.13,-33.61,1
1881.9800,1008.56,22.2,40.13,+63.13,-33.44,1
1882.1120,1008.55,22.2,40.21,+63.13,-33.35,1
1882.2461,1008.61,22.2,39.70,+63.13,-33.87,1
1882.3807,1008.59,22.2,39.87,+63.13,-33.70,1
1882.5120,1008.55,22.2,40.21,+63.13,-33.35,1
1882.6452,1008.65,22.2,39.36,+63.13,-34.21,1
1882.7791,1008.57,22.2,40.04,+63.13,-33.53,1
1882.9120,1008.56,22.2,40.13,+63.13,-33.44,1
1883.0467,1008.50,22.2,40.64,+63.61,-32.44,1
1883.1806,1008.57,22.1,40.03,+63.61,-33.06,1
1883.3143,1008.58,22.2,39.96,+63.61,-33.13,1
1883.4471,1008.56,22.1,40.11,+63.61,-32.97,1
1883.5803,1008.59,22.2,39.87,+63.61,-33.22,1
1883.7139,1008.60,22.1,39.77,+63.61,-33.32,1
1883.8459,1008.56,22.2,40.13,+63.61,-32.96,1
1883.9837,1008.65,22.1,39.34,+63.61,-33.74,1
1884.1184,1008.54,22.1,40.29,+63.61,-32.80,1
1884.2517,1008.60,22.1,39.77,+63.61,-33.32,1
1884.3862,1008.57,22.1,40.03,+63.61,-33.06,1
1884.5217,1008.60,22.1,39.77,+63.61,-33.32,1
1884.6540,1008.60,22.2,39.78,+63.61,-33.30,1
1884.7883,1008.63,22.1,39.51,+63.61,-33.57,1
1884.9236,1008.61,22.2,39.70,+63.61,-33.39,1
1885.0586,1008.60,22.1,39.77,+63.61,-33.32,1
1885.1932,1008.61,22.1,39.68,+63.61,-33.40,1
1885.3280,1008.62,22.1,39.60,+63.61,-33.49,1
1885.4632,1008.59,22.1,39.86,+63.61,-33.23,1
1885.5970,1008.63,22.1,39.51,+63.61,-33.57,1
1885.7315,1008.63,22.1,39.51,+63.61,-33.57,1
1885.8666,1008.63,22.2,39.53,+63.61,-33.56,1
1886.0016,1008.58,22.1,39.94,+64.19,-32.57,1
1886.1361,1008.53,22.1,40.37,+64.19,-32.14,1
1886.2709,1008.59,22.1,39.86,+64.19,-32.66,1
1886.4034,1008.54,22.1,40.29,+64.19,-32.23,1
1886.5384,1008.59,22.1,39.86,+64.19,-32.66,1
1886.6739,1008.57,22.2,40.04,+64.19,-32.47,1
1886.8068,1008.58,22.2,39.96,+64.19,-32.56,1
1886.9449,1008.62,22.2,39.61,+64.78,-32.31,1
1887.0796,1008.55,22.2,40.21,+64.78,-31.71,1
1887.2134,1008.55,22.2,40.21,+64.78,-31.71,1
1887.3478,1008.62,22.2,39.61,+64.78,-32.31,1
1887.4821,1008.52,22.2,40.47,+64.78,-31.45,1
1887.6148,1008.59,22.2,39.87,+64.78,-32.05,1
1887.7435,1008.56,22.2,40.13,+64.78,-31.80,1
1887.8739,1008.64,22.2,39.44,+64.78,-32.48,1
1888.0103,1008.57,22.2,40.04,+65.36,-31.30,1
1888.1432,1008.61,22.2,39.70,+65.36,-31.64,1
1888.2794,1008.58,22.2,39.96,+65.36,-31.39,1
1888.4136,1008.58,22.2,39.96,+65.36,-31.39,1
1888.5457,1008.54,22.2,40.30,+65.36,-31.04,1
1888.6808,1008.51,22.2,40.56,+65.36,-30.79,1
1888.8167,1008.59,22.2,39.87,+65.36,-31.47,1
1888.9535,1008.55,22.2,40.21,+65.89,-30.59,1
1889.0865,1008.54,22.2,40.30,+65.89,-30.51,1
1889.2210,1008.60,22.2,39.78,+65.89,-31.02,1
1889.3545,1008.56,22.2,40.13,+65.89,-30.68,1
1889.4888,1008.57,22.1,40.03,+65.89,-30.78,1
1889.6232,1008.56,22.1,40.11,+65.89,-30.69,1
1889.7563,1008.58,22.1,39.94,+65.89,-30.86,1
1889.8911,1008.56,22.1,40.11,+65.89,-30.69,1
1890.0285,1008.57,22.1,40.03,+66.39,-30.28,1
1890.1610,1008.56,22.1,40.11,+66.39,-30.20,1
1890.2964,1008.50,22.1,40.63,+66.39,-29.68,1
1890.4319,1008.59,22.1,39.86,+66.39,-30.46,1
1890.5644,1008.55,22.1,40.20,+66.39,-30.11,1
1890.6992,1008.58,22.1,39.94,+66.39,-30.37,1
1890.8343,1008.53,22.1,40.37,+66.39,-29.94,1
1890.9711,1008.56,22.1,40.11,+66.87,-29.72,1
1891.1042,1008.56,22.1,40.11,+66.87,-29.72,1
1891.2392,1008.59,22.1,39.86,+66.87,-29.97,1
1891.3718,1008.62,22.1,39.60,+66.87,-30.23,1
1891.5060,1008.59,22.1,39.86,+66.87,-29.97,1
1891.6397,1008.60,22.1,39.77,+66.87,-30.06,1
1891.7724,1008.56,22.1,40.11,+66.87,-29.72,1
1891.9073,1008.54,22.1,40.29,+66.87,-29.55,1
1892.0335,1008.66,22.1,39.26,+67.31,-30.14,1
1892.1659,1008.55,22.1,40.20,+67.31,-29.19,1
1892.3005,1008.51,22.1,40.54,+67.31,-28.85,1
1892.4354,1008.63,22.1,39.51,+67.31,-29.88,1
1892.5712,1008.56,22.1,40.11,+67.31,-29.28,1
1892.7037,1008.59,22.2,39.87,+67.31,-29.52,1
1892.8386,1008.58,22.1,39.94,+67.31,-29.45,1
1892.9637,1008.56,22.1,40.11,+67.74,-28.85,1
1893.0982,1008.53,22.2,40.38,+67.74,-28.58,1
1893.2348,1008.59,22.2,39.87,+67.74,-29.09,1
1893.3691,1008.56,22.2,40.13,+67.74,-28.83,1
1893.5039,1008.61,22.2,39.70,+67.74,-29.26,1
1893.6378,1008.60,22.2,39.78,+67.74,-29.18,1
1893.7723,1008.65,22.2,39.36,+67.74,-29.61,1
1893.9071,1008.61,22.2,39.70,+67.74,-29.26,1
1894.0431,1008.55,22.2,40.21,+68.18,-28.31,1
1894.1776,1008.61,22.2,39.70,+68.18,-28.82,1
1894.3122,1008.53,22.2,40.38,+68.18,-28.13,1
1894.4448,1008.58,22.2,39.96,+68.18,-28.56,1
1894.5791,1008.54,22.2,40.30,+68.18,-28.22,1
1894.7145,1008.54,22.2,40.30,+68.18,-28.22,1
1894.8478,1008.56,22.2,40.13,+68.18,-28.39,1
1894.9857,1008.65,22.2,39.36,+68.60,-28.74,1
1895.1204,1008.63,22.2,39.53,+68.60,-28.57,1
1895.2545,1008.68,22.2,39.10,+68.60,-29.00,1
1895.3888,1008.69,22.2,39.01,+68.60,-29.08,1
1895.5231,1008.60,22.2,39.78,+68.60,-28.31,1
1895.6556,1008.59,22.2,39.87,+68.60,-28.23,1
1895.7920,1008.56,22.2,40.13,+68.60,-27.97,1
1895.9300,1008.58,22.2,39.96,+69.01,-27.74,1
1896.0630,1008.60,22.2,39.78,+69.01,-27.91,1
1896.1982,1008.58,22.2,39.96,+69.01,-27.74,1
1896.3343,1008.61,22.2,39.70,+69.01,-27.99,1
1896.4667,1008.55,22.2,40.21,+69.01,-27.48,1
1896.6008,1008.61,22.2,39.70,+69.01,-27.99,1
1896.7353,1008.54,22.2,40.30,+69.01,-27.39,1
1896.8698,1008.61,22.1,39.68,+69.01,-28.01,1
1897.0066,1008.62,22.1,39.60,+69.40,-27.70,1
1897.1409,1008.62,22.1,39.60,+69.40,-27.70,1
1897.2748,1008.54,22.1,40.29,+69.40,-27.01,1
1897.4103,1008.59,22.1,39.86,+69.40,-27.44,1
1897.5445,1008.54,22.1,40.29,+69.40,-27.01,1
1897.6777,1008.56,22.1,40.11,+69.40,-27.18,1
1897.8125,1008.59,22.1,39.86,+69.40,-27.44,1
1897.9384,1008.60,22.1,39.77,+69.76,-27.17,1
1898.0707,1008.58,22.1,39.94,+69.76,-27.00,1
1898.2045,1008.49,22.1,40.71,+69.76,-26.23,1
1898.3394,1008.54,22.1,40.29,+69.76,-26.66,1
1898.4748,1008.55,22.1,40.20,+69.76,-26.74,1
1898.6075,1008.55,22.1,40.20,+69.76,-26.74,1
1898.7424,1008.55,22.1,40.20,+69.76,-26.74,1
1898.8775,1008.56,22.1,40.11,+69.76,-26.83,1
1899.0150,1008.55,22.1,40.20,+70.08,-26.42,1
1899.1486,1008.60,22.1,39.77,+70.08,-26.85,1
1899.2833,1008.60,22.1,39.77,+70.08,-26.85,1
1899.4158,1008.66,22.1,39.26,+70.08,-27.36,1
1899.5505,1008.58,22.0,39.93,+70.08,-26.69,1
1899.6848,1008.60,22.0,39.76,+70.08,-26.86,1
1899.8180,1008.59,22.0,39.84,+70.08,-26.78,1
1899.9568,1008.54,22.0,40.27,+70.39,-26.04,1
1900.0929,1008.64,22.0,39.41,+70.39,-26.90,1
1900.2259,1008.54,22.0,40.27,+70.39,-26.04,1
1900.3604,1008.57,22.0,40.01,+70.39,-26.30,1
1900.4953,1008.58,22.0,39.93,+70.39,-26.38,1
1900.6292,1008.59,22.0,39.84,+70.39,-26.47,1
1900.7636,1008.60,22.0,39.76,+70.39,-26.55,1
1900.8985,1008.57,22.0,40.01,+70.39,-26.30,1
1901.0346,1008.59,22.1,39.86,+70.65,-26.19,1
1901.1696,1008.60,22.1,39.77,+70.65,-26.28,1
1901.3042,1008.68,22.1,39.08,+70.65,-26.96,1
1901.4373,1008.62,22.1,39.60,+70.65,-26.45,1
1901.5707,1008.66,22.1,39.26,+70.65,-26.79,1
1901.7057,1008.69,22.1,39.00,+70.65,-27.05,1
1901.8390,1008.64,22.1,39.43,+70.65,-26.62,1
1901.9778,1008.64,22.1,39.43,+70.89,-26.38,1
1902.1124,1008.63,22.1,39.51,+70.89,-26.29,1
1902.2463,1008.61,22.1,39.68,+70.89,-26.12,1
1902.3806,1008.67,22.1,39.17,+70.89,-26.64,1
1902.5148,1008.68,22.1,39.08,+70.89,-26.72,1
1902.6474,1008.60,22.1,39.77,+70.89,-26.03,1
1902.7821,1008.68,22.1,39.08,+70.89,-26.72,1
1902.9165,1008.69,22.1,39.00,+70.89,-26.81,1
1903.0528,1008.63,22.1,39.51,+71.15,-26.04,1
1903.1879,1008.65,22.1,39.34,+71.15,-26.21,1
1903.3238,1008.54,22.1,40.29,+71.15,-25.27,1
1903.4567,1008.59,22.1,39.86,+71.15,-25.70,1
1903.5912,1008.65,22.1,39.34,+71.15,-26.21,1
1903.7261,1008.62,22.1,39.60,+71.15,-25.95,1
1903.8607,1008.62,22.1,39.60,+71.15,-25.95,1
1903.9974,1008.63,22.1,39.51,+71.37,-25.82,1
1904.1318,1008.64,22.1,39.43,+71.37,-25.90,1
1904.2650,1008.62,22.1,39.60,+71.37,-25.73,1
1904.4007,1008.65,22.1,39.34,+71.37,-25.99,1
1904.5350,1008.56,22.1,40.11,+71.37,-25.22,1
1904.6677,1008.57,22.1,40.03,+71.37,-25.30,1
1904.8028,1008.58,22.1,39.94,+71.37,-25.39,1
1904.9286,1008.62,22.1,39.60,+71.57,-25.53,1
1905.0615,1008.62,22.1,39.60,+71.57,-25.53,1
1905.1965,1008.63,22.1,39.51,+71.57,-25.61,1
1905.3311,1008.65,22.1,39.34,+71.57,-25.78,1
1905.4677,1008.63,22.1,39.51,+71.57,-25.61,1
1905.6001,1008.64,22.1,39.43,+71.57,-25.70,1
1905.7352,1008.59,22.2,39.87,+71.57,-25.26,1
1905.8703,1008.57,22.2,40.04,+71.57,-25.08,1
1906.0067,1008.60,22.2,39.78,+71.76,-25.15,1
1906.1400,1008.62,22.2,39.61,+71.76,-25.32,1
1906.2746,1008.63,22.2,39.53,+71.76,-25.41,1
1906.4073,1008.61,22.2,39.70,+71.76,-25.24,1
1906.5423,1008.63,22.2,39.53,+71.76,-25.41,1
1906.6760,1008.59,22.2,39.87,+71.76,-25.07,1
1906.8088,1008.61,22.2,39.70,+71.76,-25.24,1
1906.9340,1008.58,22.2,39.96,+71.96,-24.78,1
1907.0684,1008.63,22.2,39.53,+71.96,-25.21,1
1907.2006,1008.65,22.2,39.36,+71.96,-25.38,1
1907.3352,1008.65,22.2,39.36,+71.96,-25.38,1
1907.4697,1008.64,22.2,39.44,+71.96,-25.30,1
1907.6052,1008.65,22.2,39.36,+71.96,-25.38,1
1907.7379,1008.66,22.2,39.27,+71.96,-25.47,1
1907.8729,1008.61,22.2,39.70,+71.96,-25.04,1
1908.0118,1008.69,22.2,39.01,+72.20,-25.49,1
1908.1457,1008.62,22.2,39.61,+72.20,-24.89,1
1908.2803,1008.64,22.2,39.44,+72.20,-25.06,1
1908.4146,1008.60,22.2,39.78,+72.20,-24.72,1
1908.5477,1008.64,22.2,39.44,+72.20,-25.06,1
1908.6820,1008.60,22.2,39.78,+72.20,-24.72,1
1908.8163,1008.59,22.2,39.87,+72.20,-24.63,1
1908.9524,1008.64,22.2,39.44,+72.47,-24.79,1
1909.0857,1008.61,22.2,39.70,+72.47,-24.53,1
1909.2212,1008.58,22.2,39.96,+72.47,-24.28,1
1909.3541,1008.65,22.2,39.36,+72.47,-24.88,1
1909.4890,1008.64,22.2,39.44,+72.47,-24.79,1
1909.6233,1008.66,22.2,39.27,+72.47,-24.96,1
1909.7588,1008.55,22.2,40.21,+72.47,-24.02,1
1909.8955,1008.67,22.2,39.18,+72.47,-25.05,1
1910.0329,1008.64,22.2,39.44,+72.76,-24.50,1
1910.1655,1008.65,22.2,39.36,+72.76,-24.58,1
1910.3017,1008.58,22.2,39.96,+72.76,-23.98,1
1910.4359,1008.66,22.2,39.27,+72.76,-24.67,1
1910.5685,1008.67,22.2,39.18,+72.76,-24.76,1
1910.7030,1008.59,22.2,39.87,+72.76,-24.07,1
1910.8392,1008.58,22.2,39.96,+72.76,-23.98,1
1910.9745,1008.61,22.2,39.70,+73.04,-23.97,1
1911.1091,1008.54,22.2,40.30,+73.04,-23.37,1
1911.2442,1008.60,22.2,39.78,+73.04,-23.88,1
1911.3777,1008.64,22.2,39.44,+73.04,-24.22,1
1911.5118,1008.61,22.2,39.70,+73.04,-23.97,1
1911.6457,1008.55,22.2,40.21,+73.04,-23.45,1
1911.7787,1008.63,22.2,39.53,+73.04,-24.14,1
1911.9148,1008.62,22.2,39.61,+73.04,-24.05,1
1912.0519,1008.57,22.2,40.04,+73.30,-23.36,1
1912.1856,1008.63,22.3,39.54,+73.30,-23.86,1
1912.3203,1008.62,22.3,39.63,+73.30,-23.78,1
1912.4555,1008.59,22.3,39.88,+73.30,-23.52,1
1912.5877,1008.57,22.3,40.06,+73.30,-23.35,1
1912.7220,1008.59,22.3,39.88,+73.30,-23.52,1
1912.8568,1008.61,22.3,39.71,+73.30,-23.69,1
1912.9952,1008.56,22.3,40.14,+73.60,-22.96,1
1913.1280,1008.62,22.3,39.63,+73.60,-23.48,1
1913.2624,1008.54,22.3,40.31,+73.60,-22.79,1
1913.3965,1008.61,22.3,39.71,+73.60,-23.39,1
1913.5306,1008.60,22.3,39.80,+73.60,-23.30,1
1913.6648,1008.58,22.3,39.97,+73.60,-23.13,1
1913.7992,1008.59,22.3,39.88,+73.60,-23.22,1
1913.9367,1008.62,22.3,39.63,+73.89,-23.19,1
1914.0724,1008.62,22.3,39.63,+73.89,-23.19,1
1914.2065,1008.58,22.3,39.97,+73.89,-22.84,1
1914.3395,1008.58,22.3,39.97,+73.89,-22.84,1
1914.4739,1008.62,22.3,39.63,+73.89,-23.19,1
1914.6097,1008.63,22.3,39.54,+73.89,-23.27,1
1914.7422,1008.64,22.3,39.45,+73.89,-23.36,1
1914.8769,1008.56,22.3,40.14,+73.89,-22.67,1
1915.0136,1008.56,22.3,40.14,+74.15,-22.41,1
1915.1476,1008.59,22.3,39.88,+74.15,-22.66,1
1915.2822,1008.63,22.3,39.54,+74.15,-23.01,1
1915.4163,1008.60,22.3,39.80,+74.15,-22.75,1
1915.5496,1008.61,22.3,39.71,+74.15,-22.84,1
1915.6837,1008.63,22.3,39.54,+74.15,-23.01,1
1915.8178,1008.57,22.3,40.06,+74.15,-22.49,1
1915.9543,1008.60,22.3,39.80,+74.42,-22.48,1
1916.0892,1008.58,22.3,39.97,+74.42,-22.31,1
1916.2250,1008.58,22.2,39.96,+74.42,-22.32,1
1916.3578,1008.62,22.3,39.63,+74.42,-22.65,1
1916.4928,1008.60,22.3,39.80,+74.42,-22.48,1
1916.6270,1008.62,22.3,39.63,+74.42,-22.65,1
1916.7609,1008.61,22.2,39.70,+74.42,-22.58,1
1916.8957,1008.64,22.3,39.45,+74.42,-22.82,1
1917.0339,1008.65,22.3,39.37,+74.69,-22.64,1
1917.1667,1008.61,22.3,39.71,+74.69,-22.30,1
1917.3018,1008.64,22.3,39.45,+74.69,-22.56,1
1917.4357,1008.63,22.3,39.54,+74.69,-22.47,1
1917.5682,1008.66,22.3,39.28,+74.69,-22.73,1
1917.7030,1008.61,22.2,39.70,+74.69,-22.31,1
1917.8393,1008.65,22.3,39.37,+74.69,-22.64,1
1917.9758,1008.64,22.3,39.45,+74.92,-22.33,1
1918.1104,1008.56,22.2,40.13,+74.92,-21.65,1
1918.2453,1008.60,22.2,39.78,+74.92,-22.00,1
1918.3794,1008.59,22.3,39.88,+74.92,-21.90,1
1918.5135,1008.55,22.2,40.21,+74.92,-21.57,1
1918.6479,1008.58,22.2,39.96,+74.92,-21.82,1
1918.7812,1008.59,22.2,39.87,+74.92,-21.91,1
1918.9160,1008.61,22.2,39.70,+74.92,-22.08,1
1919.0534,1008.57,22.2,40.04,+75.13,-21.53,1
1919.1869,1008.59,22.2,39.87,+75.13,-21.70,1
1919.3216,1008.60,22.3,39.80,+75.13,-21.77,1
1919.4573,1008.60,22.2,39.78,+75.13,-21.78,1
1919.5898,1008.63,22.3,39.54,+75.13,-22.03,1
1919.7243,1008.61,22.3,39.71,+75.13,-21.86,1
1919.8593,1008.57,22.2,40.04,+75.13,-21.53,1
1919.9962,1008.55,22.3,40.23,+75.34,-21.13,1
1920.1309,1008.62,22.3,39.63,+75.34,-21.73,1
1920.2655,1008.57,22.3,40.06,+75.34,-21.31,1
1920.3981,1008.59,22.3,39.88,+75.34,-21.48,1
1920.5328,1008.58,22.3,39.97,+75.34,-21.39,1
1920.6666,1008.60,22.3,39.80,+75.34,-21.56,1
1920.7997,1008.54,22.3,40.31,+75.34,-21.05,1
1920.9379,1008.57,22.3,40.06,+75.50,-21.14,1
1921.0739,1008.55,22.3,40.23,+75.50,-20.97,1
1921.2068,1008.55,22.3,40.23,+75.50,-20.97,1
1921.3412,1008.58,22.3,39.97,+75.50,-21.23,1
1921.4757,1008.55,22.3,40.23,+75.50,-20.97,1
1921.6108,1008.60,22.3,39.80,+75.50,-21.40,1
1921.7466,1008.59,22.3,39.88,+75.50,-21.31,1
1921.8814,1008.60,22.3,39.80,+75.50,-21.40,1
1922.0161,1008.58,22.3,39.97,+75.68,-21.05,1
1922.1512,1008.56,22.3,40.14,+75.68,-20.88,1
1922.2857,1008.62,22.3,39.63,+75.68,-21.39,1
1922.4183,1008.64,22.3,39.45,+75.68,-21.57,1
1922.5532,1008.61,22.3,39.71,+75.68,-21.31,1
1922.6898,1008.63,22.3,39.54,+75.68,-21.48,1
1922.8232,1008.59,22.3,39.88,+75.68,-21.14,1
1922.9597,1008.62,22.3,39.63,+75.85,-21.23,1
1923.0940,1008.59,22.3,39.88,+75.85,-20.97,1
1923.2280,1008.63,22.3,39.54,+75.85,-21.31,1
1923.3623,1008.55,22.3,40.23,+75.85,-20.63,1
1923.4969,1008.62,22.3,39.63,+75.85,-21.23,1
1923.6296,1008.56,22.3,40.14,+75.85,-20.71,1
1923.7639,1008.59,22.3,39.88,+75.85,-20.97,1
1923.8985,1008.59,22.3,39.88,+75.85,-20.97,1
1924.0338,1008.60,22.3,39.80,+76.02,-20.89,1
1924.1684,1008.62,22.3,39.63,+76.02,-21.06,1
1924.3052,1008.62,22.3,39.63,+76.02,-21.06,1
1924.4375,1008.66,22.3,39.28,+76.02,-21.40,1
1924.5717,1008.69,22.3,39.03,+76.02,-21.66,1
1924.7064,1008.70,22.3,38.94,+76.02,-21.74,1
1924.8409,1008.63,22.3,39.54,+76.02,-21.14,1
1924.9799,1008.65,22.3,39.37,+76.19,-21.14,1
1925.1144,1008.62,22.3,39.63,+76.19,-20.89,1
1925.2473,1008.57,22.3,40.06,+76.19,-20.46,1
1925.3828,1008.57,22.3,40.06,+76.19,-20.46,1
1925.5185,1008.56,22.3,40.14,+76.19,-20.37,1
1925.6510,1008.57,22.3,40.06,+76.19,-20.46,1
1925.7861,1008.57,22.3,40.06,+76.19,-20.46,1
1925.9261,1008.60,22.3,39.80,+76.34,-20.56,1
1926.0589,1008.57,22.3,40.06,+76.34,-20.30,1
1926.1941,1008.59,22.3,39.88,+76.34,-20.48,1
1926.3300,1008.58,22.3,39.97,+76.34,-20.39,1
1926.4636,1008.64,22.3,39.45,+76.34,-20.91,1
1926.5993,1008.56,22.3,40.14,+76.34,-20.22,1
1926.7352,1008.62,22.3,39.63,+76.34,-20.73,1
1926.8697,1008.53,22.3,40.40,+76.34,-19.96,1
1927.0065,1008.62,22.3,39.63,+76.46,-20.61,1
1927.1424,1008.55,22.3,40.23,+76.46,-20.01,1
1927.2767,1008.55,22.3,40.23,+76.46,-20.01,1
1927.4096,1008.53,22.3,40.40,+76.46,-19.84,1
1927.5467,1008.57,22.3,40.06,+76.46,-20.19,1
1927.6804,1008.56,22.3,40.14,+76.46,-20.10,1
1927.8151,1008.56,22.3,40.14,+76.46,-20.10,1
1927.9409,1008.60,22.3,39.80,+76.59,-20.32,1
1928.0760,1008.57,22.3,40.06,+76.59,-20.06,1
1928.2092,1008.60,22.3,39.80,+76.59,-20.32,1
1928.3453,1008.57,22.3,40.06,+76.59,-20.06,1
1928.4818,1008.55,22.3,40.23,+76.59,-19.89,1
1928.6170,1008.62,22.3,39.63,+76.59,-20.49,1
1928.7515,1008.63,22.3,39.54,+76.59,-20.57,1
1928.8880,1008.61,22.3,39.71,+76.59,-20.40,1
1929.0241,1008.56,22.3,40.14,+76.73,-19.83,1
1929.1589,1008.56,22.3,40.14,+76.73,-19.83,1
1929.2954,1008.58,22.3,39.97,+76.73,-20.00,1
1929.4296,1008.56,22.3,40.14,+76.73,-19.83,1
1929.5642,1008.66,22.3,39.28,+76.73,-20.69,1
1929.7013,1008.55,22.3,40.23,+76.73,-19.75,1
1929.8358,1008.59,22.3,39.88,+76.73,-20.09,1
1929.9753,1008.58,22.3,39.97,+76.88,-19.85,1
1930.1078,1008.55,22.3,40.23,+76.88,-19.59,1
1930.2432,1008.58,22.3,39.97,+76.88,-19.85,1
1930.3790,1008.59,22.3,39.88,+76.88,-19.93,1
1930.5132,1008.56,22.3,40.14,+76.88,-19.68,1
1930.6473,1008.56,22.3,40.14,+76.88,-19.68,1
1930.7833,1008.61,22.3,39.71,+76.88,-20.11,1
1930.9177,1008.60,22.3,39.80,+76.88,-20.02,1
1931.0547,1008.64,22.3,39.45,+77.05,-20.20,1
1931.1900,1008.61,22.3,39.71,+77.05,-19.94,1
1931.3274,1008.65,22.3,39.37,+77.05,-20.28,1
1931.4601,1008.54,22.3,40.31,+77.05,-19.34,1
1931.5947,1008.57,22.3,40.06,+77.05,-19.60,1
1931.7306,1008.60,22.3,39.80,+77.05,-19.85,1
1931.8651,1008.57,22.3,40.06,+77.05,-19.60,1
1932.0034,1008.60,22.3,39.80,+77.19,-19.71,1
1932.1396,1008.60,22.3,39.80,+77.19,-19.71,1
1932.2726,1008.64,22.3,39.45,+77.19,-20.06,1
1932.4098,1008.61,22.3,39.71,+77.19,-19.80,1
1932.5456,1008.62,22.3,39.63,+77.19,-19.89,1
1932.6801,1008.62,22.3,39.63,+77.19,-19.89,1
1932.8151,1008.59,22.3,39.88,+77.19,-19.63,1
1932.9424,1008.57,22.3,40.06,+77.34,-19.31,1
1933.0750,1008.62,22.3,39.63,+77.34,-19.73,1
1933.2104,1008.64,22.3,39.45,+77.34,-19.91,1
1933.3465,1008.61,22.3,39.71,+77.34,-19.65,1
1933.4811,1008.60,22.3,39.80,+77.34,-19.56,1
1933.6142,1008.60,22.3,39.80,+77.34,-19.56,1
1933.7505,1008.59,22.3,39.88,+77.34,-19.48,1
1933.8847,1008.59,22.3,39.88,+77.34,-19.48,1
1934.0229,1008.56,22.3,40.14,+77.48,-19.08,1
1934.1587,1008.62,22.3,39.63,+77.48,-19.60,1
1934.2927,1008.58,22.3,39.97,+77.48,-19.25,1
1934.4287,1008.58,22.3,39.97,+77.48,-19.25,1
1934.5644,1008.57,22.3,40.06,+77.48,-19.17,1
1934.6981,1008.60,22.3,39.80,+77.48,-19.43,1
1934.8345,1008.57,22.3,40.06,+77.48,-19.17,1
1934.9596,1008.54,22.3,40.31,+77.61,-18.78,1
1935.0945,1008.56,22.3,40.14,+77.61,-18.95,1
1935.2302,1008.57,22.3,40.06,+77.61,-19.04,1
1935.3645,1008.63,22.3,39.54,+77.61,-19.55,1
1935.5017,1008.63,22.3,39.54,+77.61,-19.55,1
1935.6367,1008.58,22.3,39.97,+77.61,-19.12,1
1935.7715,1008.58,22.3,39.97,+77.61,-19.12,1
1935.9078,1008.61,22.3,39.71,+77.61,-19.38,1
1936.0441,1008.63,22.3,39.54,+77.76,-19.40,1
1936.1801,1008.64,22.3,39.45,+77.76,-19.48,1
1936.3148,1008.62,22.3,39.63,+77.76,-19.31,1
1936.4493,1008.59,22.3,39.88,+77.76,-19.05,1
1936.5852,1008.59,22.3,39.88,+77.76,-19.05,1
1936.7207,1008.65,22.3,39.37,+77.76,-19.57,1
1936.8552,1008.60,22.3,39.80,+77.76,-19.14,1
1936.9932,1008.55,22.3,40.23,+77.90,-18.57,1
1937.1275,1008.64,22.4,39.47,+77.90,-19.33,1
1937.2628,1008.59,22.3,39.88,+77.90,-18.91,1
1937.3987,1008.60,22.4,39.81,+77.90,-18.99,1
1937.5344,1008.57,22.3,40.06,+77.90,-18.74,1
1937.6671,1008.62,22.4,39.64,+77.90,-19.16,1
1937.8036,1008.60,22.3,39.80,+77.90,-19.00,1
1937.9424,1008.62,22.4,39.64,+78.04,-19.02,1
1938.0751,1008.59,22.4,39.90,+78.04,-18.76,1
1938.2119,1008.57,22.3,40.06,+78.04,-18.60,1
1938.3495,1008.54,22.3,40.31,+78.04,-18.34,1
1938.4820,1008.55,22.3,40.23,+78.04,-18.43,1
1938.6162,1008.56,22.3,40.14,+78.04,-18.52,1
1938.7521,1008.61,22.4,39.73,+78.04,-18.93,1
1938.8878,1008.57,22.3,40.06,+78.04,-18.60,1
1939.0234,1008.63,22.4,39.55,+78.17,-18.98,1
1939.1591,1008.57,22.4,40.07,+78.17,-18.46,1
1939.2939,1008.56,22.4,40.15,+78.17,-18.38,1
1939.4296,1008.56,22.4,40.15,+78.17,-18.38,1
1939.5653,1008.62,22.4,39.64,+78.17,-18.89,1
1939.6999,1008.59,22.3,39.88,+78.17,-18.65,1
1939.8347,1008.56,22.3,40.14,+78.17,-18.39,1
1939.9610,1008.57,22.4,40.07,+78.27,-18.36,1
1940.0955,1008.57,22.4,40.07,+78.27,-18.36,1
1940.2297,1008.60,22.3,39.80,+78.27,-18.63,1
1940.3646,1008.59,22.4,39.90,+78.27,-18.53,1
1940.5016,1008.59,22.3,39.88,+78.27,-18.55,1
1940.6355,1008.69,22.4,39.04,+78.27,-19.39,1
1940.7686,1008.57,22.4,40.07,+78.27,-18.36,1
1940.9044,1008.58,22.4,39.98,+78.27,-18.45,1
1941.0312,1008.61,22.4,39.73,+78.36,-18.61,1
1941.1644,1008.54,22.4,40.33,+78.36,-18.01,1
1941.3015,1008.60,22.4,39.81,+78.36,-18.53,1
1941.4369,1008.59,22.4,39.90,+78.36,-18.44,1
1941.5711,1008.57,22.4,40.07,+78.36,-18.27,1
1941.7074,1008.53,22.4,40.41,+78.36,-17.93,1
1941.8429,1008.65,22.4,39.38,+78.36,-18.96,1
1941.9794,1008.57,22.4,40.07,+78.47,-18.16,1
1942.1174,1008.60,22.4,39.81,+78.47,-18.42,1
1942.2527,1008.62,22.4,39.64,+78.47,-18.59,1
1942.3896,1008.60,22.4,39.81,+78.47,-18.42,1
1942.5244,1008.64,22.4,39.47,+78.47,-18.76,1
1942.6596,1008.60,22.4,39.81,+78.47,-18.42,1
1942.7952,1008.59,22.4,39.90,+78.47,-18.33,1
1942.9330,1008.66,22.4,39.30,+78.57,-18.83,1
1943.0679,1008.53,22.4,40.41,+78.57,-17.72,1
1943.2063,1008.62,22.4,39.64,+78.57,-18.49,1
1943.3410,1008.56,22.4,40.15,+78.57,-17.98,1
1943.4763,1008.57,22.4,40.07,+78.57,-18.06,1
1943.6134,1008.54,22.4,40.33,+78.57,-17.80,1
1943.7517,1008.56,22.4,40.15,+78.57,-17.98,1
1943.8847,1008.53,22.4,40.41,+78.57,-17.72,1
1944.0107,1008.57,22.4,40.07,+78.68,-17.95,1
1944.1480,1008.56,22.4,40.15,+78.68,-17.86,1
1944.2826,1008.60,22.4,39.81,+78.68,-18.21,1
1944.4185,1008.64,22.4,39.47,+78.68,-18.55,1
1944.5547,1008.64,22.4,39.47,+78.68,-18.55,1
1944.6879,1008.59,22.4,39.90,+78.68,-18.12,1
1944.8252,1008.58,22.4,39.98,+78.68,-18.04,1
1944.9508,1008.57,22.4,40.07,+78.82,-17.81,1
1945.0833,1008.66,22.4,39.30,+78.82,-18.58,1
1945.2207,1008.60,22.4,39.81,+78.82,-18.07,1
1945.3591,1008.69,22.4,39.04,+78.82,-18.84,1
1945.4915,1008.57,22.4,40.07,+78.82,-17.81,1
1945.6280,1008.64,22.4,39.47,+78.82,-18.41,1
1945.7655,1008.63,22.5,39.57,+78.82,-18.31,1
1945.9024,1008.62,22.5,39.65,+78.82,-18.22,1
1946.0383,1008.61,22.5,39.74,+79.02,-17.94,1
1946.1758,1008.62,22.5,39.65,+79.02,-18.03,1
1946.3115,1008.52,22.4,40.50,+79.02,-17.18,1
1946.4453,1008.60,22.5,39.82,+79.02,-17.86,1
1946.5818,1008.55,22.5,40.25,+79.02,-17.43,1
1946.7168,1008.63,22.5,39.57,+79.02,-18.11,1
1946.8518,1008.59,22.5,39.91,+79.02,-17.77,1
1946.9802,1008.61,22.5,39.74,+79.25,-17.71,1
1947.1152,1008.58,22.5,40.00,+79.25,-17.45,1
1947.2497,1008.55,22.5,40.25,+79.25,-17.19,1
1947.3865,1008.63,22.5,39.57,+79.25,-17.88,1
1947.5229,1008.62,22.5,39.65,+79.25,-17.80,1
1947.6597,1008.58,22.5,40.00,+79.25,-17.45,1
1947.7941,1008.64,22.5,39.48,+79.25,-17.97,1
1947.9326,1008.62,22.5,39.65,+79.52,-17.53,1
1948.0695,1008.63,22.5,39.57,+79.52,-17.61,1
1948.2038,1008.60,22.5,39.82,+79.52,-17.35,1
1948.3386,1008.57,22.5,40.08,+79.52,-17.10,1
1948.4760,1008.61,22.5,39.74,+79.52,-17.44,1
1948.6115,1008.61,22.5,39.74,+79.52,-17.44,1
1948.7467,1008.63,22.5,39.57,+79.52,-17.61,1
1948.8843,1008.69,22.5,39.05,+79.52,-18.13,1
1949.0255,1008.64,22.5,39.48,+79.82,-17.40,1
1949.1596,1008.68,22.5,39.14,+79.82,-17.74,1
1949.2968,1008.71,22.5,38.88,+79.82,-18.00,1
1949.4342,1008.66,22.5,39.31,+79.82,-17.57,1
1949.5667,1008.64,22.5,39.48,+79.82,-17.40,1
1949.7042,1008.59,22.5,39.91,+79.82,-16.97,1
1949.8413,1008.62,22.5,39.65,+79.82,-17.23,1
1949.9776,1008.65,22.5,39.40,+80.10,-17.21,1
1950.1133,1008.58,22.5,40.00,+80.10,-16.61,1
1950.2520,1008.59,22.5,39.91,+80.10,-16.69,1
1950.3870,1008.62,22.5,39.65,+80.10,-16.95,1
1950.5198,1008.66,22.5,39.31,+80.10,-17.29,1
1950.6560,1008.64,22.5,39.48,+80.10,-17.12,1
1950.7937,1008.68,22.5,39.14,+80.10,-17.46,1
1950.9325,1008.66,22.5,39.31,+80.39,-17.00,1
1951.0671,1008.61,22.5,39.74,+80.39,-16.57,1
1951.2030,1008.58,22.5,40.00,+80.39,-16.31,1
1951.3370,1008.58,22.5,40.00,+80.39,-16.31,1
1951.4730,1008.63,22.5,39.57,+80.39,-16.74,1
1951.6078,1008.62,22.5,39.65,+80.39,-16.65,1
1951.7451,1008.63,22.5,39.57,+80.39,-16.74,1
1951.8824,1008.61,22.5,39.74,+80.39,-16.57,1
1952.0200,1008.59,22.5,39.91,+80.68,-16.11,1
1952.1561,1008.56,22.5,40.17,+80.68,-15.85,1
1952.2889,1008.60,22.5,39.82,+80.68,-16.20,1
1952.4250,1008.57,22.5,40.08,+80.68,-15.94,1
1952.5617,1008.67,22.5,39.22,+80.68,-16.80,1
1952.6965,1008.61,22.5,39.74,+80.68,-16.28,1
1952.8319,1008.60,22.5,39.82,+80.68,-16.20,1
1952.9611,1008.62,22.5,39.65,+80.97,-16.07,1
1953.0938,1008.61,22.5,39.74,+80.97,-15.99,1
1953.2292,1008.60,22.5,39.82,+80.97,-15.90,1
1953.3662,1008.60,22.5,39.82,+80.97,-15.90,1
1953.5041,1008.63,22.5,39.57,+80.97,-16.16,1
1953.6368,1008.64,22.5,39.48,+80.97,-16.25,1
1953.7724,1008.61,22.5,39.74,+80.97,-15.99,1
1953.9094,1008.58,22.4,39.98,+80.97,-15.74,1
1954.0468,1008.62,22.5,39.65,+81.25,-15.79,1
1954.1824,1008.53,22.4,40.41,+81.25,-15.04,1
1954.3195,1008.63,22.4,39.55,+81.25,-15.89,1
1954.4523,1008.58,22.4,39.98,+81.25,-15.46,1
1954.5887,1008.57,22.4,40.07,+81.25,-15.38,1
1954.7251,1008.57,22.4,40.07,+81.25,-15.38,1
1954.8608,1008.57,22.4,40.07,+81.25,-15.38,1
1954.9980,1008.56,22.4,40.15,+81.53,-15.02,1
1955.1361,1008.58,22.4,39.98,+81.53,-15.19,1
1955.2718,1008.58,22.4,39.98,+81.53,-15.19,1
1955.4047,1008.65,22.4,39.38,+81.53,-15.79,1
1955.5416,1008.61,22.4,39.73,+81.53,-15.45,1
1955.6769,1008.61,22.4,39.73,+81.53,-15.45,1
1955.8103,1008.62,22.4,39.64,+81.53,-15.53,1
1955.9376,1008.60,22.4,39.81,+81.81,-15.08,1
1956.0730,1008.64,22.4,39.47,+81.81,-15.42,1
1956.2087,1008.55,22.4,40.24,+81.81,-14.65,1
1956.3449,1008.54,22.4,40.33,+81.81,-14.57,1
1956.4803,1008.56,22.4,40.15,+81.81,-14.74,1
1956.6170,1008.57,22.4,40.07,+81.81,-14.82,1
1956.7526,1008.55,22.4,40.24,+81.81,-14.65,1
1956.8882,1008.56,22.4,40.15,+81.81,-14.74,1
1957.0135,1008.59,22.4,39.90,+82.04,-14.76,1
1957.1476,1008.57,22.4,40.07,+82.04,-14.59,1
1957.2839,1008.60,22.4,39.81,+82.04,-14.85,1
1957.4196,1008.59,22.4,39.90,+82.04,-14.76,1
1957.5538,1008.59,22.4,39.90,+82.04,-14.76,1
1957.6886,1008.50,22.4,40.67,+82.04,-13.99,1
1957.8273,1008.59,22.4,39.90,+82.04,-14.76,1
1957.9657,1008.54,22.4,40.33,+82.27,-14.11,1
1958.0996,1008.55,22.4,40.24,+82.27,-14.19,1
1958.2374,1008.59,22.4,39.90,+82.27,-14.54,1
1958.3757,1008.53,22.4,40.41,+82.27,-14.02,1
1958.5083,1008.54,22.4,40.33,+82.27,-14.11,1
1958.6438,1008.56,22.4,40.15,+82.27,-14.28,1
1958.7808,1008.54,22.4,40.33,+82.27,-14.11,1
1958.9152,1008.60,22.4,39.81,+82.27,-14.62,1
1959.0410,1008.63,22.4,39.55,+82.49,-14.66,1
1959.1780,1008.58,22.4,39.98,+82.49,-14.23,1
1959.3108,1008.52,22.4,40.50,+82.49,-13.71,1
1959.4475,1008.55,22.4,40.24,+82.49,-13.97,1
1959.5840,1008.64,22.4,39.47,+82.49,-14.74,1
1959.7168,1008.60,22.4,39.81,+82.49,-14.40,1
1959.8527,1008.61,22.4,39.73,+82.49,-14.49,1
1959.9802,1008.62,22.4,39.64,+82.71,-14.36,1
1960.1129,1008.62,22.4,39.64,+82.71,-14.36,1
1960.2499,1008.62,22.4,39.64,+82.71,-14.36,1
1960.3867,1008.61,22.4,39.73,+82.71,-14.27,1
1960.5228,1008.61,22.4,39.73,+82.71,-14.27,1
1960.6556,1008.60,22.4,39.81,+82.71,-14.18,1
1960.7925,1008.57,22.4,40.07,+82.71,-13.93,1
1960.9316,1008.61,22.4,39.73,+82.86,-14.12,1
1961.0663,1008.55,22.4,40.24,+82.86,-13.60,1
1961.2031,1008.57,22.4,40.07,+82.86,-13.78,1
1961.3378,1008.54,22.4,40.33,+82.86,-13.52,1
1961.4722,1008.59,22.4,39.90,+82.86,-13.95,1
1961.6103,1008.59,22.4,39.90,+82.86,-13.95,1
1961.7456,1008.59,22.4,39.90,+82.86,-13.95,1
1961.8829,1008.62,22.4,39.64,+82.86,-14.20,1
1962.0217,1008.65,22.4,39.38,+83.00,-14.32,1
1962.1574,1008.58,22.4,39.98,+83.00,-13.72,1
1962.2935,1008.56,22.4,40.15,+83.00,-13.55,1
1962.4282,1008.65,22.4,39.38,+83.00,-14.32,1
1962.5629,1008.62,22.4,39.64,+83.00,-14.06,1
1962.6993,1008.64,22.4,39.47,+83.00,-14.23,1
1962.8337,1008.55,22.4,40.24,+83.00,-13.46,1
1962.9720,1008.63,22.4,39.55,+83.10,-14.05,1
1963.1083,1008.61,22.4,39.73,+83.10,-13.87,1
1963.2463,1008.60,22.4,39.81,+83.10,-13.79,1
1963.3787,1008.57,22.4,40.07,+83.10,-13.53,1
1963.5152,1008.65,22.4,39.38,+83.10,-14.22,1
1963.6517,1008.66,22.4,39.30,+83.10,-14.30,1
1963.7857,1008.58,22.4,39.98,+83.10,-13.62,1
1963.9268,1008.60,22.4,39.81,+83.21,-13.68,1
1964.0615,1008.58,22.4,39.98,+83.21,-13.51,1
1964.1946,1008.62,22.5,39.65,+83.21,-13.84,1
1964.3311,1008.60,22.5,39.82,+83.21,-13.67,1
1964.4674,1008.66,22.5,39.31,+83.21,-14.18,1
1964.6022,1008.58,22.4,39.98,+83.21,-13.51,1
1964.7358,1008.61,22.5,39.74,+83.21,-13.75,1
1964.8740,1008.56,22.5,40.17,+83.21,-13.33,1
1965.0116,1008.59,22.5,39.91,+83.29,-13.50,1
1965.1451,1008.58,22.5,40.00,+83.29,-13.41,1
1965.2825,1008.64,22.5,39.48,+83.29,-13.93,1
1965.4176,1008.56,22.5,40.17,+83.29,-13.24,1
1965.5508,1008.59,22.5,39.91,+83.29,-13.50,1
1965.6879,1008.59,22.5,39.91,+83.29,-13.50,1
1965.8236,1008.57,22.5,40.08,+83.29,-13.33,1
1965.9639,1008.59,22.5,39.91,+83.37,-13.42,1
1966.0981,1008.64,22.5,39.48,+83.37,-13.85,1
1966.2333,1008.60,22.5,39.82,+83.37,-13.51,1
1966.3687,1008.61,22.5,39.74,+83.37,-13.59,1
1966.5041,1008.54,22.5,40.34,+83.37,-12.99,1
1966.6387,1008.62,22.5,39.65,+83.37,-13.68,1
1966.7756,1008.62,22.5,39.65,+83.37,-13.68,1
1966.9103,1008.60,22.5,39.82,+83.37,-13.51,1
1967.0356,1008.69,22.5,39.05,+83.46,-14.19,1
1967.1713,1008.60,22.5,39.82,+83.46,-13.41,1
1967.3058,1008.65,22.5,39.40,+83.46,-13.84,1
1967.4412,1008.59,22.5,39.91,+83.46,-13.33,1
1967.5781,1008.62,22.5,39.65,+83.46,-13.58,1
1967.7143,1008.56,22.5,40.17,+83.46,-13.07,1
1967.8473,1008.62,22.5,39.65,+83.46,-13.58,1
1967.9735,1008.62,22.5,39.65,+83.56,-13.49,1
1968.1117,1008.58,22.5,40.00,+83.56,-13.15,1
1968.2446,1008.62,22.5,39.65,+83.56,-13.49,1
1968.3815,1008.53,22.5,40.43,+83.56,-12.72,1
1968.5189,1008.62,22.5,39.65,+83.56,-13.49,1
1968.6522,1008.61,22.5,39.74,+83.56,-13.41,1
1968.7893,1008.56,22.5,40.17,+83.56,-12.98,1
1968.9307,1008.59,22.5,39.91,+83.62,-13.17,1
1969.0621,1008.59,22.5,39.91,+83.62,-13.17,1
1969.1992,1008.59,22.5,39.91,+83.62,-13.17,1
1969.3357,1008.56,22.5,40.17,+83.62,-12.91,1
1969.4713,1008.58,22.5,40.00,+83.62,-13.08,1
1969.6058,1008.60,22.6,39.84,+83.62,-13.24,1
1969.7443,1008.58,22.5,40.00,+83.62,-13.08,1
1969.8799,1008.58,22.6,40.01,+83.62,-13.07,1
1970.0173,1008.62,22.6,39.67,+83.71,-13.32,1
1970.1539,1008.55,22.6,40.27,+83.71,-12.72,1
1970.2904,1008.55,22.6,40.27,+83.71,-12.72,1
1970.4236,1008.58,22.6,40.01,+83.71,-12.98,1
1970.5602,1008.56,22.6,40.18,+83.71,-12.81,1
1970.6953,1008.61,22.6,39.75,+83.71,-13.24,1
1970.8322,1008.62,22.6,39.67,+83.71,-13.32,1
1970.9701,1008.62,22.6,39.67,+83.80,-13.23,1
1971.1049,1008.58,22.6,40.01,+83.80,-12.89,1
1971.2426,1008.65,22.6,39.41,+83.80,-13.49,1
1971.3782,1008.60,22.6,39.84,+83.80,-13.06,1
1971.5129,1008.63,22.6,39.58,+83.80,-13.32,1
1971.6497,1008.64,22.6,39.49,+83.80,-13.40,1
1971.7847,1008.63,22.6,39.58,+83.80,-13.32,1
1971.9239,1008.62,22.6,39.67,+83.87,-13.16,1
1972.0601,1008.57,22.6,40.10,+83.87,-12.73,1
1972.1949,1008.62,22.6,39.67,+83.87,-13.16,1
1972.3275,1008.55,22.6,40.27,+83.87,-12.56,1
1972.4657,1008.61,22.6,39.75,+83.87,-13.08,1
1972.6025,1008.64,22.6,39.49,+83.87,-13.34,1
1972.7356,1008.66,22.6,39.32,+83.87,-13.51,1
1972.8730,1008.62,22.6,39.67,+83.87,-13.16,1
1973.0011,1008.66,22.6,39.32,+83.94,-13.44,1
1973.1319,1008.64,22.6,39.49,+83.94,-13.27,1
1973.2690,1008.62,22.6,39.67,+83.94,-13.10,1
1973.4058,1008.67,22.7,39.25,+83.94,-13.51,1
1973.5415,1008.57,22.6,40.10,+83.94,-12.67,1
1973.6784,1008.65,22.7,39.42,+83.94,-13.34,1
1973.8157,1008.65,22.7,39.42,+83.94,-13.34,1
1973.9540,1008.66,22.7,39.34,+84.02,-13.34,1
1974.0889,1008.60,22.7,39.85,+84.02,-12.83,1
1974.2261,1008.61,22.7,39.77,+84.02,-12.91,1
1974.3609,1008.66,22.7,39.34,+84.02,-13.34,1
1974.4955,1008.58,22.7,40.02,+84.02,-12.66,1
1974.6337,1008.55,22.7,40.28,+84.02,-12.40,1
1974.7685,1008.58,22.7,40.02,+84.02,-12.66,1
1974.9034,1008.62,22.7,39.68,+84.02,-13.00,1
1975.0316,1008.58,22.7,40.02,+84.09,-12.59,1
1975.1683,1008.62,22.7,39.68,+84.09,-12.93,1
1975.3030,1008.67,22.7,39.25,+84.09,-13.36,1
1975.4402,1008.57,22.7,40.11,+84.09,-12.50,1
1975.5753,1008.62,22.7,39.68,+84.09,-12.93,1
1975.7118,1008.68,22.7,39.16,+84.09,-13.45,1
1975.8462,1008.67,22.7,39.25,+84.09,-13.36,1
1975.9843,1008.71,22.7,38.91,+84.17,-13.62,1
1976.1204,1008.69,22.7,39.08,+84.17,-13.45,1
1976.2561,1008.70,22.7,38.99,+84.17,-13.54,1
1976.3908,1008.58,22.7,40.02,+84.17,-12.51,1
1976.5275,1008.65,22.7,39.42,+84.17,-13.11,1
1976.6618,1008.62,22.7,39.68,+84.17,-12.85,1
1976.7996,1008.62,22.7,39.68,+84.17,-12.85,1
1976.9267,1008.62,22.7,39.68,+84.24,-12.78,1
1977.0592,1008.63,22.7,39.59,+84.24,-12.86,1
1977.1942,1008.64,22.7,39.51,+84.24,-12.95,1
1977.3325,1008.63,22.7,39.59,+84.24,-12.86,1
1977.4694,1008.63,22.7,39.59,+84.24,-12.86,1
1977.6022,1008.63,22.7,39.59,+84.24,-12.86,1
1977.7385,1008.69,22.7,39.08,+84.24,-13.38,1
1977.8768,1008.58,22.7,40.02,+84.24,-12.43,1
1978.0128,1008.64,22.7,39.51,+84.31,-12.88,1
1978.1497,1008.68,22.7,39.16,+84.31,-13.23,1
1978.2872,1008.70,22.7,38.99,+84.31,-13.40,1
1978.4207,1008.70,22.7,38.99,+84.31,-13.40,1
1978.5574,1008.65,22.7,39.42,+84.31,-12.97,1
1978.6947,1008.66,22.7,39.34,+84.31,-13.05,1
1978.8303,1008.69,22.8,39.09,+84.31,-13.30,1
1978.9684,1008.66,22.7,39.34,+84.41,-12.96,1
1979.1054,1008.62,22.7,39.68,+84.41,-12.61,1
1979.2413,1008.60,22.7,39.85,+84.41,-12.44,1
1979.3758,1008.69,22.8,39.09,+84.41,-13.20,1
1979.5112,1008.65,22.8,39.44,+84.41,-12.86,1
1979.6437,1008.64,22.8,39.52,+84.41,-12.77,1
1979.7781,1008.71,22.8,38.92,+84.41,-13.37,1
1979.9165,1008.66,22.8,39.35,+84.53,-12.82,1
1980.0507,1008.69,22.8,39.09,+84.53,-13.08,1
1980.1860,1008.67,22.8,39.26,+84.53,-12.91,1
1980.3205,1008.67,22.8,39.26,+84.53,-12.91,1
1980.4534,1008.68,22.8,39.18,+84.53,-12.99,1
1980.5890,1008.74,22.8,38.66,+84.53,-13.51,1
1980.7233,1008.65,22.8,39.44,+84.53,-12.74,1
1980.8565,1008.73,22.8,38.75,+84.53,-13.42,1
1980.9941,1008.63,22.8,39.61,+84.68,-12.41,1
1981.1310,1008.70,22.8,39.01,+84.68,-13.01,1
1981.2637,1008.61,22.8,39.78,+84.68,-12.24,1
1981.3979,1008.72,22.8,38.83,+84.68,-13.18,1
1981.5324,1008.65,22.8,39.44,+84.68,-12.58,1
1981.6661,1008.63,22.8,39.61,+84.68,-12.41,1
1981.8008,1008.70,22.8,39.01,+84.68,-13.01,1
1981.9258,1008.70,22.8,39.01,+84.83,-12.87,1
1982.0588,1008.71,22.8,38.92,+84.83,-12.95,1
1982.1938,1008.67,22.8,39.26,+84.83,-12.61,1
1982.3300,1008.65,22.8,39.44,+84.83,-12.44,1
1982.4627,1008.68,22.8,39.18,+84.83,-12.69,1
1982.5974,1008.73,22.8,38.75,+84.83,-13.12,1
1982.7339,1008.70,22.8,39.01,+84.83,-12.87,1
1982.8683,1008.74,22.8,38.66,+84.83,-13.21,1
1983.0050,1008.69,22.8,39.09,+85.01,-12.60,1
1983.1395,1008.70,22.8,39.01,+85.01,-12.69,1
1983.2758,1008.67,22.8,39.26,+85.01,-12.43,1
1983.4084,1008.66,22.8,39.35,+85.01,-12.34,1
1983.5424,1008.61,22.8,39.78,+85.01,-11.91,1
1983.6768,1008.65,22.8,39.44,+85.01,-12.26,1
1983.8112,1008.72,22.8,38.83,+85.01,-12.86,1
1983.9497,1008.65,22.8,39.44,+85.20,-12.06,1
1984.0845,1008.63,22.8,39.61,+85.20,-11.89,1
1984.2180,1008.64,22.8,39.52,+85.20,-11.98,1
1984.3525,1008.63,22.8,39.61,+85.20,-11.89,1
1984.4862,1008.60,22.8,39.87,+85.20,-11.63,1
1984.6187,1008.64,22.8,39.52,+85.20,-11.98,1
1984.7536,1008.65,22.8,39.44,+85.20,-12.06,1
1984.8897,1008.64,22.8,39.52,+85.20,-11.98,1
1985.0260,1008.65,22.8,39.44,+85.39,-11.88,1
1985.1605,1008.65,22.8,39.44,+85.39,-11.88,1
1985.2954,1008.65,22.8,39.44,+85.39,-11.88,1
1985.4295,1008.65,22.8,39.44,+85.39,-11.88,1
1985.5638,1008.59,22.8,39.95,+85.39,-11.36,1
1985.6987,1008.68,22.8,39.18,+85.39,-12.14,1
1985.8332,1008.63,22.8,39.61,+85.39,-11.71,1
1985.9589,1008.61,22.8,39.78,+85.53,-11.39,1
1986.0928,1008.68,22.8,39.18,+85.53,-11.99,1
1986.2269,1008.61,22.8,39.78,+85.53,-11.39,1
1986.3613,1008.63,22.8,39.61,+85.53,-11.56,1
1986.4968,1008.59,22.8,39.95,+85.53,-11.22,1
1986.6310,1008.68,22.8,39.18,+85.53,-11.99,1
1986.7634,1008.65,22.8,39.44,+85.53,-11.73,1
1986.8981,1008.65,22.8,39.44,+85.53,-11.73,1
1987.0238,1008.65,22.8,39.44,+85.67,-11.59,1
1987.1564,1008.63,22.8,39.61,+85.67,-11.42,1
1987.2909,1008.70,22.8,39.01,+85.67,-12.02,1
1987.4255,1008.67,22.8,39.26,+85.67,-11.77,1
1987.5615,1008.68,22.8,39.18,+85.67,-11.85,1
1987.6941,1008.71,22.8,38.92,+85.67,-12.11,1
1987.8289,1008.67,22.8,39.26,+85.67,-11.77,1
1987.9540,1008.68,22.8,39.18,+85.83,-11.69,1
1988.0879,1008.73,22.8,38.75,+85.83,-12.12,1
1988.2224,1008.65,22.8,39.44,+85.83,-11.43,1
1988.3568,1008.69,22.8,39.09,+85.83,-11.78,1
1988.4916,1008.64,22.8,39.52,+85.83,-11.35,1
1988.6255,1008.65,22.8,39.44,+85.83,-11.43,1
1988.7598,1008.68,22.8,39.18,+85.83,-11.69,1
1988.8950,1008.68,22.8,39.18,+85.83,-11.69,1
1989.0306,1008.71,22.8,38.92,+86.00,-11.78,1
1989.1653,1008.68,22.8,39.18,+86.00,-11.52,1
1989.2998,1008.67,22.8,39.26,+86.00,-11.44,1
1989.4329,1008.65,22.8,39.44,+86.00,-11.26,1
1989.5674,1008.68,22.8,39.18,+86.00,-11.52,1
1989.7043,1008.67,22.8,39.26,+86.00,-11.44,1
1989.8372,1008.66,22.8,39.35,+86.00,-11.35,1
1989.9747,1008.66,22.8,39.35,+86.15,-11.20,1
1990.1089,1008.63,22.8,39.61,+86.15,-10.94,1
1990.2432,1008.65,22.8,39.44,+86.15,-11.12,1
1990.3780,1008.62,22.8,39.69,+86.15,-10.86,1
1990.5122,1008.65,22.8,39.44,+86.15,-11.12,1
1990.6444,1008.65,22.8,39.44,+86.15,-11.12,1
1990.7791,1008.66,22.8,39.35,+86.15,-11.20,1
1990.9135,1008.69,22.8,39.09,+86.15,-11.46,1
1991.0497,1008.70,22.8,39.01,+86.29,-11.40,1
1991.1850,1008.73,22.8,38.75,+86.29,-11.66,1
1991.3207,1008.61,22.7,39.77,+86.29,-10.64,1
1991.4532,1008.69,22.7,39.08,+86.29,-11.33,1
1991.5873,1008.63,22.7,39.59,+86.29,-10.81,1
1991.7221,1008.65,22.7,39.42,+86.29,-10.98,1
1991.8566,1008.70,22.7,38.99,+86.29,-11.41,1
1991.9935,1008.61,22.7,39.77,+86.44,-10.49,1
1992.1278,1008.71,22.7,38.91,+86.44,-11.35,1
1992.2610,1008.69,22.7,39.08,+86.44,-11.18,1
1992.3966,1008.68,22.7,39.16,+86.44,-11.09,1
1992.5317,1008.67,22.7,39.25,+86.44,-11.01,1
1992.6642,1008.66,22.7,39.34,+86.44,-10.92,1
1992.7993,1008.63,22.7,39.59,+86.44,-10.66,1
1992.9250,1008.69,22.7,39.08,+86.57,-11.05,1
1993.0580,1008.66,22.7,39.34,+86.57,-10.79,1
1993.1934,1008.68,22.7,39.16,+86.57,-10.97,1
1993.3280,1008.74,22.7,38.65,+86.57,-11.48,1
1993.4634,1008.71,22.7,38.91,+86.57,-11.22,1
1993.5959,1008.71,22.7,38.91,+86.57,-11.22,1
1993.7306,1008.73,22.7,38.73,+86.57,-11.40,1
1993.8656,1008.63,22.7,39.59,+86.57,-10.54,1
1994.0026,1008.69,22.7,39.08,+86.66,-10.96,1
1994.1360,1008.66,22.7,39.34,+86.66,-10.70,1
1994.2709,1008.72,22.7,38.82,+86.66,-11.22,1
1994.4036,1008.66,22.7,39.34,+86.66,-10.70,1
1994.5381,1008.62,22.7,39.68,+86.66,-10.36,1
1994.6718,1008.60,22.7,39.85,+86.66,-10.18,1
1994.8045,1008.62,22.7,39.68,+86.66,-10.36,1
1994.9296,1008.66,22.7,39.34,+86.72,-10.64,1
1995.0642,1008.59,22.7,39.94,+86.72,-10.04,1
1995.1985,1008.56,22.7,40.20,+86.72,-9.78,1
1995.3311,1008.67,22.7,39.25,+86.72,-10.73,1
1995.4659,1008.70,22.7,38.99,+86.72,-10.99,1
1995.6015,1008.65,22.7,39.42,+86.72,-10.56,1
1995.7341,1008.65,22.7,39.42,+86.72,-10.56,1
1995.8705,1008.60,22.7,39.85,+86.72,-10.13,1
1996.0105,1008.62,22.7,39.68,+86.76,-10.26,1
1996.1458,1008.61,22.7,39.77,+86.76,-10.18,1
1996.2820,1008.68,22.7,39.16,+86.76,-10.78,1
1996.4178,1008.65,22.7,39.42,+86.76,-10.52,1
1996.5509,1008.65,22.7,39.42,+86.76,-10.52,1
1996.6879,1008.68,22.7,39.16,+86.76,-10.78,1
1996.8242,1008.60,22.7,39.85,+86.76,-10.09,1
1996.9602,1008.66,22.7,39.34,+86.77,-10.59,1
1997.0950,1008.62,22.7,39.68,+86.77,-10.25,1
1997.2324,1008.63,22.7,39.59,+86.77,-10.33,1
1997.3664,1008.60,22.7,39.85,+86.77,-10.07,1
1997.5011,1008.57,22.7,40.11,+86.77,-9.82,1
1997.6368,1008.59,22.7,39.94,+86.77,-9.99,1
1997.7720,1008.64,22.7,39.51,+86.77,-10.42,1
1997.9058,1008.58,22.7,40.02,+86.77,-9.90,1
1998.0312,1008.60,22.7,39.85,+86.76,-10.09,1
1998.1650,1008.61,22.7,39.77,+86.76,-10.18,1
1998.3019,1008.64,22.8,39.52,+86.76,-10.42,1
1998.4377,1008.62,22.7,39.68,+86.76,-10.26,1
1998.5714,1008.58,22.7,40.02,+86.76,-9.92,1
1998.7061,1008.65,22.8,39.44,+86.76,-10.51,1
1998.8436,1008.65,22.8,39.44,+86.76,-10.51,1
1998.9800,1008.64,22.8,39.52,+86.73,-10.45,1
1999.1146,1008.67,22.8,39.26,+86.73,-10.71,1
1999.2497,1008.61,22.8,39.78,+86.73,-10.19,1
1999.3837,1008.62,22.8,39.69,+86.73,-10.28,1
1999.5180,1008.57,22.8,40.12,+86.73,-9.85,1
1999.6522,1008.72,22.8,38.83,+86.73,-11.14,1
1999.7855,1008.66,22.8,39.35,+86.73,-10.62,1
1999.9205,1008.68,22.8,39.18,+86.73,-10.80,1
2000.0581,1008.68,22.8,39.18,+86.71,-10.81,1
2000.1919,1008.64,22.7,39.51,+86.71,-10.48,1
2000.3265,1008.63,22.7,39.59,+86.71,-10.40,1
2000.4622,1008.63,22.7,39.59,+86.71,-10.40,1
2000.5948,1008.64,22.7,39.51,+86.71,-10.48,1
2000.7285,1008.62,22.7,39.68,+86.71,-10.31,1
2000.8630,1008.63,22.7,39.59,+86.71,-10.40,1
2001.0004,1008.64,22.7,39.51,+86.68,-10.51,1
2001.1351,1008.63,22.7,39.59,+86.68,-10.42,1
2001.2696,1008.60,22.7,39.85,+86.68,-10.16,1
2001.4022,1008.59,22.7,39.94,+86.68,-10.08,1
2001.5368,1008.63,22.7,39.59,+86.68,-10.42,1
2001.6707,1008.66,22.8,39.35,+86.68,-10.67,1
2001.8049,1008.71,22.8,38.92,+86.68,-11.10,1
2001.9299,1008.64,22.8,39.52,+86.67,-10.50,1
2002.0659,1008.63,22.8,39.61,+86.67,-10.42,1
2002.2016,1008.68,22.8,39.18,+86.67,-10.85,1
2002.3341,1008.61,22.8,39.78,+86.67,-10.25,1
2002.4705,1008.64,22.8,39.52,+86.67,-10.50,1
2002.6079,1008.64,22.8,39.52,+86.67,-10.50,1
2002.7404,1008.59,22.8,39.95,+86.67,-10.07,1
2002.8754,1008.67,22.8,39.26,+86.67,-10.76,1
2003.0011,1008.60,22.8,39.87,+86.65,-10.18,1
2003.1349,1008.65,22.8,39.44,+86.65,-10.61,1
2003.2703,1008.66,22.8,39.35,+86.65,-10.70,1
2003.4057,1008.62,22.8,39.69,+86.65,-10.35,1
2003.5388,1008.72,22.8,38.83,+86.65,-11.21,1
2003.6757,1008.59,22.8,39.95,+86.65,-10.10,1
2003.8116,1008.65,22.8,39.44,+86.65,-10.61,1
2003.9493,1008.60,22.8,39.87,+86.64,-10.19,1
2004.0825,1008.61,22.8,39.78,+86.64,-10.28,1
2004.2199,1008.62,22.8,39.69,+86.64,-10.37,1
2004.3539,1008.62,22.8,39.69,+86.64,-10.37,1
2004.4888,1008.54,22.8,40.38,+86.64,-9.68,1
2004.6246,1008.66,22.8,39.35,+86.64,-10.71,1
2004.7632,1008.64,22.8,39.52,+86.64,-10.54,1
2004.8962,1008.58,22.8,40.04,+86.64,-10.02,1
2005.0344,1008.64,22.8,39.52,+86.60,-10.58,1
2005.1706,1008.65,22.8,39.44,+86.60,-10.66,1
2005.3062,1008.66,22.8,39.35,+86.60,-10.75,1
2005.4393,1008.63,22.8,39.61,+86.60,-10.49,1
2005.5745,1008.64,22.8,39.52,+86.60,-10.58,1
2005.7092,1008.62,22.8,39.69,+86.60,-10.40,1
2005.8445,1008.60,22.8,39.87,+86.60,-10.23,1
2005.9701,1008.67,22.8,39.26,+86.56,-10.87,1
2006.1041,1008.66,22.8,39.35,+86.56,-10.79,1
2006.2393,1008.65,22.8,39.44,+86.56,-10.70,1
2006.3760,1008.66,22.8,39.35,+86.56,-10.79,1
2006.5101,1008.68,22.8,39.18,+86.56,-10.96,1
2006.6448,1008.65,22.8,39.44,+86.56,-10.70,1
2006.7814,1008.68,22.8,39.18,+86.56,-10.96,1
2006.9177,1008.66,22.8,39.35,+86.56,-10.79,1
2007.0560,1008.66,22.8,39.35,+86.56,-10.80,1
2007.1909,1008.57,22.8,40.12,+86.56,-10.02,1
2007.3252,1008.67,22.8,39.26,+86.56,-10.88,1
2007.4635,1008.67,22.8,39.26,+86.56,-10.88,1
2007.5978,1008.61,22.8,39.78,+86.56,-10.37,1
2007.7331,1008.65,22.8,39.44,+86.56,-10.71,1
2007.8707,1008.65,22.8,39.44,+86.56,-10.71,1
2007.9963,1008.61,22.8,39.78,+86.56,-10.36,1
2008.1317,1008.63,22.8,39.61,+86.56,-10.53,1
2008.2689,1008.63,22.8,39.61,+86.56,-10.53,1
2008.4032,1008.61,22.8,39.78,+86.56,-10.36,1
2008.5400,1008.62,22.8,39.69,+86.56,-10.45,1
2008.6767,1008.59,22.8,39.95,+86.56,-10.19,1
2008.8145,1008.69,22.8,39.09,+86.56,-11.05,1
2008.9518,1008.59,22.8,39.95,+86.56,-10.19,1
2009.0887,1008.62,22.8,39.69,+86.56,-10.45,1
2009.2257,1008.64,22.8,39.52,+86.56,-10.62,1
2009.3583,1008.65,22.8,39.44,+86.56,-10.71,1
2009.4957,1008.55,22.8,40.29,+86.56,-9.85,1
2009.6336,1008.57,22.8,40.12,+86.56,-10.02,1
2009.7661,1008.67,22.8,39.26,+86.56,-10.88,1
2009.9037,1008.65,22.8,39.44,+86.56,-10.71,1
2010.0311,1008.63,22.8,39.61,+86.55,-10.55,1
2010.1633,1008.65,22.8,39.44,+86.55,-10.72,1
2010.3005,1008.68,22.8,39.18,+86.55,-10.98,1
2010.4376,1008.62,22.8,39.69,+86.55,-10.46,1
2010.5724,1008.64,22.8,39.52,+86.55,-10.63,1
2010.7076,1008.59,22.8,39.95,+86.55,-10.20,1
2010.8451,1008.60,22.8,39.87,+86.55,-10.29,1
2010.9707,1008.67,22.8,39.26,+86.54,-10.89,1
2011.1043,1008.59,22.8,39.95,+86.54,-10.21,1
2011.2421,1008.61,22.8,39.78,+86.54,-10.38,1
2011.3764,1008.59,22.8,39.95,+86.54,-10.21,1
2011.5088,1008.63,22.8,39.61,+86.54,-10.55,1
2011.6453,1008.63,22.8,39.61,+86.54,-10.55,1
2011.7839,1008.61,22.8,39.78,+86.54,-10.38,1
2011.9168,1008.64,22.8,39.52,+86.54,-10.64,1
2012.0423,1008.64,22.8,39.52,+86.57,-10.61,1
2012.1792,1008.64,22.8,39.52,+86.57,-10.61,1
2012.3135,1008.60,22.8,39.87,+86.57,-10.27,1
2012.4488,1008.63,22.8,39.61,+86.57,-10.53,1
2012.5849,1008.60,22.8,39.87,+86.57,-10.27,1
2012.7203,1008.66,22.8,39.35,+86.57,-10.78,1
2012.8551,1008.62,22.8,39.69,+86.57,-10.44,1
2012.9814,1008.63,22.8,39.61,+86.59,-10.50,1
2013.1162,1008.60,22.8,39.87,+86.59,-10.24,1
2013.2505,1008.62,22.8,39.69,+86.59,-10.41,1
2013.3878,1008.68,22.8,39.18,+86.59,-10.93,1
2013.5243,1008.60,22.8,39.87,+86.59,-10.24,1
2013.6564,1008.70,22.8,39.01,+86.59,-11.10,1
2013.7937,1008.64,22.8,39.52,+86.59,-10.59,1
2013.9358,1008.56,22.8,40.21,+86.62,-9.87,1
2014.0667,1008.53,22.8,40.47,+86.62,-9.61,1
2014.2043,1008.65,22.8,39.44,+86.62,-10.64,1
2014.3415,1008.61,22.8,39.78,+86.62,-10.30,1
2014.4779,1008.62,22.8,39.69,+86.62,-10.38,1
2014.6105,1008.58,22.8,40.04,+86.62,-10.04,1
2014.7475,1008.58,22.8,40.04,+86.62,-10.04,1
2014.8829,1008.64,22.8,39.52,+86.62,-10.55,1
2015.0207,1008.54,22.8,40.38,+86.68,-9.64,1
2015.1574,1008.54,22.8,40.38,+86.68,-9.64,1
2015.2924,1008.58,22.8,40.04,+86.68,-9.99,1
2015.4271,1008.62,22.8,39.69,+86.68,-10.33,1
2015.5655,1008.62,22.8,39.69,+86.68,-10.33,1
2015.7002,1008.64,22.8,39.52,+86.68,-10.50,1
2015.8375,1008.61,22.8,39.78,+86.68,-10.24,1
2015.9763,1008.63,22.8,39.61,+86.70,-10.39,1
2016.1116,1008.64,22.8,39.52,+86.70,-10.48,1
2016.2450,1008.64,22.8,39.52,+86.70,-10.48,1
2016.3793,1008.59,22.8,39.95,+86.70,-10.05,1
2016.5123,1008.57,22.8,40.12,+86.70,-9.88,1
2016.6464,1008.60,22.8,39.87,+86.70,-10.14,1
2016.7802,1008.57,22.8,40.12,+86.70,-9.88,1
2016.9129,1008.64,22.8,39.52,+86.70,-10.48,1
2017.0510,1008.55,22.8,40.29,+86.74,-9.67,1
2017.1865,1008.57,22.8,40.12,+86.74,-9.84,1
2017.3190,1008.61,22.8,39.78,+86.74,-10.18,1
2017.4537,1008.61,22.8,39.78,+86.74,-10.18,1
2017.5879,1008.60,22.8,39.87,+86.74,-10.10,1
2017.7216,1008.66,22.8,39.35,+86.74,-10.61,1
2017.8564,1008.65,22.8,39.44,+86.74,-10.53,1
2017.9816,1008.62,22.8,39.69,+86.77,-10.24,1
2018.1140,1008.60,22.8,39.87,+86.77,-10.07,1
2018.2503,1008.65,22.8,39.44,+86.77,-10.50,1
2018.3847,1008.59,22.8,39.95,+86.77,-9.98,1
2018.5191,1008.62,22.8,39.69,+86.77,-10.24,1
2018.6516,1008.68,22.8,39.18,+86.77,-10.75,1
2018.7865,1008.60,22.8,39.87,+86.77,-10.07,1
2018.9211,1008.61,22.8,39.78,+86.77,-10.15,1
2019.0573,1008.65,22.8,39.44,+86.79,-10.47,1
2019.1925,1008.66,22.8,39.35,+86.79,-10.56,1
2019.3308,1008.65,22.8,39.44,+86.79,-10.47,1
2019.4632,1008.63,22.8,39.61,+86.79,-10.30,1
2019.5997,1008.64,22.8,39.52,+86.79,-10.38,1
2019.7367,1008.53,22.8,40.47,+86.79,-9.44,1
2019.8702,1008.70,22.8,39.01,+86.79,-10.90,1
2019.9953,1008.67,22.8,39.26,+86.85,-10.59,1
2020.1325,1008.65,22.8,39.44,+86.85,-10.42,1
2020.2657,1008.70,22.8,39.01,+86.85,-10.85,1
2020.4023,1008.67,22.8,39.26,+86.85,-10.59,1
2020.5386,1008.71,22.8,38.92,+86.85,-10.93,1
2020.6713,1008.70,22.8,39.01,+86.85,-10.85,1
2020.8058,1008.67,22.8,39.26,+86.85,-10.59,1
2020.9318,1008.66,22.8,39.35,+86.87,-10.48,1
2021.0642,1008.62,22.8,39.69,+86.87,-10.14,1
2021.1971,1008.68,22.8,39.18,+86.87,-10.65,1
2021.3317,1008.63,22.8,39.61,+86.87,-10.22,1
2021.4670,1008.61,22.8,39.78,+86.87,-10.05,1
2021.5996,1008.64,22.8,39.52,+86.87,-10.31,1
2021.7343,1008.62,22.7,39.68,+86.87,-10.15,1
2021.8693,1008.69,22.8,39.09,+86.87,-10.74,1
2022.0068,1008.66,22.7,39.34,+86.89,-10.48,1
2022.1414,1008.70,22.8,39.01,+86.89,-10.81,1
2022.2760,1008.63,22.7,39.59,+86.89,-10.22,1
2022.4085,1008.62,22.7,39.68,+86.89,-10.13,1
2022.5443,1008.63,22.7,39.59,+86.89,-10.22,1
2022.6791,1008.58,22.7,40.02,+86.89,-9.79,1
2022.8118,1008.63,22.8,39.61,+86.89,-10.21,1
2022.9507,1008.67,22.8,39.26,+86.87,-10.57,1
2023.0844,1008.63,22.8,39.61,+86.87,-10.23,1
2023.2170,1008.62,22.8,39.69,+86.87,-10.14,1
2023.3514,1008.62,22.8,39.69,+86.87,-10.14,1
2023.4856,1008.67,22.8,39.26,+86.87,-10.57,1
2023.6191,1008.64,22.8,39.52,+86.87,-10.31,1
2023.7548,1008.68,22.8,39.18,+86.87,-10.66,1
2023.8896,1008.63,22.8,39.61,+86.87,-10.23,1
2024.0272,1008.64,22.8,39.52,+86.83,-10.35,1
2024.1634,1008.67,22.8,39.26,+86.83,-10.61,1
2024.2980,1008.66,22.8,39.35,+86.83,-10.52,1
2024.4325,1008.61,22.8,39.78,+86.83,-10.09,1
2024.5683,1008.65,22.8,39.44,+86.83,-10.44,1
2024.7035,1008.67,22.8,39.26,+86.83,-10.61,1
2024.8379,1008.62,22.8,39.69,+86.83,-10.18,1
2024.9641,1008.63,22.8,39.61,+86.77,-10.32,1
2025.0988,1008.67,22.8,39.26,+86.77,-10.67,1
2025.2341,1008.64,22.8,39.52,+86.77,-10.41,1
2025.3702,1008.67,22.8,39.26,+86.77,-10.67,1
2025.5065,1008.63,22.8,39.61,+86.77,-10.32,1
2025.6389,1008.65,22.8,39.44,+86.77,-10.49,1
2025.7759,1008.65,22.8,39.44,+86.77,-10.49,1
2025.9122,1008.63,22.8,39.61,+86.77,-10.32,1
2026.0481,1008.64,22.8,39.52,+86.72,-10.46,1
2026.1847,1008.61,22.8,39.78,+86.72,-10.21,1
2026.3228,1008.60,22.8,39.87,+86.72,-10.12,1
2026.4550,1008.65,22.8,39.44,+86.72,-10.55,1
2026.5929,1008.72,22.8,38.83,+86.72,-11.15,1
2026.7282,1008.60,22.7,39.85,+86.72,-10.13,1
2026.8637,1008.62,22.7,39.68,+86.72,-10.30,1
2027.0005,1008.70,22.7,38.99,+86.64,-11.07,1
2027.1360,1008.63,22.7,39.59,+86.64,-10.47,1
2027.2704,1008.60,22.7,39.85,+86.64,-10.21,1
2027.4047,1008.64,22.7,39.51,+86.64,-10.55,1
2027.5399,1008.67,22.7,39.25,+86.64,-10.81,1
2027.6740,1008.60,22.7,39.85,+86.64,-10.21,1
2027.8084,1008.64,22.7,39.51,+86.64,-10.55,1
2027.9357,1008.60,22.7,39.85,+86.53,-10.31,1
2028.0700,1008.65,22.7,39.42,+86.53,-10.74,1
2028.2050,1008.63,22.7,39.59,+86.53,-10.57,1
2028.3411,1008.59,22.7,39.94,+86.53,-10.23,1
2028.4784,1008.60,22.7,39.85,+86.53,-10.31,1
2028.6123,1008.64,22.7,39.51,+86.53,-10.66,1
2028.7454,1008.57,22.7,40.11,+86.53,-10.06,1
2028.8815,1008.62,22.7,39.68,+86.53,-10.49,1
2029.0192,1008.60,22.7,39.85,+86.40,-10.44,1
2029.1525,1008.64,22.7,39.51,+86.40,-10.79,1
2029.2885,1008.60,22.7,39.85,+86.40,-10.44,1
2029.4222,1008.63,22.7,39.59,+86.40,-10.70,1
2029.5577,1008.60,22.7,39.85,+86.40,-10.44,1
2029.6935,1008.65,22.7,39.42,+86.40,-10.87,1
2029.8280,1008.59,22.7,39.94,+86.40,-10.36,1
2029.9680,1008.57,22.7,40.11,+86.25,-10.34,1
2030.1039,1008.61,22.7,39.77,+86.25,-10.68,1
2030.2379,1008.64,22.7,39.51,+86.25,-10.94,1
2030.3738,1008.64,22.7,39.51,+86.25,-10.94,1
2030.5081,1008.60,22.7,39.85,+86.25,-10.59,1
2030.6428,1008.62,22.7,39.68,+86.25,-10.77,1
2030.7789,1008.64,22.7,39.51,+86.25,-10.94,1
2030.9137,1008.66,22.7,39.34,+86.25,-11.11,1
2031.0493,1008.66,22.7,39.34,+86.11,-11.26,1
2031.1834,1008.58,22.7,40.02,+86.11,-10.57,1
2031.3179,1008.61,22.7,39.77,+86.11,-10.83,1
2031.4506,1008.61,22.7,39.77,+86.11,-10.83,1
2031.5848,1008.62,22.7,39.68,+86.11,-10.91,1
2031.7202,1008.59,22.7,39.94,+86.11,-10.66,1
2031.8534,1008.65,22.7,39.42,+86.11,-11.17,1
2031.9904,1008.68,22.7,39.16,+85.96,-11.58,1
2032.1246,1008.64,22.7,39.51,+85.96,-11.24,1
2032.2586,1008.66,22.7,39.34,+85.96,-11.41,1
2032.3929,1008.62,22.7,39.68,+85.96,-11.06,1
2032.5270,1008.63,22.7,39.59,+85.96,-11.15,1
2032.6596,1008.66,22.7,39.34,+85.96,-11.41,1
2032.7941,1008.62,22.7,39.68,+85.96,-11.06,1
2032.9320,1008.62,22.7,39.68,+85.80,-11.22,1
2033.0649,1008.59,22.7,39.94,+85.80,-10.96,1
2033.1996,1008.65,22.7,39.42,+85.80,-11.48,1
2033.3352,1008.60,22.7,39.85,+85.80,-11.05,1
2033.4674,1008.63,22.7,39.59,+85.80,-11.30,1
2033.6016,1008.65,22.7,39.42,+85.80,-11.48,1
2033.7361,1008.59,22.7,39.94,+85.80,-10.96,1
2033.8702,1008.69,22.7,39.08,+85.80,-11.82,1
2034.0084,1008.64,22.7,39.51,+85.66,-11.53,1
2034.1431,1008.62,22.7,39.68,+85.66,-11.36,1
2034.2757,1008.68,22.7,39.16,+85.66,-11.87,1
2034.4112,1008.60,22.7,39.85,+85.66,-11.18,1
2034.5454,1008.62,22.7,39.68,+85.66,-11.36,1
2034.6777,1008.61,22.7,39.77,+85.66,-11.27,1
2034.8126,1008.63,22.7,39.59,+85.66,-11.44,1
2034.9385,1008.62,22.7,39.68,+85.49,-11.53,1
2035.0710,1008.63,22.7,39.59,+85.49,-11.61,1
2035.2050,1008.59,22.7,39.94,+85.49,-11.27,1
2035.3395,1008.59,22.7,39.94,+85.49,-11.27,1
2035.4763,1008.64,22.7,39.51,+85.49,-11.70,1
2035.6102,1008.61,22.7,39.77,+85.49,-11.44,1
2035.7458,1008.65,22.7,39.42,+85.49,-11.78,1
2035.8807,1008.67,22.7,39.25,+85.49,-11.96,1
2036.0188,1008.62,22.7,39.68,+85.34,-11.68,1
2036.1538,1008.59,22.7,39.94,+85.34,-11.42,1
2036.2885,1008.56,22.7,40.20,+85.34,-11.16,1
2036.4221,1008.64,22.7,39.51,+85.34,-11.85,1
2036.5595,1008.59,22.7,39.94,+85.34,-11.42,1
2036.6847,1008.67,22.7,39.25,+85.34,-12.11,1
2036.8202,1008.62,22.7,39.68,+85.34,-11.68,1
2036.9464,1008.60,22.7,39.85,+85.17,-11.68,1
2037.0799,1008.65,22.7,39.42,+85.17,-12.11,1
2037.2156,1008.57,22.7,40.11,+85.17,-11.42,1
2037.3499,1008.67,22.7,39.25,+85.17,-12.28,1
2037.4826,1008.65,22.7,39.42,+85.17,-12.11,1
2037.6187,1008.65,22.7,39.42,+85.17,-12.11,1
2037.7524,1008.60,22.7,39.85,+85.17,-11.68,1
2037.8886,1008.64,22.7,39.51,+85.17,-12.03,1
2038.0269,1008.64,22.7,39.51,+84.98,-12.21,1
2038.1624,1008.63,22.7,39.59,+84.98,-12.13,1
2038.2985,1008.61,22.7,39.77,+84.98,-11.96,1
2038.4305,1008.62,22.7,39.68,+84.98,-12.04,1
2038.5648,1008.61,22.7,39.77,+84.98,-11.96,1
2038.7025,1008.62,22.7,39.68,+84.98,-12.04,1
2038.8373,1008.63,22.7,39.59,+84.98,-12.13,1
2038.9750,1008.61,22.7,39.77,+84.80,-12.14,1
2039.1114,1008.60,22.7,39.85,+84.80,-12.05,1
2039.2472,1008.60,22.7,39.85,+84.80,-12.05,1
2039.3799,1008.58,22.7,40.02,+84.80,-11.88,1
2039.5140,1008.62,22.7,39.68,+84.80,-12.22,1
2039.6481,1008.61,22.7,39.77,+84.80,-12.14,1
2039.7821,1008.59,22.7,39.94,+84.80,-11.96,1
2039.9170,1008.60,22.7,39.85,+84.80,-12.05,1
2040.0553,1008.56,22.7,40.20,+84.61,-11.89,1
2040.1881,1008.64,22.7,39.51,+84.61,-12.58,1
2040.3225,1008.65,22.7,39.42,+84.61,-12.66,1
2040.4563,1008.62,22.7,39.68,+84.61,-12.41,1
2040.5887,1008.61,22.7,39.77,+84.61,-12.32,1
2040.7230,1008.57,22.7,40.11,+84.61,-11.98,1
2040.8588,1008.60,22.7,39.85,+84.61,-12.23,1
2040.9950,1008.59,22.7,39.94,+84.43,-12.33,1
2041.1295,1008.63,22.7,39.59,+84.43,-12.67,1
2041.2642,1008.57,22.7,40.11,+84.43,-12.16,1
2041.3979,1008.62,22.7,39.68,+84.43,-12.59,1
2041.5321,1008.60,22.7,39.85,+84.43,-12.42,1
2041.6662,1008.55,22.7,40.28,+84.43,-11.99,1
2041.7987,1008.60,22.7,39.85,+84.43,-12.42,1
2041.9384,1008.64,22.7,39.51,+84.26,-12.93,1
2042.0709,1008.69,22.7,39.08,+84.26,-13.36,1
2042.2034,1008.69,22.7,39.08,+84.26,-13.36,1
2042.3379,1008.65,22.7,39.42,+84.26,-13.02,1
2042.4733,1008.62,22.7,39.68,+84.26,-12.76,1
2042.6100,1008.62,22.7,39.68,+84.26,-12.76,1
2042.7446,1008.62,22.7,39.68,+84.26,-12.76,1
2042.8795,1008.65,22.7,39.42,+84.26,-13.02,1
2043.0073,1008.58,22.7,40.02,+84.12,-12.56,1
2043.1423,1008.63,22.7,39.59,+84.12,-12.99,1
2043.2770,1008.69,22.7,39.08,+84.12,-13.50,1
2043.4140,1008.67,22.7,39.25,+84.12,-13.33,1
2043.5500,1008.60,22.7,39.85,+84.12,-12.73,1
2043.6869,1008.60,22.7,39.85,+84.12,-12.73,1
2043.8219,1008.65,22.7,39.42,+84.12,-13.16,1
2043.9469,1008.63,22.7,39.59,+83.97,-13.14,1
2044.0838,1008.67,22.7,39.25,+83.97,-13.48,1
2044.2180,1008.63,22.7,39.59,+83.97,-13.14,1
2044.3529,1008.64,22.7,39.51,+83.97,-13.22,1
2044.4897,1008.60,22.7,39.85,+83.97,-12.88,1
2044.6250,1008.64,22.7,39.51,+83.97,-13.22,1
2044.7598,1008.68,22.7,39.16,+83.97,-13.57,1
2044.8971,1008.59,22.7,39.94,+83.97,-12.79,1
2045.0332,1008.61,22.7,39.77,+83.80,-13.13,1
2045.1689,1008.63,22.7,39.59,+83.80,-13.30,1
2045.3061,1008.62,22.7,39.68,+83.80,-13.22,1
2045.4429,1008.68,22.7,39.16,+83.80,-13.73,1
2045.5756,1008.63,22.7,39.59,+83.80,-13.30,1
2045.7134,1008.63,22.7,39.59,+83.80,-13.30,1
2045.8507,1008.54,22.7,40.37,+83.80,-12.53,1
2045.9860,1008.65,22.7,39.42,+83.63,-13.65,1
2046.1216,1008.60,22.7,39.85,+83.63,-13.22,1
2046.2599,1008.60,22.7,39.85,+83.63,-13.22,1
2046.3924,1008.63,22.7,39.59,+83.63,-13.48,1
2046.5290,1008.64,22.7,39.51,+83.63,-13.56,1
2046.6657,1008.62,22.7,39.68,+83.63,-13.39,1
2046.8019,1008.58,22.7,40.02,+83.63,-13.05,1
2046.9407,1008.61,22.7,39.77,+83.46,-13.48,1
2047.0755,1008.63,22.7,39.59,+83.46,-13.65,1
2047.2107,1008.62,22.7,39.68,+83.46,-13.56,1
2047.3462,1008.64,22.7,39.51,+83.46,-13.74,1
2047.4828,1008.54,22.7,40.37,+83.46,-12.88,1
2047.6174,1008.65,22.7,39.42,+83.46,-13.82,1
2047.7521,1008.66,22.7,39.34,+83.46,-13.91,1
2047.8905,1008.58,22.7,40.02,+83.46,-13.22,1
2048.0282,1008.63,22.7,39.59,+83.28,-13.82,1
2048.1642,1008.70,22.7,38.99,+83.28,-14.43,1
2048.2988,1008.60,22.7,39.85,+83.28,-13.57,1
2048.4337,1008.67,22.7,39.25,+83.28,-14.17,1
2048.5690,1008.63,22.7,39.59,+83.28,-13.82,1
2048.7033,1008.62,22.7,39.68,+83.28,-13.74,1
2048.8385,1008.62,22.7,39.68,+83.28,-13.74,1
2048.9650,1008.64,22.7,39.51,+83.11,-14.08,1
2049.0991,1008.65,22.7,39.42,+83.11,-14.17,1
2049.2339,1008.61,22.7,39.77,+83.11,-13.82,1
2049.3709,1008.61,22.7,39.77,+83.11,-13.82,1
2049.5061,1008.65,22.7,39.42,+83.11,-14.17,1
2049.6406,1008.63,22.7,39.59,+83.11,-13.99,1
2049.7776,1008.60,22.7,39.85,+83.11,-13.74,1
2049.9152,1008.62,22.7,39.68,+83.11,-13.91,1
2050.0525,1008.60,22.7,39.85,+82.96,-13.89,1
2050.1884,1008.61,22.7,39.77,+82.96,-13.97,1
2050.3253,1008.66,22.7,39.34,+82.96,-14.40,1
2050.4577,1008.63,22.7,39.59,+82.96,-14.14,1
2050.5953,1008.65,22.7,39.42,+82.96,-14.32,1
2050.7318,1008.65,22.7,39.42,+82.96,-14.32,1
2050.8646,1008.64,22.7,39.51,+82.96,-14.23,1
2050.9901,1008.59,22.7,39.94,+82.82,-13.94,1
2051.1279,1008.66,22.7,39.34,+82.82,-14.54,1
2051.2605,1008.62,22.7,39.68,+82.82,-14.20,1
2051.3973,1008.64,22.8,39.52,+82.82,-14.36,1
2051.5340,1008.65,22.7,39.42,+82.82,-14.46,1
2051.6697,1008.66,22.8,39.35,+82.82,-14.53,1
2051.8042,1008.70,22.8,39.01,+82.82,-14.87,1
2051.9314,1008.64,22.8,39.52,+82.70,-14.48,1
2052.0669,1008.59,22.8,39.95,+82.70,-14.05,1
2052.2017,1008.68,22.8,39.18,+82.70,-14.82,1
2052.3380,1008.58,22.8,40.04,+82.70,-13.96,1
2052.4724,1008.66,22.8,39.35,+82.70,-14.65,1
2052.6046,1008.68,22.8,39.18,+82.70,-14.82,1
2052.7409,1008.71,22.8,38.92,+82.70,-15.08,1
2052.8780,1008.70,22.8,39.01,+82.70,-14.99,1
2053.0135,1008.60,22.8,39.87,+82.62,-14.21,1
2053.1493,1008.62,22.8,39.69,+82.62,-14.38,1
2053.2878,1008.65,22.8,39.44,+82.62,-14.64,1
2053.4227,1008.64,22.8,39.52,+82.62,-14.56,1
2053.5570,1008.68,22.8,39.18,+82.62,-14.90,1
2053.6938,1008.65,22.8,39.44,+82.62,-14.64,1
2053.8303,1008.60,22.8,39.87,+82.62,-14.21,1
2053.9686,1008.64,22.8,39.52,+82.55,-14.63,1
2054.1030,1008.65,22.8,39.44,+82.55,-14.72,1
2054.2382,1008.58,22.8,40.04,+82.55,-14.11,1
2054.3737,1008.67,22.8,39.26,+82.55,-14.89,1
2054.5105,1008.66,22.8,39.35,+82.55,-14.80,1
2054.6453,1008.64,22.8,39.52,+82.55,-14.63,1
2054.7822,1008.66,22.8,39.35,+82.55,-14.80,1
2054.9186,1008.63,22.8,39.61,+82.55,-14.54,1
2055.0562,1008.59,22.8,39.95,+82.48,-14.27,1
2055.1924,1008.63,22.8,39.61,+82.48,-14.62,1
2055.3250,1008.67,22.8,39.26,+82.48,-14.96,1
2055.4601,1008.63,22.8,39.61,+82.48,-14.62,1
2055.5956,1008.62,22.8,39.69,+82.48,-14.53,1
2055.7298,1008.64,22.8,39.52,+82.48,-14.70,1
2055.8655,1008.63,22.8,39.61,+82.48,-14.62,1
2055.9927,1008.64,22.8,39.52,+82.41,-14.77,1
2056.1272,1008.69,22.8,39.09,+82.41,-15.20,1
2056.2623,1008.66,22.8,39.35,+82.41,-14.94,1
2056.3986,1008.65,22.8,39.44,+82.41,-14.86,1
2056.5360,1008.63,22.8,39.61,+82.41,-14.68,1
2056.6683,1008.62,22.8,39.69,+82.41,-14.60,1
2056.8030,1008.60,22.8,39.87,+82.41,-14.43,1
2056.9304,1008.58,22.8,40.04,+82.33,-14.33,1
2057.0643,1008.64,22.9,39.53,+82.33,-14.83,1
2057.1989,1008.52,22.8,40.55,+82.33,-13.81,1
2057.3359,1008.60,22.9,39.88,+82.33,-14.49,1
2057.4702,1008.70,22.9,39.02,+82.33,-15.35,1
2057.6082,1008.69,22.9,39.10,+82.33,-15.26,1
2057.7428,1008.64,22.9,39.53,+82.33,-14.83,1
2057.8777,1008.65,22.9,39.45,+82.33,-14.92,1
2058.0157,1008.63,22.9,39.62,+82.27,-14.81,1
2058.1519,1008.59,22.9,39.96,+82.27,-14.47,1
2058.2891,1008.64,22.9,39.53,+82.27,-14.90,1
2058.4235,1008.59,22.9,39.96,+82.27,-14.47,1
2058.5586,1008.63,22.9,39.62,+82.27,-14.81,1
2058.6953,1008.63,22.9,39.62,+82.27,-14.81,1
2058.8297,1008.59,22.9,39.96,+82.27,-14.47,1
2058.9678,1008.72,22.9,38.85,+82.20,-15.65,1
2059.1039,1008.62,22.9,39.71,+82.20,-14.79,1
2059.2373,1008.64,22.9,39.53,+82.20,-14.97,1
2059.3720,1008.65,22.9,39.45,+82.20,-15.05,1
2059.5086,1008.65,22.9,39.45,+82.20,-15.05,1
2059.6453,1008.64,22.9,39.53,+82.20,-14.97,1
2059.7795,1008.69,22.9,39.10,+82.20,-15.40,1
2059.9156,1008.67,22.9,39.28,+82.20,-15.22,1
2060.0417,1008.66,22.9,39.36,+82.18,-15.16,1
2060.1744,1008.65,22.9,39.45,+82.18,-15.07,1
2060.3119,1008.60,22.9,39.88,+82.18,-14.64,1
2060.4481,1008.59,22.9,39.96,+82.18,-14.56,1
2060.5801,1008.60,22.9,39.88,+82.18,-14.64,1
2060.7150,1008.62,22.9,39.71,+82.18,-14.81,1
2060.8523,1008.58,22.9,40.05,+82.18,-14.47,1
2060.9904,1008.66,22.9,39.36,+82.15,-15.19,1
2061.1253,1008.60,22.9,39.88,+82.15,-14.67,1
2061.2626,1008.66,22.9,39.36,+82.15,-15.19,1
2061.4005,1008.57,22.9,40.14,+82.15,-14.41,1
2061.5331,1008.59,22.9,39.96,+82.15,-14.58,1
2061.6686,1008.60,22.9,39.88,+82.15,-14.67,1
2061.8056,1008.59,22.9,39.96,+82.15,-14.58,1
2061.9442,1008.60,22.9,39.88,+82.15,-14.67,1
2062.0797,1008.60,22.9,39.88,+82.15,-14.67,1
2062.2165,1008.59,22.9,39.96,+82.15,-14.59,1
2062.3487,1008.60,22.9,39.88,+82.15,-14.67,1
2062.4864,1008.59,22.9,39.96,+82.15,-14.59,1
2062.6231,1008.63,22.9,39.62,+82.15,-14.93,1
2062.7579,1008.69,22.9,39.10,+82.15,-15.45,1
2062.8931,1008.63,22.9,39.62,+82.15,-14.93,1
2063.0212,1008.63,23.0,39.63,+82.19,-14.87,1
2063.1546,1008.72,22.9,38.85,+82.19,-15.66,1
2063.2892,1008.60,22.9,39.88,+82.19,-14.63,1
2063.4259,1008.62,22.9,39.71,+82.19,-14.80,1
2063.5617,1008.62,22.9,39.71,+82.19,-14.80,1
2063.6960,1008.54,22.9,40.39,+82.19,-14.11,1
2063.8333,1008.62,22.9,39.71,+82.19,-14.80,1
2063.9713,1008.58,22.9,40.05,+82.28,-14.37,1
2064.1058,1008.53,22.9,40.48,+82.28,-13.94,1
2064.2429,1008.63,23.0,39.63,+82.28,-14.79,1
2064.3778,1008.61,23.0,39.81,+82.28,-14.62,1
2064.5145,1008.59,23.0,39.98,+82.28,-14.44,1
2064.6499,1008.53,23.0,40.49,+82.28,-13.93,1
2064.7848,1008.59,23.0,39.98,+82.28,-14.44,1
2064.9257,1008.58,23.0,40.06,+82.37,-14.27,1
2065.0583,1008.59,23.0,39.98,+82.37,-14.36,1
2065.1944,1008.68,23.0,39.20,+82.37,-15.13,1
2065.3315,1008.68,23.0,39.20,+82.37,-15.13,1
2065.4657,1008.71,23.0,38.95,+82.37,-15.39,1
2065.6003,1008.64,23.0,39.55,+82.37,-14.79,1
2065.7364,1008.61,23.0,39.81,+82.37,-14.53,1
2065.8734,1008.60,23.0,39.89,+82.37,-14.44,1
2066.0086,1008.56,23.0,40.24,+82.48,-13.98,1
2066.1439,1008.61,23.0,39.81,+82.48,-14.41,1
2066.2824,1008.64,23.0,39.55,+82.48,-14.67,1
2066.4148,1008.62,23.0,39.72,+82.48,-14.50,1
2066.5515,1008.58,23.0,40.06,+82.48,-14.15,1
2066.6882,1008.60,23.0,39.89,+82.48,-14.33,1
2066.8222,1008.59,23.0,39.98,+82.48,-14.24,1
2066.9492,1008.56,23.0,40.24,+82.59,-13.88,1
2067.0864,1008.60,23.0,39.89,+82.59,-14.22,1
2067.2199,1008.57,23.0,40.15,+82.59,-13.96,1
2067.3569,1008.58,23.0,40.06,+82.59,-14.05,1
2067.4933,1008.59,23.0,39.98,+82.59,-14.13,1
2067.6284,1008.59,23.0,39.98,+82.59,-14.13,1
2067.7616,1008.63,23.0,39.63,+82.59,-14.48,1
2067.8998,1008.62,23.0,39.72,+82.59,-14.39,1
2068.0376,1008.56,23.0,40.24,+82.70,-13.76,1
2068.1713,1008.61,23.0,39.81,+82.70,-14.19,1
2068.3082,1008.57,23.0,40.15,+82.70,-13.85,1
2068.4434,1008.57,23.0,40.15,+82.70,-13.85,1
2068.5767,1008.59,23.0,39.98,+82.70,-14.02,1
2068.7135,1008.61,23.0,39.81,+82.70,-14.19,1
2068.8491,1008.55,23.0,40.32,+82.70,-13.68,1
2068.9751,1008.62,23.0,39.72,+82.83,-14.15,1
2069.1101,1008.69,23.0,39.12,+82.83,-14.75,1
2069.2450,1008.67,23.0,39.29,+82.83,-14.58,1
2069.3821,1008.68,23.0,39.20,+82.83,-14.66,1
2069.5176,1008.67,23.0,39.29,+82.83,-14.58,1
2069.6524,1008.57,23.0,40.15,+82.83,-13.72,1
2069.7895,1008.61,23.0,39.81,+82.83,-14.06,1
2069.9281,1008.56,23.0,40.24,+82.98,-13.48,1
2070.0635,1008.62,23.0,39.72,+82.98,-14.00,1
2070.1996,1008.63,23.0,39.63,+82.98,-14.08,1
2070.3318,1008.62,23.0,39.72,+82.98,-14.00,1
2070.4665,1008.64,23.0,39.55,+82.98,-14.17,1
2070.6031,1008.62,23.0,39.72,+82.98,-14.00,1
2070.7395,1008.68,23.0,39.20,+82.98,-14.51,1
2070.8725,1008.66,23.0,39.38,+82.98,-14.34,1
2070.9979,1008.63,23.0,39.63,+83.15,-13.91,1
2071.1358,1008.63,23.0,39.63,+83.15,-13.91,1
2071.2687,1008.62,23.0,39.72,+83.15,-13.83,1
2071.4042,1008.64,23.0,39.55,+83.15,-14.00,1
2071.5410,1008.66,23.0,39.38,+83.15,-14.17,1
2071.6747,1008.59,23.0,39.98,+83.15,-13.57,1
2071.8105,1008.66,23.0,39.38,+83.15,-14.17,1
2071.9370,1008.61,23.0,39.81,+83.32,-13.57,1
2072.0699,1008.67,23.0,39.29,+83.32,-14.09,1
2072.2072,1008.67,23.0,39.29,+83.32,-14.09,1
2072.3442,1008.69,23.0,39.12,+83.32,-14.26,1
2072.4772,1008.64,23.0,39.55,+83.32,-13.83,1
2072.6126,1008.67,23.0,39.29,+83.32,-14.09,1
2072.7501,1008.70,23.0,39.03,+83.32,-14.34,1
2072.8860,1008.62,23.0,39.72,+83.32,-13.66,1
2073.0228,1008.68,23.0,39.20,+83.51,-13.99,1
2073.1595,1008.67,23.0,39.29,+83.51,-13.90,1
2073.2960,1008.57,23.0,40.15,+83.51,-13.04,1
2073.4302,1008.61,23.0,39.81,+83.51,-13.39,1
2073.5668,1008.62,23.0,39.72,+83.51,-13.47,1
2073.7018,1008.62,23.0,39.72,+83.51,-13.47,1
2073.8380,1008.61,23.0,39.81,+83.51,-13.39,1
2073.9648,1008.60,23.0,39.89,+83.69,-13.12,1
2074.0997,1008.64,23.0,39.55,+83.69,-13.46,1
2074.2344,1008.63,23.0,39.63,+83.69,-13.38,1
2074.3724,1008.64,23.0,39.55,+83.69,-13.46,1
2074.5069,1008.62,23.0,39.72,+83.69,-13.29,1
2074.6435,1008.58,23.0,40.06,+83.69,-12.95,1
2074.7779,1008.59,23.0,39.98,+83.69,-13.03,1
2074.9147,1008.67,23.0,39.29,+83.69,-13.72,1
2075.0405,1008.67,23.0,39.29,+83.86,-13.55,1
2075.1747,1008.59,23.0,39.98,+83.86,-12.86,1
2075.3095,1008.65,23.0,39.46,+83.86,-13.38,1
2075.4465,1008.61,23.0,39.81,+83.86,-13.03,1
2075.5801,1008.58,23.0,40.06,+83.86,-12.78,1
2075.7167,1008.70,23.0,39.03,+83.86,-13.81,1
2075.8521,1008.63,23.0,39.63,+83.86,-13.21,1
2075.9902,1008.61,23.0,39.81,+83.99,-12.90,1
2076.1267,1008.60,23.0,39.89,+83.99,-12.82,1
2076.2619,1008.57,23.0,40.15,+83.99,-12.56,1
2076.3986,1008.59,23.0,39.98,+83.99,-12.73,1
2076.5340,1008.62,23.0,39.72,+83.99,-12.99,1
2076.6687,1008.55,23.0,40.32,+83.99,-12.39,1
2076.8059,1008.56,23.0,40.24,+83.99,-12.47,1
2076.9443,1008.65,23.0,39.46,+84.10,-13.14,1
2077.0797,1008.57,23.0,40.15,+84.10,-12.45,1
2077.2158,1008.60,23.0,39.89,+84.10,-12.71,1
2077.3478,1008.59,23.0,39.98,+84.10,-12.63,1
2077.4849,1008.59,23.0,39.98,+84.10,-12.63,1
2077.6210,1008.60,23.0,39.89,+84.10,-12.71,1
2077.7575,1008.63,23.0,39.63,+84.10,-12.97,1
2077.8906,1008.63,23.1,39.65,+84.10,-12.96,1
2078.0163,1008.70,23.1,39.04,+84.25,-13.41,1
2078.1542,1008.64,23.0,39.55,+84.25,-12.91,1
2078.2855,1008.63,23.0,39.63,+84.25,-12.82,1
2078.4210,1008.61,23.0,39.81,+84.25,-12.65,1
2078.5575,1008.60,23.0,39.89,+84.25,-12.56,1
2078.6912,1008.63,23.1,39.65,+84.25,-12.81,1
2078.8273,1008.57,23.1,40.16,+84.25,-12.29,1
2078.9538,1008.58,23.1,40.08,+84.38,-12.24,1
2079.0861,1008.62,23.1,39.73,+84.38,-12.58,1
2079.2223,1008.63,23.1,39.65,+84.38,-12.67,1
2079.3594,1008.58,23.1,40.08,+84.38,-12.24,1
2079.4936,1008.63,23.1,39.65,+84.38,-12.67,1
2079.6285,1008.61,23.1,39.82,+84.38,-12.50,1
2079.7663,1008.60,23.1,39.91,+84.38,-12.41,1
2079.9036,1008.60,23.1,39.91,+84.38,-12.41,1
2080.0398,1008.58,23.1,40.08,+84.59,-12.03,1
2080.1773,1008.60,23.1,39.91,+84.59,-12.20,1
2080.3128,1008.60,23.1,39.91,+84.59,-12.20,1
2080.4454,1008.58,23.1,40.08,+84.59,-12.03,1
2080.5820,1008.59,23.1,39.99,+84.59,-12.12,1
2080.7187,1008.61,23.1,39.82,+84.59,-12.29,1
2080.8526,1008.69,23.1,39.13,+84.59,-12.98,1
2080.9796,1008.61,23.1,39.82,+84.84,-12.04,1
2081.1143,1008.60,23.1,39.91,+84.84,-11.95,1
2081.2468,1008.63,23.1,39.65,+84.84,-12.21,1
2081.3846,1008.61,23.1,39.82,+84.84,-12.04,1
2081.5214,1008.66,23.0,39.38,+84.84,-12.48,1
2081.6565,1008.66,23.0,39.38,+84.84,-12.48,1
2081.7896,1008.73,23.0,38.77,+84.84,-13.08,1
2081.9311,1008.58,23.0,40.06,+85.11,-11.53,1
2082.0666,1008.66,23.0,39.38,+85.11,-12.22,1
2082.2013,1008.65,23.0,39.46,+85.11,-12.13,1
2082.3384,1008.63,23.0,39.63,+85.11,-11.96,1
2082.4741,1008.65,23.0,39.46,+85.11,-12.13,1
2082.6083,1008.64,23.0,39.55,+85.11,-12.05,1
2082.7449,1008.64,23.0,39.55,+85.11,-12.05,1
2082.8805,1008.61,23.0,39.81,+85.11,-11.79,1
2083.0203,1008.60,23.0,39.89,+85.34,-11.46,1
2083.1546,1008.64,23.0,39.55,+85.34,-11.81,1
2083.2894,1008.70,23.0,39.03,+85.34,-12.32,1
2083.4263,1008.65,23.0,39.46,+85.34,-11.89,1
2083.5592,1008.65,23.0,39.46,+85.34,-11.89,1
2083.6937,1008.54,23.0,40.41,+85.34,-10.95,1
2083.8315,1008.70,23.0,39.03,+85.34,-12.32,1
2083.9671,1008.58,23.0,40.06,+85.63,-11.01,1
2084.1029,1008.59,23.0,39.98,+85.63,-11.09,1
2084.2403,1008.60,23.0,39.89,+85.63,-11.18,1
2084.3747,1008.68,23.0,39.20,+85.63,-11.87,1
2084.5077,1008.65,23.0,39.46,+85.63,-11.61,1
2084.6438,1008.64,23.0,39.55,+85.63,-11.52,1
2084.7802,1008.65,23.0,39.46,+85.63,-11.61,1
2084.9130,1008.63,23.0,39.63,+85.63,-11.44,1
2085.0386,1008.62,23.0,39.72,+85.89,-11.09,1
2085.1764,1008.62,23.0,39.72,+85.89,-11.09,1
2085.3093,1008.63,23.0,39.63,+85.89,-11.18,1
2085.4448,1008.60,23.0,39.89,+85.89,-10.92,1
2085.5809,1008.62,23.0,39.72,+85.89,-11.09,1
2085.7146,1008.63,23.0,39.63,+85.89,-11.18,1
2085.8505,1008.69,23.0,39.12,+85.89,-11.69,1
2085.9770,1008.62,23.0,39.72,+86.16,-10.82,1
2086.1095,1008.60,23.0,39.89,+86.16,-10.65,1
2086.2465,1008.65,23.0,39.46,+86.16,-11.08,1
2086.3826,1008.59,23.0,39.98,+86.16,-10.57,1
2086.5193,1008.63,23.0,39.63,+86.16,-10.91,1
2086.6517,1008.63,23.0,39.63,+86.16,-10.91,1
2086.7886,1008.58,23.0,40.06,+86.16,-10.48,1
2086.9290,1008.58,23.0,40.06,+86.38,-10.25,1
2087.0616,1008.58,23.0,40.06,+86.38,-10.25,1
2087.1986,1008.62,23.0,39.72,+86.38,-10.60,1
2087.3367,1008.59,23.0,39.98,+86.38,-10.34,1
2087.4688,1008.64,23.0,39.55,+86.38,-10.77,1
2087.6054,1008.65,22.9,39.45,+86.38,-10.87,1
2087.7422,1008.65,22.9,39.45,+86.38,-10.87,1
2087.8789,1008.59,22.9,39.96,+86.38,-10.35,1
2088.0156,1008.64,22.9,39.53,+86.62,-10.54,1
2088.1523,1008.65,22.9,39.45,+86.62,-10.63,1
2088.2874,1008.64,22.9,39.53,+86.62,-10.54,1
2088.4213,1008.63,23.0,39.63,+86.62,-10.44,1
2088.5575,1008.61,22.9,39.79,+86.62,-10.29,1
2088.6922,1008.66,23.0,39.38,+86.62,-10.70,1
2088.8273,1008.62,23.0,39.72,+86.62,-10.36,1
2088.9530,1008.60,23.0,39.89,+86.89,-9.92,1
2089.0877,1008.59,23.0,39.98,+86.89,-9.83,1
2089.2223,1008.60,23.0,39.89,+86.89,-9.92,1
2089.3593,1008.59,23.0,39.98,+86.89,-9.83,1
2089.4947,1008.60,23.0,39.89,+86.89,-9.92,1
2089.6299,1008.57,23.0,40.15,+86.89,-9.66,1
2089.7642,1008.64,23.0,39.55,+86.89,-10.26,1
2089.8995,1008.62,23.0,39.72,+86.89,-10.09,1
2090.0264,1008.65,23.0,39.46,+87.15,-10.09,1
2090.1600,1008.62,23.0,39.72,+87.15,-9.83,1
2090.2951,1008.57,23.0,40.15,+87.15,-9.40,1
2090.4319,1008.65,23.0,39.46,+87.15,-10.09,1
2090.5676,1008.55,23.0,40.32,+87.15,-9.23,1
2090.7018,1008.59,23.0,39.98,+87.15,-9.58,1
2090.8369,1008.61,23.0,39.81,+87.15,-9.75,1
2090.9756,1008.57,23.0,40.15,+87.39,-9.16,1
2091.1117,1008.58,23.0,40.06,+87.39,-9.25,1
2091.2465,1008.60,23.0,39.89,+87.39,-9.42,1
2091.3835,1008.62,23.0,39.72,+87.39,-9.59,1
2091.5178,1008.59,23.0,39.98,+87.39,-9.33,1
2091.6531,1008.56,23.0,40.24,+87.39,-9.08,1
2091.7886,1008.60,23.0,39.89,+87.39,-9.42,1
2091.9272,1008.55,23.0,40.32,+87.65,-8.73,1
2092.0623,1008.68,23.0,39.20,+87.65,-9.85,1
2092.2010,1008.57,23.0,40.15,+87.65,-8.90,1
2092.3331,1008.58,23.0,40.06,+87.65,-8.99,1
2092.4693,1008.58,23.0,40.06,+87.65,-8.99,1
2092.6050,1008.61,23.0,39.81,+87.65,-9.25,1
2092.7429,1008.67,23.0,39.29,+87.65,-9.76,1
2092.8760,1008.57,23.0,40.15,+87.65,-8.90,1
2093.0013,1008.57,23.0,40.15,+87.93,-8.62,1
2093.1383,1008.62,23.0,39.72,+87.93,-9.05,1
2093.2725,1008.60,23.0,39.89,+87.93,-8.87,1
2093.4080,1008.64,23.1,39.56,+87.93,-9.20,1
2093.5442,1008.59,23.1,39.99,+87.93,-8.77,1
2093.6764,1008.60,23.1,39.91,+87.93,-8.86,1
2093.8135,1008.58,23.1,40.08,+87.93,-8.69,1
2093.9399,1008.66,23.1,39.39,+88.27,-9.04,1
2094.0724,1008.52,23.1,40.59,+88.27,-7.84,1
2094.2078,1008.58,23.1,40.08,+88.27,-8.36,1
2094.3443,1008.57,23.1,40.16,+88.27,-8.27,1
2094.4781,1008.63,23.1,39.65,+88.27,-8.79,1
2094.6133,1008.67,23.1,39.30,+88.27,-9.13,1
2094.7502,1008.65,23.1,39.48,+88.27,-8.96,1
2094.8887,1008.58,23.1,40.08,+88.27,-8.36,1
2095.0249,1008.62,23.1,39.73,+88.59,-8.37,1
2095.1618,1008.63,23.1,39.65,+88.59,-8.46,1
2095.2994,1008.66,23.1,39.39,+88.59,-8.72,1
2095.4330,1008.66,23.1,39.39,+88.59,-8.72,1
2095.5698,1008.69,23.1,39.13,+88.59,-8.98,1
2095.7066,1008.58,23.1,40.08,+88.59,-8.03,1
2095.8395,1008.62,23.1,39.73,+88.59,-8.37,1
2095.9660,1008.67,23.1,39.30,+88.92,-8.47,1
2096.1029,1008.67,23.1,39.30,+88.92,-8.47,1
2096.2356,1008.73,23.1,38.79,+88.92,-8.99,1
2096.3723,1008.70,23.1,39.04,+88.92,-8.73,1
2096.5104,1008.65,23.1,39.48,+88.92,-8.30,1
2096.6454,1008.64,23.1,39.56,+88.92,-8.21,1
2096.7786,1008.63,23.1,39.65,+88.92,-8.13,1
2096.9155,1008.65,23.1,39.48,+88.92,-8.30,1
2097.0415,1008.65,23.1,39.48,+89.27,-7.95,1
2097.1752,1008.60,23.1,39.91,+89.27,-7.52,1
2097.3114,1008.55,23.1,40.34,+89.27,-7.09,1
2097.4486,1008.57,23.1,40.16,+89.27,-7.26,1
2097.5821,1008.54,23.1,40.42,+89.27,-7.01,1
2097.7190,1008.63,23.1,39.65,+89.27,-7.78,1
2097.8565,1008.62,23.1,39.73,+89.27,-7.69,1
2097.9920,1008.56,23.1,40.25,+89.59,-6.86,1
2098.1290,1008.62,23.1,39.73,+89.59,-7.38,1
2098.2662,1008.56,23.1,40.25,+89.59,-6.86,1
2098.4011,1008.59,23.1,39.99,+89.59,-7.12,1
2098.5355,1008.54,23.1,40.42,+89.59,-6.69,1
2098.6735,1008.62,23.1,39.73,+89.59,-7.38,1
2098.8088,1008.61,23.1,39.82,+89.59,-7.29,1
2098.9474,1008.54,23.1,40.42,+89.88,-6.39,1
2099.0819,1008.58,23.1,40.08,+89.88,-6.74,1
2099.2182,1008.58,23.1,40.08,+89.88,-6.74,1
2099.3511,1008.58,23.1,40.08,+89.88,-6.74,1
2099.4871,1008.65,23.1,39.48,+89.88,-7.34,1
2099.6224,1008.61,23.1,39.82,+89.88,-7.00,1
2099.7616,1008.62,23.1,39.73,+89.88,-7.08,1
2099.8967,1008.61,23.1,39.82,+89.88,-7.00,1
2100.0346,1008.61,23.1,39.82,+90.15,-6.73,1
2100.1707,1008.58,23.1,40.08,+90.15,-6.47,1
2100.3063,1008.62,23.1,39.73,+90.15,-6.81,1
2100.4412,1008.58,23.1,40.08,+90.15,-6.47,1
2100.5779,1008.64,23.2,39.57,+90.15,-6.97,1
2100.7121,1008.62,23.2,39.75,+90.15,-6.80,1
2100.8479,1008.59,23.2,40.00,+90.15,-6.54,1
2100.9856,1008.55,23.2,40.35,+90.37,-5.98,1
2101.1222,1008.60,23.2,39.92,+90.37,-6.41,1
2101.2550,1008.66,23.2,39.40,+90.37,-6.92,1
2101.3916,1008.64,23.2,39.57,+90.37,-6.75,1
2101.5278,1008.64,23.2,39.57,+90.37,-6.75,1
2101.6602,1008.62,23.2,39.75,+90.37,-6.58,1
2101.7976,1008.64,23.2,39.57,+90.37,-6.75,1
2101.9257,1008.62,23.2,39.75,+90.55,-6.40,1
2102.0571,1008.62,23.2,39.75,+90.55,-6.40,1
2102.1943,1008.61,23.2,39.83,+90.55,-6.32,1
2102.3314,1008.68,23.2,39.23,+90.55,-6.92,1
2102.4650,1008.63,23.2,39.66,+90.55,-6.49,1
2102.6004,1008.65,23.2,39.49,+90.55,-6.66,1
2102.7368,1008.67,23.2,39.32,+90.55,-6.83,1
2102.8723,1008.67,23.2,39.32,+90.55,-6.83,1
2103.0102,1008.67,23.2,39.32,+90.71,-6.67,1
2103.1478,1008.65,23.2,39.49,+90.71,-6.50,1
2103.2832,1008.63,23.2,39.66,+90.71,-6.33,1
2103.4159,1008.70,23.2,39.06,+90.71,-6.93,1
2103.5533,1008.65,23.2,39.49,+90.71,-6.50,1
2103.6879,1008.65,23.2,39.49,+90.71,-6.50,1
2103.8227,1008.64,23.2,39.57,+90.71,-6.41,1
2103.9611,1008.65,23.2,39.49,+90.85,-6.36,1
2104.0977,1008.66,23.2,39.40,+90.85,-6.44,1
2104.2351,1008.65,23.2,39.49,+90.85,-6.36,1
2104.3694,1008.63,23.2,39.66,+90.85,-6.19,1
2104.5041,1008.66,23.2,39.40,+90.85,-6.44,1
2104.6420,1008.64,23.2,39.57,+90.85,-6.27,1
2104.7764,1008.67,23.2,39.32,+90.85,-6.53,1
2104.9156,1008.66,23.2,39.40,+90.99,-6.30,1
2105.0510,1008.62,23.2,39.75,+90.99,-5.96,1
2105.1864,1008.67,23.2,39.32,+90.99,-6.39,1
2105.3214,1008.67,23.2,39.32,+90.99,-6.39,1
2105.4583,1008.65,23.2,39.49,+90.99,-6.22,1
2105.5949,1008.68,23.2,39.23,+90.99,-6.48,1
2105.7283,1008.66,23.2,39.40,+90.99,-6.30,1
2105.8646,1008.67,23.2,39.32,+90.99,-6.39,1
2105.9911,1008.63,23.2,39.66,+91.09,-5.95,1
2106.1241,1008.66,23.2,39.40,+91.09,-6.21,1
2106.2624,1008.71,23.2,38.97,+91.09,-6.64,1
2106.3992,1008.65,23.1,39.48,+91.09,-6.14,1
2106.5320,1008.66,23.1,39.39,+91.09,-6.22,1
2106.6674,1008.75,23.1,38.61,+91.09,-7.00,1
2106.8053,1008.67,23.1,39.30,+91.09,-6.31,1
2106.9420,1008.65,23.1,39.48,+91.16,-6.06,1
2107.0775,1008.64,23.1,39.56,+91.16,-5.97,1
2107.2144,1008.64,23.1,39.56,+91.16,-5.97,1
2107.3507,1008.70,23.1,39.04,+91.16,-6.49,1
2107.4849,1008.67,23.1,39.30,+91.16,-6.23,1
2107.6218,1008.71,23.1,38.96,+91.16,-6.58,1
2107.7570,1008.68,23.1,39.22,+91.16,-6.32,1
2107.8915,1008.70,23.1,39.04,+91.16,-6.49,1
2108.0180,1008.65,23.1,39.48,+91.22,-6.00,1
2108.1535,1008.70,23.1,39.04,+91.22,-6.43,1
2108.2875,1008.61,23.1,39.82,+91.22,-5.66,1
2108.4251,1008.69,23.1,39.13,+91.22,-6.35,1
2108.5600,1008.61,23.1,39.82,+91.22,-5.66,1
2108.6944,1008.60,23.1,39.91,+91.22,-5.57,1
2108.8318,1008.68,23.1,39.22,+91.22,-6.26,1
2108.9571,1008.61,23.1,39.82,+91.25,-5.63,1
2109.0900,1008.66,23.1,39.39,+91.25,-6.06,1
2109.2280,1008.59,23.1,39.99,+91.25,-5.46,1
2109.3628,1008.60,23.1,39.91,+91.25,-5.54,1
2109.5007,1008.59,23.1,39.99,+91.25,-5.46,1
2109.6349,1008.64,23.1,39.56,+91.25,-5.89,1
2109.7699,1008.58,23.1,40.08,+91.25,-5.37,1
2109.9074,1008.58,23.1,40.08,+91.25,-5.37,1
2110.0446,1008.68,23.1,39.22,+91.22,-6.26,1
2110.1794,1008.65,23.1,39.48,+91.22,-6.00,1
2110.3164,1008.66,23.1,39.39,+91.22,-6.09,1
2110.4510,1008.64,23.1,39.56,+91.22,-5.92,1
2110.5870,1008.61,23.1,39.82,+91.22,-5.66,1
2110.7238,1008.63,23.1,39.65,+91.22,-5.83,1
2110.8612,1008.63,23.1,39.65,+91.22,-5.83,1
2110.9970,1008.60,23.0,39.89,+91.17,-5.63,1
2111.1353,1008.63,23.0,39.63,+91.17,-5.89,1
2111.2724,1008.60,23.0,39.89,+91.17,-5.63,1
2111.4046,1008.61,23.1,39.82,+91.17,-5.71,1
2111.5399,1008.63,23.0,39.63,+91.17,-5.89,1
2111.6776,1008.59,23.1,39.99,+91.17,-5.53,1
2111.8106,1008.57,23.1,40.16,+91.17,-5.36,1
2111.9375,1008.59,23.0,39.98,+91.09,-5.64,1
2112.0728,1008.60,23.1,39.91,+91.09,-5.71,1
2112.2059,1008.59,23.1,39.99,+91.09,-5.62,1
2112.3427,1008.58,23.1,40.08,+91.09,-5.54,1
2112.4793,1008.58,23.1,40.08,+91.09,-5.54,1
2112.6145,1008.66,23.1,39.39,+91.09,-6.22,1
2112.7487,1008.62,23.1,39.73,+91.09,-5.88,1
2112.8857,1008.61,23.1,39.82,+91.09,-5.79,1
2113.0242,1008.58,23.1,40.08,+90.98,-5.64,1
2113.1587,1008.62,23.1,39.73,+90.98,-5.98,1
2113.2972,1008.58,23.1,40.08,+90.98,-5.64,1
2113.4318,1008.57,23.1,40.16,+90.98,-5.55,1
2113.5661,1008.58,23.1,40.08,+90.98,-5.64,1
2113.7028,1008.58,23.0,40.06,+90.98,-5.65,1
2113.8395,1008.59,23.1,39.99,+90.98,-5.72,1
2113.9803,1008.61,23.1,39.82,+90.87,-6.02,1
2114.1125,1008.59,23.1,39.99,+90.87,-5.84,1
2114.2474,1008.59,23.1,39.99,+90.87,-5.84,1
2114.3837,1008.67,23.1,39.30,+90.87,-6.53,1
2114.5174,1008.56,23.1,40.25,+90.87,-5.59,1
2114.6520,1008.63,23.1,39.65,+90.87,-6.19,1
2114.7898,1008.65,23.1,39.48,+90.87,-6.36,1
2114.9301,1008.59,23.1,39.99,+90.74,-5.97,1
2115.0651,1008.61,23.1,39.82,+90.74,-6.14,1
2115.2022,1008.58,23.1,40.08,+90.74,-5.88,1
2115.3367,1008.62,23.1,39.73,+90.74,-6.23,1
2115.4700,1008.62,23.1,39.73,+90.74,-6.23,1
2115.6068,1008.58,23.1,40.08,+90.74,-5.88,1
2115.7438,1008.55,23.1,40.34,+90.74,-5.62,1
2115.8766,1008.65,23.1,39.48,+90.74,-6.48,1
2116.0033,1008.64,23.1,39.56,+90.57,-6.57,1
2116.1402,1008.58,23.1,40.08,+90.57,-6.05,1
2116.2728,1008.62,23.1,39.73,+90.57,-6.40,1
2116.4082,1008.62,23.1,39.73,+90.57,-6.40,1
2116.5457,1008.63,23.1,39.65,+90.57,-6.48,1
2116.6784,1008.58,23.1,40.08,+90.57,-6.05,1
2116.8143,1008.60,23.1,39.91,+90.57,-6.23,1
2116.9415,1008.57,23.1,40.16,+90.36,-6.18,1
2117.0754,1008.73,23.1,38.79,+90.36,-7.56,1
2117.2126,1008.64,23.1,39.56,+90.36,-6.78,1
2117.3497,1008.67,23.1,39.30,+90.36,-7.04,1
2117.4846,1008.64,23.1,39.56,+90.36,-6.78,1
2117.6188,1008.70,23.1,39.04,+90.36,-7.30,1
2117.7557,1008.61,23.1,39.82,+90.36,-6.52,1
2117.8908,1008.62,23.1,39.73,+90.36,-6.61,1
2118.0277,1008.59,23.1,39.99,+90.16,-6.55,1
2118.1657,1008.67,23.1,39.30,+90.16,-7.24,1
2118.3010,1008.66,23.1,39.39,+90.16,-7.15,1
2118.4355,1008.60,23.1,39.91,+90.16,-6.64,1
2118.5720,1008.66,23.1,39.39,+90.16,-7.15,1
2118.7080,1008.59,23.1,39.99,+90.16,-6.55,1
2118.8457,1008.63,23.1,39.65,+90.16,-6.90,1
2118.9842,1008.54,23.1,40.42,+89.94,-6.34,1
2119.1194,1008.62,23.1,39.73,+89.94,-7.03,1
2119.2578,1008.58,23.1,40.08,+89.94,-6.69,1
2119.3921,1008.69,23.1,39.13,+89.94,-7.63,1
2119.5265,1008.65,23.1,39.48,+89.94,-7.29,1
2119.6633,1008.60,23.1,39.91,+89.94,-6.86,1
2119.7993,1008.63,23.1,39.65,+89.94,-7.12,1
2119.9375,1008.56,23.1,40.25,+89.69,-6.76,1
2120.0741,1008.62,23.1,39.73,+89.69,-7.27,1
2120.2113,1008.59,23.1,39.99,+89.69,-7.01,1
2120.3452,1008.53,23.1,40.51,+89.69,-6.50,1
2120.4809,1008.58,23.1,40.08,+89.69,-6.93,1
2120.6172,1008.62,23.1,39.73,+89.69,-7.27,1
2120.7498,1008.60,23.1,39.91,+89.69,-7.10,1
2120.8868,1008.55,23.1,40.34,+89.69,-6.67,1
2121.0134,1008.62,23.2,39.75,+89.45,-7.51,1
2121.1461,1008.57,23.2,40.18,+89.45,-7.07,1
2121.2837,1008.59,23.2,40.00,+89.45,-7.25,1
2121.4218,1008.56,23.2,40.26,+89.45,-6.99,1
2121.5541,1008.56,23.2,40.26,+89.45,-6.99,1
2121.6907,1008.61,23.2,39.83,+89.45,-7.42,1
2121.8280,1008.65,23.2,39.49,+89.45,-7.76,1
2121.9678,1008.62,23.2,39.75,+89.24,-7.71,1
2122.1024,1008.53,23.1,40.51,+89.24,-6.95,1
2122.2398,1008.57,23.2,40.18,+89.24,-7.28,1
2122.3747,1008.57,23.2,40.18,+89.24,-7.28,1
2122.5085,1008.56,23.1,40.25,+89.24,-7.21,1
2122.6447,1008.63,23.2,39.66,+89.24,-7.80,1
2122.7794,1008.56,23.2,40.26,+89.24,-7.20,1
2122.9142,1008.62,23.2,39.75,+89.24,-7.71,1
2123.0423,1008.60,23.2,39.92,+89.05,-7.73,1
2123.1773,1008.57,23.1,40.16,+89.05,-7.49,1
2123.3123,1008.62,23.2,39.75,+89.05,-7.90,1
2123.4493,1008.60,23.2,39.92,+89.05,-7.73,1
2123.5847,1008.62,23.2,39.75,+89.05,-7.90,1
2123.7194,1008.58,23.2,40.09,+89.05,-7.56,1
2123.8543,1008.57,23.1,40.16,+89.05,-7.49,1
2123.9813,1008.53,23.1,40.51,+88.89,-7.30,1
2124.1179,1008.58,23.1,40.08,+88.89,-7.73,1
2124.2525,1008.57,23.1,40.16,+88.89,-7.65,1
2124.3894,1008.69,23.2,39.14,+88.89,-8.67,1
2124.5239,1008.59,23.2,40.00,+88.89,-7.81,1
2124.6593,1008.60,23.2,39.92,+88.89,-7.89,1
2124.7961,1008.59,23.2,40.00,+88.89,-7.81,1
2124.9352,1008.60,23.2,39.92,+88.74,-8.04,1
2125.0691,1008.58,23.2,40.09,+88.74,-7.87,1
2125.2071,1008.53,23.2,40.52,+88.74,-7.44,1
2125.3419,1008.61,23.2,39.83,+88.74,-8.13,1
2125.4786,1008.60,23.2,39.92,+88.74,-8.04,1
2125.6131,1008.61,23.2,39.83,+88.74,-8.13,1
2125.7492,1008.64,23.2,39.57,+88.74,-8.39,1
2125.8865,1008.68,23.2,39.23,+88.74,-8.73,1
2126.0246,1008.59,23.2,40.00,+88.64,-8.05,1
2126.1594,1008.65,23.2,39.49,+88.64,-8.57,1
2126.2978,1008.57,23.2,40.18,+88.64,-7.88,1
2126.4320,1008.54,23.1,40.42,+88.64,-7.64,1
2126.5669,1008.62,23.2,39.75,+88.64,-8.31,1
2126.7035,1008.65,23.2,39.49,+88.64,-8.57,1
2126.8421,1008.60,23.2,39.92,+88.64,-8.14,1
2126.9775,1008.56,23.2,40.26,+88.56,-7.88,1
2127.1149,1008.60,23.2,39.92,+88.56,-8.22,1
2127.2500,1008.61,23.2,39.83,+88.56,-8.31,1
2127.3840,1008.56,23.2,40.26,+88.56,-7.88,1
2127.5210,1008.58,23.2,40.09,+88.56,-8.05,1
2127.6582,1008.58,23.1,40.08,+88.56,-8.06,1
2127.7913,1008.58,23.1,40.08,+88.56,-8.06,1
2127.9316,1008.65,23.1,39.48,+88.54,-8.68,1
2128.0686,1008.56,23.1,40.25,+88.54,-7.91,1
2128.2038,1008.56,23.1,40.25,+88.54,-7.91,1
2128.3383,1008.61,23.1,39.82,+88.54,-8.34,1
2128.4762,1008.55,23.1,40.34,+88.54,-7.82,1
2128.6111,1008.62,23.1,39.73,+88.54,-8.42,1
2128.7456,1008.58,23.1,40.08,+88.54,-8.08,1
2128.8833,1008.68,23.1,39.22,+88.54,-8.94,1
2129.0086,1008.65,23.1,39.48,+88.60,-8.62,1
2129.1417,1008.64,23.1,39.56,+88.60,-8.54,1
2129.2789,1008.65,23.1,39.48,+88.60,-8.62,1
2129.4137,1008.60,23.1,39.91,+88.60,-8.19,1
2129.5481,1008.62,23.1,39.73,+88.60,-8.36,1
2129.6755,1008.56,23.1,40.25,+88.60,-7.85,1
2129.8109,1008.65,23.1,39.48,+88.60,-8.62,1
2129.9478,1008.61,23.1,39.82,+88.69,-8.19,1
2130.0848,1008.61,23.1,39.82,+88.69,-8.19,1
2130.2221,1008.62,23.1,39.73,+88.69,-8.27,1
2130.3574,1008.57,23.1,40.16,+88.69,-7.84,1
2130.4918,1008.63,23.1,39.65,+88.69,-8.36,1
2130.6301,1008.59,23.1,39.99,+88.69,-8.01,1
2130.7651,1008.61,23.1,39.82,+88.69,-8.19,1
2130.9005,1008.56,23.1,40.25,+88.69,-7.76,1
2131.0274,1008.66,23.1,39.39,+88.82,-8.50,1
2131.1643,1008.56,23.1,40.25,+88.82,-7.63,1
2131.2978,1008.62,23.1,39.73,+88.82,-8.15,1
2131.4343,1008.59,23.1,39.99,+88.82,-7.89,1
2131.5691,1008.65,23.1,39.48,+88.82,-8.41,1
2131.7033,1008.61,23.1,39.82,+88.82,-8.07,1
2131.8404,1008.62,23.1,39.73,+88.82,-8.15,1
2131.9782,1008.65,23.2,39.49,+89.01,-8.20,1
2132.1146,1008.62,23.1,39.73,+89.01,-7.95,1
2132.2491,1008.58,23.1,40.08,+89.01,-7.61,1
2132.3840,1008.58,23.1,40.08,+89.01,-7.61,1
2132.5207,1008.52,23.1,40.59,+89.01,-7.09,1
2132.6549,1008.64,23.2,39.57,+89.01,-8.11,1
2132.7913,1008.58,23.1,40.08,+89.01,-7.61,1
2132.9327,1008.58,23.1,40.08,+89.26,-7.36,1
2133.0652,1008.59,23.1,39.99,+89.26,-7.44,1
2133.2000,1008.60,23.1,39.91,+89.26,-7.53,1
2133.3383,1008.57,23.1,40.16,+89.26,-7.27,1
2133.4750,1008.64,23.1,39.56,+89.26,-7.87,1
2133.6073,1008.56,23.1,40.25,+89.26,-7.19,1
2133.7429,1008.54,23.1,40.42,+89.26,-7.01,1
2133.8815,1008.65,23.2,39.49,+89.26,-7.95,1
2134.0176,1008.61,23.1,39.82,+89.54,-7.34,1
2134.1531,1008.59,23.2,40.00,+89.54,-7.15,1
2134.2902,1008.61,23.2,39.83,+89.54,-7.33,1
2134.4242,1008.59,23.1,39.99,+89.54,-7.17,1
2134.5609,1008.62,23.2,39.75,+89.54,-7.41,1
2134.6978,1008.60,23.2,39.92,+89.54,-7.24,1
2134.8333,1008.60,23.2,39.92,+89.54,-7.24,1
2134.9714,1008.61,23.2,39.83,+89.81,-7.06,1
2135.1081,1008.64,23.2,39.57,+89.81,-7.32,1
2135.2434,1008.61,23.2,39.83,+89.81,-7.06,1
2135.3781,1008.60,23.2,39.92,+89.81,-6.97,1
2135.5034,1008.61,23.2,39.83,+89.81,-7.06,1
2135.6378,1008.55,23.2,40.35,+89.81,-6.54,1
2135.7702,1008.61,23.2,39.83,+89.81,-7.06,1
2135.9062,1008.65,23.2,39.49,+89.81,-7.40,1
2136.0337,1008.64,23.2,39.57,+90.10,-7.03,1
2136.1663,1008.54,23.2,40.44,+90.10,-6.17,1
2136.3035,1008.59,23.2,40.00,+90.10,-6.60,1
2136.4405,1008.60,23.2,39.92,+90.10,-6.68,1
2136.5738,1008.65,23.2,39.49,+90.10,-7.11,1
2136.7105,1008.64,23.2,39.57,+90.10,-7.03,1
2136.8480,1008.67,23.2,39.32,+90.10,-7.29,1
2136.9870,1008.66,23.2,39.40,+90.39,-6.91,1
2137.1213,1008.58,23.2,40.09,+90.39,-6.22,1
2137.2580,1008.61,23.2,39.83,+90.39,-6.48,1
2137.3929,1008.57,23.2,40.18,+90.39,-6.14,1
2137.5272,1008.61,23.2,39.83,+90.39,-6.48,1
2137.6650,1008.59,23.2,40.00,+90.39,-6.31,1
2137.8001,1008.57,23.2,40.18,+90.39,-6.14,1
2137.9384,1008.55,23.2,40.35,+90.64,-5.71,1
2138.0730,1008.62,23.2,39.75,+90.64,-6.31,1
2138.2082,1008.62,23.2,39.75,+90.64,-6.31,1
2138.3440,1008.65,23.2,39.49,+90.64,-6.57,1
2138.4784,1008.61,23.2,39.83,+90.64,-6.22,1
2138.6135,1008.60,23.2,39.92,+90.64,-6.14,1
2138.7501,1008.65,23.2,39.49,+90.64,-6.57,1
2138.8847,1008.65,23.2,39.49,+90.64,-6.57,1
2139.0224,1008.55,23.2,40.35,+90.91,-5.44,1
2139.1582,1008.60,23.2,39.92,+90.91,-5.87,1
2139.2941,1008.58,23.2,40.09,+90.91,-5.70,1
2139.4284,1008.64,23.2,39.57,+90.91,-6.21,1
2139.5655,1008.58,23.2,40.09,+90.91,-5.70,1
2139.7024,1008.65,23.2,39.49,+90.91,-6.30,1
2139.8367,1008.59,23.2,40.00,+90.91,-5.78,1
2139.9638,1008.64,23.2,39.57,+91.13,-6.00,1
2140.0986,1008.62,23.2,39.75,+91.13,-5.83,1
2140.2311,1008.57,23.2,40.18,+91.13,-5.40,1
2140.3679,1008.64,23.2,39.57,+91.13,-6.00,1
2140.5046,1008.57,23.2,40.18,+91.13,-5.40,1
2140.6369,1008.57,23.2,40.18,+91.13,-5.40,1
2140.7740,1008.55,23.2,40.35,+91.13,-5.22,1
2140.8992,1008.59,23.2,40.00,+91.13,-5.57,1
2141.0348,1008.58,23.2,40.09,+91.31,-5.29,1
2141.1700,1008.60,23.2,39.92,+91.31,-5.47,1
2141.3073,1008.59,23.2,40.00,+91.31,-5.38,1
2141.4432,1008.63,23.2,39.66,+91.31,-5.72,1
2141.5779,1008.61,23.2,39.83,+91.31,-5.55,1
2141.7150,1008.58,23.2,40.09,+91.31,-5.29,1
2141.8524,1008.54,23.2,40.44,+91.31,-4.95,1
2141.9889,1008.67,23.2,39.32,+91.50,-5.88,1
2142.1251,1008.63,23.2,39.66,+91.50,-5.54,1
2142.2597,1008.63,23.2,39.66,+91.50,-5.54,1
2142.3922,1008.57,23.2,40.18,+91.50,-5.02,1
2142.5286,1008.56,23.2,40.26,+91.50,-4.93,1
2142.6650,1008.61,23.2,39.83,+91.50,-5.37,1
2142.7977,1008.55,23.2,40.35,+91.50,-4.85,1
2142.9252,1008.55,23.2,40.35,+91.69,-4.66,1
2143.0614,1008.59,23.2,40.00,+91.69,-5.01,1
2143.1937,1008.60,23.3,39.93,+91.69,-5.08,1
2143.3307,1008.57,23.3,40.19,+91.69,-4.82,1
2143.4674,1008.56,23.2,40.26,+91.69,-4.75,1
2143.6034,1008.57,23.2,40.18,+91.69,-4.84,1
2143.7377,1008.56,23.2,40.26,+91.69,-4.75,1
2143.8751,1008.58,23.2,40.09,+91.69,-4.92,1
2144.0141,1008.61,23.2,39.83,+91.89,-4.98,1
2144.1487,1008.60,23.2,39.92,+91.89,-4.90,1
2144.2857,1008.59,23.3,40.02,+91.89,-4.80,1
2144.4206,1008.57,23.2,40.18,+91.89,-4.64,1
2144.5548,1008.57,23.2,40.18,+91.89,-4.64,1
2144.6929,1008.57,23.3,40.19,+91.89,-4.62,1
2144.8282,1008.56,23.2,40.26,+91.89,-4.55,1
2144.9692,1008.65,23.3,39.50,+92.07,-5.13,1
2145.1019,1008.63,23.3,39.67,+92.07,-4.96,1
2145.2383,1008.64,23.2,39.57,+92.07,-5.06,1
2145.3753,1008.60,23.2,39.92,+92.07,-4.71,1
2145.5102,1008.60,23.2,39.92,+92.07,-4.71,1
2145.6454,1008.55,23.2,40.35,+92.07,-4.28,1
2145.7836,1008.61,23.2,39.83,+92.07,-4.80,1
2145.9160,1008.56,23.2,40.26,+92.07,-4.37,1
2146.0534,1008.58,23.2,40.09,+92.22,-4.38,1
2146.1896,1008.57,23.2,40.18,+92.22,-4.30,1
2146.3280,1008.60,23.2,39.92,+92.22,-4.56,1
2146.4603,1008.62,23.2,39.75,+92.22,-4.73,1
2146.5959,1008.60,23.2,39.92,+92.22,-4.56,1
2146.7322,1008.59,23.2,40.00,+92.22,-4.47,1
2146.8664,1008.61,23.2,39.83,+92.22,-4.64,1
2146.9920,1008.64,23.2,39.57,+92.37,-4.75,1
2147.1286,1008.63,23.2,39.66,+92.37,-4.67,1
2147.2615,1008.62,23.2,39.75,+92.37,-4.58,1
2147.3982,1008.65,23.2,39.49,+92.37,-4.84,1
2147.5346,1008.66,23.1,39.39,+92.37,-4.94,1
2147.6668,1008.59,23.1,39.99,+92.37,-4.34,1
2147.8040,1008.62,23.1,39.73,+92.37,-4.59,1
2147.9320,1008.56,23.1,40.25,+92.45,-4.00,1
2148.0643,1008.59,23.1,39.99,+92.45,-4.25,1
2148.1992,1008.62,23.1,39.73,+92.45,-4.51,1
2148.3362,1008.62,23.1,39.73,+92.45,-4.51,1
2148.4741,1008.62,23.1,39.73,+92.45,-4.51,1
2148.6066,1008.57,23.1,40.16,+92.45,-4.08,1
2148.7423,1008.62,23.1,39.73,+92.45,-4.51,1
2148.8793,1008.63,23.1,39.65,+92.45,-4.60,1
2149.0157,1008.60,23.1,39.91,+92.52,-4.28,1
2149.1514,1008.62,23.1,39.73,+92.52,-4.45,1
2149.2884,1008.59,23.1,39.99,+92.52,-4.19,1
2149.4212,1008.59,23.1,39.99,+92.52,-4.19,1
2149.5574,1008.61,23.1,39.82,+92.52,-4.36,1
2149.6936,1008.57,23.1,40.16,+92.52,-4.02,1
2149.8290,1008.61,23.1,39.82,+92.52,-4.36,1
2149.9675,1008.57,23.1,40.16,+92.56,-3.98,1
2150.1031,1008.62,23.1,39.73,+92.56,-4.41,1
2150.2381,1008.58,23.1,40.08,+92.56,-4.06,1
2150.3724,1008.60,23.1,39.91,+92.56,-4.24,1
2150.5090,1008.58,23.1,40.08,+92.56,-4.06,1
2150.6446,1008.65,23.1,39.48,+92.56,-4.67,1
2150.7776,1008.62,23.1,39.73,+92.56,-4.41,1
2150.9150,1008.58,23.1,40.08,+92.56,-4.06,1
2151.0531,1008.59,23.1,39.99,+92.59,-4.12,1
2151.1900,1008.65,23.1,39.48,+92.59,-4.64,1
2151.3246,1008.63,23.1,39.65,+92.59,-4.47,1
2151.4596,1008.59,23.1,39.99,+92.59,-4.12,1
2151.5964,1008.64,23.1,39.56,+92.59,-4.55,1
2151.7329,1008.56,23.1,40.25,+92.59,-3.86,1
2151.8680,1008.59,23.1,39.99,+92.59,-4.12,1
2151.9934,1008.63,23.1,39.65,+92.58,-4.48,1
2152.1275,1008.63,23.1,39.65,+92.58,-4.48,1
2152.2632,1008.64,23.1,39.56,+92.58,-4.56,1
2152.3988,1008.59,23.1,39.99,+92.58,-4.13,1
2152.5329,1008.62,23.1,39.73,+92.58,-4.39,1
2152.6680,1008.62,23.1,39.73,+92.58,-4.39,1
2152.8065,1008.57,23.1,40.16,+92.58,-3.96,1
2152.9473,1008.60,23.1,39.91,+92.57,-4.23,1
2153.0800,1008.64,23.1,39.56,+92.57,-4.57,1
2153.2174,1008.51,23.1,40.68,+92.57,-3.45,1
2153.3556,1008.64,23.1,39.56,+92.57,-4.57,1
2153.4879,1008.68,23.1,39.22,+92.57,-4.92,1
2153.6244,1008.56,23.1,40.25,+92.57,-3.89,1
2153.7616,1008.61,23.1,39.82,+92.57,-4.32,1
2153.8968,1008.60,23.0,39.89,+92.57,-4.24,1
2154.0223,1008.69,23.1,39.13,+92.56,-5.01,1
2154.1591,1008.56,23.0,40.24,+92.56,-3.90,1
2154.2920,1008.56,23.0,40.24,+92.56,-3.90,1
2154.4286,1008.60,23.1,39.91,+92.56,-4.23,1
2154.5649,1008.58,23.0,40.06,+92.56,-4.07,1
2154.6998,1008.61,23.1,39.82,+92.56,-4.32,1
2154.8346,1008.59,23.1,39.99,+92.56,-4.15,1
2154.9641,1008.60,23.1,39.91,+92.52,-4.27,1
2155.0981,1008.66,23.1,39.39,+92.52,-4.79,1
2155.2315,1008.63,23.1,39.65,+92.52,-4.53,1
2155.3679,1008.62,23.1,39.73,+92.52,-4.45,1
2155.5042,1008.56,23.1,40.25,+92.52,-3.93,1
2155.6373,1008.66,23.1,39.39,+92.52,-4.79,1
2155.7742,1008.55,23.1,40.34,+92.52,-3.84,1
2155.9093,1008.55,23.1,40.34,+92.52,-3.84,1
2156.0476,1008.56,23.1,40.25,+92.48,-3.97,1
2156.1825,1008.58,23.1,40.08,+92.48,-4.15,1
2156.3173,1008.60,23.1,39.91,+92.48,-4.32,1
2156.4541,1008.70,23.1,39.04,+92.48,-5.18,1
2156.5899,1008.56,23.1,40.25,+92.48,-3.97,1
2156.7246,1008.52,23.1,40.59,+92.48,-3.63,1
2156.8619,1008.55,23.1,40.34,+92.48,-3.89,1
2157.0002,1008.54,23.1,40.42,+92.46,-3.82,1
2157.1364,1008.57,23.1,40.16,+92.46,-4.08,1
2157.2737,1008.60,23.1,39.91,+92.46,-4.34,1
2157.4057,1008.57,23.1,40.16,+92.46,-4.08,1
2157.5426,1008.52,23.1,40.59,+92.46,-3.65,1
2157.6808,1008.50,23.1,40.77,+92.46,-3.48,1
2157.8180,1008.51,23.1,40.68,+92.46,-3.56,1
2157.9546,1008.55,23.1,40.34,+92.41,-3.95,1
2158.0901,1008.54,23.1,40.42,+92.41,-3.87,1
2158.2283,1008.59,23.1,39.99,+92.41,-4.30,1
2158.3609,1008.54,23.1,40.42,+92.41,-3.87,1
2158.4975,1008.57,23.1,40.16,+92.41,-4.12,1
2158.6342,1008.53,23.1,40.51,+92.41,-3.78,1
2158.7678,1008.51,23.1,40.68,+92.41,-3.61,1
2158.9052,1008.55,23.1,40.34,+92.41,-3.95,1
2159.0320,1008.60,23.1,39.91,+92.31,-4.49,1
2159.1647,1008.59,23.1,39.99,+92.31,-4.40,1
2159.3019,1008.61,23.1,39.82,+92.31,-4.57,1
2159.4382,1008.67,23.1,39.30,+92.31,-5.09,1
2159.5729,1008.60,23.1,39.91,+92.31,-4.49,1
2159.7063,1008.53,23.1,40.51,+92.31,-3.88,1
2159.8444,1008.63,23.1,39.65,+92.31,-4.74,1
2159.9823,1008.62,23.1,39.73,+92.15,-4.81,1
2160.1156,1008.54,23.1,40.42,+92.15,-4.12,1
2160.2531,1008.61,23.1,39.82,+92.15,-4.73,1
2160.3887,1008.60,23.1,39.91,+92.15,-4.64,1
2160.5216,1008.53,23.1,40.51,+92.15,-4.04,1
2160.6580,1008.59,23.1,39.99,+92.15,-4.55,1
2160.7928,1008.61,23.1,39.82,+92.15,-4.73,1
2160.9353,1008.62,23.1,39.73,+91.95,-5.02,1
2161.0679,1008.58,23.1,40.08,+91.95,-4.68,1
2161.2028,1008.63,23.1,39.65,+91.95,-5.11,1
2161.3397,1008.56,23.0,40.24,+91.95,-4.52,1
2161.4751,1008.60,23.1,39.91,+91.95,-4.85,1
2161.6100,1008.57,23.0,40.15,+91.95,-4.60,1
2161.7469,1008.62,23.0,39.72,+91.95,-5.03,1
2161.8816,1008.60,23.0,39.89,+91.95,-4.86,1
2162.0202,1008.64,23.0,39.55,+91.73,-5.42,1
2162.1563,1008.55,23.0,40.32,+91.73,-4.64,1
2162.2938,1008.59,23.0,39.98,+91.73,-4.99,1
2162.4263,1008.59,23.0,39.98,+91.73,-4.99,1
2162.5629,1008.62,23.0,39.72,+91.73,-5.25,1
2162.6991,1008.59,23.0,39.98,+91.73,-4.99,1
2162.8320,1008.62,23.0,39.72,+91.73,-5.25,1
2162.9589,1008.58,23.0,40.06,+91.49,-5.14,1
2163.0948,1008.66,23.0,39.38,+91.49,-5.83,1
2163.2271,1008.61,23.0,39.81,+91.49,-5.40,1
2163.3639,1008.61,23.0,39.81,+91.49,-5.40,1
2163.5006,1008.60,23.0,39.89,+91.49,-5.32,1
2163.6340,1008.63,23.0,39.63,+91.49,-5.57,1
2163.7709,1008.59,22.9,39.96,+91.49,-5.24,1
2163.9097,1008.67,22.9,39.28,+91.49,-5.93,1
2164.0485,1008.67,22.9,39.28,+91.18,-6.24,1
2164.1831,1008.66,22.9,39.36,+91.18,-6.15,1
2164.3198,1008.65,22.9,39.45,+91.18,-6.07,1
2164.4549,1008.66,22.9,39.36,+91.18,-6.15,1
2164.5892,1008.67,22.9,39.28,+91.18,-6.24,1
2164.7270,1008.63,22.9,39.62,+91.18,-5.90,1
2164.8623,1008.65,22.9,39.45,+91.18,-6.07,1
2164.9990,1008.58,22.9,40.05,+90.81,-5.84,1
2165.1355,1008.62,22.9,39.71,+90.81,-6.19,1
2165.2716,1008.57,22.9,40.14,+90.81,-5.76,1
2165.4082,1008.55,22.9,40.31,+90.81,-5.58,1
2165.5425,1008.60,22.8,39.87,+90.81,-6.03,1
2165.6775,1008.63,22.8,39.61,+90.81,-6.29,1
2165.8147,1008.67,22.8,39.26,+90.81,-6.63,1
2165.9529,1008.60,22.8,39.87,+90.41,-6.43,1
2166.0878,1008.60,22.8,39.87,+90.41,-6.43,1
2166.2253,1008.71,22.8,38.92,+90.41,-7.37,1
2166.3585,1008.63,22.8,39.61,+90.41,-6.68,1
2166.4930,1008.62,22.8,39.69,+90.41,-6.60,1
2166.6301,1008.65,22.8,39.44,+90.41,-6.86,1
2166.7672,1008.68,22.8,39.18,+90.41,-7.11,1
2166.9014,1008.55,22.8,40.29,+90.41,-6.00,1
2167.0269,1008.61,22.8,39.78,+89.96,-6.96,1
2167.1637,1008.59,22.8,39.95,+89.96,-6.79,1
2167.2965,1008.61,22.8,39.78,+89.96,-6.96,1
2167.4336,1008.64,22.8,39.52,+89.96,-7.22,1
2167.5701,1008.65,22.7,39.42,+89.96,-7.32,1
2167.7029,1008.65,22.7,39.42,+89.96,-7.32,1
2167.8392,1008.65,22.7,39.42,+89.96,-7.32,1
2167.9670,1008.66,22.7,39.34,+89.51,-7.86,1
2168.0982,1008.59,22.7,39.94,+89.51,-7.26,1
2168.2355,1008.66,22.7,39.34,+89.51,-7.86,1
2168.3724,1008.64,22.7,39.51,+89.51,-7.69,1
2168.5057,1008.68,22.7,39.16,+89.51,-8.03,1
2168.6424,1008.67,22.7,39.25,+89.51,-7.94,1
2168.7795,1008.70,22.7,38.99,+89.51,-8.20,1
2168.9153,1008.63,22.7,39.59,+89.51,-7.60,1
2169.0536,1008.65,22.7,39.42,+89.01,-8.27,1
2169.1907,1008.63,22.7,39.59,+89.01,-8.10,1
2169.3259,1008.66,22.7,39.34,+89.01,-8.36,1
2169.4604,1008.60,22.7,39.85,+89.01,-7.84,1
2169.5989,1008.64,22.7,39.51,+89.01,-8.19,1
2169.7335,1008.64,22.7,39.51,+89.01,-8.19,1
2169.8684,1008.69,22.7,39.08,+89.01,-8.62,1
2169.9955,1008.74,22.7,38.65,+88.47,-9.58,1
2170.1328,1008.69,22.7,39.08,+88.47,-9.15,1
2170.2675,1008.69,22.7,39.08,+88.47,-9.15,1
2170.4042,1008.64,22.7,39.51,+88.47,-8.72,1
2170.5392,1008.67,22.7,39.25,+88.47,-8.98,1
2170.6759,1008.62,22.7,39.68,+88.47,-8.55,1
2170.8101,1008.66,22.7,39.34,+88.47,-8.89,1
2170.9484,1008.67,22.7,39.25,+87.87,-9.58,1
2171.0848,1008.63,22.7,39.59,+87.87,-9.24,1
2171.2193,1008.63,22.7,39.59,+87.87,-9.24,1
2171.3540,1008.60,22.7,39.85,+87.87,-8.98,1
2171.4910,1008.65,22.7,39.42,+87.87,-9.41,1
2171.6252,1008.57,22.7,40.11,+87.87,-8.72,1
2171.7618,1008.57,22.7,40.11,+87.87,-8.72,1
2171.8994,1008.64,22.7,39.51,+87.87,-9.32,1
2172.0372,1008.64,22.6,39.49,+87.25,-9.95,1
2172.1700,1008.64,22.6,39.49,+87.25,-9.95,1
2172.2959,1008.66,22.6,39.32,+87.25,-10.12,1
2172.4326,1008.71,22.6,38.89,+87.25,-10.55,1
2172.5651,1008.64,22.6,39.49,+87.25,-9.95,1
2172.7007,1008.66,22.6,39.32,+87.25,-10.12,1
2172.8391,1008.62,22.6,39.67,+87.25,-9.78,1
2172.9748,1008.60,22.6,39.84,+86.59,-10.27,1
2173.1108,1008.65,22.6,39.41,+86.59,-10.70,1
2173.2482,1008.61,22.6,39.75,+86.59,-10.36,1
2173.3819,1008.61,22.6,39.75,+86.59,-10.36,1
2173.5190,1008.57,22.6,40.10,+86.59,-10.01,1
2173.6556,1008.65,22.6,39.41,+86.59,-10.70,1
2173.7908,1008.58,22.6,40.01,+86.59,-10.10,1
2173.9293,1008.57,22.6,40.10,+85.89,-10.71,1
2174.0662,1008.61,22.6,39.75,+85.89,-11.06,1
2174.2015,1008.59,22.6,39.92,+85.89,-10.88,1
2174.3361,1008.60,22.6,39.84,+85.89,-10.97,1
2174.4741,1008.61,22.6,39.75,+85.89,-11.06,1
2174.6087,1008.63,22.6,39.58,+85.89,-11.23,1
2174.7431,1008.64,22.6,39.49,+85.89,-11.31,1
2174.8803,1008.64,22.6,39.49,+85.89,-11.31,1
2175.0056,1008.67,22.6,39.24,+85.16,-12.30,1
2175.1389,1008.68,22.6,39.15,+85.16,-12.39,1
2175.2761,1008.62,22.6,39.67,+85.16,-11.87,1
2175.4108,1008.58,22.6,40.01,+85.16,-11.53,1
2175.5488,1008.64,22.6,39.49,+85.16,-12.04,1
2175.6831,1008.60,22.6,39.84,+85.16,-11.70,1
2175.8189,1008.61,22.6,39.75,+85.16,-11.78,1
2175.9447,1008.60,22.6,39.84,+84.42,-12.44,1
2176.0806,1008.59,22.6,39.92,+84.42,-12.35,1
2176.2155,1008.66,22.6,39.32,+84.42,-12.96,1
2176.3523,1008.59,22.6,39.92,+84.42,-12.35,1
2176.4866,1008.63,22.6,39.58,+84.42,-12.70,1
2176.6219,1008.61,22.7,39.77,+84.42,-12.51,1
2176.7575,1008.65,22.7,39.42,+84.42,-12.86,1
2176.8922,1008.66,22.7,39.34,+84.42,-12.94,1
2177.0298,1008.64,22.7,39.51,+83.69,-13.50,1
2177.1667,1008.60,22.7,39.85,+83.69,-13.15,1
2177.3034,1008.68,22.7,39.16,+83.69,-13.84,1
2177.4362,1008.70,22.7,38.99,+83.69,-14.01,1
2177.5718,1008.67,22.7,39.25,+83.69,-13.76,1
2177.7094,1008.63,22.7,39.59,+83.69,-13.41,1
2177.8425,1008.68,22.7,39.16,+83.69,-13.84,1
2177.9685,1008.68,22.7,39.16,+82.99,-14.55,1
2178.1057,1008.70,22.7,38.99,+82.99,-14.72,1
2178.2398,1008.63,22.7,39.59,+82.99,-14.12,1
2178.3754,1008.61,22.7,39.77,+82.99,-13.94,1
2178.5116,1008.70,22.7,38.99,+82.99,-14.72,1
2178.6440,1008.61,22.7,39.77,+82.99,-13.94,1
2178.7811,1008.63,22.7,39.59,+82.99,-14.12,1
2178.9183,1008.60,22.7,39.85,+82.99,-13.86,1
2179.0558,1008.63,22.7,39.59,+82.31,-14.80,1
2179.1909,1008.63,22.7,39.59,+82.31,-14.80,1
2179.3295,1008.68,22.7,39.16,+82.31,-15.23,1
2179.4646,1008.69,22.7,39.08,+82.31,-15.32,1
2179.5973,1008.65,22.7,39.42,+82.31,-14.97,1
2179.7342,1008.64,22.7,39.51,+82.31,-14.89,1
2179.8719,1008.68,22.7,39.16,+82.31,-15.23,1
2180.0087,1008.69,22.7,39.08,+81.68,-15.95,1
2180.1453,1008.63,22.7,39.59,+81.68,-15.43,1
2180.2817,1008.67,22.7,39.25,+81.68,-15.77,1
2180.4193,1008.65,22.7,39.42,+81.68,-15.60,1
2180.5512,1008.66,22.7,39.34,+81.68,-15.69,1
2180.6881,1008.61,22.7,39.77,+81.68,-15.26,1
2180.8254,1008.66,22.7,39.34,+81.68,-15.69,1
2180.9624,1008.59,22.7,39.94,+81.07,-15.70,1
2181.0976,1008.57,22.7,40.11,+81.07,-15.52,1
2181.2349,1008.65,22.7,39.42,+81.07,-16.21,1
2181.3670,1008.62,22.7,39.68,+81.07,-15.95,1
2181.5042,1008.69,22.7,39.08,+81.07,-16.55,1
2181.6399,1008.60,22.7,39.85,+81.07,-15.78,1
2181.7769,1008.65,22.7,39.42,+81.07,-16.21,1
2181.9098,1008.58,22.7,40.02,+81.07,-15.61,1
2182.0367,1008.66,22.7,39.34,+80.44,-16.92,1
2182.1735,1008.68,22.7,39.16,+80.44,-17.09,1
2182.3063,1008.65,22.7,39.42,+80.44,-16.83,1
2182.4433,1008.68,22.7,39.16,+80.44,-17.09,1
2182.5812,1008.66,22.7,39.34,+80.44,-16.92,1
2182.7136,1008.64,22.7,39.51,+80.44,-16.75,1
2182.8509,1008.67,22.7,39.25,+80.44,-17.01,1
2182.9780,1008.63,22.7,39.59,+79.88,-17.22,1
2183.1115,1008.64,22.7,39.51,+79.88,-17.31,1
2183.2466,1008.67,22.7,39.25,+79.88,-17.57,1
2183.3836,1008.65,22.7,39.42,+79.88,-17.40,1
2183.5177,1008.70,22.7,38.99,+79.88,-17.83,1
2183.6536,1008.65,22.7,39.42,+79.88,-17.40,1
2183.7905,1008.57,22.7,40.11,+79.88,-16.71,1
2183.9308,1008.65,22.7,39.42,+79.32,-17.96,1
2184.0639,1008.63,22.7,39.59,+79.32,-17.78,1
2184.2006,1008.60,22.7,39.85,+79.32,-17.53,1
2184.3376,1008.68,22.7,39.16,+79.32,-18.21,1
2184.4700,1008.69,22.7,39.08,+79.32,-18.30,1
2184.6066,1008.66,22.7,39.34,+79.32,-18.04,1
2184.7445,1008.65,22.7,39.42,+79.32,-17.96,1
2184.8778,1008.69,22.7,39.08,+79.32,-18.30,1
2185.0159,1008.63,22.7,39.59,+78.80,-18.31,1
2185.1526,1008.69,22.7,39.08,+78.80,-18.82,1
2185.2889,1008.65,22.7,39.42,+78.80,-18.48,1
2185.4234,1008.64,22.7,39.51,+78.80,-18.39,1
2185.5600,1008.57,22.7,40.11,+78.80,-17.79,1
2185.6949,1008.66,22.7,39.34,+78.80,-18.56,1
2185.8292,1008.67,22.7,39.25,+78.80,-18.65,1
2185.9548,1008.65,22.7,39.42,+78.30,-18.98,1
2186.0897,1008.67,22.7,39.25,+78.30,-19.15,1
2186.2244,1008.78,22.8,38.32,+78.30,-20.08,1
2186.3497,1008.78,22.8,38.32,+78.30,-20.08,1
2186.4842,1008.68,22.8,39.18,+78.30,-19.22,1
2186.6163,1008.75,22.8,38.58,+78.30,-19.82,1
2186.7517,1008.66,22.8,39.35,+78.30,-19.05,1
2186.8896,1008.70,22.8,39.01,+78.30,-19.39,1
2187.0258,1008.70,22.8,39.01,+77.87,-19.83,1
2187.1616,1008.72,22.8,38.83,+77.87,-20.00,1
2187.2983,1008.69,22.8,39.09,+77.87,-19.74,1
2187.4353,1008.72,22.8,38.83,+77.87,-20.00,1
2187.5694,1008.64,22.8,39.52,+77.87,-19.31,1
2187.7062,1008.70,22.8,39.01,+77.87,-19.83,1
2187.8417,1008.66,22.8,39.35,+77.87,-19.48,1
2187.9793,1008.64,22.8,39.52,+77.46,-19.72,1
2188.1160,1008.67,22.8,39.26,+77.46,-19.98,1
2188.2511,1008.68,22.8,39.18,+77.46,-20.07,1
2188.3857,1008.72,22.8,38.83,+77.46,-20.41,1
2188.5236,1008.64,22.8,39.52,+77.46,-19.72,1
2188.6586,1008.67,22.8,39.26,+77.46,-19.98,1
2188.7956,1008.67,22.8,39.26,+77.46,-19.98,1
2188.9341,1008.70,22.8,39.01,+77.06,-20.64,1
2189.0704,1008.69,22.8,39.09,+77.06,-20.55,1
2189.2076,1008.64,22.8,39.52,+77.06,-20.12,1
2189.3398,1008.68,22.8,39.18,+77.06,-20.47,1
2189.4766,1008.71,22.8,38.92,+77.06,-20.72,1
2189.6128,1008.64,22.8,39.52,+77.06,-20.12,1
2189.7468,1008.67,22.8,39.26,+77.06,-20.38,1
2189.8826,1008.71,22.8,38.92,+77.06,-20.72,1
2190.0080,1008.64,22.8,39.52,+76.67,-20.51,1
2190.1434,1008.72,22.8,38.83,+76.67,-21.20,1
2190.2786,1008.65,22.8,39.44,+76.67,-20.59,1
2190.4162,1008.66,22.8,39.35,+76.67,-20.68,1
2190.5533,1008.68,22.8,39.18,+76.67,-20.85,1
2190.6873,1008.65,22.8,39.44,+76.67,-20.59,1
2190.8234,1008.61,22.8,39.78,+76.67,-20.25,1
2190.9500,1008.64,22.8,39.52,+76.31,-20.87,1
2191.0827,1008.69,22.8,39.09,+76.31,-21.30,1
2191.2201,1008.68,22.8,39.18,+76.31,-21.21,1
2191.3565,1008.64,22.8,39.52,+76.31,-20.87,1
2191.4890,1008.68,22.8,39.18,+76.31,-21.21,1
2191.6236,1008.72,22.8,38.83,+76.31,-21.56,1
2191.7603,1008.67,22.8,39.26,+76.31,-21.13,1
2191.8951,1008.68,22.8,39.18,+76.31,-21.21,1
2192.0333,1008.66,22.8,39.35,+75.93,-21.43,1
2192.1694,1008.62,22.8,39.69,+75.93,-21.08,1
2192.3081,1008.61,22.8,39.78,+75.93,-21.00,1
2192.4405,1008.64,22.8,39.52,+75.93,-21.25,1
2192.5762,1008.61,22.8,39.78,+75.93,-21.00,1
2192.7129,1008.67,22.8,39.26,+75.93,-21.51,1
2192.8481,1008.69,22.8,39.09,+75.93,-21.68,1
2192.9751,1008.70,22.8,39.01,+75.54,-22.15,1
2193.1099,1008.65,22.8,39.44,+75.54,-21.72,1
2193.2423,1008.67,22.8,39.26,+75.54,-21.90,1
2193.3792,1008.69,22.8,39.09,+75.54,-22.07,1
2193.5156,1008.59,22.7,39.94,+75.54,-21.22,1
2193.6481,1008.69,22.8,39.09,+75.54,-22.07,1
2193.7837,1008.60,22.7,39.85,+75.54,-21.31,1
2193.9218,1008.67,22.8,39.26,+75.54,-21.90,1
2194.0597,1008.64,22.8,39.52,+75.10,-22.08,1
2194.1945,1008.62,22.8,39.69,+75.10,-21.91,1
2194.3316,1008.65,22.8,39.44,+75.10,-22.16,1
2194.4676,1008.65,22.8,39.44,+75.10,-22.16,1
2194.6019,1008.63,22.8,39.61,+75.10,-21.99,1
2194.7390,1008.63,22.8,39.61,+75.10,-21.99,1
2194.8743,1008.62,22.8,39.69,+75.10,-21.91,1
2195.0122,1008.67,22.8,39.26,+74.59,-22.85,1
2195.1487,1008.64,22.8,39.52,+74.59,-22.59,1
2195.2840,1008.65,22.8,39.44,+74.59,-22.68,1
2195.4209,1008.67,22.8,39.26,+74.59,-22.85,1
2195.5567,1008.62,22.8,39.69,+74.59,-22.42,1
2195.6915,1008.66,22.8,39.35,+74.59,-22.76,1
2195.8286,1008.63,22.7,39.59,+74.59,-22.52,1
2195.9665,1008.63,22.7,39.59,+74.00,-23.11,1
2196.1020,1008.62,22.7,39.68,+74.00,-23.02,1
2196.2382,1008.62,22.7,39.68,+74.00,-23.02,1
2196.3725,1008.64,22.7,39.51,+74.00,-23.19,1
2196.5075,1008.61,22.7,39.77,+74.00,-22.93,1
2196.6438,1008.70,22.7,38.99,+74.00,-23.71,1
2196.7805,1008.59,22.7,39.94,+74.00,-22.76,1
2196.9139,1008.68,22.7,39.16,+74.00,-23.54,1
2197.0399,1008.64,22.7,39.51,+73.36,-23.83,1
2197.1782,1008.67,22.7,39.25,+73.36,-24.09,1
2197.3114,1008.59,22.7,39.94,+73.36,-23.40,1
2197.4469,1008.64,22.7,39.51,+73.36,-23.83,1
2197.5832,1008.60,22.7,39.85,+73.36,-23.49,1
2197.7173,1008.63,22.7,39.59,+73.36,-23.75,1
2197.8534,1008.66,22.7,39.34,+73.36,-24.01,1
2197.9791,1008.65,22.7,39.42,+72.70,-24.57,1
2198.1121,1008.59,22.7,39.94,+72.70,-24.06,1
2198.2371,1008.60,22.7,39.85,+72.70,-24.14,1
2198.3740,1008.62,22.7,39.68,+72.70,-24.32,1
2198.5081,1008.66,22.7,39.34,+72.70,-24.66,1
2198.6429,1008.61,22.7,39.77,+72.70,-24.23,1
2198.7810,1008.64,22.7,39.51,+72.70,-24.49,1
2198.9159,1008.65,22.7,39.42,+72.70,-24.57,1
2199.0534,1008.73,22.7,38.73,+72.07,-25.89,1
2199.1899,1008.66,22.7,39.34,+72.07,-25.29,1
2199.3283,1008.65,22.7,39.42,+72.07,-25.20,1
2199.4606,1008.62,22.7,39.68,+72.07,-24.95,1
2199.5960,1008.62,22.7,39.68,+72.07,-24.95,1
2199.7323,1008.55,22.7,40.28,+72.07,-24.34,1
2199.8664,1008.66,22.7,39.34,+72.07,-25.29,1
2200.0045,1008.63,22.7,39.59,+71.47,-25.64,1
2200.1414,1008.63,22.7,39.59,+71.47,-25.64,1
2200.2742,1008.64,22.7,39.51,+71.47,-25.72,1
2200.4108,1008.60,22.7,39.85,+71.47,-25.38,1
2200.5472,1008.65,22.7,39.42,+71.47,-25.81,1
2200.6821,1008.60,22.7,39.85,+71.47,-25.38,1
2200.8169,1008.61,22.7,39.77,+71.47,-25.46,1
2200.9441,1008.58,22.7,40.02,+70.84,-25.83,1
2201.0795,1008.63,22.7,39.59,+70.84,-26.26,1
2201.2127,1008.64,22.7,39.51,+70.84,-26.35,1
2201.3494,1008.61,22.7,39.77,+70.84,-26.09,1
2201.4859,1008.60,22.7,39.85,+70.84,-26.01,1
2201.6188,1008.51,22.7,40.63,+70.84,-25.23,1
2201.7553,1008.60,22.7,39.85,+70.84,-26.01,1
2201.8902,1008.57,22.7,40.11,+70.84,-25.75,1
2202.0271,1008.58,22.7,40.02,+70.21,-26.46,1
2202.1619,1008.64,22.7,39.51,+70.21,-26.98,1
2202.2968,1008.64,22.7,39.51,+70.21,-26.98,1
2202.4336,1008.60,22.7,39.85,+70.21,-26.63,1
2202.5695,1008.63,22.7,39.59,+70.21,-26.89,1
2202.7043,1008.61,22.7,39.77,+70.21,-26.72,1
2202.8417,1008.62,22.7,39.68,+70.21,-26.81,1
2202.9791,1008.57,22.7,40.11,+69.58,-27.01,1
2203.1143,1008.63,22.7,39.59,+69.58,-27.52,0
2203.2494,1008.64,22.7,39.51,+69.58,-27.61,0
2203.3805,1008.65,22.7,39.42,+69.58,-27.69,0
2203.5163,1008.68,22.7,39.16,+69.58,-27.95,0
2203.6533,1008.63,22.7,39.59,+69.58,-27.52,0
2203.7894,1008.57,22.7,40.11,+69.58,-27.01,1
2203.9226,1008.67,22.7,39.25,+69.58,-27.87,0
2204.0476,1008.55,22.7,40.28,+68.96,-27.46,1
2204.1859,1008.62,22.7,39.68,+68.96,-28.06,0
2204.3175,1008.57,22.7,40.11,+68.96,-27.63,0
2204.4533,1008.58,22.7,40.02,+68.96,-27.71,0
2204.5890,1008.58,22.7,40.02,+68.96,-27.71,0
2204.7216,1008.63,22.7,39.59,+68.96,-28.14,0
2204.8579,1008.66,22.7,39.34,+68.96,-28.40,0
2204.9843,1008.64,22.7,39.51,+68.34,-28.86,0
2205.1160,1008.65,22.7,39.42,+68.34,-28.94,0
2205.2535,1008.67,22.7,39.25,+68.34,-29.11,0
2205.3894,1008.61,22.7,39.77,+68.34,-28.60,0
2205.5206,1008.61,22.7,39.77,+68.34,-28.60,0
2205.6565,1008.67,22.7,39.25,+68.34,-29.11,0
2205.7938,1008.54,22.7,40.37,+68.34,-28.00,0
2205.9318,1008.63,22.7,39.59,+67.70,-29.40,0
2206.0643,1008.66,22.7,39.34,+67.70,-29.66,0
2206.2002,1008.56,22.7,40.20,+67.70,-28.80,0
2206.3352,1008.55,22.7,40.28,+67.70,-28.72,0
2206.4683,1008.53,22.7,40.45,+67.70,-28.54,0
2206.6038,1008.53,22.7,40.45,+67.70,-28.54,0
2206.7375,1008.60,22.7,39.85,+67.70,-29.15,0
2206.8725,1008.66,22.7,39.34,+67.70,-29.66,0
2207.0105,1008.58,22.6,40.01,+67.09,-29.60,0
2207.1443,1008.60,22.6,39.84,+67.09,-29.77,0
2207.2805,1008.61,22.6,39.75,+67.09,-29.86,0
2207.4148,1008.62,22.6,39.67,+67.09,-29.94,0
2207.5484,1008.63,22.6,39.58,+67.09,-30.03,0
2207.6843,1008.64,22.6,39.49,+67.09,-30.12,0
2207.8181,1008.67,22.6,39.24,+67.09,-30.37,0
2207.9552,1008.62,22.6,39.67,+66.51,-30.52,0
2208.0902,1008.62,22.6,39.67,+66.51,-30.52,0
2208.2239,1008.65,22.6,39.41,+66.51,-30.78,0
2208.3580,1008.59,22.6,39.92,+66.51,-30.26,0
2208.4943,1008.61,22.6,39.75,+66.51,-30.44,0
2208.6292,1008.58,22.6,40.01,+66.51,-30.18,0
2208.7624,1008.62,22.6,39.67,+66.51,-30.52,0
2208.8968,1008.62,22.6,39.67,+66.51,-30.52,0
2209.0354,1008.57,22.6,40.10,+65.93,-30.68,0
2209.1687,1008.62,22.6,39.67,+65.93,-31.11,0
2209.3029,1008.59,22.6,39.92,+65.93,-30.85,0
2209.4388,1008.61,22.6,39.75,+65.93,-31.02,0
2209.5732,1008.60,22.6,39.84,+65.93,-30.94,0
2209.7070,1008.62,22.6,39.67,+65.93,-31.11,0
2209.8435,1008.63,22.6,39.58,+65.93,-31.19,0
2209.9824,1008.62,22.6,39.67,+65.29,-31.75,0
2210.1140,1008.66,22.6,39.32,+65.29,-32.09,0
2210.2488,1008.61,22.6,39.75,+65.29,-31.66,0
2210.3842,1008.59,22.6,39.92,+65.29,-31.49,0
2210.5155,1008.60,22.6,39.84,+65.29,-31.58,0
2210.6523,1008.69,22.6,39.06,+65.29,-32.35,0
2210.7881,1008.61,22.6,39.75,+65.29,-31.66,0
2210.9224,1008.59,22.6,39.92,+64.61,-32.17,1
2211.0587,1008.58,22.6,40.01,+64.61,-32.08,0
2211.1968,1008.62,22.6,39.67,+64.61,-32.42,0
2211.3311,1008.57,22.6,40.10,+64.61,-31.99,0
2211.4644,1008.63,22.6,39.58,+64.61,-32.51,0
2211.5999,1008.63,22.6,39.58,+64.61,-32.51,0
2211.7345,1008.65,22.6,39.41,+64.61,-32.68,0
2211.8682,1008.59,22.6,39.92,+64.61,-32.17,0
2211.9933,1008.69,22.6,39.06,+63.91,-33.72,0
2212.1272,1008.60,22.6,39.84,+63.91,-32.95,0
2212.2611,1008.68,22.6,39.15,+63.91,-33.64,0
2212.3968,1008.67,22.6,39.24,+63.91,-33.55,0
2212.5324,1008.70,22.6,38.98,+63.91,-33.81,0
2212.6641,1008.66,22.6,39.32,+63.91,-33.46,0
2212.7999,1008.63,22.6,39.58,+63.91,-33.21,0
2212.9255,1008.56,22.6,40.18,+63.21,-33.31,0
2213.0573,1008.56,22.5,40.17,+63.21,-33.32,0
2213.1934,1008.61,22.6,39.75,+63.21,-33.74,0
2213.3307,1008.58,22.6,40.01,+63.21,-33.48,0
2213.4645,1008.59,22.6,39.92,+63.21,-33.57,0
2213.5966,1008.59,22.6,39.92,+63.21,-33.57,0
2213.7317,1008.60,22.6,39.84,+63.21,-33.65,0
2213.8666,1008.62,22.6,39.67,+63.21,-33.83,0
2214.0009,1008.62,22.6,39.67,+62.49,-34.55,0
2214.1372,1008.62,22.6,39.67,+62.49,-34.55,0
2214.2714,1008.60,22.6,39.84,+62.49,-34.37,0
2214.4060,1008.58,22.6,40.01,+62.49,-34.20,0
2214.5417,1008.62,22.6,39.67,+62.49,-34.55,0
2214.6757,1008.57,22.6,40.10,+62.49,-34.12,0
2214.8119,1008.62,22.6,39.67,+62.49,-34.55,0
2214.9496,1008.59,22.6,39.92,+61.82,-34.95,0
2215.0841,1008.66,22.6,39.32,+61.82,-35.56,0
2215.2203,1008.63,22.6,39.58,+61.82,-35.30,0
2215.3537,1008.63,22.6,39.58,+61.82,-35.30,0
2215.4887,1008.61,22.6,39.75,+61.82,-35.13,0
2215.6245,1008.65,22.6,39.41,+61.82,-35.47,0
2215.7577,1008.66,22.6,39.32,+61.82,-35.56,0
2215.8925,1008.64,22.6,39.49,+61.82,-35.38,0
2216.0176,1008.62,22.6,39.67,+61.20,-35.84,0
2216.1506,1008.61,22.6,39.75,+61.20,-35.75,0
2216.2847,1008.64,22.6,39.49,+61.20,-36.01,0
2216.4206,1008.65,22.6,39.41,+61.20,-36.09,0
2216.5556,1008.60,22.6,39.84,+61.20,-35.67,0
2216.6886,1008.62,22.6,39.67,+61.20,-35.84,0
2216.8230,1008.62,22.6,39.67,+61.20,-35.84,0
2216.9480,1008.64,22.6,39.49,+60.59,-36.62,0
2217.0829,1008.62,22.6,39.67,+60.59,-36.45,0
2217.2169,1008.65,22.6,39.41,+60.59,-36.71,0
2217.3529,1008.62,22.6,39.67,+60.59,-36.45,0
2217.4861,1008.64,22.6,39.49,+60.59,-36.62,0
2217.6230,1008.62,22.6,39.67,+60.59,-36.45,0
2217.7579,1008.61,22.6,39.75,+60.59,-36.36,1
2217.8930,1008.62,22.6,39.67,+60.59,-36.45,0
2218.0302,1008.58,22.6,40.01,+59.96,-36.73,0
2218.1653,1008.58,22.6,40.01,+59.96,-36.73,0
2218.3017,1008.62,22.6,39.67,+59.96,-37.07,0
2218.4353,1008.62,22.6,39.67,+59.96,-37.07,0
2218.5693,1008.60,22.6,39.84,+59.96,-36.90,0
2218.7062,1008.58,22.6,40.01,+59.96,-36.73,0
2218.8400,1008.62,22.6,39.67,+59.96,-37.07,0
2218.9778,1008.64,22.6,39.49,+59.36,-37.85,0
2219.1140,1008.59,22.6,39.92,+59.36,-37.42,0
2219.2492,1008.55,22.6,40.27,+59.36,-37.07,0
2219.3834,1008.64,22.6,39.49,+59.36,-37.85,0
2219.5191,1008.62,22.6,39.67,+59.36,-37.67,0
2219.6547,1008.57,22.6,40.10,+59.36,-37.24,0
2219.7890,1008.61,22.6,39.75,+59.36,-37.59,0
2219.9281,1008.61,22.6,39.75,+58.71,-38.24,0
2220.0643,1008.58,22.6,40.01,+58.71,-37.98,0
2220.1965,1008.58,22.6,40.01,+58.71,-37.98,0
2220.3339,1008.66,22.7,39.34,+58.71,-38.65,0
2220.4697,1008.58,22.7,40.02,+58.71,-37.97,0
2220.6016,1008.61,22.7,39.77,+58.71,-38.22,0
2220.7362,1008.61,22.6,39.75,+58.71,-38.24,0
2220.8612,1008.62,22.6,39.67,+58.71,-38.32,0
2220.9953,1008.63,22.6,39.58,+57.99,-39.13,0
2221.1304,1008.65,22.6,39.41,+57.99,-39.30,0
2221.2658,1008.60,22.6,39.84,+57.99,-38.87,0
2221.4003,1008.60,22.6,39.84,+57.99,-38.87,0
2221.5318,1008.57,22.6,40.10,+57.99,-38.62,0
2221.6677,1008.67,22.6,39.24,+57.99,-39.47,0
2221.8040,1008.64,22.6,39.49,+57.99,-39.22,0
2221.9410,1008.60,22.6,39.84,+57.32,-39.54,0
2222.0754,1008.61,22.6,39.75,+57.32,-39.63,0
2222.2114,1008.68,22.7,39.16,+57.32,-40.22,0
2222.3432,1008.64,22.7,39.51,+57.32,-39.88,0
2222.4787,1008.56,22.7,40.20,+57.32,-39.19,0
2222.6140,1008.60,22.7,39.85,+57.32,-39.53,0
2222.7487,1008.59,22.7,39.94,+57.32,-39.45,0
2222.8813,1008.72,22.7,38.82,+57.32,-40.56,0
2223.0077,1008.68,22.7,39.16,+56.71,-40.82,0
2223.1419,1008.64,22.7,39.51,+56.71,-40.48,0
2223.2745,1008.66,22.7,39.34,+56.71,-40.65,0
2223.4094,1008.64,22.7,39.51,+56.71,-40.48,0
2223.5465,1008.60,22.7,39.85,+56.71,-40.14,0
2223.6779,1008.58,22.7,40.02,+56.71,-39.96,0
2223.8128,1008.67,22.7,39.25,+56.71,-40.74,0
2223.9384,1008.62,22.7,39.68,+56.16,-40.86,0
2224.0723,1008.63,22.7,39.59,+56.16,-40.95,0
2224.2084,1008.57,22.7,40.11,+56.16,-40.43,0
2224.3442,1008.63,22.7,39.59,+56.16,-40.95,0
2224.4755,1008.61,22.7,39.77,+56.16,-40.78,0
2224.6123,1008.66,22.7,39.34,+56.16,-41.20,1
2224.7495,1008.61,22.7,39.77,+56.16,-40.78,1
2224.8850,1008.63,22.7,39.59,+56.16,-40.95,1
2225.0221,1008.58,22.7,40.02,+55.63,-41.05,1
2225.1600,1008.65,22.7,39.42,+55.63,-41.65,1
2225.2952,1008.63,22.7,39.59,+55.63,-41.48,1
2225.4294,1008.61,22.7,39.77,+55.63,-41.30,1
2225.5660,1008.60,22.7,39.85,+55.63,-41.22,1
2225.7010,1008.55,22.7,40.28,+55.63,-40.79,1
2225.8345,1008.64,22.7,39.51,+55.63,-41.56,1
2225.9615,1008.64,22.7,39.51,+55.15,-42.04,1
2226.0963,1008.53,22.7,40.45,+55.15,-41.10,1
2226.2322,1008.60,22.7,39.85,+55.15,-41.70,1
2226.3689,1008.58,22.7,40.02,+55.15,-41.53,1
2226.5036,1008.59,22.7,39.94,+55.15,-41.61,1
2226.6402,1008.66,22.7,39.34,+55.15,-42.21,1
2226.7757,1008.60,22.7,39.85,+55.15,-41.70,1
2226.9112,1008.58,22.7,40.02,+55.15,-41.53,1
2227.0369,1008.60,22.7,39.85,+54.75,-42.10,1
2227.1713,1008.60,22.7,39.85,+54.75,-42.10,1
2227.3071,1008.64,22.7,39.51,+54.75,-42.44,1
2227.4422,1008.64,22.7,39.51,+54.75,-42.44,1
2227.5764,1008.60,22.7,39.85,+54.75,-42.10,1
2227.7132,1008.62,22.7,39.68,+54.75,-42.27,1
2227.8495,1008.64,22.7,39.51,+54.75,-42.44,1
2227.9878,1008.62,22.6,39.67,+54.44,-42.59,1
2228.1227,1008.61,22.6,39.75,+54.44,-42.51,1
2228.2589,1008.63,22.6,39.58,+54.44,-42.68,1
2228.3961,1008.64,22.6,39.49,+54.44,-42.76,1
2228.5282,1008.64,22.6,39.49,+54.44,-42.76,1
2228.6626,1008.59,22.6,39.92,+54.44,-42.33,1
2228.7996,1008.61,22.6,39.75,+54.44,-42.51,1
2228.9392,1008.63,22.6,39.58,+54.24,-42.88,1
2229.0743,1008.65,22.6,39.41,+54.24,-43.06,1
2229.2121,1008.61,22.6,39.75,+54.24,-42.71,1
2229.3445,1008.64,22.6,39.49,+54.24,-42.97,1
2229.4801,1008.56,22.6,40.18,+54.24,-42.28,1
2229.6170,1008.57,22.6,40.10,+54.24,-42.37,1
2229.7538,1008.60,22.6,39.84,+54.24,-42.63,1
2229.8868,1008.58,22.6,40.01,+54.24,-42.45,1
2230.0133,1008.63,22.6,39.58,+54.06,-43.06,1
2230.1500,1008.68,22.6,39.15,+54.06,-43.49,1
2230.2826,1008.60,22.6,39.84,+54.06,-42.80,1
2230.4195,1008.62,22.6,39.67,+54.06,-42.97,1
2230.5447,1008.63,22.6,39.58,+54.06,-43.06,1
2230.6769,1008.59,22.6,39.92,+54.06,-42.72,1
2230.8118,1008.60,22.6,39.84,+54.06,-42.80,1
2230.9388,1008.66,22.6,39.32,+53.96,-43.42,1
2231.0728,1008.61,22.6,39.75,+53.96,-42.99,1
2231.2070,1008.61,22.6,39.75,+53.96,-42.99,1
2231.3422,1008.59,22.6,39.92,+53.96,-42.82,1
2231.4751,1008.59,22.6,39.92,+53.96,-42.82,1
2231.6125,1008.55,22.6,40.27,+53.96,-42.48,1
2231.7472,1008.61,22.6,39.75,+53.96,-42.99,1
2231.8820,1008.56,22.6,40.18,+53.96,-42.56,1
2232.0089,1008.57,22.6,40.10,+53.89,-42.72,1
2232.1447,1008.58,22.6,40.01,+53.89,-42.81,1
2232.2777,1008.65,22.6,39.41,+53.89,-43.41,1
2232.4143,1008.61,22.6,39.75,+53.89,-43.06,1
2232.5488,1008.58,22.6,40.01,+53.89,-42.81,1
2232.6868,1008.60,22.6,39.84,+53.89,-42.98,1
2232.8216,1008.64,22.7,39.51,+53.89,-43.31,1
2232.9596,1008.60,22.7,39.85,+53.86,-42.99,1
2233.0953,1008.60,22.7,39.85,+53.86,-42.99,1
2233.2309,1008.56,22.7,40.20,+53.86,-42.65,1
2233.3656,1008.61,22.7,39.77,+53.86,-43.08,1
2233.5023,1008.59,22.7,39.94,+53.86,-42.90,1
2233.6366,1008.60,22.7,39.85,+53.86,-42.99,1
2233.7722,1008.66,22.7,39.34,+53.86,-43.51,1
2233.9082,1008.57,22.7,40.11,+53.86,-42.73,1
2234.0489,1008.64,22.7,39.51,+53.86,-43.34,1
2234.1818,1008.60,22.7,39.85,+53.86,-42.99,1
2234.3201,1008.68,22.7,39.16,+53.86,-43.68,1
2234.4569,1008.62,22.7,39.68,+53.86,-43.16,1
2234.5892,1008.61,22.7,39.77,+53.86,-43.08,1
2234.7259,1008.57,22.7,40.11,+53.86,-42.73,1
2234.8509,1008.58,22.7,40.02,+53.86,-42.82,1
2234.9868,1008.57,22.7,40.11,+53.91,-42.68,1
2235.1239,1008.63,22.7,39.59,+53.91,-43.20,1
2235.2610,1008.60,22.7,39.85,+53.91,-42.94,1
2235.3947,1008.67,22.7,39.25,+53.91,-43.54,1
2235.5302,1008.55,22.7,40.28,+53.91,-42.51,1
2235.6663,1008.56,22.7,40.20,+53.91,-42.59,1
2235.8016,1008.55,22.7,40.28,+53.91,-42.51,1
2235.9398,1008.59,22.7,39.94,+53.97,-42.79,1
2236.0766,1008.60,22.7,39.85,+53.97,-42.88,1
2236.2119,1008.64,22.7,39.51,+53.97,-43.22,1
2236.3466,1008.59,22.7,39.94,+53.97,-42.79,1
2236.4846,1008.65,22.7,39.42,+53.97,-43.31,1
2236.6193,1008.58,22.7,40.02,+53.97,-42.71,1
2236.7538,1008.61,22.7,39.77,+53.97,-42.97,1
2236.8913,1008.63,22.7,39.59,+53.97,-43.14,1
2237.0166,1008.53,22.7,40.45,+54.03,-42.22,1
2237.1498,1008.63,22.7,39.59,+54.03,-43.08,1
2237.2870,1008.62,22.7,39.68,+54.03,-42.99,1
2237.4216,1008.61,22.7,39.77,+54.03,-42.91,1
2237.5596,1008.62,22.7,39.68,+54.03,-42.99,1
2237.6938,1008.56,22.7,40.20,+54.03,-42.48,1
2237.8291,1008.56,22.7,40.20,+54.03,-42.48,1
2237.9565,1008.62,22.7,39.68,+54.08,-42.94,1
2238.0905,1008.65,22.7,39.42,+54.08,-43.20,1
2238.2248,1008.65,22.8,39.44,+54.08,-43.18,1
2238.3600,1008.62,22.7,39.68,+54.08,-42.94,1
2238.4927,1008.56,22.7,40.20,+54.08,-42.42,1
2238.6301,1008.61,22.8,39.78,+54.08,-42.84,1
2238.7647,1008.61,22.8,39.78,+54.08,-42.84,1
2238.8997,1008.64,22.8,39.52,+54.08,-43.10,1
2239.0267,1008.62,22.8,39.69,+54.18,-42.83,1
2239.1632,1008.59,22.8,39.95,+54.18,-42.57,1
2239.2979,1008.58,22.8,40.04,+54.18,-42.48,1
2239.4350,1008.59,22.8,39.95,+54.18,-42.57,1
2239.5699,1008.65,22.8,39.44,+54.18,-43.09,1
2239.7067,1008.68,22.8,39.18,+54.18,-43.34,1
2239.8414,1008.63,22.8,39.61,+54.18,-42.91,1
2239.9795,1008.60,22.8,39.87,+54.29,-42.55,1
2240.1159,1008.58,22.8,40.04,+54.29,-42.38,1
2240.2531,1008.68,22.8,39.18,+54.29,-43.24,1
2240.3878,1008.65,22.8,39.44,+54.29,-42.98,1
2240.5247,1008.62,22.8,39.69,+54.29,-42.72,1
2240.6590,1008.60,22.8,39.87,+54.29,-42.55,1
2240.7955,1008.61,22.8,39.78,+54.29,-42.63,1
2240.9365,1008.64,22.8,39.52,+54.40,-42.77,1
2241.0714,1008.62,22.8,39.69,+54.40,-42.60,1
2241.2040,1008.61,22.8,39.78,+54.40,-42.52,1
2241.3425,1008.61,22.8,39.78,+54.40,-42.52,1
2241.4794,1008.66,22.8,39.35,+54.40,-42.95,1
2241.6117,1008.68,22.8,39.18,+54.40,-43.12,1
2241.7486,1008.59,22.8,39.95,+54.40,-42.34,1
2241.8872,1008.64,22.8,39.52,+54.40,-42.77,1
2242.0224,1008.61,22.8,39.78,+54.53,-42.39,1
2242.1580,1008.62,22.8,39.69,+54.53,-42.48,1
2242.2957,1008.61,22.8,39.78,+54.53,-42.39,1
2242.4316,1008.63,22.8,39.61,+54.53,-42.56,1
2242.5659,1008.55,22.8,40.29,+54.53,-41.87,1
2242.7028,1008.66,22.8,39.35,+54.53,-42.82,1
2242.8383,1008.62,22.8,39.69,+54.53,-42.48,1
2242.9760,1008.63,22.8,39.61,+54.65,-42.44,1
2243.1126,1008.60,22.8,39.87,+54.65,-42.19,1
2243.2475,1008.63,22.8,39.61,+54.65,-42.44,1
2243.3819,1008.62,22.8,39.69,+54.65,-42.36,1
2243.5196,1008.60,22.8,39.87,+54.65,-42.19,1
2243.6545,1008.62,22.8,39.69,+54.65,-42.36,1
2243.7916,1008.65,22.8,39.44,+54.65,-42.62,1
2243.9301,1008.61,22.8,39.78,+54.79,-42.13,1
2244.0658,1008.67,22.8,39.26,+54.79,-42.65,1
2244.2019,1008.58,22.8,40.04,+54.79,-41.87,1
2244.3342,1008.64,22.8,39.52,+54.79,-42.39,1
2244.4687,1008.62,22.8,39.69,+54.79,-42.22,1
2244.6068,1008.63,22.8,39.61,+54.79,-42.30,1
2244.7412,1008.57,22.8,40.12,+54.79,-41.79,1
2244.8769,1008.68,22.8,39.18,+54.79,-42.73,1
2245.0024,1008.61,22.8,39.78,+54.97,-41.96,1
2245.1377,1008.56,22.8,40.21,+54.97,-41.53,1
2245.2727,1008.62,22.8,39.69,+54.97,-42.04,1
2245.4096,1008.60,22.8,39.87,+54.97,-41.87,1
2245.5463,1008.61,22.8,39.78,+54.97,-41.96,1
2245.6799,1008.54,22.8,40.38,+54.97,-41.35,1
2245.8173,1008.57,22.8,40.12,+54.97,-41.61,1
2245.9441,1008.60,22.9,39.88,+55.19,-41.64,1
2246.0765,1008.58,22.9,40.05,+55.19,-41.46,1
2246.2141,1008.59,22.9,39.96,+55.19,-41.55,1
2246.3501,1008.62,22.9,39.71,+55.19,-41.81,1
2246.4843,1008.65,22.9,39.45,+55.19,-42.07,1
2246.6193,1008.60,22.9,39.88,+55.19,-41.64,1
2246.7559,1008.65,22.9,39.45,+55.19,-42.07,1
2246.8903,1008.70,22.9,39.02,+55.19,-42.50,1
2247.0279,1008.63,22.9,39.62,+55.51,-41.57,1
2247.1639,1008.57,22.9,40.14,+55.51,-41.06,1
2247.3023,1008.61,22.9,39.79,+55.51,-41.40,1
2247.4348,1008.62,22.9,39.71,+55.51,-41.49,1
2247.5715,1008.61,22.9,39.79,+55.51,-41.40,1
2247.7083,1008.62,22.9,39.71,+55.51,-41.49,1
2247.8423,1008.63,22.9,39.62,+55.51,-41.57,1
2247.9695,1008.62,22.9,39.71,+55.81,-41.19,1
2248.0945,1008.60,22.9,39.88,+55.81,-41.01,1
2248.2273,1008.63,22.9,39.62,+55.81,-41.27,1
2248.3636,1008.60,22.9,39.88,+55.81,-41.01,1
2248.4997,1008.54,22.9,40.39,+55.81,-40.50,1
2248.6339,1008.58,22.9,40.05,+55.81,-40.84,1
2248.7695,1008.66,22.9,39.36,+55.81,-41.53,1
2248.9065,1008.61,22.9,39.79,+55.81,-41.10,1
2249.0446,1008.66,23.0,39.38,+56.12,-41.21,1
2249.1799,1008.62,23.0,39.72,+56.12,-40.86,1
2249.3172,1008.59,22.9,39.96,+56.12,-40.62,1
2249.4553,1008.62,23.0,39.72,+56.12,-40.86,1
2249.5875,1008.58,23.0,40.06,+56.12,-40.52,1
2249.7248,1008.62,23.0,39.72,+56.12,-40.86,1
2249.8623,1008.61,23.0,39.81,+56.12,-40.78,1
2249.9999,1008.62,23.0,39.72,+56.47,-40.51,1
2250.1357,1008.61,23.0,39.81,+56.47,-40.42,1
2250.2727,1008.53,23.0,40.49,+56.47,-39.74,1
2250.4051,1008.61,23.0,39.81,+56.47,-40.42,1
2250.5415,1008.59,23.0,39.98,+56.47,-40.25,1
2250.6712,1008.58,23.0,40.06,+56.47,-40.17,1
2250.8021,1008.60,23.0,39.89,+56.47,-40.34,1
2250.9296,1008.60,23.0,39.89,+56.85,-39.96,1
2251.0672,1008.65,23.0,39.46,+56.85,-40.39,1
2251.1994,1008.61,23.0,39.81,+56.85,-40.05,1
2251.3355,1008.59,23.0,39.98,+56.85,-39.88,1
2251.4717,1008.59,23.0,39.98,+56.85,-39.88,1
2251.6072,1008.65,23.0,39.46,+56.85,-40.39,1
2251.7398,1008.62,23.0,39.72,+56.85,-40.13,1
2251.8759,1008.59,23.0,39.98,+56.85,-39.88,1
2252.0025,1008.58,23.0,40.06,+57.25,-39.38,1
2252.1365,1008.57,23.0,40.15,+57.25,-39.30,1
2252.2724,1008.60,23.0,39.89,+57.25,-39.55,1
2252.4087,1008.62,23.0,39.72,+57.25,-39.73,1
2252.5414,1008.64,23.0,39.55,+57.25,-39.90,1
2252.6779,1008.52,23.0,40.58,+57.25,-38.87,1
2252.8149,1008.60,23.0,39.89,+57.25,-39.55,1
2252.9506,1008.58,23.0,40.06,+57.68,-38.95,1
2253.0866,1008.59,23.0,39.98,+57.68,-39.04,1
2253.2251,1008.54,23.0,40.41,+57.68,-38.61,1
2253.3600,1008.71,23.0,38.95,+57.68,-40.07,1
2253.4944,1008.60,23.0,39.89,+57.68,-39.13,1
2253.6317,1008.63,23.0,39.63,+57.68,-39.38,1
2253.7679,1008.64,23.0,39.55,+57.68,-39.47,1
2253.9029,1008.60,23.0,39.89,+57.68,-39.13,1
2254.0297,1008.56,23.0,40.24,+58.14,-38.33,1
2254.1647,1008.56,23.0,40.24,+58.14,-38.33,1
2254.3009,1008.53,23.0,40.49,+58.14,-38.07,1
2254.4377,1008.57,23.0,40.15,+58.14,-38.41,1
2254.5722,1008.56,23.1,40.25,+58.14,-38.31,1
2254.7064,1008.57,23.1,40.16,+58.14,-38.40,1
2254.8449,1008.57,23.1,40.16,+58.14,-38.40,1
2254.9829,1008.56,23.1,40.25,+58.59,-37.86,1
2255.1187,1008.54,23.1,40.42,+58.59,-37.69,1
2255.2536,1008.63,23.1,39.65,+58.59,-38.46,1
2255.3900,1008.59,23.1,39.99,+58.59,-38.12,1
2255.5268,1008.58,23.1,40.08,+58.59,-38.03,1
2255.6610,1008.57,23.1,40.16,+58.59,-37.95,1
2255.7961,1008.58,23.1,40.08,+58.59,-38.03,1
2255.9364,1008.53,23.1,40.51,+59.09,-37.10,1
2256.0686,1008.54,23.1,40.42,+59.09,-37.18,1
2256.2035,1008.54,23.1,40.42,+59.09,-37.18,1
2256.3406,1008.53,23.1,40.51,+59.09,-37.10,1
2256.4787,1008.59,23.1,39.99,+59.09,-37.62,1
2256.6111,1008.54,23.1,40.42,+59.09,-37.18,1
2256.7468,1008.56,23.1,40.25,+59.09,-37.36,1
2256.8837,1008.61,23.1,39.82,+59.09,-37.79,1
2257.0203,1008.53,23.1,40.51,+59.63,-36.56,1
2257.1560,1008.64,23.1,39.56,+59.63,-37.51,1
2257.2936,1008.66,23.1,39.39,+59.63,-37.68,1
2257.4264,1008.59,23.1,39.99,+59.63,-37.08,1
2257.5630,1008.65,23.1,39.48,+59.63,-37.59,1
2257.6995,1008.59,23.1,39.99,+59.63,-37.08,1
2257.8348,1008.59,23.1,39.99,+59.63,-37.08,1
2257.9733,1008.60,23.1,39.91,+60.18,-36.62,1
2258.1090,1008.59,23.1,39.99,+60.18,-36.53,1
2258.2443,1008.57,23.1,40.16,+60.18,-36.36,1
2258.3787,1008.53,23.1,40.51,+60.18,-36.02,1
2258.5155,1008.56,23.1,40.25,+60.18,-36.28,1
2258.6505,1008.56,23.1,40.25,+60.18,-36.28,1
2258.7840,1008.59,23.1,39.99,+60.18,-36.53,1
2258.9193,1008.59,23.1,39.99,+60.18,-36.53,1
2259.0570,1008.56,23.1,40.25,+60.77,-35.68,1
2259.1946,1008.55,23.1,40.34,+60.77,-35.59,1
2259.3292,1008.62,23.1,39.73,+60.77,-36.20,1
2259.4640,1008.57,23.1,40.16,+60.77,-35.77,1
2259.6012,1008.57,23.1,40.16,+60.77,-35.77,1
2259.7368,1008.62,23.1,39.73,+60.77,-36.20,1
2259.8723,1008.57,23.1,40.16,+60.77,-35.77,1
2259.9977,1008.58,23.1,40.08,+61.38,-35.25,1
2260.1318,1008.68,23.2,39.23,+61.38,-36.09,1
2260.2674,1008.61,23.1,39.82,+61.38,-35.51,1
2260.4031,1008.53,23.1,40.51,+61.38,-34.82,1
2260.5373,1008.61,23.2,39.83,+61.38,-35.49,1
2260.6721,1008.64,23.2,39.57,+61.38,-35.75,1
2260.8106,1008.68,23.2,39.23,+61.38,-36.09,1
2260.9515,1008.58,23.2,40.09,+62.02,-34.59,1
2261.0830,1008.64,23.2,39.57,+62.02,-35.11,1
2261.2189,1008.54,23.2,40.44,+62.02,-34.25,1
2261.3565,1008.67,23.2,39.32,+62.02,-35.37,1
2261.4890,1008.61,23.2,39.83,+62.02,-34.85,1
2261.6243,1008.58,23.2,40.09,+62.02,-34.59,1
2261.7610,1008.54,23.2,40.44,+62.02,-34.25,1
2261.8964,1008.53,23.2,40.52,+62.02,-34.16,1
2262.0224,1008.57,23.2,40.18,+62.64,-33.88,1
2262.1590,1008.58,23.2,40.09,+62.64,-33.97,1
2262.2917,1008.56,23.2,40.26,+62.64,-33.79,1
2262.4286,1008.58,23.2,40.09,+62.64,-33.97,1
2262.5644,1008.58,23.2,40.09,+62.64,-33.97,1
2262.6991,1008.65,23.2,39.49,+62.64,-34.57,1
2262.8332,1008.52,23.2,40.61,+62.64,-33.45,1
2262.9602,1008.58,23.2,40.09,+63.29,-33.32,1
2263.0948,1008.54,23.2,40.44,+63.29,-32.98,1
2263.2275,1008.54,23.2,40.44,+63.29,-32.98,1
2263.3632,1008.54,23.2,40.44,+63.29,-32.98,1
2263.5005,1008.49,23.2,40.87,+63.29,-32.54,1
2263.6328,1008.56,23.2,40.26,+63.29,-33.15,1
2263.7696,1008.54,23.2,40.44,+63.29,-32.98,1
2263.9075,1008.57,23.2,40.18,+63.29,-33.23,1
2264.0440,1008.58,23.2,40.09,+63.99,-32.62,1
2264.1799,1008.51,23.2,40.69,+63.99,-32.02,1
2264.3170,1008.55,23.2,40.35,+63.99,-32.36,1
2264.4519,1008.53,23.2,40.52,+63.99,-32.19,1
2264.5872,1008.59,23.2,40.00,+63.99,-32.71,1
2264.7239,1008.54,23.2,40.44,+63.99,-32.28,1
2264.8598,1008.56,23.2,40.26,+63.99,-32.45,1
2264.9965,1008.56,23.2,40.26,+64.71,-31.73,1
2265.1345,1008.51,23.2,40.69,+64.71,-31.30,1
2265.2695,1008.55,23.2,40.35,+64.71,-31.64,1
2265.4038,1008.59,23.2,40.00,+64.71,-31.99,1
2265.5404,1008.56,23.2,40.26,+64.71,-31.73,1
2265.6763,1008.54,23.2,40.44,+64.71,-31.56,1
2265.8135,1008.68,23.2,39.23,+64.71,-32.76,1
2265.9519,1008.54,23.2,40.44,+65.48,-30.78,1
2266.0871,1008.56,23.2,40.26,+65.48,-30.95,1
2266.2254,1008.56,23.2,40.26,+65.48,-30.95,1
2266.3576,1008.54,23.2,40.44,+65.48,-30.78,1
2266.4945,1008.64,23.2,39.57,+65.48,-31.64,1
2266.6312,1008.61,23.2,39.83,+65.48,-31.38,1
2266.7665,1008.59,23.2,40.00,+65.48,-31.21,1
2266.9019,1008.62,23.2,39.75,+65.48,-31.47,1
2267.0287,1008.61,23.2,39.83,+66.25,-30.62,1
2267.1633,1008.60,23.2,39.92,+66.25,-30.53,1
2267.3008,1008.57,23.2,40.18,+66.25,-30.27,1
2267.4375,1008.62,23.2,39.75,+66.25,-30.70,1
2267.5742,1008.61,23.2,39.83,+66.25,-30.62,1
2267.7065,1008.60,23.3,39.93,+66.25,-30.52,1
2267.8438,1008.53,23.2,40.52,+66.25,-29.93,1
2267.9703,1008.57,23.2,40.18,+66.97,-29.55,1
2268.1032,1008.64,23.3,39.59,+66.97,-30.14,1
2268.2406,1008.58,23.2,40.09,+66.97,-29.63,1
2268.3790,1008.58,23.3,40.10,+66.97,-29.62,1
2268.5115,1008.57,23.3,40.19,+66.97,-29.53,1
2268.6468,1008.64,23.2,39.57,+66.97,-30.15,1
2268.7834,1008.61,23.3,39.85,+66.97,-29.88,1
2268.9176,1008.60,23.3,39.93,+66.97,-29.79,1
2269.0560,1008.60,23.3,39.93,+67.72,-29.05,1
2269.1928,1008.57,23.3,40.19,+67.72,-28.79,1
2269.3282,1008.60,23.3,39.93,+67.72,-29.05,1
2269.4623,1008.57,23.3,40.19,+67.72,-28.79,1
2269.5987,1008.57,23.3,40.19,+67.72,-28.79,1
2269.7337,1008.68,23.3,39.24,+67.72,-29.74,1
2269.8686,1008.57,23.3,40.19,+67.72,-28.79,1
2269.9955,1008.61,23.3,39.85,+68.46,-28.39,1
2270.1309,1008.60,23.3,39.93,+68.46,-28.31,1
2270.2641,1008.60,23.3,39.93,+68.46,-28.31,1
2270.4005,1008.62,23.3,39.76,+68.46,-28.48,1
2270.5365,1008.62,23.3,39.76,+68.46,-28.48,1
2270.6708,1008.58,23.3,40.10,+68.46,-28.13,1
2270.8075,1008.64,23.3,39.59,+68.46,-28.65,1
2270.9458,1008.64,23.3,39.59,+69.20,-27.91,1
2271.0823,1008.59,23.3,40.02,+69.20,-27.48,1
2271.2165,1008.65,23.3,39.50,+69.20,-28.00,1
2271.3512,1008.60,23.3,39.93,+69.20,-27.57,1
2271.4878,1008.60,23.3,39.93,+69.20,-27.57,1
2271.6232,1008.54,23.3,40.45,+69.20,-27.05,1
2271.7578,1008.62,23.3,39.76,+69.20,-27.74,1
2271.8952,1008.59,23.3,40.02,+69.20,-27.48,1
2272.0327,1008.58,23.3,40.10,+69.93,-26.67,1
2272.1680,1008.61,23.3,39.85,+69.93,-26.93,1
2272.3041,1008.56,23.3,40.28,+69.93,-26.50,1
2272.4407,1008.66,23.3,39.42,+69.93,-27.36,1
2272.5737,1008.66,23.3,39.42,+69.93,-27.36,1
2272.7104,1008.60,23.3,39.93,+69.93,-26.84,1
2272.8476,1008.60,23.3,39.93,+69.93,-26.84,1
2272.9830,1008.64,23.3,39.59,+70.64,-26.47,1
2273.1200,1008.61,23.3,39.85,+70.64,-26.21,1
2273.2581,1008.60,23.3,39.93,+70.64,-26.13,1
2273.3904,1008.73,23.3,38.81,+70.64,-27.24,1
2273.5270,1008.62,23.3,39.76,+70.64,-26.30,1
2273.6637,1008.62,23.3,39.76,+70.64,-26.30,1
2273.8000,1008.67,23.3,39.33,+70.64,-26.73,1
2273.9389,1008.66,23.3,39.42,+71.37,-25.91,1
2274.0735,1008.65,23.3,39.50,+71.37,-25.82,1
2274.2086,1008.65,23.3,39.50,+71.37,-25.82,1
2274.3427,1008.55,23.3,40.36,+71.37,-24.96,1
2274.4790,1008.59,23.3,40.02,+71.37,-25.31,1
2274.6137,1008.56,23.3,40.28,+71.37,-25.05,1
2274.7481,1008.59,23.3,40.02,+71.37,-25.31,1
2274.8865,1008.60,23.3,39.93,+71.37,-25.39,1
2275.0231,1008.63,23.3,39.67,+72.07,-24.96,1
2275.1589,1008.59,23.3,40.02,+72.07,-24.61,1
2275.2936,1008.60,23.3,39.93,+72.07,-24.70,1
2275.4288,1008.63,23.3,39.67,+72.07,-24.96,1
2275.5641,1008.55,23.3,40.36,+72.07,-24.27,1
2275.6982,1008.61,23.3,39.85,+72.07,-24.79,1
2275.8335,1008.64,23.3,39.59,+72.07,-25.04,1
2275.9594,1008.55,23.3,40.36,+72.76,-23.58,1
2276.0935,1008.60,23.3,39.93,+72.76,-24.01,1
2276.2282,1008.63,23.3,39.67,+72.76,-24.27,1
2276.3652,1008.60,23.3,39.93,+72.76,-24.01,1
2276.5007,1008.66,23.3,39.42,+72.76,-24.53,1
2276.6353,1008.66,23.3,39.42,+72.76,-24.53,1
2276.7713,1008.67,23.3,39.33,+72.76,-24.61,1
2276.9078,1008.65,23.3,39.50,+72.76,-24.44,1
2277.0438,1008.75,23.3,38.64,+73.44,-24.62,1
2277.1795,1008.66,23.3,39.42,+73.44,-23.85,1
2277.3165,1008.62,23.3,39.76,+73.44,-23.50,1
2277.4489,1008.60,23.3,39.93,+73.44,-23.33,1
2277.5855,1008.58,23.3,40.10,+73.44,-23.16,1
2277.7218,1008.52,23.3,40.62,+73.44,-22.64,1
2277.8547,1008.55,23.3,40.36,+73.44,-22.90,1
2277.9809,1008.57,23.3,40.19,+74.06,-22.45,1
2278.1196,1008.63,23.3,39.67,+74.06,-22.97,1
2278.2518,1008.60,23.3,39.93,+74.06,-22.71,1
2278.3885,1008.57,23.3,40.19,+74.06,-22.45,1
2278.5254,1008.69,23.3,39.16,+74.06,-23.49,1
2278.6633,1008.69,23.3,39.16,+74.06,-23.49,1
2278.7958,1008.64,23.3,39.59,+74.06,-23.06,1
2278.9346,1008.60,23.3,39.93,+74.69,-22.08,1
2279.0716,1008.62,23.3,39.76,+74.69,-22.25,1
2279.2057,1008.66,23.3,39.42,+74.69,-22.60,1
2279.3428,1008.65,23.3,39.50,+74.69,-22.51,1
2279.4798,1008.67,23.4,39.34,+74.69,-22.67,1
2279.6121,1008.55,23.3,40.36,+74.69,-21.65,1
2279.7500,1008.64,23.4,39.60,+74.69,-22.41,1
2279.8875,1008.64,23.4,39.60,+74.69,-22.41,1
2280.0250,1008.62,23.4,39.77,+75.30,-21.62,1
2280.1597,1008.58,23.4,40.12,+75.30,-21.28,1
2280.2982,1008.56,23.4,40.29,+75.30,-21.11,1
2280.4333,1008.57,23.4,40.20,+75.30,-21.19,1
2280.5674,1008.62,23.4,39.77,+75.30,-21.62,1
2280.7040,1008.63,23.4,39.69,+75.30,-21.71,1
2280.8397,1008.57,23.4,40.20,+75.30,-21.19,1
2280.9770,1008.55,23.4,40.38,+75.89,-20.44,1
2281.1122,1008.59,23.4,40.03,+75.89,-20.78,1
2281.2473,1008.55,23.4,40.38,+75.89,-20.44,1
2281.3838,1008.60,23.4,39.95,+75.89,-20.87,1
2281.5176,1008.57,23.4,40.20,+75.89,-20.61,1
2281.6524,1008.66,23.4,39.43,+75.89,-21.39,1
2281.7893,1008.61,23.4,39.86,+75.89,-20.96,1
2281.9254,1008.60,23.4,39.95,+75.89,-20.87,1
2282.0628,1008.58,23.4,40.12,+76.45,-20.13,1
2282.1992,1008.62,23.4,39.77,+76.45,-20.47,1
2282.3337,1008.60,23.4,39.95,+76.45,-20.30,1
2282.4697,1008.62,23.4,39.77,+76.45,-20.47,1
2282.6067,1008.62,23.4,39.77,+76.45,-20.47,1
2282.7435,1008.61,23.4,39.86,+76.45,-20.39,1
2282.8764,1008.64,23.4,39.60,+76.45,-20.64,1
2283.0028,1008.61,23.4,39.86,+77.03,-19.81,1
2283.1394,1008.61,23.4,39.86,+77.03,-19.81,1
2283.2722,1008.60,23.4,39.95,+77.03,-19.73,1
2283.4092,1008.60,23.4,39.95,+77.03,-19.73,1
2283.5473,1008.52,23.4,40.64,+77.03,-19.04,1
2283.6797,1008.63,23.4,39.69,+77.03,-19.98,1
2283.8168,1008.56,23.4,40.29,+77.03,-19.38,1
2283.9438,1008.56,23.4,40.29,+77.55,-18.86,1
2284.0776,1008.53,23.4,40.55,+77.55,-18.60,1
2284.2149,1008.61,23.4,39.86,+77.55,-19.29,1
2284.3524,1008.61,23.4,39.86,+77.55,-19.29,1
2284.4850,1008.64,23.4,39.60,+77.55,-19.55,1
2284.6218,1008.59,23.4,40.03,+77.55,-19.12,1
2284.7583,1008.57,23.4,40.20,+77.55,-18.94,1
2284.8939,1008.57,23.4,40.20,+77.55,-18.94,1
2285.0309,1008.60,23.4,39.95,+78.06,-18.69,1
2285.1688,1008.58,23.4,40.12,+78.06,-18.52,1
2285.3040,1008.55,23.4,40.38,+78.06,-18.26,1
2285.4385,1008.69,23.4,39.17,+78.06,-19.47,1
2285.5752,1008.62,23.4,39.77,+78.06,-18.87,1
2285.7104,1008.49,23.4,40.89,+78.06,-17.75,1
2285.8441,1008.64,23.4,39.60,+78.06,-19.04,1
2285.9711,1008.54,23.4,40.46,+78.58,-17.66,1
2286.1059,1008.57,23.4,40.20,+78.58,-17.92,1
2286.2418,1008.63,23.4,39.69,+78.58,-18.43,1
2286.3786,1008.58,23.4,40.12,+78.58,-18.00,1
2286.5130,1008.58,23.4,40.12,+78.58,-18.00,1
2286.6496,1008.60,23.4,39.95,+78.58,-18.18,1
2286.7855,1008.63,23.4,39.69,+78.58,-18.43,1
2286.9207,1008.55,23.4,40.38,+78.58,-17.75,1
2287.0463,1008.61,23.4,39.86,+79.06,-17.78,1
2287.1801,1008.60,23.4,39.95,+79.06,-17.69,1
2287.3157,1008.57,23.4,40.20,+79.06,-17.43,1
2287.4509,1008.54,23.4,40.46,+79.06,-17.17,1
2287.5852,1008.57,23.5,40.22,+79.06,-17.42,1
2287.7220,1008.61,23.5,39.87,+79.06,-17.76,1
2287.8577,1008.58,23.5,40.13,+79.06,-17.51,1
2287.9944,1008.56,23.5,40.30,+79.54,-16.86,1
2288.1317,1008.62,23.5,39.79,+79.54,-17.38,1
2288.2672,1008.62,23.5,39.79,+79.54,-17.38,1
2288.4053,1008.56,23.5,40.30,+79.54,-16.86,1
2288.5395,1008.65,23.5,39.53,+79.54,-17.63,1
2288.6744,1008.60,23.5,39.96,+79.54,-17.20,1
2288.8114,1008.57,23.5,40.22,+79.54,-16.95,1
2288.9371,1008.60,23.5,39.96,+79.98,-16.76,1
2289.0723,1008.62,23.5,39.79,+79.98,-16.93,1
2289.2095,1008.64,23.5,39.61,+79.98,-17.10,1
2289.3441,1008.55,23.5,40.39,+79.98,-16.33,1
2289.4794,1008.58,23.5,40.13,+79.98,-16.59,1
2289.6144,1008.59,23.5,40.05,+79.98,-16.67,1
2289.7488,1008.54,23.5,40.48,+79.98,-16.24,1
2289.8844,1008.58,23.5,40.13,+79.98,-16.59,1
2290.0117,1008.58,23.5,40.13,+80.41,-16.15,1
2290.1454,1008.54,23.5,40.48,+80.41,-15.81,1
2290.2824,1008.53,23.5,40.56,+80.41,-15.72,1
2290.4152,1008.53,23.5,40.56,+80.41,-15.72,1
2290.5494,1008.57,23.5,40.22,+80.41,-16.07,1
2290.6834,1008.57,23.5,40.22,+80.41,-16.07,1
2290.8163,1008.59,23.5,40.05,+80.41,-16.24,1
2290.9548,1008.60,23.5,39.96,+80.83,-15.91,1
2291.0906,1008.59,23.5,40.05,+80.83,-15.82,1
2291.2235,1008.59,23.5,40.05,+80.83,-15.82,1
2291.3579,1008.52,23.5,40.65,+80.83,-15.22,1
2291.4921,1008.61,23.5,39.87,+80.83,-15.99,1
2291.6265,1008.53,23.5,40.56,+80.83,-15.31,1
2291.7613,1008.62,23.5,39.79,+80.83,-16.08,1
2291.8958,1008.63,23.5,39.70,+80.83,-16.17,1
2292.0322,1008.57,23.5,40.22,+81.22,-15.26,1
2292.1680,1008.56,23.5,40.30,+81.22,-15.17,1
2292.3026,1008.55,23.5,40.39,+81.22,-15.09,1
2292.4352,1008.65,23.6,39.54,+81.22,-15.93,1
2292.5694,1008.63,23.6,39.71,+81.22,-15.76,1
2292.7045,1008.57,23.6,40.23,+81.22,-15.24,1
2292.8375,1008.59,23.6,40.06,+81.22,-15.42,1
2292.9759,1008.67,23.6,39.37,+81.58,-15.75,1
2293.1104,1008.57,23.6,40.23,+81.58,-14.89,1
2293.2443,1008.59,23.6,40.06,+81.58,-15.06,1
2293.3788,1008.58,23.6,40.15,+81.58,-14.98,1
2293.5129,1008.59,23.6,40.06,+81.58,-15.06,1
2293.6454,1008.60,23.6,39.97,+81.58,-15.15,1
2293.7809,1008.62,23.6,39.80,+81.58,-15.32,1
2293.9174,1008.61,23.6,39.89,+81.58,-15.23,1
2294.0552,1008.63,23.6,39.71,+81.91,-15.08,1
2294.1898,1008.57,23.5,40.22,+81.91,-14.57,1
2294.3271,1008.60,23.5,39.96,+81.91,-14.83,1
2294.4609,1008.59,23.5,40.05,+81.91,-14.74,1
2294.5966,1008.60,23.5,39.96,+81.91,-14.83,1
2294.7310,1008.67,23.5,39.36,+81.91,-15.43,1
2294.8665,1008.68,23.5,39.27,+81.91,-15.52,1
2295.0046,1008.68,23.5,39.27,+82.22,-15.21,1
2295.1388,1008.65,23.5,39.53,+82.22,-14.95,1
2295.2727,1008.66,23.5,39.44,+82.22,-15.04,1
2295.4099,1008.63,23.5,39.70,+82.22,-14.78,1
2295.5441,1008.58,23.5,40.13,+82.22,-14.35,1
2295.6781,1008.60,23.5,39.96,+82.22,-14.52,1
2295.8142,1008.56,23.5,40.30,+82.22,-14.17,1
2295.9398,1008.58,23.5,40.13,+82.47,-14.10,1
2296.0727,1008.61,23.5,39.87,+82.47,-14.36,1
2296.2094,1008.59,23.5,40.05,+82.47,-14.18,1
2296.3455,1008.53,23.5,40.56,+82.47,-13.67,1
2296.4790,1008.65,23.5,39.53,+82.47,-14.70,1
2296.6147,1008.60,23.5,39.96,+82.47,-14.27,1
2296.7504,1008.58,23.5,40.13,+82.47,-14.10,1
2296.8833,1008.60,23.5,39.96,+82.47,-14.27,1
2297.0093,1008.58,23.5,40.13,+82.71,-13.86,1
2297.1445,1008.61,23.5,39.87,+82.71,-14.11,1
2297.2791,1008.54,23.5,40.48,+82.71,-13.51,1
2297.4138,1008.59,23.5,40.05,+82.71,-13.94,1
2297.5508,1008.60,23.5,39.96,+82.71,-14.03,1
2297.6850,1008.59,23.5,40.05,+82.71,-13.94,1
2297.8193,1008.63,23.5,39.70,+82.71,-14.29,1
2297.9455,1008.57,23.5,40.22,+82.92,-13.57,1
2298.0815,1008.62,23.5,39.79,+82.92,-14.00,1
2298.2157,1008.61,23.5,39.87,+82.92,-13.91,1
2298.3519,1008.56,23.5,40.30,+82.92,-13.48,1
2298.4879,1008.59,23.5,40.05,+82.92,-13.74,1
2298.6215,1008.60,23.5,39.96,+82.92,-13.82,1
2298.7575,1008.62,23.5,39.79,+82.92,-14.00,1
2298.8938,1008.58,23.5,40.13,+82.92,-13.65,1
2299.0301,1008.62,23.5,39.79,+83.08,-13.83,1
2299.1660,1008.62,23.5,39.79,+83.08,-13.83,1
2299.3018,1008.60,23.5,39.96,+83.08,-13.66,1
2299.4346,1008.62,23.5,39.79,+83.08,-13.83,1
2299.5689,1008.63,23.5,39.70,+83.08,-13.92,1
2299.7057,1008.59,23.5,40.05,+83.08,-13.57,1
2299.8405,1008.65,23.5,39.53,+83.08,-14.09,1
2299.9775,1008.50,23.5,40.82,+83.24,-12.64,1
2300.1134,1008.58,23.5,40.13,+83.24,-13.33,1
2300.2490,1008.60,23.5,39.96,+83.24,-13.51,1
2300.3834,1008.54,23.5,40.48,+83.24,-12.99,1
2300.5193,1008.62,23.5,39.79,+83.24,-13.68,1
2300.6530,1008.61,23.5,39.87,+83.24,-13.59,1
2300.7887,1008.53,23.5,40.56,+83.24,-12.90,1
2300.9250,1008.57,23.5,40.22,+83.24,-13.25,1
2301.0616,1008.59,23.5,40.05,+83.34,-13.31,1
2301.1964,1008.63,23.5,39.70,+83.34,-13.66,1
2301.3322,1008.57,23.5,40.22,+83.34,-13.14,1
2301.4661,1008.56,23.5,40.30,+83.34,-13.05,1
2301.6019,1008.60,23.5,39.96,+83.34,-13.40,1
2301.7368,1008.48,23.5,40.99,+83.34,-12.36,1
2301.8725,1008.61,23.5,39.87,+83.34,-13.48,1
2302.0108,1008.61,23.5,39.87,+83.44,-13.39,1
2302.1451,1008.58,23.5,40.13,+83.44,-13.13,1
2302.2796,1008.54,23.5,40.48,+83.44,-12.79,1
2302.4150,1008.54,23.5,40.48,+83.44,-12.79,1
2302.5504,1008.53,23.5,40.56,+83.44,-12.70,1
2302.6835,1008.56,23.5,40.30,+83.44,-12.96,1
2302.8183,1008.54,23.5,40.48,+83.44,-12.79,1
2302.9461,1008.59,23.5,40.05,+83.50,-13.16,1
2303.0789,1008.59,23.5,40.05,+83.50,-13.16,1
2303.2152,1008.61,23.5,39.87,+83.50,-13.33,1
2303.3513,1008.58,23.5,40.13,+83.50,-13.07,1
2303.4846,1008.56,23.5,40.30,+83.50,-12.90,1
2303.6193,1008.58,23.5,40.13,+83.50,-13.07,1
2303.7561,1008.59,23.5,40.05,+83.50,-13.16,1
2303.8910,1008.58,23.5,40.13,+83.50,-13.07,1
2304.0162,1008.54,23.5,40.48,+83.53,-12.69,1
2304.1521,1008.58,23.5,40.13,+83.53,-13.04,1
2304.2867,1008.59,23.5,40.05,+83.53,-13.13,1
2304.4215,1008.51,23.5,40.73,+83.53,-12.44,1
2304.5596,1008.56,23.5,40.30,+83.53,-12.87,1
2304.6962,1008.58,23.5,40.13,+83.53,-13.04,1
2304.8295,1008.51,23.5,40.73,+83.53,-12.44,1
2304.9566,1008.59,23.6,40.06,+83.53,-13.11,1
2305.0951,1008.59,23.5,40.05,+83.53,-13.12,1
2305.2279,1008.57,23.5,40.22,+83.53,-12.95,1
2305.3648,1008.54,23.5,40.48,+83.53,-12.69,1
2305.5017,1008.56,23.5,40.30,+83.53,-12.86,1
2305.6351,1008.58,23.5,40.13,+83.53,-13.04,1
2305.7720,1008.58,23.5,40.13,+83.53,-13.04,1
2305.9096,1008.57,23.5,40.22,+83.53,-12.95,1
2306.0458,1008.54,23.5,40.48,+83.55,-12.68,1
2306.1826,1008.56,23.5,40.30,+83.55,-12.85,1
2306.3195,1008.60,23.6,39.97,+83.55,-13.18,1
2306.4544,1008.55,23.6,40.40,+83.55,-12.75,1
2306.5885,1008.56,23.6,40.32,+83.55,-12.84,1
2306.7264,1008.51,23.5,40.73,+83.55,-12.42,1
2306.8618,1008.59,23.6,40.06,+83.55,-13.09,1
2306.9988,1008.60,23.6,39.97,+83.56,-13.17,1
2307.1355,1008.62,23.6,39.80,+83.56,-13.34,1
2307.2712,1008.65,23.6,39.54,+83.56,-13.60,1
2307.4043,1008.59,23.6,40.06,+83.56,-13.08,1
2307.5409,1008.62,23.6,39.80,+83.56,-13.34,1
2307.6758,1008.61,23.6,39.89,+83.56,-13.25,1
2307.8124,1008.58,23.6,40.15,+83.56,-12.99,1
2307.9507,1008.63,23.6,39.71,+83.56,-13.42,1
2308.0858,1008.61,23.6,39.89,+83.56,-13.25,1
2308.2232,1008.64,23.6,39.63,+83.56,-13.51,1
2308.3565,1008.57,23.6,40.23,+83.56,-12.90,1
2308.4913,1008.58,23.6,40.15,+83.56,-12.99,1
2308.6279,1008.59,23.6,40.06,+83.56,-13.08,1
2308.7623,1008.58,23.6,40.15,+83.56,-12.99,1
2308.8977,1008.60,23.6,39.97,+83.56,-13.16,1
2309.0232,1008.59,23.6,40.06,+83.58,-13.06,1
2309.1579,1008.64,23.6,39.63,+83.58,-13.49,1
2309.2935,1008.61,23.6,39.89,+83.58,-13.23,1
2309.4301,1008.54,23.6,40.49,+83.58,-12.63,1
2309.5665,1008.63,23.6,39.71,+83.58,-13.40,1
2309.6989,1008.58,23.6,40.15,+83.58,-12.97,1
2309.8362,1008.62,23.6,39.80,+83.58,-13.32,1
2309.9642,1008.63,23.6,39.71,+83.60,-13.39,1
2310.0964,1008.57,23.6,40.23,+83.60,-12.87,1
2310.2337,1008.62,23.6,39.80,+83.60,-13.30,1
2310.3706,1008.58,23.6,40.15,+83.60,-12.96,1
2310.5061,1008.57,23.6,40.23,+83.60,-12.87,1
2310.6407,1008.63,23.6,39.71,+83.60,-13.39,1
2310.7776,1008.60,23.6,39.97,+83.60,-13.13,1
2310.9125,1008.59,23.6,40.06,+83.60,-13.04,1
2311.0376,1008.61,23.6,39.89,+83.60,-13.22,1
2311.1735,1008.61,23.6,39.89,+83.60,-13.22,1
2311.3083,1008.59,23.6,40.06,+83.60,-13.04,1
2311.4432,1008.62,23.6,39.80,+83.60,-13.30,1
2311.5804,1008.64,23.6,39.63,+83.60,-13.47,1
2311.7165,1008.66,23.6,39.46,+83.60,-13.65,1
2311.8494,1008.62,23.6,39.80,+83.60,-13.30,1
2311.9764,1008.61,23.5,39.87,+83.58,-13.24,1
2312.1149,1008.64,23.5,39.61,+83.58,-13.50,1
2312.2472,1008.59,23.5,40.05,+83.58,-13.07,1
2312.3839,1008.58,23.5,40.13,+83.58,-12.99,1
2312.5207,1008.57,23.5,40.22,+83.58,-12.90,1
2312.6562,1008.57,23.5,40.22,+83.58,-12.90,1
2312.7914,1008.63,23.5,39.70,+83.58,-13.42,1
2312.9287,1008.66,23.5,39.44,+83.58,-13.67,1
2313.0671,1008.59,23.5,40.05,+83.57,-13.08,1
2313.2024,1008.54,23.5,40.48,+83.57,-12.65,1
2313.3385,1008.57,23.5,40.22,+83.57,-12.91,1
2313.4756,1008.60,23.5,39.96,+83.57,-13.17,1
2313.6082,1008.58,23.5,40.13,+83.57,-12.99,1
2313.7449,1008.58,23.5,40.13,+83.57,-12.99,1
2313.8820,1008.57,23.5,40.22,+83.57,-12.91,1
2314.0173,1008.60,23.5,39.96,+83.50,-13.24,1
2314.1530,1008.59,23.5,40.05,+83.50,-13.15,1
2314.2914,1008.57,23.5,40.22,+83.50,-12.98,1
2314.4239,1008.57,23.5,40.22,+83.50,-12.98,1
2314.5605,1008.53,23.5,40.56,+83.50,-12.63,1
2314.6974,1008.67,23.5,39.36,+83.50,-13.84,1
2314.8350,1008.66,23.5,39.44,+83.50,-13.75,1
2314.9734,1008.62,23.5,39.79,+83.43,-13.48,1
2315.1082,1008.59,23.5,40.05,+83.43,-13.22,1
2315.2437,1008.59,23.5,40.05,+83.43,-13.22,1
2315.3780,1008.66,23.5,39.44,+83.43,-13.83,1
2315.5142,1008.57,23.5,40.22,+83.43,-13.05,1
2315.6490,1008.63,23.5,39.70,+83.43,-13.57,1
2315.7835,1008.62,23.5,39.79,+83.43,-13.48,1
2315.9221,1008.60,23.5,39.96,+83.43,-13.31,1
2316.0598,1008.62,23.5,39.79,+83.30,-13.61,1
2316.1959,1008.61,23.5,39.87,+83.30,-13.53,1
2316.3282,1008.62,23.5,39.79,+83.30,-13.61,1
2316.4631,1008.64,23.4,39.60,+83.30,-13.80,1
2316.5988,1008.63,23.5,39.70,+83.30,-13.70,1
2316.7332,1008.68,23.4,39.26,+83.30,-14.14,1
2316.8683,1008.63,23.4,39.69,+83.30,-13.71,1
2316.9948,1008.58,23.4,40.12,+83.15,-13.43,1
2317.1289,1008.61,23.4,39.86,+83.15,-13.69,1
2317.2639,1008.61,23.4,39.86,+83.15,-13.69,1
2317.4007,1008.62,23.4,39.77,+83.15,-13.77,1
2317.5362,1008.69,23.4,39.17,+83.15,-14.38,1
2317.6714,1008.65,23.4,39.52,+83.15,-14.03,1
2317.8085,1008.64,23.4,39.60,+83.15,-13.95,1
2317.9497,1008.63,23.4,39.69,+83.00,-14.02,1
2318.0837,1008.60,23.4,39.95,+83.00,-13.76,1
2318.2208,1008.63,23.4,39.69,+83.00,-14.02,1
2318.3580,1008.60,23.4,39.95,+83.00,-13.76,1
2318.4904,1008.57,23.4,40.20,+83.00,-13.50,1
2318.6270,1008.66,23.4,39.43,+83.00,-14.28,1
2318.7635,1008.55,23.4,40.38,+83.00,-13.33,1
2318.8964,1008.64,23.4,39.60,+83.00,-14.10,1
2319.0220,1008.63,23.4,39.69,+82.84,-14.18,1
2319.1600,1008.61,23.5,39.87,+82.84,-13.99,1
2319.2912,1008.54,23.4,40.46,+82.84,-13.40,1
2319.4279,1008.62,23.4,39.77,+82.84,-14.09,1
2319.5647,1008.60,23.4,39.95,+82.84,-13.92,1
2319.7007,1008.60,23.4,39.95,+82.84,-13.92,1
2319.8356,1008.61,23.4,39.86,+82.84,-14.00,1
2319.9629,1008.55,23.5,40.39,+82.65,-13.66,1
2320.0975,1008.49,23.4,40.89,+82.65,-13.16,1
2320.2321,1008.56,23.5,40.30,+82.65,-13.75,1
2320.3692,1008.56,23.5,40.30,+82.65,-13.75,1
2320.5037,1008.60,23.5,39.96,+82.65,-14.09,1
2320.6378,1008.60,23.5,39.96,+82.65,-14.09,1
2320.7756,1008.61,23.5,39.87,+82.65,-14.18,1
2320.9129,1008.57,23.5,40.22,+82.65,-13.83,1
2321.0490,1008.62,23.5,39.79,+82.44,-14.48,1
2321.1845,1008.59,23.5,40.05,+82.44,-14.22,1
2321.3223,1008.59,23.5,40.05,+82.44,-14.22,1
2321.4575,1008.61,23.5,39.87,+82.44,-14.39,1
2321.5917,1008.57,23.5,40.22,+82.44,-14.05,1
2321.7285,1008.60,23.5,39.96,+82.44,-14.31,1
2321.8655,1008.65,23.5,39.53,+82.44,-14.74,1
2322.0037,1008.56,23.5,40.30,+82.22,-14.18,1
2322.1410,1008.60,23.5,39.96,+82.22,-14.52,1
2322.2760,1008.61,23.5,39.87,+82.22,-14.61,1
2322.4115,1008.59,23.5,40.05,+82.22,-14.43,1
2322.5481,1008.63,23.5,39.70,+82.22,-14.78,1
2322.6830,1008.53,23.5,40.56,+82.22,-13.92,1
2322.8201,1008.70,23.6,39.11,+82.22,-15.37,1
2322.9459,1008.55,23.5,40.39,+82.02,-14.29,1
2323.0810,1008.61,23.6,39.89,+82.02,-14.79,1
2323.2182,1008.59,23.6,40.06,+82.02,-14.62,1
2323.3530,1008.59,23.6,40.06,+82.02,-14.62,1
2323.4891,1008.64,23.6,39.63,+82.02,-15.05,1
2323.6260,1008.62,23.6,39.80,+82.02,-14.88,1
2323.7604,1008.58,23.6,40.15,+82.02,-14.53,1
2323.8960,1008.59,23.6,40.06,+82.02,-14.62,1
2324.0228,1008.65,23.6,39.54,+81.76,-15.39,1
2324.1570,1008.56,23.6,40.32,+81.76,-14.62,1
2324.2919,1008.54,23.6,40.49,+81.76,-14.45,1
2324.4290,1008.58,23.6,40.15,+81.76,-14.79,1
2324.5646,1008.56,23.6,40.32,+81.76,-14.62,1
2324.6994,1008.57,23.6,40.23,+81.76,-14.70,1
2324.8357,1008.56,23.6,40.32,+81.76,-14.62,1
2324.9758,1008.58,23.6,40.15,+81.51,-15.04,1
2325.1091,1008.57,23.6,40.23,+81.51,-14.96,1
2325.2441,1008.59,23.6,40.06,+81.51,-15.13,1
2325.3810,1008.61,23.6,39.89,+81.51,-15.30,1
2325.5153,1008.61,23.6,39.89,+81.51,-15.30,1
2325.6503,1008.53,23.6,40.58,+81.51,-14.61,1
2325.7862,1008.58,23.6,40.15,+81.51,-15.04,1
2325.9212,1008.57,23.6,40.23,+81.51,-14.96,1
2326.0588,1008.57,23.6,40.23,+81.25,-15.22,1
2326.1961,1008.53,23.6,40.58,+81.25,-14.87,1
2326.3306,1008.56,23.6,40.32,+81.25,-15.13,1
2326.4637,1008.51,23.6,40.75,+81.25,-14.70,1
2326.6005,1008.54,23.6,40.49,+81.25,-14.96,1
2326.7385,1008.54,23.6,40.49,+81.25,-14.96,1
2326.8716,1008.64,23.6,39.63,+81.25,-15.82,1
2326.9975,1008.55,23.6,40.40,+81.02,-15.28,1
2327.1342,1008.61,23.6,39.89,+81.02,-15.79,1
2327.2681,1008.53,23.6,40.58,+81.02,-15.10,1
2327.4050,1008.55,23.6,40.40,+81.02,-15.28,1
2327.5417,1008.56,23.6,40.32,+81.02,-15.36,1
2327.6743,1008.58,23.6,40.15,+81.02,-15.53,1
2327.8115,1008.61,23.6,39.89,+81.02,-15.79,1
2327.9381,1008.52,23.6,40.66,+80.76,-15.28,1
2328.0709,1008.53,23.6,40.58,+80.76,-15.36,1
2328.2080,1008.61,23.6,39.89,+80.76,-16.05,1
2328.3461,1008.57,23.6,40.23,+80.76,-15.71,1
2328.4810,1008.60,23.6,39.97,+80.76,-15.97,1
2328.6154,1008.58,23.6,40.15,+80.76,-15.79,1
2328.7523,1008.53,23.6,40.58,+80.76,-15.36,1
2328.8883,1008.57,23.6,40.23,+80.76,-15.71,1
2329.0250,1008.57,23.6,40.23,+80.48,-15.99,1
2329.1621,1008.62,23.6,39.80,+80.48,-16.42,1
2329.2973,1008.58,23.6,40.15,+80.48,-16.08,1
2329.4318,1008.57,23.6,40.23,+80.48,-15.99,1
2329.5679,1008.51,23.6,40.75,+80.48,-15.47,1
2329.7026,1008.60,23.7,39.99,+80.48,-16.24,1
2329.8401,1008.59,23.7,40.07,+80.48,-16.15,1
2329.9659,1008.57,23.7,40.24,+80.18,-16.27,1
2330.1008,1008.55,23.7,40.42,+80.18,-16.10,1
2330.2381,1008.59,23.7,40.07,+80.18,-16.44,1
2330.3728,1008.55,23.7,40.42,+80.18,-16.10,1
2330.5110,1008.54,23.7,40.50,+80.18,-16.01,1
2330.6459,1008.48,23.7,41.02,+80.18,-15.49,1
2330.7804,1008.62,23.7,39.81,+80.18,-16.70,1
2330.9180,1008.57,23.7,40.24,+80.18,-16.27,1
2331.0433,1008.63,23.7,39.73,+79.88,-17.09,1
2331.1766,1008.55,23.7,40.42,+79.88,-16.40,1
2331.3137,1008.57,23.7,40.24,+79.88,-16.57,1
2331.4484,1008.58,23.7,40.16,+79.88,-16.66,1
2331.5840,1008.55,23.7,40.42,+79.88,-16.40,1
2331.7209,1008.59,23.7,40.07,+79.88,-16.75,1
2331.8563,1008.57,23.7,40.24,+79.88,-16.57,1
2331.9960,1008.56,23.7,40.33,+79.59,-16.77,1
2332.1326,1008.58,23.7,40.16,+79.59,-16.95,1
2332.2677,1008.56,23.7,40.33,+79.59,-16.77,1
2332.4045,1008.56,23.7,40.33,+79.59,-16.77,1
2332.5394,1008.58,23.7,40.16,+79.59,-16.95,1
2332.6749,1008.60,23.7,39.99,+79.59,-17.12,1
2332.8109,1008.62,23.7,39.81,+79.59,-17.29,1
2332.9497,1008.57,23.7,40.24,+79.34,-17.12,1
2333.0847,1008.53,23.7,40.59,+79.34,-16.77,1
2333.2104,1008.60,23.7,39.99,+79.34,-17.37,1
2333.3450,1008.63,23.7,39.73,+79.34,-17.63,1
2333.4801,1008.65,23.7,39.56,+79.34,-17.81,1
2333.6168,1008.60,23.7,39.99,+79.34,-17.37,1
2333.7549,1008.60,23.7,39.99,+79.34,-17.37,1
2333.8878,1008.63,23.7,39.73,+79.34,-17.63,1
2334.0147,1008.62,23.7,39.81,+79.11,-17.77,1
2334.1517,1008.59,23.7,40.07,+79.11,-17.51,1
2334.2859,1008.59,23.7,40.07,+79.11,-17.51,1
2334.4214,1008.63,23.7,39.73,+79.11,-17.86,1
2334.5577,1008.59,23.7,40.07,+79.11,-17.51,1
2334.6901,1008.52,23.7,40.68,+79.11,-16.91,1
2334.8273,1008.56,23.7,40.33,+79.11,-17.26,1
2334.9539,1008.61,23.7,39.90,+78.90,-17.90,1
2335.0862,1008.52,23.7,40.68,+78.90,-17.12,1
2335.2238,1008.63,23.7,39.73,+78.90,-18.07,1
2335.3620,1008.55,23.7,40.42,+78.90,-17.38,1
2335.4962,1008.61,23.7,39.90,+78.90,-17.90,1
2335.6312,1008.64,23.7,39.64,+78.90,-18.16,1
2335.7680,1008.64,23.7,39.64,+78.90,-18.16,1
2335.9064,1008.56,23.7,40.33,+78.90,-17.47,1
2336.0417,1008.62,23.7,39.81,+78.72,-18.16,1
2336.1778,1008.58,23.7,40.16,+78.72,-17.82,1
2336.3123,1008.62,23.7,39.81,+78.72,-18.16,1
2336.4457,1008.59,23.7,40.07,+78.72,-17.90,1
2336.5824,1008.61,23.7,39.90,+78.72,-18.08,1
2336.7192,1008.58,23.7,40.16,+78.72,-17.82,1
2336.8521,1008.57,23.7,40.24,+78.72,-17.73,1
2336.9788,1008.56,23.7,40.33,+78.58,-17.79,1
2337.1155,1008.57,23.7,40.24,+78.58,-17.87,1
2337.2482,1008.63,23.7,39.73,+78.58,-18.39,1
2337.3838,1008.53,23.7,40.59,+78.58,-17.53,1
2337.5215,1008.59,23.7,40.07,+78.58,-18.05,1
2337.6561,1008.56,23.7,40.33,+78.58,-17.79,1
2337.7907,1008.54,23.7,40.50,+78.58,-17.62,1
2337.9317,1008.63,23.7,39.73,+78.46,-18.51,1
2338.0688,1008.54,23.7,40.50,+78.46,-17.73,1
2338.2035,1008.55,23.7,40.42,+78.46,-17.82,1
2338.3379,1008.58,23.7,40.16,+78.46,-18.08,1
2338.4704,1008.57,23.7,40.24,+78.46,-17.99,1
2338.6047,1008.53,23.7,40.59,+78.46,-17.65,1
2338.7386,1008.61,23.7,39.90,+78.46,-18.34,1
2338.8719,1008.56,23.7,40.33,+78.46,-17.91,1
2339.0087,1008.60,23.7,39.99,+78.36,-18.35,1
2339.1443,1008.54,23.7,40.50,+78.36,-17.83,1
2339.2771,1008.53,23.7,40.59,+78.36,-17.75,1
2339.4115,1008.59,23.7,40.07,+78.36,-18.27,1
2339.5461,1008.54,23.7,40.50,+78.36,-17.83,1
2339.6800,1008.64,23.7,39.64,+78.36,-18.70,1
2339.8147,1008.55,23.6,40.40,+78.36,-17.93,1
2339.9532,1008.55,23.6,40.40,+78.27,-18.03,1
2340.0864,1008.57,23.6,40.23,+78.27,-18.20,1
2340.2223,1008.57,23.6,40.23,+78.27,-18.20,1
2340.3568,1008.58,23.6,40.15,+78.27,-18.29,1
2340.4899,1008.58,23.6,40.15,+78.27,-18.29,1
2340.6242,1008.56,23.6,40.32,+78.27,-18.12,1
2340.7597,1008.60,23.6,39.97,+78.27,-18.46,1
2340.8925,1008.63,23.6,39.71,+78.27,-18.72,1
2341.0308,1008.62,23.6,39.80,+78.17,-18.73,1
2341.1682,1008.61,23.6,39.89,+78.17,-18.64,1
2341.3022,1008.54,23.5,40.48,+78.17,-18.05,1
2341.4376,1008.57,23.5,40.22,+78.17,-18.31,1
2341.5740,1008.58,23.5,40.13,+78.17,-18.39,1
2341.7093,1008.55,23.5,40.39,+78.17,-18.14,1
2341.8441,1008.57,23.5,40.22,+78.17,-18.31,1
2341.9706,1008.56,23.5,40.30,+78.07,-18.33,1
2342.1050,1008.53,23.5,40.56,+78.07,-18.07,1
2342.2381,1008.54,23.5,40.48,+78.07,-18.15,1
2342.3747,1008.58,23.5,40.13,+78.07,-18.50,1
2342.5112,1008.59,23.5,40.05,+78.07,-18.58,1
2342.6435,1008.59,23.4,40.03,+78.07,-18.60,1
2342.7804,1008.57,23.4,40.20,+78.07,-18.43,1
2342.9192,1008.54,23.4,40.46,+78.07,-18.17,1
2343.0555,1008.57,23.4,40.20,+77.94,-18.56,1
2343.1926,1008.64,23.4,39.60,+77.94,-19.16,1
2343.3275,1008.64,23.4,39.60,+77.94,-19.16,1
2343.4640,1008.63,23.4,39.69,+77.94,-19.08,1
2343.5976,1008.64,23.4,39.60,+77.94,-19.16,1
2343.7347,1008.65,23.4,39.52,+77.94,-19.25,1
2343.8702,1008.66,23.4,39.43,+77.94,-19.33,1
2344.0081,1008.62,23.4,39.77,+77.82,-19.11,1
2344.1448,1008.68,23.4,39.26,+77.82,-19.63,1
2344.2775,1008.63,23.4,39.69,+77.82,-19.19,1
2344.4117,1008.64,23.4,39.60,+77.82,-19.28,1
2344.5473,1008.66,23.4,39.43,+77.82,-19.45,1
2344.6798,1008.63,23.4,39.69,+77.82,-19.19,1
2344.8144,1008.60,23.4,39.95,+77.82,-18.94,1
2344.9531,1008.61,23.4,39.86,+77.68,-19.16,1
2345.0873,1008.60,23.4,39.95,+77.68,-19.08,1
2345.2220,1008.55,23.4,40.38,+77.68,-18.65,1
2345.3566,1008.62,23.4,39.77,+77.68,-19.25,1
2345.4894,1008.55,23.4,40.38,+77.68,-18.65,1
2345.6237,1008.62,23.4,39.77,+77.68,-19.25,1
2345.7579,1008.61,23.4,39.86,+77.68,-19.16,1
2345.8914,1008.59,23.4,40.03,+77.68,-18.99,1
2346.0285,1008.61,23.4,39.86,+77.51,-19.33,1
2346.1639,1008.60,23.4,39.95,+77.51,-19.24,1
2346.2967,1008.63,23.4,39.69,+77.51,-19.50,1
2346.4311,1008.54,23.4,40.46,+77.51,-18.72,1
2346.5653,1008.60,23.4,39.95,+77.51,-19.24,1
2346.6990,1008.61,23.4,39.86,+77.51,-19.33,1
2346.8337,1008.63,23.4,39.69,+77.51,-19.50,1
2346.9608,1008.52,23.4,40.64,+77.34,-18.73,1
2347.0934,1008.54,23.4,40.46,+77.34,-18.90,1
2347.2308,1008.56,23.4,40.29,+77.34,-19.07,1
2347.3668,1008.60,23.4,39.95,+77.34,-19.42,1
2347.5011,1008.63,23.4,39.69,+77.34,-19.68,1
2347.6361,1008.58,23.4,40.12,+77.34,-19.25,1
2347.7725,1008.49,23.4,40.89,+77.34,-18.47,1
2347.9094,1008.56,23.4,40.29,+77.34,-19.07,1
2348.0450,1008.52,23.4,40.64,+77.13,-18.94,1
2348.1811,1008.67,23.4,39.34,+77.13,-20.23,1
2348.3197,1008.64,23.4,39.60,+77.13,-19.97,1
2348.4520,1008.64,23.5,39.61,+77.13,-19.96,1
2348.5887,1008.57,23.4,40.20,+77.13,-19.37,1
2348.7260,1008.60,23.5,39.96,+77.13,-19.61,1
2348.8602,1008.59,23.5,40.05,+77.13,-19.53,1
2348.9857,1008.56,23.5,40.30,+76.93,-19.47,1
2349.1225,1008.62,23.5,39.79,+76.93,-19.98,1
2349.2554,1008.65,23.5,39.53,+76.93,-20.24,1
2349.3924,1008.58,23.5,40.13,+76.93,-19.64,1
2349.5288,1008.57,23.5,40.22,+76.93,-19.55,1
2349.6636,1008.60,23.5,39.96,+76.93,-19.81,1
2349.7982,1008.57,23.5,40.22,+76.93,-19.55,1
2349.9266,1008.59,23.5,40.05,+76.73,-19.92,1
2350.0619,1008.62,23.5,39.79,+76.73,-20.18,1
2350.1969,1008.63,23.5,39.70,+76.73,-20.27,1
2350.3339,1008.58,23.5,40.13,+76.73,-19.83,1
2350.4703,1008.60,23.5,39.96,+76.73,-20.01,1
2350.6033,1008.63,23.5,39.70,+76.73,-20.27,1
2350.7400,1008.59,23.5,40.05,+76.73,-19.92,1
2350.8757,1008.59,23.5,40.05,+76.73,-19.92,1
2351.0137,1008.62,23.5,39.79,+76.52,-20.39,1
2351.1503,1008.62,23.5,39.79,+76.52,-20.39,1
2351.2856,1008.63,23.5,39.70,+76.52,-20.47,1
2351.4226,1008.58,23.5,40.13,+76.52,-20.04,1
2351.5597,1008.60,23.5,39.96,+76.52,-20.22,1
2351.6944,1008.59,23.5,40.05,+76.52,-20.13,1
2351.8319,1008.60,23.5,39.96,+76.52,-20.22,1
2351.9677,1008.54,23.5,40.48,+76.31,-19.91,1
2352.1032,1008.58,23.5,40.13,+76.31,-20.26,1
2352.2395,1008.64,23.5,39.61,+76.31,-20.78,1
2352.3741,1008.64,23.5,39.61,+76.31,-20.78,1
2352.5091,1008.66,23.5,39.44,+76.31,-20.95,1
2352.6474,1008.60,23.5,39.96,+76.31,-20.43,1
2352.7843,1008.62,23.5,39.79,+76.31,-20.60,1
2352.9172,1008.64,23.5,39.61,+76.31,-20.78,1
2353.0429,1008.63,23.5,39.70,+76.13,-20.87,1
2353.1807,1008.60,23.5,39.96,+76.13,-20.62,1
2353.3134,1008.61,23.5,39.87,+76.13,-20.70,1
2353.4502,1008.60,23.5,39.96,+76.13,-20.62,1
2353.5870,1008.57,23.5,40.22,+76.13,-20.36,1
2353.7209,1008.60,23.5,39.96,+76.13,-20.62,1
2353.8570,1008.63,23.5,39.70,+76.13,-20.87,1
2353.9838,1008.62,23.5,39.79,+75.98,-20.93,1
2354.1164,1008.62,23.5,39.79,+75.98,-20.93,1
2354.2534,1008.57,23.5,40.22,+75.98,-20.50,1
2354.3899,1008.66,23.5,39.44,+75.98,-21.27,1
2354.5224,1008.62,23.5,39.79,+75.98,-20.93,1
2354.6592,1008.65,23.5,39.53,+75.98,-21.19,1
2354.7976,1008.57,23.5,40.22,+75.98,-20.50,1
2354.9366,1008.59,23.5,40.05,+75.82,-20.83,1
2355.0702,1008.61,23.5,39.87,+75.82,-21.00,1
2355.2071,1008.58,23.5,40.13,+75.82,-20.74,1
2355.3428,1008.58,23.5,40.13,+75.82,-20.74,1
2355.4757,1008.60,23.5,39.96,+75.82,-20.92,1
2355.6125,1008.63,23.5,39.70,+75.82,-21.17,1
2355.7474,1008.53,23.4,40.55,+75.82,-20.33,1
2355.8823,1008.61,23.5,39.87,+75.82,-21.00,1
2356.0200,1008.61,23.5,39.87,+75.68,-21.14,1
2356.1553,1008.66,23.5,39.44,+75.68,-21.57,1
2356.2926,1008.59,23.5,40.05,+75.68,-20.97,1
2356.4284,1008.53,23.5,40.56,+75.68,-20.45,1
2356.5635,1008.54,23.5,40.48,+75.68,-20.54,1
2356.7009,1008.62,23.5,39.79,+75.68,-21.23,1
2356.8358,1008.63,23.5,39.70,+75.68,-21.32,1
2356.9621,1008.56,23.5,40.30,+75.56,-20.83,1
2357.0982,1008.59,23.5,40.05,+75.56,-21.09,1
2357.2331,1008.59,23.5,40.05,+75.56,-21.09,1
2357.3681,1008.54,23.5,40.48,+75.56,-20.66,1
2357.5045,1008.60,23.5,39.96,+75.56,-21.18,1
2357.6384,1008.58,23.5,40.13,+75.56,-21.01,1
2357.7737,1008.57,23.5,40.22,+75.56,-20.92,1
2357.9111,1008.57,23.5,40.22,+75.56,-20.92,1
2358.0368,1008.61,23.5,39.87,+75.43,-21.40,1
2358.1703,1008.60,23.5,39.96,+75.43,-21.31,1
2358.3075,1008.57,23.5,40.22,+75.43,-21.05,1
2358.4442,1008.57,23.5,40.22,+75.43,-21.05,1
2358.5773,1008.61,23.5,39.87,+75.43,-21.40,1
2358.7118,1008.59,23.5,40.05,+75.43,-21.22,1
2358.8496,1008.58,23.5,40.13,+75.43,-21.14,1
2358.9881,1008.53,23.5,40.56,+75.30,-20.83,1
2359.1236,1008.62,23.5,39.79,+75.30,-21.61,1
2359.2600,1008.61,23.5,39.87,+75.30,-21.52,1
2359.3919,1008.60,23.5,39.96,+75.30,-21.44,1
2359.5281,1008.54,23.5,40.48,+75.30,-20.92,1
2359.6650,1008.63,23.5,39.70,+75.30,-21.69,1
2359.8023,1008.62,23.5,39.79,+75.30,-21.61,1
2359.9389,1008.61,23.5,39.87,+75.20,-21.63,1
2360.0744,1008.59,23.5,40.05,+75.20,-21.45,1
2360.2124,1008.56,23.5,40.30,+75.20,-21.20,1
2360.3450,1008.64,23.5,39.61,+75.20,-21.89,1
2360.4819,1008.57,23.5,40.22,+75.20,-21.28,1
2360.6187,1008.57,23.5,40.22,+75.20,-21.28,1
2360.7521,1008.60,23.5,39.96,+75.20,-21.54,1
2360.8894,1008.59,23.5,40.05,+75.20,-21.45,1
2361.0165,1008.61,23.5,39.87,+75.09,-21.74,1
2361.1493,1008.64,23.5,39.61,+75.09,-22.00,1
2361.2864,1008.60,23.5,39.96,+75.09,-21.65,1
2361.4227,1008.57,23.5,40.22,+75.09,-21.39,1
2361.5573,1008.65,23.5,39.53,+75.09,-22.08,1
2361.6916,1008.59,23.5,40.05,+75.09,-21.57,1
2361.8301,1008.60,23.5,39.96,+75.09,-21.65,1
2361.9689,1008.61,23.5,39.87,+75.02,-21.81,1
2362.1036,1008.58,23.5,40.13,+75.02,-21.55,1
2362.2409,1008.59,23.5,40.05,+75.02,-21.64,1
2362.3761,1008.58,23.5,40.13,+75.02,-21.55,1
2362.5095,1008.60,23.5,39.96,+75.02,-21.72,1
2362.6467,1008.59,23.5,40.05,+75.02,-21.64,1
2362.7818,1008.51,23.5,40.73,+75.02,-20.95,1
2362.9189,1008.61,23.5,39.87,+75.02,-21.81,1
2363.0570,1008.66,23.6,39.46,+74.99,-22.26,1
2363.1922,1008.61,23.6,39.89,+74.99,-21.83,1
2363.3294,1008.61,23.6,39.89,+74.99,-21.83,1
2363.4649,1008.61,23.6,39.89,+74.99,-21.83,1
2363.5995,1008.61,23.6,39.89,+74.99,-21.83,1
2363.7362,1008.58,23.6,40.15,+74.99,-21.57,1
2363.8712,1008.62,23.6,39.80,+74.99,-21.91,1
2363.9969,1008.61,23.6,39.89,+75.01,-21.81,1
2364.1343,1008.61,23.6,39.89,+75.01,-21.81,1
2364.2689,1008.57,23.6,40.23,+75.01,-21.46,1
2364.4038,1008.62,23.6,39.80,+75.01,-21.89,1
2364.5294,1008.56,23.6,40.32,+75.01,-21.38,1
2364.6636,1008.58,23.6,40.15,+75.01,-21.55,1
2364.7982,1008.58,23.6,40.15,+75.01,-21.55,1
2364.9370,1008.60,23.6,39.97,+75.03,-21.69,1
2365.0739,1008.60,23.6,39.97,+75.03,-21.69,1
2365.2082,1008.56,23.6,40.32,+75.03,-21.35,1
2365.3436,1008.62,23.6,39.80,+75.03,-21.87,1
2365.4804,1008.62,23.6,39.80,+75.03,-21.87,1
2365.6160,1008.59,23.6,40.06,+75.03,-21.61,1
2365.7508,1008.60,23.6,39.97,+75.03,-21.69,1
2365.8880,1008.59,23.6,40.06,+75.03,-21.61,1
2366.0263,1008.58,23.6,40.15,+75.05,-21.50,1
2366.1615,1008.60,23.6,39.97,+75.05,-21.67,1
2366.2979,1008.54,23.6,40.49,+75.05,-21.16,1
2366.4348,1008.53,23.6,40.58,+75.05,-21.07,1
2366.5673,1008.55,23.6,40.40,+75.05,-21.24,1
2366.6926,1008.46,23.6,41.18,+75.05,-20.47,1
2366.8301,1008.52,23.6,40.66,+75.05,-20.98,1
2366.9665,1008.57,23.6,40.23,+75.07,-21.40,1
2367.1024,1008.63,23.6,39.71,+75.07,-21.92,1
2367.2402,1008.57,23.6,40.23,+75.07,-21.40,1
2367.3726,1008.55,23.6,40.40,+75.07,-21.23,1
2367.5096,1008.61,23.6,39.89,+75.07,-21.75,1
2367.6464,1008.60,23.6,39.97,+75.07,-21.66,1
2367.7802,1008.52,23.6,40.66,+75.07,-20.97,1
2367.9175,1008.51,23.6,40.75,+75.07,-20.88,1
2368.0445,1008.51,23.6,40.75,+75.10,-20.85,1
2368.1778,1008.49,23.6,40.92,+75.10,-20.68,1
2368.3148,1008.53,23.6,40.58,+75.10,-21.02,1
2368.4511,1008.56,23.6,40.32,+75.10,-21.28,1
2368.5860,1008.54,23.6,40.49,+75.10,-21.11,1
2368.7190,1008.54,23.6,40.49,+75.10,-21.11,1
2368.8573,1008.55,23.6,40.40,+75.10,-21.20,1
2368.9960,1008.61,23.6,39.89,+75.15,-21.66,1
2369.1316,1008.53,23.6,40.58,+75.15,-20.97,1
2369.2694,1008.55,23.6,40.40,+75.15,-21.15,1
2369.4056,1008.58,23.6,40.15,+75.15,-21.40,1
2369.5400,1008.57,23.6,40.23,+75.15,-21.32,1
2369.6774,1008.56,23.6,40.32,+75.15,-21.23,1
2369.8131,1008.59,23.6,40.06,+75.15,-21.49,1
2369.9532,1008.49,23.6,40.92,+75.22,-20.56,1
2370.0853,1008.52,23.6,40.66,+75.22,-20.82,1
2370.2204,1008.52,23.6,40.66,+75.22,-20.82,1
2370.3574,1008.58,23.6,40.15,+75.22,-21.34,1
2370.4929,1008.53,23.6,40.58,+75.22,-20.90,1
2370.6276,1008.53,23.6,40.58,+75.22,-20.90,1
2370.7644,1008.55,23.6,40.40,+75.22,-21.08,1
2370.8993,1008.52,23.6,40.66,+75.22,-20.82,1
2371.0248,1008.53,23.6,40.58,+75.30,-20.83,1
2371.1607,1008.53,23.6,40.58,+75.30,-20.83,1
2371.2952,1008.52,23.6,40.66,+75.30,-20.74,1
2371.4302,1008.56,23.6,40.32,+75.30,-21.08,1
2371.5668,1008.50,23.6,40.83,+75.30,-20.57,1
2371.7047,1008.48,23.6,41.01,+75.30,-20.39,1
2371.8368,1008.57,23.6,40.23,+75.30,-21.17,1
2371.9627,1008.52,23.6,40.66,+75.38,-20.66,1
2372.1017,1008.52,23.6,40.66,+75.38,-20.66,1
2372.2344,1008.53,23.6,40.58,+75.38,-20.75,1
2372.3713,1008.59,23.6,40.06,+75.38,-21.27,1
2372.5080,1008.58,23.6,40.15,+75.38,-21.18,1
2372.6417,1008.50,23.5,40.82,+75.38,-20.50,1
2372.7772,1008.52,23.6,40.66,+75.38,-20.66,1
2372.9140,1008.55,23.5,40.39,+75.38,-20.93,1
2373.0501,1008.56,23.5,40.30,+75.47,-20.93,1
2373.1868,1008.58,23.5,40.13,+75.47,-21.10,1
2373.3236,1008.56,23.5,40.30,+75.47,-20.93,1
2373.4585,1008.51,23.5,40.73,+75.47,-20.50,1
2373.5927,1008.54,23.5,40.48,+75.47,-20.75,1
2373.7310,1008.52,23.5,40.65,+75.47,-20.58,1
2373.8663,1008.53,23.5,40.56,+75.47,-20.67,1
2374.0034,1008.54,23.5,40.48,+75.59,-20.64,1
2374.1405,1008.58,23.5,40.13,+75.59,-20.98,1
2374.2771,1008.54,23.5,40.48,+75.59,-20.64,1
2374.4099,1008.60,23.5,39.96,+75.59,-21.16,1
2374.5457,1008.62,23.5,39.79,+75.59,-21.33,1
2374.6806,1008.58,23.5,40.13,+75.59,-20.98,1
2374.8176,1008.62,23.5,39.79,+75.59,-21.33,1
2374.9559,1008.60,23.5,39.96,+75.72,-21.02,1
2375.0909,1008.65,23.5,39.53,+75.72,-21.45,1
2375.2280,1008.60,23.5,39.96,+75.72,-21.02,1
2375.3648,1008.52,23.5,40.65,+75.72,-20.33,1
2375.4993,1008.59,23.5,40.05,+75.72,-20.94,1
2375.6358,1008.58,23.5,40.13,+75.72,-20.85,1
2375.7702,1008.54,23.5,40.48,+75.72,-20.51,1
2375.9058,1008.59,23.5,40.05,+75.72,-20.94,1
2376.0314,1008.59,23.5,40.05,+75.85,-20.81,1
2376.1663,1008.57,23.5,40.22,+75.85,-20.64,1
2376.3015,1008.55,23.5,40.39,+75.85,-20.46,1
2376.4265,1008.55,23.5,40.39,+75.85,-20.46,1
2376.5592,1008.57,23.5,40.22,+75.85,-20.64,1
2376.6957,1008.58,23.5,40.13,+75.85,-20.72,1
2376.8314,1008.57,23.5,40.22,+75.85,-20.64,1
2376.9570,1008.59,23.5,40.05,+75.94,-20.72,1
2377.0919,1008.63,23.5,39.70,+75.94,-21.06,1
2377.2266,1008.56,23.5,40.30,+75.94,-20.46,1
2377.3636,1008.56,23.5,40.30,+75.94,-20.46,1
2377.5002,1008.57,23.5,40.22,+75.94,-20.55,1
2377.6349,1008.53,23.5,40.56,+75.94,-20.20,1
2377.7719,1008.53,23.5,40.56,+75.94,-20.20,1
2377.9070,1008.58,23.5,40.13,+75.94,-20.63,1
2378.0323,1008.53,23.5,40.56,+76.02,-20.12,1
2378.1678,1008.58,23.5,40.13,+76.02,-20.55,1
2378.3028,1008.53,23.5,40.56,+76.02,-20.12,1
2378.4375,1008.55,23.5,40.39,+76.02,-20.29,1
2378.5758,1008.54,23.5,40.48,+76.02,-20.21,1
2378.7101,1008.52,23.5,40.65,+76.02,-20.03,1
2378.8456,1008.54,23.5,40.48,+76.02,-20.21,1
2378.9715,1008.58,23.5,40.13,+76.09,-20.48,1
2379.1070,1008.58,23.5,40.13,+76.09,-20.48,1
2379.2425,1008.57,23.5,40.22,+76.09,-20.39,1
2379.3785,1008.51,23.5,40.73,+76.09,-19.87,1
2379.5145,1008.55,23.5,40.39,+76.09,-20.22,1
2379.6501,1008.62,23.5,39.79,+76.09,-20.82,1
2379.7853,1008.56,23.5,40.30,+76.09,-20.30,1
2379.9227,1008.62,23.6,39.80,+76.09,-20.81,1
2380.0584,1008.53,23.5,40.56,+76.21,-19.93,1
2380.1945,1008.55,23.5,40.39,+76.21,-20.10,1
2380.3316,1008.59,23.6,40.06,+76.21,-20.43,1
2380.4662,1008.61,23.5,39.87,+76.21,-20.62,1
2380.6012,1008.56,23.6,40.32,+76.21,-20.17,1
2380.7393,1008.59,23.6,40.06,+76.21,-20.43,1
2380.8768,1008.61,23.6,39.89,+76.21,-20.60,1
2381.0128,1008.54,23.6,40.49,+76.33,-19.88,1
2381.1499,1008.59,23.6,40.06,+76.33,-20.31,1
2381.2883,1008.54,23.5,40.48,+76.33,-19.90,1
2381.4206,1008.56,23.5,40.30,+76.33,-20.07,1
2381.5577,1008.53,23.5,40.56,+76.33,-19.81,1
2381.6946,1008.53,23.5,40.56,+76.33,-19.81,1
2381.8289,1008.59,23.6,40.06,+76.33,-20.31,1
2381.9559,1008.63,23.6,39.71,+76.42,-20.56,1
2382.0909,1008.58,23.6,40.15,+76.42,-20.13,1
2382.2233,1008.52,23.5,40.65,+76.42,-19.63,1
2382.3605,1008.50,23.5,40.82,+76.42,-19.45,1
2382.4967,1008.57,23.6,40.23,+76.42,-20.04,1
2382.6320,1008.59,23.6,40.06,+76.42,-20.22,1
2382.7650,1008.53,23.5,40.56,+76.42,-19.71,1
2382.9033,1008.61,23.6,39.89,+76.42,-20.39,1
2383.0412,1008.56,23.6,40.32,+76.53,-19.85,1
2383.1746,1008.56,23.5,40.30,+76.53,-19.87,1
2383.3116,1008.51,23.5,40.73,+76.53,-19.44,1
2383.4467,1008.64,23.6,39.63,+76.53,-20.54,1
2383.5799,1008.60,23.6,39.97,+76.53,-20.20,1
2383.7167,1008.52,23.5,40.65,+76.53,-19.52,1
2383.8521,1008.55,23.6,40.40,+76.53,-19.77,1
2383.9925,1008.58,23.6,40.15,+76.59,-19.97,1
2384.1270,1008.61,23.6,39.89,+76.59,-20.23,1
2384.2622,1008.60,23.6,39.97,+76.59,-20.14,1
2384.3990,1008.51,23.6,40.75,+76.59,-19.36,1
2384.5344,1008.55,23.6,40.40,+76.59,-19.71,1
2384.6690,1008.55,23.6,40.40,+76.59,-19.71,1
2384.8062,1008.61,23.6,39.89,+76.59,-20.23,1
2384.9451,1008.55,23.6,40.40,+76.62,-19.67,1
2385.0805,1008.56,23.6,40.32,+76.62,-19.76,1
2385.2167,1008.58,23.6,40.15,+76.62,-19.93,1
2385.3538,1008.57,23.6,40.23,+76.62,-19.85,1
2385.4862,1008.61,23.6,39.89,+76.62,-20.19,1
2385.6243,1008.55,23.6,40.40,+76.62,-19.67,1
2385.7612,1008.53,23.6,40.58,+76.62,-19.50,1
2385.8942,1008.59,23.6,40.06,+76.62,-20.02,1
2386.0198,1008.53,23.6,40.58,+76.63,-19.49,1
2386.1577,1008.52,23.6,40.66,+76.63,-19.41,1
2386.2906,1008.53,23.6,40.58,+76.63,-19.49,1
2386.4263,1008.54,23.6,40.49,+76.63,-19.58,1
2386.5626,1008.55,23.6,40.40,+76.63,-19.67,1
2386.6964,1008.57,23.6,40.23,+76.63,-19.84,1
2386.8337,1008.64,23.6,39.63,+76.63,-20.44,1
2386.9610,1008.66,23.6,39.46,+76.63,-20.62,1
2387.0937,1008.64,23.6,39.63,+76.63,-20.45,1
2387.2310,1008.64,23.6,39.63,+76.63,-20.45,1
2387.3671,1008.56,23.6,40.32,+76.63,-19.76,1
2387.5039,1008.58,23.6,40.15,+76.63,-19.93,1
2387.6363,1008.54,23.6,40.49,+76.63,-19.58,1
2387.7730,1008.62,23.6,39.80,+76.63,-20.27,1
2387.9100,1008.63,23.6,39.71,+76.63,-20.36,1
2388.0455,1008.65,23.6,39.54,+76.61,-20.55,1
2388.1815,1008.58,23.6,40.15,+76.61,-19.94,1
2388.3200,1008.55,23.6,40.40,+76.61,-19.69,1
2388.4524,1008.53,23.6,40.58,+76.61,-19.51,1
2388.5890,1008.48,23.6,41.01,+76.61,-19.08,1
2388.7260,1008.53,23.6,40.58,+76.61,-19.51,1
2388.8627,1008.60,23.6,39.97,+76.61,-20.12,1
2388.9995,1008.61,23.6,39.89,+76.59,-20.22,1
2389.1365,1008.58,23.6,40.15,+76.59,-19.97,1
2389.2719,1008.64,23.6,39.63,+76.59,-20.48,1
2389.4060,1008.64,23.6,39.63,+76.59,-20.48,1
2389.5423,1008.57,23.6,40.23,+76.59,-19.88,1
2389.6774,1008.58,23.6,40.15,+76.59,-19.97,1
2389.8122,1008.55,23.6,40.40,+76.59,-19.71,1
2389.9378,1008.59,23.6,40.06,+76.56,-20.08,1
2390.0725,1008.60,23.6,39.97,+76.56,-20.17,1
2390.2072,1008.58,23.6,40.15,+76.56,-20.00,1
2390.3441,1008.54,23.6,40.49,+76.56,-19.65,1
2390.4802,1008.58,23.6,40.15,+76.56,-20.00,1
2390.6173,1008.56,23.6,40.32,+76.56,-19.83,1
2390.7517,1008.58,23.6,40.15,+76.56,-20.00,1
2390.8871,1008.60,23.6,39.97,+76.56,-20.17,1
2391.0137,1008.60,23.6,39.97,+76.51,-20.21,1
2391.1479,1008.52,23.6,40.66,+76.51,-19.52,1
2391.2829,1008.56,23.6,40.32,+76.51,-19.87,1
2391.4199,1008.54,23.6,40.49,+76.51,-19.70,1
2391.5566,1008.56,23.6,40.32,+76.51,-19.87,1
2391.6910,1008.50,23.6,40.83,+76.51,-19.35,1
2391.8261,1008.57,23.6,40.23,+76.51,-19.95,1
2391.9646,1008.64,23.6,39.63,+76.49,-20.59,1
2392.1007,1008.59,23.6,40.06,+76.49,-20.16,1
2392.2355,1008.64,23.6,39.63,+76.49,-20.59,1
2392.3722,1008.61,23.6,39.89,+76.49,-20.33,1
2392.5066,1008.61,23.6,39.89,+76.49,-20.33,1
2392.6419,1008.51,23.6,40.75,+76.49,-19.47,1
2392.7775,1008.57,23.6,40.23,+76.49,-19.98,1
2392.9123,1008.55,23.6,40.40,+76.49,-19.81,1
2393.0499,1008.59,23.6,40.06,+76.46,-20.18,1
2393.1868,1008.58,23.6,40.15,+76.46,-20.09,1
2393.3192,1008.57,23.6,40.23,+76.46,-20.00,1
2393.4538,1008.59,23.6,40.06,+76.46,-20.18,1
2393.5905,1008.56,23.5,40.30,+76.46,-19.93,1
2393.7283,1008.61,23.5,39.87,+76.46,-20.36,1
2393.8612,1008.62,23.5,39.79,+76.46,-20.45,1
2393.9865,1008.56,23.5,40.30,+76.46,-19.93,1
2394.1231,1008.65,23.5,39.53,+76.46,-20.71,1
2394.2568,1008.55,23.5,40.39,+76.46,-19.85,1
2394.3911,1008.58,23.5,40.13,+76.46,-20.11,1
2394.5251,1008.53,23.5,40.56,+76.46,-19.67,1
2394.6562,1008.60,23.5,39.96,+76.46,-20.28,1
2394.7919,1008.59,23.5,40.05,+76.46,-20.19,1
2394.9298,1008.59,23.5,40.05,+76.42,-20.24,1
2395.0619,1008.59,23.5,40.05,+76.42,-20.24,1
2395.1957,1008.60,23.5,39.96,+76.42,-20.33,1
2395.3301,1008.58,23.5,40.13,+76.42,-20.15,1
2395.4615,1008.57,23.5,40.22,+76.42,-20.07,1
2395.5945,1008.58,23.5,40.13,+76.42,-20.15,1
2395.7273,1008.59,23.5,40.05,+76.42,-20.24,1
2395.8597,1008.61,23.5,39.87,+76.42,-20.41,1
2395.9947,1008.60,23.5,39.96,+76.34,-20.40,1
2396.1282,1008.63,23.5,39.70,+76.34,-20.66,1
2396.2615,1008.60,23.5,39.96,+76.34,-20.40,1
2396.3937,1008.56,23.5,40.30,+76.34,-20.05,1
2396.5267,1008.53,23.5,40.56,+76.34,-19.79,1
2396.6595,1008.59,23.5,40.05,+76.34,-20.31,1
2396.7910,1008.57,23.5,40.22,+76.34,-20.14,1
2396.9281,1008.58,23.5,40.13,+76.25,-20.32,1
2397.0611,1008.60,23.5,39.96,+76.25,-20.49,1
2397.1927,1008.62,23.5,39.79,+76.25,-20.66,1
2397.3259,1008.58,23.5,40.13,+76.25,-20.32,1
2397.4602,1008.64,23.5,39.61,+76.25,-20.84,1
2397.5917,1008.57,23.5,40.22,+76.25,-20.23,1
2397.7248,1008.58,23.5,40.13,+76.25,-20.32,1
2397.8597,1008.61,23.4,39.86,+76.25,-20.59,1
2397.9960,1008.56,23.5,40.30,+76.13,-20.27,1
2398.1293,1008.60,23.5,39.96,+76.13,-20.62,1
2398.2640,1008.63,23.5,39.70,+76.13,-20.87,1
2398.3963,1008.57,23.5,40.22,+76.13,-20.36,1
2398.5302,1008.59,23.5,40.05,+76.13,-20.53,1
2398.6633,1008.63,23.5,39.70,+76.13,-20.87,1
2398.7975,1008.65,23.5,39.53,+76.13,-21.05,1
2398.9342,1008.62,23.5,39.79,+75.99,-20.92,1
2399.0686,1008.59,23.5,40.05,+75.99,-20.67,1
2399.2027,1008.57,23.5,40.22,+75.99,-20.49,1
2399.3354,1008.59,23.5,40.05,+75.99,-20.67,1
2399.4693,1008.62,23.5,39.79,+75.99,-20.92,1
2399.6042,1008.59,23.5,40.05,+75.99,-20.67,1
2399.7366,1008.53,23.5,40.56,+75.99,-20.15,1
2399.8713,1008.62,23.5,39.79,+75.99,-20.92,1
2400.0095,1008.61,23.5,39.87,+75.81,-21.01,1
2400.1432,1008.65,23.5,39.53,+75.81,-21.36,1
2400.2776,1008.62,23.5,39.79,+75.81,-21.10,1
2400.4118,1008.62,23.5,39.79,+75.81,-21.10,1
2400.5438,1008.62,23.5,39.79,+75.81,-21.10,1
2400.6790,1008.65,23.5,39.53,+75.81,-21.36,1
2400.8135,1008.57,23.5,40.22,+75.81,-20.67,1
2400.9491,1008.63,23.5,39.70,+75.58,-21.42,1
2401.0824,1008.59,23.5,40.05,+75.58,-21.08,1
2401.2180,1008.63,23.5,39.70,+75.58,-21.42,1
2401.3506,1008.55,23.5,40.39,+75.58,-20.73,1
2401.4853,1008.54,23.5,40.48,+75.58,-20.65,1
2401.6212,1008.62,23.5,39.79,+75.58,-21.34,1
2401.7568,1008.59,23.5,40.05,+75.58,-21.08,1
2401.8915,1008.63,23.5,39.70,+75.58,-21.42,1
2402.0294,1008.58,23.5,40.13,+75.34,-21.22,1
2402.1653,1008.58,23.5,40.13,+75.34,-21.22,1
2402.2995,1008.57,23.5,40.22,+75.34,-21.14,1
2402.4341,1008.67,23.5,39.36,+75.34,-22.00,1
2402.5693,1008.60,23.5,39.96,+75.34,-21.40,1
2402.7018,1008.66,23.5,39.44,+75.34,-21.91,1
2402.8392,1008.64,23.5,39.61,+75.34,-21.74,1
2402.9651,1008.64,23.5,39.61,+75.08,-22.01,1
2403.0979,1008.58,23.5,40.13,+75.08,-21.49,1
2403.2340,1008.62,23.5,39.79,+75.08,-21.83,1
2403.3714,1008.53,23.5,40.56,+75.08,-21.06,1
2403.5041,1008.61,23.5,39.87,+75.08,-21.75,1
2403.6397,1008.59,23.5,40.05,+75.08,-21.58,1
2403.7757,1008.58,23.5,40.13,+75.08,-21.49,1
2403.9121,1008.54,23.5,40.48,+75.08,-21.15,1
2404.0379,1008.56,23.5,40.30,+74.75,-21.65,1
2404.1735,1008.60,23.5,39.96,+74.75,-21.99,1
2404.3075,1008.68,23.5,39.27,+74.75,-22.68,1
2404.4419,1008.65,23.5,39.53,+74.75,-22.42,1
2404.5776,1008.62,23.5,39.79,+74.75,-22.17,1
2404.7113,1008.58,23.5,40.13,+74.75,-21.82,1
2404.8463,1008.60,23.5,39.96,+74.75,-21.99,1
2404.9736,1008.69,23.5,39.18,+74.38,-23.14,1
2405.1073,1008.66,23.5,39.44,+74.38,-22.88,1
2405.2402,1008.62,23.5,39.79,+74.38,-22.54,1
2405.3759,1008.66,23.4,39.43,+74.38,-22.89,1
2405.5142,1008.59,23.4,40.03,+74.38,-22.29,1
2405.6465,1008.61,23.4,39.86,+74.38,-22.46,1
2405.7810,1008.59,23.4,40.03,+74.38,-22.29,1
2405.9169,1008.65,23.4,39.52,+74.38,-22.81,1
2406.0550,1008.67,23.4,39.34,+73.97,-23.39,1
2406.1886,1008.62,23.4,39.77,+73.97,-22.96,1
2406.3247,1008.58,23.4,40.12,+73.97,-22.62,1
2406.4584,1008.62,23.4,39.77,+73.97,-22.96,1
2406.5940,1008.68,23.4,39.26,+73.97,-23.48,1
2406.7297,1008.60,23.4,39.95,+73.97,-22.79,1
2406.8641,1008.53,23.3,40.54,+73.97,-22.20,1
2407.0009,1008.64,23.3,39.59,+73.49,-23.62,1
2407.1377,1008.68,23.3,39.24,+73.49,-23.97,1
2407.2719,1008.66,23.3,39.42,+73.49,-23.79,1
2407.4077,1008.64,23.3,39.59,+73.49,-23.62,1
2407.5420,1008.58,23.3,40.10,+73.49,-23.11,1
2407.6771,1008.57,23.3,40.19,+73.49,-23.02,1
2407.8134,1008.65,23.3,39.50,+73.49,-23.71,1
2407.9519,1008.63,23.3,39.67,+73.05,-23.97,1
2408.0858,1008.61,23.3,39.85,+73.05,-23.80,1
2408.2233,1008.60,23.3,39.93,+73.05,-23.72,1
2408.3576,1008.53,23.3,40.54,+73.05,-23.11,1
2408.4911,1008.55,23.3,40.36,+73.05,-23.29,1
2408.6267,1008.60,23.3,39.93,+73.05,-23.72,1
2408.7643,1008.59,23.3,40.02,+73.05,-23.63,1
2408.8993,1008.54,23.3,40.45,+73.05,-23.20,1
2409.0250,1008.57,23.3,40.19,+72.56,-23.95,1
2409.1610,1008.52,23.2,40.61,+72.56,-23.53,1
2409.2949,1008.64,23.2,39.57,+72.56,-24.56,1
2409.4306,1008.62,23.2,39.75,+72.56,-24.39,1
2409.5661,1008.59,23.2,40.00,+72.56,-24.13,1
2409.6984,1008.59,23.2,40.00,+72.56,-24.13,1
2409.8348,1008.62,23.2,39.75,+72.56,-24.39,1
2409.9602,1008.60,23.2,39.92,+72.08,-24.70,1
2410.0922,1008.55,23.2,40.35,+72.08,-24.27,1
2410.2275,1008.54,23.2,40.44,+72.08,-24.18,1
2410.3635,1008.59,23.2,40.00,+72.08,-24.62,1
2410.4976,1008.60,23.2,39.92,+72.08,-24.70,1
2410.6313,1008.58,23.2,40.09,+72.08,-24.53,1
2410.7670,1008.61,23.2,39.83,+72.08,-24.79,1
2410.9046,1008.58,23.2,40.09,+72.08,-24.53,1
2411.0424,1008.53,23.2,40.52,+71.58,-24.60,1
2411.1775,1008.57,23.2,40.18,+71.58,-24.95,1
2411.3147,1008.53,23.2,40.52,+71.58,-24.60,1
2411.4481,1008.54,23.2,40.44,+71.58,-24.69,1
2411.5846,1008.59,23.3,40.02,+71.58,-25.10,1
2411.7216,1008.58,23.2,40.09,+71.58,-25.03,1
2411.8546,1008.62,23.3,39.76,+71.58,-25.36,1
2411.9812,1008.56,23.3,40.28,+71.08,-25.34,1
2412.1181,1008.55,23.3,40.36,+71.08,-25.25,1
2412.2508,1008.58,23.3,40.10,+71.08,-25.51,1
2412.3875,1008.51,23.3,40.71,+71.08,-24.91,1
2412.5258,1008.57,23.3,40.19,+71.08,-25.43,1
2412.6610,1008.58,23.3,40.10,+71.08,-25.51,1
2412.7944,1008.59,23.3,40.02,+71.08,-25.60,1
2412.9213,1008.65,23.3,39.50,+70.58,-26.62,1
2413.0588,1008.63,23.3,39.67,+70.58,-26.45,1
2413.1935,1008.64,23.3,39.59,+70.58,-26.54,1
2413.3304,1008.59,23.3,40.02,+70.58,-26.11,1
2413.4650,1008.56,23.3,40.28,+70.58,-25.85,1
2413.6003,1008.58,23.3,40.10,+70.58,-26.02,1
2413.7372,1008.59,23.3,40.02,+70.58,-26.11,1
2413.8726,1008.62,23.3,39.76,+70.58,-26.36,1
2414.0095,1008.64,23.3,39.59,+70.10,-27.02,1
2414.1473,1008.60,23.3,39.93,+70.10,-26.67,1
2414.2825,1008.57,23.3,40.19,+70.10,-26.41,1
2414.4195,1008.56,23.3,40.28,+70.10,-26.33,1
2414.5538,1008.56,23.3,40.28,+70.10,-26.33,1
2414.6904,1008.60,23.3,39.93,+70.10,-26.67,1
2414.8278,1008.65,23.3,39.50,+70.10,-27.10,1
2414.9662,1008.64,23.3,39.59,+69.66,-27.45,1
2415.1010,1008.65,23.3,39.50,+69.66,-27.54,1
2415.2395,1008.66,23.3,39.42,+69.66,-27.62,1
2415.3715,1008.74,23.4,38.74,+69.66,-28.30,1
2415.5059,1008.66,23.4,39.43,+69.66,-27.61,1
2415.6426,1008.66,23.4,39.43,+69.66,-27.61,1
2415.7806,1008.57,23.3,40.19,+69.66,-26.85,1
2415.9135,1008.57,23.4,40.20,+69.66,-26.84,1
2416.0404,1008.65,23.4,39.52,+69.24,-27.95,1
2416.1777,1008.63,23.4,39.69,+69.24,-27.78,1
2416.3120,1008.64,23.4,39.60,+69.24,-27.86,1
2416.4476,1008.61,23.4,39.86,+69.24,-27.60,1
2416.5837,1008.62,23.4,39.77,+69.24,-27.69,1
2416.7163,1008.62,23.4,39.77,+69.24,-27.69,1
2416.8536,1008.58,23.4,40.12,+69.24,-27.35,1
2416.9801,1008.58,23.4,40.12,+68.85,-27.73,1
2417.1129,1008.59,23.4,40.03,+68.85,-27.82,1
2417.2501,1008.57,23.4,40.20,+68.85,-27.65,1
2417.3883,1008.61,23.4,39.86,+68.85,-27.99,1
2417.5208,1008.61,23.4,39.86,+68.85,-27.99,1
2417.6565,1008.55,23.4,40.38,+68.85,-27.47,1
2417.7932,1008.54,23.4,40.46,+68.85,-27.39,1
2417.9336,1008.59,23.4,40.03,+68.51,-28.15,1
2418.0668,1008.63,23.4,39.69,+68.51,-28.50,1
2418.2038,1008.64,23.4,39.60,+68.51,-28.59,1
2418.3388,1008.60,23.4,39.95,+68.51,-28.24,1
2418.4730,1008.63,23.4,39.69,+68.51,-28.50,1
2418.6095,1008.60,23.4,39.95,+68.51,-28.24,1
2418.7443,1008.61,23.4,39.86,+68.51,-28.33,1
2418.8794,1008.65,23.4,39.52,+68.51,-28.67,1
2419.0068,1008.59,23.4,40.03,+68.25,-28.42,1
2419.1419,1008.59,23.4,40.03,+68.25,-28.42,1
2419.2768,1008.55,23.4,40.38,+68.25,-28.07,1
2419.4137,1008.55,23.4,40.38,+68.25,-28.07,1
2419.5496,1008.57,23.4,40.20,+68.25,-28.25,1
2419.6868,1008.52,23.4,40.64,+68.25,-27.82,1
2419.8216,1008.58,23.4,40.12,+68.25,-28.33,1
2419.9595,1008.56,23.4,40.29,+68.03,-28.38,1
2420.0966,1008.57,23.4,40.20,+68.03,-28.47,1
2420.2312,1008.58,23.4,40.12,+68.03,-28.55,1
2420.3658,1008.63,23.4,39.69,+68.03,-28.98,1
2420.5027,1008.64,23.4,39.60,+68.03,-29.07,1
2420.6381,1008.56,23.4,40.29,+68.03,-28.38,1
2420.7730,1008.57,23.4,40.20,+68.03,-28.47,1
2420.9103,1008.53,23.4,40.55,+68.03,-28.12,1
2421.0511,1008.57,23.3,40.19,+67.84,-28.67,1
2421.1852,1008.62,23.3,39.76,+67.84,-29.10,1
2421.3223,1008.52,23.3,40.62,+67.84,-28.24,1
2421.4591,1008.58,23.3,40.10,+67.84,-28.75,1
2421.5913,1008.66,23.3,39.42,+67.84,-29.44,1
2421.7277,1008.56,23.3,40.28,+67.84,-28.58,1
2421.8646,1008.59,23.3,40.02,+67.84,-28.84,1
2421.9998,1008.63,23.3,39.67,+67.62,-29.40,1
2422.1354,1008.65,23.3,39.50,+67.62,-29.57,1
2422.2736,1008.60,23.3,39.93,+67.62,-29.14,1
2422.4085,1008.61,23.3,39.85,+67.62,-29.23,1
2422.5427,1008.56,23.3,40.28,+67.62,-28.80,1
2422.6793,1008.55,23.2,40.35,+67.62,-28.73,1
2422.8161,1008.57,23.2,40.18,+67.62,-28.90,1
2422.9546,1008.57,23.2,40.18,+67.37,-29.16,1
2423.0917,1008.59,23.3,40.02,+67.37,-29.32,1
2423.2269,1008.58,23.2,40.09,+67.37,-29.24,1
2423.3631,1008.63,23.3,39.67,+67.37,-29.66,1
2423.4997,1008.54,23.2,40.44,+67.37,-28.90,1
2423.6345,1008.57,23.3,40.19,+67.37,-29.14,1
2423.7713,1008.58,23.3,40.10,+67.37,-29.23,1
2423.9073,1008.61,23.3,39.85,+67.37,-29.49,1
2424.0456,1008.63,23.3,39.67,+67.06,-29.97,1
2424.1820,1008.60,23.3,39.93,+67.06,-29.71,1
2424.3142,1008.53,23.3,40.54,+67.06,-29.10,1
2424.4495,1008.60,23.3,39.93,+67.06,-29.71,1
2424.5861,1008.56,23.3,40.28,+67.06,-29.36,1
2424.7202,1008.50,23.2,40.78,+67.06,-28.86,1
2424.8557,1008.57,23.2,40.18,+67.06,-29.46,1
2424.9822,1008.58,23.3,40.10,+66.78,-29.81,1
2425.1164,1008.57,23.2,40.18,+66.78,-29.74,1
2425.2516,1008.57,23.2,40.18,+66.78,-29.74,1
2425.3884,1008.60,23.2,39.92,+66.78,-30.00,1
2425.5267,1008.55,23.3,40.36,+66.78,-29.55,1
2425.6591,1008.61,23.2,39.83,+66.78,-30.08,1
2425.7959,1008.58,23.3,40.10,+66.78,-29.81,1
2425.9229,1008.62,23.2,39.75,+66.53,-30.42,1
2426.0583,1008.57,23.3,40.19,+66.53,-29.98,1
2426.1833,1008.59,23.2,40.00,+66.53,-30.16,1
2426.3194,1008.54,23.2,40.44,+66.53,-29.73,1
2426.4537,1008.62,23.2,39.75,+66.53,-30.42,1
2426.5890,1008.64,23.2,39.57,+66.53,-30.59,1
2426.7243,1008.66,23.2,39.40,+66.53,-30.77,1
2426.8592,1008.62,23.2,39.75,+66.53,-30.42,1
2426.9969,1008.64,23.2,39.57,+66.32,-30.80,1
2427.1340,1008.61,23.2,39.83,+66.32,-30.54,1
2427.2665,1008.52,23.2,40.61,+66.32,-29.77,1
2427.4010,1008.55,23.2,40.35,+66.32,-30.03,1
2427.5379,1008.56,23.3,40.28,+66.32,-30.10,1
2427.6762,1008.57,23.3,40.19,+66.32,-30.18,1
2427.8090,1008.58,23.3,40.10,+66.32,-30.27,1
2427.9348,1008.70,23.3,39.07,+66.11,-31.52,1
2428.0718,1008.63,23.3,39.67,+66.11,-30.92,1
2428.2069,1008.72,23.3,38.90,+66.11,-31.69,1
2428.3428,1008.68,23.3,39.24,+66.11,-31.35,1
2428.4795,1008.60,23.3,39.93,+66.11,-30.66,1
2428.6119,1008.63,23.3,39.67,+66.11,-30.92,1
2428.7486,1008.63,23.3,39.67,+66.11,-30.92,1
2428.8856,1008.60,23.3,39.93,+66.11,-30.66,1
2429.0216,1008.54,23.3,40.45,+65.92,-30.33,1
2429.1574,1008.61,23.3,39.85,+65.92,-30.93,1
2429.2956,1008.62,23.3,39.76,+65.92,-31.02,1
2429.4307,1008.61,23.3,39.85,+65.92,-30.93,1
2429.5652,1008.63,23.3,39.67,+65.92,-31.11,1
2429.7021,1008.58,23.3,40.10,+65.92,-30.67,1
2429.8388,1008.61,23.3,39.85,+65.92,-30.93,1
2429.9771,1008.60,23.3,39.93,+65.76,-31.00,1
2430.1115,1008.62,23.3,39.76,+65.76,-31.18,1
2430.2464,1008.65,23.3,39.50,+65.76,-31.44,1
2430.3821,1008.69,23.3,39.16,+65.76,-31.78,1
2430.5189,1008.74,23.3,38.73,+65.76,-32.21,1
2430.6538,1008.62,23.3,39.76,+65.76,-31.18,1
2430.7910,1008.68,23.3,39.24,+65.76,-31.69,1
2430.9306,1008.61,23.3,39.85,+65.62,-31.23,1
2431.0661,1008.60,23.3,39.93,+65.62,-31.14,1
2431.2036,1008.64,23.3,39.59,+65.62,-31.49,1
2431.3380,1008.53,23.3,40.54,+65.62,-30.54,1
2431.4733,1008.52,23.3,40.62,+65.62,-30.45,1
2431.6087,1008.68,23.3,39.24,+65.62,-31.83,1
2431.7432,1008.57,23.3,40.19,+65.62,-30.88,1
2431.8787,1008.65,23.3,39.50,+65.62,-31.57,1
2432.0058,1008.67,23.3,39.33,+65.49,-31.88,1
2432.1401,1008.66,23.3,39.42,+65.49,-31.79,1
2432.2751,1008.67,23.3,39.33,+65.49,-31.88,1
2432.4119,1008.63,23.2,39.66,+65.49,-31.54,1
2432.5500,1008.62,23.2,39.75,+65.49,-31.46,1
2432.6824,1008.62,23.2,39.75,+65.49,-31.46,1
2432.8198,1008.60,23.2,39.92,+65.49,-31.29,1
2432.9468,1008.67,23.3,39.33,+65.40,-31.97,1
2433.0803,1008.61,23.2,39.83,+65.40,-31.47,1
2433.2152,1008.63,23.2,39.66,+65.40,-31.64,1
2433.3521,1008.55,23.2,40.35,+65.40,-30.96,1
2433.4864,1008.60,23.2,39.92,+65.40,-31.39,1
2433.6216,1008.57,23.2,40.18,+65.40,-31.13,1
2433.7572,1008.61,23.2,39.83,+65.40,-31.47,1
2433.8920,1008.60,23.2,39.92,+65.40,-31.39,1
2434.0296,1008.50,23.2,40.78,+65.33,-30.59,1
2434.1672,1008.62,23.2,39.75,+65.33,-31.63,1
2434.3017,1008.61,23.2,39.83,+65.33,-31.54,1
2434.4342,1008.58,23.2,40.09,+65.33,-31.28,1
2434.5709,1008.61,23.2,39.83,+65.33,-31.54,1
2434.7089,1008.57,23.2,40.18,+65.33,-31.20,1
2434.8417,1008.63,23.2,39.66,+65.33,-31.71,1
2434.9688,1008.56,23.2,40.26,+65.28,-31.15,1
2435.1038,1008.55,23.2,40.35,+65.28,-31.07,1
2435.2379,1008.52,23.2,40.61,+65.28,-30.81,1
2435.3734,1008.62,23.2,39.75,+65.28,-31.67,1
2435.5097,1008.59,23.2,40.00,+65.28,-31.41,1
2435.6421,1008.60,23.2,39.92,+65.28,-31.50,1
2435.7790,1008.55,23.2,40.35,+65.28,-31.07,1
2435.9135,1008.63,23.2,39.66,+65.28,-31.75,1
2436.0492,1008.59,23.2,40.00,+65.23,-31.46,1
2436.1826,1008.62,23.2,39.75,+65.23,-31.72,1
2436.3190,1008.57,23.2,40.18,+65.23,-31.29,1
2436.4515,1008.57,23.2,40.18,+65.23,-31.29,1
2436.5857,1008.54,23.2,40.44,+65.23,-31.03,1
2436.7200,1008.55,23.2,40.35,+65.23,-31.12,1
2436.8545,1008.60,23.2,39.92,+65.23,-31.55,1
2436.9912,1008.53,23.2,40.52,+65.18,-31.00,1
2437.1254,1008.56,23.2,40.26,+65.18,-31.26,1
2437.2584,1008.55,23.2,40.35,+65.18,-31.17,1
2437.3941,1008.57,23.2,40.18,+65.18,-31.35,1
2437.5283,1008.56,23.1,40.25,+65.18,-31.27,1
2437.6607,1008.51,23.1,40.68,+65.18,-30.84,1
2437.7954,1008.56,23.1,40.25,+65.18,-31.27,1
2437.9211,1008.58,23.1,40.08,+65.10,-31.52,1
2438.0539,1008.54,23.1,40.42,+65.10,-31.17,1
2438.1888,1008.58,23.1,40.08,+65.10,-31.52,1
2438.3233,1008.63,23.1,39.65,+65.10,-31.95,1
2438.4591,1008.57,23.1,40.16,+65.10,-31.43,1
2438.5918,1008.57,23.1,40.16,+65.10,-31.43,1
2438.7260,1008.54,23.1,40.42,+65.10,-31.17,1
2438.8610,1008.54,23.1,40.42,+65.10,-31.17,1
2438.9863,1008.59,23.1,39.99,+65.03,-31.68,1
2439.1196,1008.53,23.1,40.51,+65.03,-31.16,1
2439.2567,1008.52,23.1,40.59,+65.03,-31.08,1
2439.3917,1008.53,23.1,40.51,+65.03,-31.16,1
2439.5282,1008.52,23.1,40.59,+65.03,-31.08,1
2439.6619,1008.57,23.1,40.16,+65.03,-31.51,1
2439.7966,1008.52,23.1,40.59,+65.03,-31.08,1
2439.9237,1008.53,23.1,40.51,+64.94,-31.25,1
2440.0586,1008.57,23.1,40.16,+64.94,-31.59,1
2440.1932,1008.51,23.0,40.67,+64.94,-31.09,1
2440.3302,1008.55,23.0,40.32,+64.94,-31.43,1
2440.4646,1008.58,23.0,40.06,+64.94,-31.69,1
2440.6032,1008.47,23.0,41.01,+64.94,-30.75,1
2440.7379,1008.54,23.0,40.41,+64.94,-31.35,1
2440.8727,1008.52,23.0,40.58,+64.94,-31.18,1
2440.9995,1008.51,23.0,40.67,+64.86,-31.17,1
2441.1359,1008.55,23.0,40.32,+64.86,-31.52,1
2441.2706,1008.55,23.0,40.32,+64.86,-31.52,1
2441.4074,1008.58,23.0,40.06,+64.86,-31.77,1
2441.5425,1008.56,23.0,40.24,+64.86,-31.60,1
2441.6803,1008.57,23.0,40.15,+64.86,-31.69,1
2441.8151,1008.54,23.0,40.41,+64.86,-31.43,1
2441.9530,1008.55,23.0,40.32,+64.78,-31.59,1
2442.0889,1008.51,23.0,40.67,+64.78,-31.25,1
2442.2248,1008.58,23.0,40.06,+64.78,-31.85,1
2442.3597,1008.56,23.0,40.24,+64.78,-31.68,1
2442.4965,1008.51,23.0,40.67,+64.78,-31.25,1
2442.6307,1008.57,23.0,40.15,+64.78,-31.77,1
2442.7672,1008.53,23.0,40.49,+64.78,-31.42,1
2442.9046,1008.52,23.0,40.58,+64.78,-31.34,1
2443.0453,1008.51,23.0,40.67,+64.71,-31.33,1
2443.1780,1008.52,23.0,40.58,+64.71,-31.41,1
2443.3166,1008.52,23.0,40.58,+64.71,-31.41,1
2443.4535,1008.55,23.0,40.32,+64.71,-31.67,1
2443.5857,1008.61,23.0,39.81,+64.71,-32.19,1
2443.7225,1008.59,23.0,39.98,+64.71,-32.01,1
2443.8610,1008.59,23.0,39.98,+64.71,-32.01,1
2443.9969,1008.57,23.0,40.15,+64.67,-31.88,1
2444.1339,1008.53,23.0,40.49,+64.67,-31.54,1
2444.2711,1008.59,23.0,39.98,+64.67,-32.05,1
2444.4074,1008.50,23.0,40.75,+64.67,-31.28,1
2444.5399,1008.51,23.1,40.68,+64.67,-31.35,1
2444.6762,1008.53,23.1,40.51,+64.67,-31.52,1
2444.8113,1008.54,23.1,40.42,+64.67,-31.61,1
2444.9490,1008.58,23.1,40.08,+64.64,-31.98,1
2445.0857,1008.54,23.1,40.42,+64.64,-31.64,1
2445.2207,1008.49,23.0,40.84,+64.64,-31.22,1
2445.3550,1008.54,23.1,40.42,+64.64,-31.64,1
2445.4930,1008.56,23.1,40.25,+64.64,-31.81,1
2445.6276,1008.65,23.1,39.48,+64.64,-32.59,1
2445.7643,1008.56,23.1,40.25,+64.64,-31.81,1
2445.8991,1008.57,23.1,40.16,+64.64,-31.90,1
2446.0244,1008.57,23.1,40.16,+64.62,-31.92,1
2446.1599,1008.56,23.1,40.25,+64.62,-31.84,1
2446.2944,1008.59,23.1,39.99,+64.62,-32.09,1
2446.4289,1008.58,23.1,40.08,+64.62,-32.01,1
2446.5669,1008.58,23.1,40.08,+64.62,-32.01,1
2446.7010,1008.57,23.1,40.16,+64.62,-31.92,1
2446.8363,1008.50,23.1,40.77,+64.62,-31.32,1
2446.9633,1008.53,23.1,40.51,+64.57,-31.62,1
2447.0970,1008.54,23.1,40.42,+64.57,-31.70,1
2447.2313,1008.55,23.1,40.34,+64.57,-31.79,1
2447.3678,1008.49,23.1,40.85,+64.57,-31.27,1
2447.5020,1008.50,23.1,40.77,+64.57,-31.36,1
2447.6377,1008.56,23.1,40.25,+64.57,-31.88,1
2447.7745,1008.51,23.1,40.68,+64.57,-31.45,1
2447.9119,1008.52,23.0,40.58,+64.57,-31.55,1
2448.0484,1008.51,23.1,40.68,+64.55,-31.47,1
2448.1854,1008.54,23.1,40.42,+64.55,-31.73,1
2448.3219,1008.52,23.0,40.58,+64.55,-31.57,1
2448.4543,1008.54,23.1,40.42,+64.55,-31.73,1
2448.5911,1008.53,23.1,40.51,+64.55,-31.64,1
2448.7291,1008.54,23.0,40.41,+64.55,-31.74,1
2448.8622,1008.53,23.0,40.49,+64.55,-31.65,1
2448.9876,1008.53,23.0,40.49,+64.54,-31.67,1
2449.1242,1008.56,23.0,40.24,+64.54,-31.93,1
2449.2582,1008.51,23.0,40.67,+64.54,-31.50,1
2449.3938,1008.54,23.1,40.42,+64.54,-31.74,1
2449.5301,1008.57,23.1,40.16,+64.54,-32.00,1
2449.6648,1008.54,23.1,40.42,+64.54,-31.74,1
2449.7995,1008.62,23.1,39.73,+64.54,-32.43,1
2449.9260,1008.57,23.1,40.16,+64.57,-31.97,1
2450.0606,1008.51,23.1,40.68,+64.57,-31.45,1
2450.1932,1008.60,23.1,39.91,+64.57,-32.23,1
2450.3306,1008.54,23.1,40.42,+64.57,-31.71,1
2450.4670,1008.54,23.1,40.42,+64.57,-31.71,1
2450.5995,1008.54,23.1,40.42,+64.57,-31.71,1
2450.7362,1008.58,23.1,40.08,+64.57,-32.06,1
2450.8748,1008.53,23.1,40.51,+64.57,-31.63,1
2451.0100,1008.54,23.1,40.42,+64.56,-31.71,1
2451.1457,1008.53,23.1,40.51,+64.56,-31.63,1
2451.2830,1008.56,23.1,40.25,+64.56,-31.89,1
2451.4193,1008.58,23.1,40.08,+64.56,-32.06,1
2451.5537,1008.64,23.1,39.56,+64.56,-32.58,1
2451.6908,1008.60,23.1,39.91,+64.56,-32.23,1
2451.8264,1008.59,23.1,39.99,+64.56,-32.15,1
2451.9641,1008.54,23.1,40.42,+64.58,-31.70,1
2452.1010,1008.53,23.0,40.49,+64.58,-31.62,1
2452.2363,1008.60,23.0,39.89,+64.58,-32.23,1
2452.3707,1008.58,23.0,40.06,+64.58,-32.05,1
2452.5086,1008.58,23.0,40.06,+64.58,-32.05,1
2452.6436,1008.51,23.0,40.67,+64.58,-31.45,1
2452.7804,1008.57,23.0,40.15,+64.58,-31.97,1
2452.9154,1008.55,23.0,40.32,+64.58,-31.80,1
2453.0407,1008.60,23.0,39.89,+64.58,-32.23,1
2453.1764,1008.56,23.0,40.24,+64.58,-31.88,1
2453.3111,1008.56,23.0,40.24,+64.58,-31.88,1
2453.4460,1008.59,23.0,39.98,+64.58,-32.14,1
2453.5833,1008.58,23.0,40.06,+64.58,-32.06,1
2453.7172,1008.52,23.0,40.58,+64.58,-31.54,1
2453.8525,1008.49,23.0,40.84,+64.58,-31.28,1
2453.9785,1008.56,23.0,40.24,+64.58,-31.88,1
2454.1151,1008.58,23.0,40.06,+64.58,-32.05,1
2454.2522,1008.56,23.0,40.24,+64.58,-31.88,1
2454.3890,1008.58,23.0,40.06,+64.58,-32.05,1
2454.5232,1008.59,23.0,39.98,+64.58,-32.14,1
2454.6592,1008.60,23.0,39.89,+64.58,-32.23,1
2454.7961,1008.69,23.0,39.12,+64.58,-33.00,1
2454.9372,1008.60,23.0,39.89,+64.62,-32.19,1
2455.0685,1008.64,23.0,39.55,+64.62,-32.53,1
2455.2058,1008.61,23.0,39.81,+64.62,-32.27,1
2455.3425,1008.63,23.0,39.63,+64.62,-32.45,1
2455.4749,1008.54,23.0,40.41,+64.62,-31.67,1
2455.6116,1008.58,23.0,40.06,+64.62,-32.01,1
2455.7499,1008.54,23.0,40.41,+64.62,-31.67,1
2455.8829,1008.51,23.0,40.67,+64.62,-31.41,1
2456.0084,1008.56,23.0,40.24,+64.61,-31.86,1
2456.1452,1008.52,23.0,40.58,+64.61,-31.51,1
2456.2795,1008.48,23.0,40.92,+64.61,-31.17,1
2456.4163,1008.51,23.0,40.67,+64.61,-31.43,1
2456.5529,1008.58,23.1,40.08,+64.61,-32.02,1
2456.6880,1008.51,23.1,40.68,+64.61,-31.41,1
2456.8224,1008.57,23.1,40.16,+64.61,-31.93,1
2456.9490,1008.52,23.1,40.59,+64.62,-31.49,1
2457.0842,1008.49,23.0,40.84,+64.62,-31.25,1
2457.2192,1008.56,23.0,40.24,+64.62,-31.85,1
2457.3575,1008.54,23.0,40.41,+64.62,-31.68,1
2457.4926,1008.56,23.0,40.24,+64.62,-31.85,1
2457.6254,1008.52,23.0,40.58,+64.62,-31.50,1
2457.7616,1008.53,23.0,40.49,+64.62,-31.59,1
2457.8977,1008.56,23.0,40.24,+64.62,-31.85,1
2458.0343,1008.58,23.0,40.06,+64.61,-32.03,1
2458.1714,1008.57,23.0,40.15,+64.61,-31.94,1
2458.3066,1008.56,23.0,40.24,+64.61,-31.86,1
2458.4431,1008.52,23.0,40.58,+64.61,-31.51,1
2458.5769,1008.63,23.0,39.63,+64.61,-32.46,1
2458.7120,1008.60,22.9,39.88,+64.61,-32.22,1
2458.8493,1008.62,22.9,39.71,+64.61,-32.39,1
2458.9749,1008.56,22.9,40.22,+64.61,-31.87,1
2459.1098,1008.58,22.9,40.05,+64.61,-32.04,1
2459.2472,1008.56,22.9,40.22,+64.61,-31.87,1
2459.3815,1008.52,22.9,40.57,+64.61,-31.53,1
2459.5174,1008.48,22.9,40.91,+64.61,-31.18,1
2459.6542,1008.56,22.9,40.22,+64.61,-31.87,1
2459.7889,1008.55,22.9,40.31,+64.61,-31.79,1
2459.9281,1008.56,22.9,40.22,+64.58,-31.90,1
2460.0652,1008.56,22.9,40.22,+64.58,-31.90,1
2460.2018,1008.53,23.0,40.49,+64.58,-31.63,1
2460.3345,1008.56,23.0,40.24,+64.58,-31.89,1
2460.4700,1008.59,23.0,39.98,+64.58,-32.14,1
2460.6077,1008.59,23.0,39.98,+64.58,-32.14,1
2460.7399,1008.58,23.0,40.06,+64.58,-32.06,1
2460.8772,1008.58,23.0,40.06,+64.58,-32.06,1
2461.0043,1008.55,23.0,40.32,+64.56,-31.82,1
2461.1384,1008.59,23.0,39.98,+64.56,-32.16,1
2461.2743,1008.52,23.0,40.58,+64.56,-31.56,1
2461.4107,1008.55,23.0,40.32,+64.56,-31.82,1
2461.5435,1008.60,23.0,39.89,+64.56,-32.25,1
2461.6802,1008.55,23.0,40.32,+64.56,-31.82,1
2461.8170,1008.56,23.0,40.24,+64.56,-31.91,1
2461.9547,1008.54,22.9,40.39,+64.54,-31.76,1
2462.0884,1008.52,22.9,40.57,+64.54,-31.59,1
2462.2271,1008.55,22.9,40.31,+64.54,-31.85,1
2462.3620,1008.54,22.9,40.39,+64.54,-31.76,1
2462.4964,1008.54,22.9,40.39,+64.54,-31.76,1
2462.6330,1008.59,22.9,39.96,+64.54,-32.19,1
2462.7684,1008.54,22.9,40.39,+64.54,-31.76,1
2462.9018,1008.53,22.9,40.48,+64.54,-31.68,1
2463.0286,1008.55,22.9,40.31,+64.53,-31.87,1
2463.1634,1008.53,22.9,40.48,+64.53,-31.69,1
2463.2984,1008.59,22.9,39.96,+64.53,-32.21,1
2463.4344,1008.54,22.9,40.39,+64.53,-31.78,1
2463.5689,1008.56,22.9,40.22,+64.53,-31.95,1
2463.7057,1008.55,22.9,40.31,+64.53,-31.87,1
2463.8420,1008.59,22.9,39.96,+64.53,-32.21,1
2463.9799,1008.55,22.9,40.31,+64.52,-31.88,1
2464.1159,1008.65,22.9,39.45,+64.52,-32.74,1
2464.2507,1008.60,22.9,39.88,+64.52,-32.31,1
2464.3863,1008.62,22.9,39.71,+64.52,-32.48,1
2464.5219,1008.54,22.9,40.39,+64.52,-31.79,1
2464.6561,1008.50,22.9,40.74,+64.52,-31.45,1
2464.7914,1008.55,22.8,40.29,+64.52,-31.89,1
2464.9194,1008.49,22.8,40.81,+64.47,-31.42,1
2465.0536,1008.51,22.8,40.64,+64.47,-31.59,1
2465.1888,1008.60,22.9,39.88,+64.47,-32.35,1
2465.3258,1008.52,22.8,40.55,+64.47,-31.67,1
2465.4639,1008.59,22.9,39.96,+64.47,-32.26,1
2465.5965,1008.50,22.9,40.74,+64.47,-31.49,1
2465.7320,1008.54,22.9,40.39,+64.47,-31.83,1
2465.8688,1008.55,22.9,40.31,+64.47,-31.92,1
2466.0055,1008.57,22.9,40.14,+64.39,-32.17,1
2466.1410,1008.53,22.9,40.48,+64.39,-31.83,1
2466.2782,1008.53,22.9,40.48,+64.39,-31.83,1
2466.4106,1008.53,22.9,40.48,+64.39,-31.83,1
2466.5474,1008.57,22.9,40.14,+64.39,-32.17,1
2466.6837,1008.51,22.9,40.65,+64.39,-31.66,1
2466.8192,1008.54,22.9,40.39,+64.39,-31.91,1
2466.9577,1008.55,22.9,40.31,+64.31,-32.08,1
2467.0935,1008.58,22.9,40.05,+64.31,-32.34,1
2467.2288,1008.48,22.9,40.91,+64.31,-31.48,1
2467.3632,1008.54,22.9,40.39,+64.31,-32.00,1
2467.4999,1008.51,22.9,40.65,+64.31,-31.74,1
2467.6349,1008.49,22.8,40.81,+64.31,-31.58,1
2467.7679,1008.54,22.8,40.38,+64.31,-32.01,1
2467.9054,1008.53,22.8,40.47,+64.31,-31.92,1
2468.0431,1008.60,22.9,39.88,+64.23,-32.59,1
2468.1813,1008.64,22.9,39.53,+64.23,-32.93,1
2468.3138,1008.53,22.8,40.47,+64.23,-32.00,1
2468.4485,1008.55,22.8,40.29,+64.23,-32.17,1
2468.5852,1008.53,22.8,40.47,+64.23,-32.00,1
2468.7209,1008.56,22.8,40.21,+64.23,-32.26,1
2468.8561,1008.53,22.8,40.47,+64.23,-32.00,1
2468.9814,1008.55,22.8,40.29,+64.15,-32.25,1
2469.1155,1008.58,22.8,40.04,+64.15,-32.51,1
2469.2516,1008.58,22.8,40.04,+64.15,-32.51,1
2469.3884,1008.55,22.8,40.29,+64.15,-32.25,1
2469.5224,1008.55,22.8,40.29,+64.15,-32.25,1
2469.6574,1008.55,22.8,40.29,+64.15,-32.25,1
2469.7941,1008.55,22.8,40.29,+64.15,-32.25,1
2469.9345,1008.56,22.8,40.21,+64.08,-32.42,1
2470.0672,1008.50,22.8,40.72,+64.08,-31.90,1
2470.2042,1008.61,22.8,39.78,+64.08,-32.85,1
2470.3422,1008.51,22.8,40.64,+64.08,-31.99,1
2470.4744,1008.51,22.8,40.64,+64.08,-31.99,1
2470.6097,1008.55,22.8,40.29,+64.08,-32.33,1
2470.7460,1008.54,22.8,40.38,+64.08,-32.24,1
2470.8800,1008.50,22.8,40.72,+64.08,-31.90,1
2471.0056,1008.52,22.8,40.55,+63.96,-32.18,1
2471.1421,1008.51,22.8,40.64,+63.96,-32.10,1
2471.2747,1008.50,22.8,40.72,+63.96,-32.01,1
2471.4115,1008.50,22.8,40.72,+63.96,-32.01,1
2471.5476,1008.53,22.8,40.47,+63.96,-32.27,1
2471.6823,1008.56,22.8,40.21,+63.96,-32.53,1
2471.8169,1008.52,22.8,40.55,+63.96,-32.18,1
2471.9451,1008.54,22.8,40.38,+63.86,-32.46,1
2472.0804,1008.52,22.8,40.55,+63.86,-32.29,1
2472.2141,1008.57,22.8,40.12,+63.86,-32.72,1
2472.3500,1008.51,22.8,40.64,+63.86,-32.20,1
2472.4881,1008.53,22.8,40.47,+63.86,-32.37,1
2472.6204,1008.52,22.8,40.55,+63.86,-32.29,1
2472.7572,1008.53,22.8,40.47,+63.86,-32.37,1
2472.8945,1008.53,22.8,40.47,+63.86,-32.37,1
2473.0311,1008.51,22.8,40.64,+63.77,-32.29,1
2473.1669,1008.57,22.8,40.12,+63.77,-32.81,1
2473.3039,1008.50,22.8,40.72,+63.77,-32.20,1
2473.4389,1008.51,22.8,40.64,+63.77,-32.29,1
2473.5729,1008.53,22.8,40.47,+63.77,-32.46,1
2473.7094,1008.48,22.8,40.90,+63.77,-32.03,1
2473.8452,1008.58,22.8,40.04,+63.77,-32.89,1
2473.9837,1008.51,22.8,40.64,+63.69,-32.37,1
2474.1192,1008.52,22.8,40.55,+63.69,-32.45,1
2474.2541,1008.57,22.8,40.12,+63.69,-32.88,1
2474.3884,1008.54,22.8,40.38,+63.69,-32.63,1
2474.5252,1008.49,22.8,40.81,+63.69,-32.20,1
2474.6604,1008.52,22.8,40.55,+63.69,-32.45,1
2474.7958,1008.53,22.8,40.47,+63.69,-32.54,1
2474.9344,1008.51,22.8,40.64,+63.60,-32.46,1
2475.0694,1008.53,22.8,40.47,+63.60,-32.63,1
2475.2081,1008.52,22.8,40.55,+63.60,-32.54,1
2475.3426,1008.58,22.8,40.04,+63.60,-33.06,1
2475.4777,1008.56,22.8,40.21,+63.60,-32.89,1
2475.6147,1008.55,22.8,40.29,+63.60,-32.80,1
2475.7503,1008.53,22.8,40.47,+63.60,-32.63,1
2475.8859,1008.55,22.9,40.31,+63.60,-32.79,1
2476.0116,1008.52,22.8,40.55,+63.54,-32.60,1
2476.1456,1008.55,22.9,40.31,+63.54,-32.85,1
2476.2818,1008.58,22.9,40.05,+63.54,-33.11,1
2476.4179,1008.52,22.9,40.57,+63.54,-32.59,1
2476.5538,1008.53,22.9,40.48,+63.54,-32.68,1
2476.6883,1008.55,22.9,40.31,+63.54,-32.85,1
2476.8242,1008.59,22.9,39.96,+63.54,-33.19,1
2476.9498,1008.52,22.9,40.57,+63.46,-32.68,1
2477.0822,1008.57,22.9,40.14,+63.46,-33.11,1
2477.2167,1008.45,22.9,41.17,+63.46,-32.08,1
2477.3539,1008.54,22.9,40.39,+63.46,-32.85,1
2477.4873,1008.50,22.9,40.74,+63.46,-32.51,1
2477.6239,1008.52,22.9,40.57,+63.46,-32.68,1
2477.7585,1008.49,22.9,40.82,+63.46,-32.42,1
2477.8945,1008.49,22.9,40.82,+63.46,-32.42,1
2478.0213,1008.54,22.9,40.39,+63.36,-32.94,1
2478.1561,1008.49,22.9,40.82,+63.36,-32.51,1
2478.2908,1008.48,22.9,40.91,+63.36,-32.43,1
2478.4289,1008.56,22.9,40.22,+63.36,-33.12,1
2478.5632,1008.44,22.9,41.25,+63.36,-32.08,1
2478.6981,1008.53,22.9,40.48,+63.36,-32.86,1
2478.8317,1008.53,22.9,40.48,+63.36,-32.86,1
2478.9605,1008.50,22.9,40.74,+63.30,-32.66,1
2479.0956,1008.52,22.9,40.57,+63.30,-32.84,1
2479.2303,1008.48,22.9,40.91,+63.30,-32.49,1
2479.3675,1008.50,22.9,40.74,+63.30,-32.66,1
2479.5035,1008.57,22.9,40.14,+63.30,-33.27,1
2479.6378,1008.49,22.9,40.82,+63.30,-32.58,1
2479.7749,1008.53,22.9,40.48,+63.30,-32.92,1
2479.9101,1008.53,23.0,40.49,+63.30,-32.91,1
2480.0485,1008.51,23.0,40.67,+63.27,-32.77,1
2480.1849,1008.52,23.0,40.58,+63.27,-32.85,1
2480.3201,1008.52,23.0,40.58,+63.27,-32.85,1
2480.4568,1008.54,23.0,40.41,+63.27,-33.02,1
2480.5922,1008.52,23.0,40.58,+63.27,-32.85,1
2480.7271,1008.55,23.0,40.32,+63.27,-33.11,1
2480.8643,1008.59,23.0,39.98,+63.27,-33.45,1
2481.0029,1008.53,23.0,40.49,+63.28,-32.93,1
2481.1383,1008.50,23.0,40.75,+63.28,-32.67,1
2481.2745,1008.39,23.0,41.70,+63.28,-31.72,1
2481.4088,1008.52,23.0,40.58,+63.28,-32.84,1
2481.5437,1008.54,23.0,40.41,+63.28,-33.01,1
2481.6802,1008.55,23.0,40.32,+63.28,-33.10,1
2481.8168,1008.56,23.0,40.24,+63.28,-33.18,1
2481.9534,1008.52,23.0,40.58,+63.33,-32.79,1
2482.0888,1008.61,23.0,39.81,+63.33,-33.57,1
2482.2269,1008.54,22.9,40.39,+63.33,-32.98,1
2482.3594,1008.52,22.9,40.57,+63.33,-32.81,1
2482.4962,1008.55,22.9,40.31,+63.33,-33.07,1
2482.6330,1008.52,22.9,40.57,+63.33,-32.81,1
2482.7664,1008.56,22.9,40.22,+63.33,-33.15,1
2482.9038,1008.58,22.9,40.05,+63.33,-33.32,1
2483.0305,1008.57,22.9,40.14,+63.40,-33.16,1
2483.1634,1008.58,22.9,40.05,+63.40,-33.25,1
2483.3009,1008.51,22.8,40.64,+63.40,-32.66,1
2483.4374,1008.56,22.8,40.21,+63.40,-33.09,1
2483.5723,1008.52,22.8,40.55,+63.40,-32.74,1
2483.7068,1008.56,22.8,40.21,+63.40,-33.09,1
2483.8319,1008.54,22.8,40.38,+63.40,-32.92,1
2483.9697,1008.58,22.8,40.04,+63.50,-33.16,1
2484.1028,1008.56,22.8,40.21,+63.50,-32.99,1
2484.2406,1008.55,22.8,40.29,+63.50,-32.90,1
2484.3772,1008.52,22.8,40.55,+63.50,-32.65,1
2484.5095,1008.59,22.9,39.96,+63.50,-33.24,1
2484.6461,1008.60,22.9,39.88,+63.50,-33.32,1
2484.7832,1008.61,22.8,39.78,+63.50,-33.42,1
2484.9173,1008.56,22.8,40.21,+63.50,-32.99,1
2485.0429,1008.60,22.8,39.87,+63.57,-33.26,1
2485.1797,1008.51,22.8,40.64,+63.57,-32.49,1
2485.3123,1008.49,22.8,40.81,+63.57,-32.32,1
2485.4491,1008.53,22.8,40.47,+63.57,-32.66,1
2485.5854,1008.55,22.8,40.29,+63.57,-32.83,1
2485.7206,1008.54,22.8,40.38,+63.57,-32.75,1
2485.8542,1008.55,22.8,40.29,+63.57,-32.83,1
2485.9823,1008.52,22.8,40.55,+63.64,-32.51,1
2486.1158,1008.55,22.8,40.29,+63.64,-32.77,1
2486.2503,1008.55,22.8,40.29,+63.64,-32.77,1
2486.3873,1008.51,22.8,40.64,+63.64,-32.42,1
2486.5227,1008.53,22.9,40.48,+63.64,-32.58,1
2486.6556,1008.54,22.9,40.39,+63.64,-32.67,1
2486.7923,1008.51,22.9,40.65,+63.64,-32.41,1
2486.9276,1008.60,22.9,39.88,+63.64,-33.18,1
2487.0660,1008.60,22.9,39.88,+63.72,-33.10,1
2487.2022,1008.57,22.9,40.14,+63.72,-32.84,1
2487.3373,1008.59,22.9,39.96,+63.72,-33.02,1
2487.4741,1008.55,22.9,40.31,+63.72,-32.67,1
2487.6097,1008.54,22.9,40.39,+63.72,-32.59,1
2487.7445,1008.56,22.9,40.22,+63.72,-32.76,1
2487.8819,1008.59,22.9,39.96,+63.72,-33.02,1
2488.0202,1008.57,22.9,40.14,+63.79,-32.78,1
2488.1567,1008.56,22.9,40.22,+63.79,-32.69,1
2488.2939,1008.54,22.9,40.39,+63.79,-32.52,1
2488.4283,1008.54,22.9,40.39,+63.79,-32.52,1
2488.5633,1008.58,22.9,40.05,+63.79,-32.86,1
2488.6998,1008.59,22.9,39.96,+63.79,-32.95,1
2488.8367,1008.54,22.9,40.39,+63.79,-32.52,1
2488.9721,1008.57,22.9,40.14,+63.83,-32.73,1
2489.1080,1008.57,22.9,40.14,+63.83,-32.73,1
2489.2435,1008.58,22.9,40.05,+63.83,-32.82,1
2489.3760,1008.58,22.9,40.05,+63.83,-32.82,1
2489.5127,1008.53,22.9,40.48,+63.83,-32.39,1
2489.6494,1008.55,22.9,40.31,+63.83,-32.56,1
2489.7833,1008.54,22.9,40.39,+63.83,-32.47,1
2489.9206,1008.54,22.9,40.39,+63.83,-32.47,1
2490.0475,1008.52,22.8,40.55,+63.88,-32.27,1
2490.1820,1008.57,22.8,40.12,+63.88,-32.70,1
2490.3195,1008.54,22.8,40.38,+63.88,-32.44,1
2490.4563,1008.54,22.8,40.38,+63.88,-32.44,1
2490.5915,1008.55,22.8,40.29,+63.88,-32.53,1
2490.7261,1008.54,22.8,40.38,+63.88,-32.44,1
2490.8512,1008.64,22.8,39.52,+63.88,-33.30,1
2490.9901,1008.55,22.8,40.29,+63.94,-32.46,1
2491.1236,1008.60,22.8,39.87,+63.94,-32.89,1
2491.2605,1008.57,22.8,40.12,+63.94,-32.63,1
2491.3967,1008.49,22.8,40.81,+63.94,-31.94,1
2491.5298,1008.58,22.8,40.04,+63.94,-32.72,1
2491.6659,1008.57,22.9,40.14,+63.94,-32.62,1
2491.8008,1008.54,22.9,40.39,+63.94,-32.36,1
2491.9406,1008.60,22.9,39.88,+63.97,-32.85,1
2492.0757,1008.55,22.9,40.31,+63.97,-32.42,1
2492.2108,1008.53,22.9,40.48,+63.97,-32.25,1
2492.3476,1008.57,22.9,40.14,+63.97,-32.60,1
2492.4831,1008.56,22.9,40.22,+63.97,-32.51,1
2492.6178,1008.53,22.9,40.48,+63.97,-32.25,1
2492.7560,1008.56,22.9,40.22,+63.97,-32.51,1
2492.8883,1008.53,22.9,40.48,+63.97,-32.25,1
2493.0135,1008.53,22.9,40.48,+63.98,-32.24,1
2493.1495,1008.55,22.9,40.31,+63.98,-32.41,1
2493.2840,1008.54,22.9,40.39,+63.98,-32.32,1
2493.4189,1008.58,22.9,40.05,+63.98,-32.67,1
2493.5557,1008.56,22.9,40.22,+63.98,-32.49,1
2493.6895,1008.56,22.9,40.22,+63.98,-32.49,1
2493.8250,1008.52,22.9,40.57,+63.98,-32.15,1
2493.9525,1008.59,22.9,39.96,+64.00,-32.74,1
2494.0871,1008.55,22.9,40.31,+64.00,-32.39,1
2494.2216,1008.65,22.9,39.45,+64.00,-33.25,1
2494.3586,1008.55,22.9,40.31,+64.00,-32.39,1
2494.4959,1008.54,22.9,40.39,+64.00,-32.31,1
2494.6302,1008.48,22.9,40.91,+64.00,-31.79,1
2494.7657,1008.50,22.9,40.74,+64.00,-31.96,1
2494.9025,1008.57,22.9,40.14,+64.00,-32.57,1
2495.0378,1008.47,22.9,41.00,+64.04,-31.66,1
2495.1744,1008.52,22.9,40.57,+64.04,-32.09,1
2495.3117,1008.48,22.9,40.91,+64.04,-31.75,1
2495.4440,1008.61,22.9,39.79,+64.04,-32.87,1
2495.5805,1008.53,22.9,40.48,+64.04,-32.18,1
2495.7185,1008.56,23.0,40.24,+64.04,-32.42,1
2495.8541,1008.53,22.9,40.48,+64.04,-32.18,1
2495.9927,1008.53,23.0,40.49,+64.10,-32.11,1
2496.1273,1008.57,23.0,40.15,+64.10,-32.45,1
2496.2648,1008.56,23.0,40.24,+64.10,-32.37,1
2496.3975,1008.51,23.0,40.67,+64.10,-31.94,1
2496.5336,1008.57,23.0,40.15,+64.10,-32.45,1
2496.6684,1008.53,23.0,40.49,+64.10,-32.11,1
2496.8033,1008.52,23.0,40.58,+64.10,-32.02,1
2496.9437,1008.61,23.0,39.81,+64.19,-32.71,1
2497.0788,1008.47,23.0,41.01,+64.19,-31.50,1
2497.2161,1008.44,23.0,41.27,+64.19,-31.24,1
2497.3518,1008.52,23.0,40.58,+64.19,-31.93,1
2497.4868,1008.50,23.0,40.75,+64.19,-31.76,1
2497.6235,1008.55,23.0,40.32,+64.19,-32.19,1
2497.7578,1008.55,23.0,40.32,+64.19,-32.19,1
2497.8933,1008.52,23.0,40.58,+64.19,-31.93,1
2498.0187,1008.51,23.0,40.67,+64.29,-31.74,1
2498.1533,1008.49,23.0,40.84,+64.29,-31.57,1
2498.2883,1008.49,23.0,40.84,+64.29,-31.57,1
2498.4266,1008.51,23.0,40.67,+64.29,-31.74,1
2498.5608,1008.52,23.0,40.58,+64.29,-31.83,1
2498.6957,1008.49,23.0,40.84,+64.29,-31.57,1
2498.8330,1008.51,23.0,40.67,+64.29,-31.74,1
2498.9592,1008.52,23.0,40.58,+64.47,-31.65,1
2499.0927,1008.50,23.0,40.75,+64.47,-31.48,1
2499.2300,1008.51,23.0,40.67,+64.47,-31.56,1
2499.3671,1008.53,23.0,40.49,+64.47,-31.74,1
2499.5008,1008.57,23.0,40.15,+64.47,-32.08,1
2499.6364,1008.45,23.0,41.18,+64.47,-31.05,1
2499.7727,1008.57,23.0,40.15,+64.47,-32.08,1
2499.9061,1008.51,23.0,40.67,+64.47,-31.56,1
2500.0337,1008.54,23.0,40.41,+64.69,-31.60,1
2500.1700,1008.50,23.0,40.75,+64.69,-31.26,1
2500.3026,1008.56,23.0,40.24,+64.69,-31.77,1
2500.4387,1008.44,23.0,41.27,+64.69,-30.74,1
2500.5761,1008.60,23.0,39.89,+64.69,-32.12,1
2500.7089,1008.52,23.0,40.58,+64.69,-31.43,1
2500.8439,1008.50,23.0,40.75,+64.69,-31.26,1
2500.9709,1008.56,23.0,40.24,+64.92,-31.55,1
2501.1046,1008.47,23.0,41.01,+64.92,-30.77,1
2501.2392,1008.49,23.0,40.84,+64.92,-30.94,1
2501.3761,1008.53,23.0,40.49,+64.92,-31.29,1
2501.5130,1008.51,23.0,40.67,+64.92,-31.12,1
2501.6468,1008.46,23.0,41.10,+64.92,-30.69,1
2501.7824,1008.52,23.0,40.58,+64.92,-31.20,1
2501.9194,1008.52,23.0,40.58,+64.92,-31.20,1
2502.0557,1008.51,23.0,40.67,+65.17,-30.87,1
2502.1929,1008.51,23.0,40.67,+65.17,-30.87,1
2502.3297,1008.51,23.0,40.67,+65.17,-30.87,1
2502.4621,1008.54,23.0,40.41,+65.17,-31.13,1
2502.5974,1008.55,23.0,40.32,+65.17,-31.21,1
2502.7349,1008.52,23.0,40.58,+65.17,-30.95,1
2502.8705,1008.60,23.0,39.89,+65.17,-31.64,1
2503.0073,1008.52,23.0,40.58,+65.45,-30.67,1
2503.1440,1008.50,23.0,40.75,+65.45,-30.50,1
2503.2809,1008.46,23.0,41.10,+65.45,-30.15,1
2503.4154,1008.49,23.0,40.84,+65.45,-30.41,1
2503.5519,1008.50,23.0,40.75,+65.45,-30.50,1
2503.6869,1008.50,23.0,40.75,+65.45,-30.50,1
2503.8217,1008.58,23.0,40.06,+65.45,-31.19,1
2503.9479,1008.54,23.0,40.41,+65.72,-30.57,1
2504.0828,1008.53,23.0,40.49,+65.72,-30.48,1
2504.2175,1008.54,23.0,40.41,+65.72,-30.57,1
2504.3555,1008.50,23.0,40.75,+65.72,-30.23,1
2504.4898,1008.55,23.0,40.32,+65.72,-30.66,1
2504.6245,1008.55,23.0,40.32,+65.72,-30.66,1
2504.7577,1008.51,23.0,40.67,+65.72,-30.31,1
2504.8959,1008.58,23.0,40.06,+65.72,-30.91,1
2505.0343,1008.54,23.0,40.41,+66.01,-30.28,1
2505.1689,1008.54,23.0,40.41,+66.01,-30.28,1
2505.3060,1008.58,23.0,40.06,+66.01,-30.63,1
2505.4423,1008.59,23.0,39.98,+66.01,-30.71,1
2505.5766,1008.50,23.0,40.75,+66.01,-29.94,1
2505.7133,1008.54,23.0,40.41,+66.01,-30.28,1
2505.8488,1008.54,23.0,40.41,+66.01,-30.28,1
2505.9748,1008.48,23.0,40.92,+66.29,-29.49,1
2506.1098,1008.54,23.0,40.41,+66.29,-30.01,1
2506.2448,1008.49,23.0,40.84,+66.29,-29.58,1
2506.3817,1008.56,23.0,40.24,+66.29,-30.18,1
2506.5171,1008.57,23.0,40.15,+66.29,-30.26,1
2506.6520,1008.52,23.0,40.58,+66.29,-29.83,1
2506.7888,1008.52,23.0,40.58,+66.29,-29.83,1
2506.9238,1008.55,23.1,40.34,+66.29,-30.08,1
2507.0492,1008.54,23.0,40.41,+66.56,-29.73,1
2507.1850,1008.55,23.0,40.32,+66.56,-29.81,1
2507.3196,1008.56,23.0,40.24,+66.56,-29.90,1
2507.4542,1008.54,23.1,40.42,+66.56,-29.71,1
2507.5923,1008.57,23.1,40.16,+66.56,-29.97,1
2507.7265,1008.51,23.0,40.67,+66.56,-29.47,1
2507.8621,1008.57,23.0,40.15,+66.56,-29.99,1
2507.9877,1008.58,23.0,40.06,+66.86,-29.77,1
2508.1231,1008.56,23.1,40.25,+66.86,-29.59,1
2508.2583,1008.64,23.1,39.56,+66.86,-30.28,1
2508.3943,1008.58,23.1,40.08,+66.86,-29.76,1
2508.5305,1008.51,23.1,40.68,+66.86,-29.16,1
2508.6658,1008.51,23.1,40.68,+66.86,-29.16,1
2508.8008,1008.47,23.0,41.01,+66.86,-28.83,1
2508.9418,1008.50,23.1,40.77,+67.18,-28.75,1
2509.0740,1008.54,23.1,40.42,+67.18,-29.10,1
2509.2114,1008.49,23.1,40.85,+67.18,-28.66,1
2509.3474,1008.54,23.1,40.42,+67.18,-29.10,1
2509.4794,1008.52,23.1,40.59,+67.18,-28.92,1
2509.6160,1008.54,23.1,40.42,+67.18,-29.10,1
2509.7540,1008.55,23.1,40.34,+67.18,-29.18,1
2509.8889,1008.48,23.1,40.94,+67.18,-28.58,1
2510.0250,1008.58,23.1,40.08,+67.50,-29.12,1
2510.1621,1008.57,23.1,40.16,+67.50,-29.03,1
2510.3007,1008.61,23.1,39.82,+67.50,-29.38,1
2510.4330,1008.50,23.1,40.77,+67.50,-28.43,1
2510.5697,1008.56,23.1,40.25,+67.50,-28.95,1
2510.7065,1008.52,23.1,40.59,+67.50,-28.60,1
2510.8407,1008.55,23.1,40.34,+67.50,-28.86,1
2510.9676,1008.53,23.1,40.51,+67.86,-28.33,1
2511.1023,1008.57,23.0,40.15,+67.86,-28.69,1
2511.2346,1008.53,23.0,40.49,+67.86,-28.35,1
2511.3716,1008.51,23.0,40.67,+67.86,-28.17,1
2511.5079,1008.51,23.0,40.67,+67.86,-28.17,1
2511.6427,1008.58,23.0,40.06,+67.86,-28.78,1
2511.7772,1008.54,23.0,40.41,+67.86,-28.43,1
2511.9159,1008.53,23.0,40.49,+67.86,-28.35,1
2512.0409,1008.52,23.0,40.58,+68.21,-27.91,1
2512.1757,1008.53,23.0,40.49,+68.21,-28.00,1
2512.3130,1008.50,23.0,40.75,+68.21,-27.74,1
2512.4485,1008.54,23.0,40.41,+68.21,-28.09,1
2512.5818,1008.55,23.0,40.32,+68.21,-28.17,1
2512.7187,1008.57,23.0,40.15,+68.21,-28.34,1
2512.8538,1008.60,23.0,39.89,+68.21,-28.60,1
2512.9920,1008.51,23.0,40.67,+68.57,-27.47,1
2513.1283,1008.53,23.0,40.49,+68.57,-27.64,1
2513.2636,1008.49,23.0,40.84,+68.57,-27.29,1
2513.4002,1008.56,23.0,40.24,+68.57,-27.90,1
2513.5357,1008.56,23.0,40.24,+68.57,-27.90,1
2513.6705,1008.49,23.0,40.84,+68.57,-27.29,1
2513.8074,1008.57,23.0,40.15,+68.57,-27.98,1
2513.9460,1008.50,22.9,40.74,+68.88,-27.08,1
2514.0815,1008.53,22.9,40.48,+68.88,-27.34,1
2514.2175,1008.57,22.9,40.14,+68.88,-27.69,1
2514.3520,1008.50,22.9,40.74,+68.88,-27.08,1
2514.4867,1008.49,22.9,40.82,+68.88,-27.00,1
2514.6117,1008.56,22.9,40.22,+68.88,-27.60,1
2514.7460,1008.55,22.9,40.31,+68.88,-27.51,1
2514.8813,1008.54,22.9,40.39,+68.88,-27.43,1
2515.0082,1008.52,22.9,40.57,+69.13,-27.00,1
2515.1439,1008.55,22.9,40.31,+69.13,-27.26,1
2515.2786,1008.54,22.9,40.39,+69.13,-27.18,1
2515.4155,1008.60,22.9,39.88,+69.13,-27.69,1
2515.5522,1008.60,22.9,39.88,+69.13,-27.69,1
2515.6876,1008.54,22.9,40.39,+69.13,-27.18,1
2515.8227,1008.53,22.9,40.48,+69.13,-27.09,1
2515.9496,1008.59,22.9,39.96,+69.33,-27.40,1
2516.0823,1008.52,22.9,40.57,+69.33,-26.80,1
2516.2200,1008.49,22.9,40.82,+69.33,-26.54,1
2516.3556,1008.55,22.9,40.31,+69.33,-27.06,1
2516.4899,1008.54,22.8,40.38,+69.33,-26.99,1
2516.6265,1008.49,22.8,40.81,+69.33,-26.56,1
2516.7617,1008.54,22.8,40.38,+69.33,-26.99,1
2516.8952,1008.49,22.8,40.81,+69.33,-26.56,1
2517.0218,1008.58,22.9,40.05,+69.49,-27.16,1
2517.1567,1008.52,22.9,40.57,+69.49,-26.64,1
2517.2926,1008.58,22.9,40.05,+69.49,-27.16,1
2517.4294,1008.53,22.9,40.48,+69.49,-26.73,1
2517.5640,1008.45,22.9,41.17,+69.49,-26.04,1
2517.7007,1008.47,22.9,41.00,+69.49,-26.21,1
2517.8367,1008.48,22.9,40.91,+69.49,-26.30,1
2517.9746,1008.53,22.9,40.48,+69.64,-26.58,1
2518.1105,1008.52,22.9,40.57,+69.64,-26.49,1
2518.2451,1008.47,22.9,41.00,+69.64,-26.06,1
2518.3810,1008.53,22.9,40.48,+69.64,-26.58,1
2518.5179,1008.53,22.9,40.48,+69.64,-26.58,1
2518.6519,1008.48,22.9,40.91,+69.64,-26.15,1
2518.7874,1008.46,22.9,41.08,+69.64,-25.98,1
2518.9243,1008.53,22.9,40.48,+69.64,-26.58,1
2519.0646,1008.51,22.9,40.65,+69.79,-26.26,1
2519.1974,1008.54,22.9,40.39,+69.79,-26.51,1
2519.3344,1008.50,22.9,40.74,+69.79,-26.17,1
2519.4727,1008.62,22.9,39.71,+69.79,-27.20,1
2519.6049,1008.53,22.9,40.48,+69.79,-26.43,1
2519.7416,1008.52,22.9,40.57,+69.79,-26.34,1
2519.8788,1008.49,22.9,40.82,+69.79,-26.08,1
2520.0161,1008.49,22.9,40.82,+69.88,-26.00,1
2520.1521,1008.53,22.9,40.48,+69.88,-26.34,1
2520.2893,1008.51,22.9,40.65,+69.88,-26.17,1
2520.4242,1008.56,22.9,40.22,+69.88,-26.60,1
2520.5580,1008.53,22.9,40.48,+69.88,-26.34,1
2520.6947,1008.50,22.9,40.74,+69.88,-26.08,1
2520.8301,1008.53,22.9,40.48,+69.88,-26.34,1
2520.9685,1008.58,22.9,40.05,+69.97,-26.68,1
2521.1041,1008.52,22.9,40.57,+69.97,-26.17,1
2521.2388,1008.53,22.9,40.48,+69.97,-26.25,1
2521.3732,1008.61,22.9,39.79,+69.97,-26.94,1
2521.5099,1008.50,22.9,40.74,+69.97,-26.00,1
2521.6450,1008.45,22.9,41.17,+69.97,-25.57,1
2521.7808,1008.52,22.9,40.57,+69.97,-26.17,1
2521.9157,1008.58,22.9,40.05,+69.97,-26.68,1
2522.0535,1008.55,22.9,40.31,+70.08,-26.31,1
2522.1907,1008.46,22.9,41.08,+70.08,-25.53,1
2522.3229,1008.53,22.9,40.48,+70.08,-26.13,1
2522.4574,1008.53,22.9,40.48,+70.08,-26.13,1
2522.5941,1008.58,22.9,40.05,+70.08,-26.56,1
2522.7296,1008.53,22.9,40.48,+70.08,-26.13,1
2522.8652,1008.54,22.9,40.39,+70.08,-26.22,1
2522.9922,1008.52,22.9,40.57,+70.18,-25.95,1
2523.1246,1008.56,22.9,40.22,+70.18,-26.29,1
2523.2603,1008.47,22.9,41.00,+70.18,-25.52,1
2523.3973,1008.48,22.9,40.91,+70.18,-25.60,1
2523.5339,1008.54,22.9,40.39,+70.18,-26.12,1
2523.6665,1008.53,22.9,40.48,+70.18,-26.03,1
2523.8035,1008.59,22.9,39.96,+70.18,-26.55,1
2523.9437,1008.48,22.9,40.91,+70.30,-25.49,1
2524.0747,1008.54,22.9,40.39,+70.30,-26.00,1
2524.2119,1008.54,22.9,40.39,+70.30,-26.00,1
2524.3376,1008.54,22.9,40.39,+70.30,-26.00,1
2524.4697,1008.58,22.9,40.05,+70.30,-26.35,1
                                                                                                                                                                                                                                                                                                                                                                                                                                    