t,lat_deg,lon_deg,alt_m,vN,vE,hdop,accepted,course_deg,yaw_std_deg,yaw_accepted
669.1549,52.0483145,-0.7489948,136.70,0.000,0.000,4.36,1,,,
669.1549,52.0482932,-0.7490140,138.50,0.000,0.000,4.36,1,,,
669.1549,52.0482743,-0.7490370,139.30,0.000,0.000,4.36,0,,,
669.8928,52.0482525,-0.7490557,141.30,0.000,0.000,4.36,1,,,
670.8685,52.0482463,-0.7490598,142.30,0.000,0.000,4.35,1,,,
671.8895,52.0482493,-0.7490558,142.40,0.000,0.000,4.35,1,,,
672.8946,52.0482513,-0.7490493,143.00,0.000,0.000,4.35,1,,,
673.8988,52.0482563,-0.7490390,143.50,0.000,0.000,4.35,1,,,
674.8894,52.0482615,-0.7490355,143.20,0.000,0.000,4.35,1,,,
675.8693,52.0482645,-0.7490393,142.40,0.000,0.000,4.35,1,,,
676.8856,52.0482640,-0.7490382,142.50,0.000,0.000,4.35,1,,,
677.8808,52.0482650,-0.7490368,142.60,0.000,0.000,4.35,1,,,
678.8965,52.0482685,-0.7490368,142.20,0.000,0.000,4.35,1,,,
679.8887,52.0482768,-0.7490325,142.10,0.000,0.000,4.35,1,,,
680.8675,52.0482823,-0.7490222,142.90,0.000,0.000,4.35,1,,,
681.8829,52.0482867,-0.7490180,142.50,0.000,0.000,4.35,1,,,
682.8893,52.0482850,-0.7490203,142.30,0.000,0.000,4.34,1,,,
683.8884,52.0482917,-0.7490170,141.50,0.000,0.000,4.34,1,,,
684.8953,52.0483082,-0.7490132,139.30,0.000,0.000,4.34,1,,,
685.8485,52.0483140,-0.7490062,139.10,0.000,0.000,4.34,1,,,
686.8949,52.0483175,-0.7490050,138.60,0.000,0.000,4.34,1,,,
687.8652,52.0483215,-0.7490027,138.80,0.000,0.000,4.34,1,,,
688.8899,52.0483257,-0.7490017,137.80,0.000,0.000,4.34,1,,,
689.8945,52.0483227,-0.7489983,138.50,0.000,0.000,4.34,1,,,
690.8924,52.0483268,-0.7489903,138.40,0.000,0.000,4.34,1,,,
691.8872,52.0483273,-0.7489847,138.40,0.000,0.000,4.34,1,,,
692.8751,52.0483312,-0.7489783,137.90,0.000,0.000,4.34,1,,,
693.8859,52.0483365,-0.7489705,137.40,0.000,0.000,4.34,1,,,
694.8944,52.0483362,-0.7489708,136.70,0.000,0.000,4.33,1,,,
695.8603,52.0483437,-0.7489670,135.70,0.000,0.000,4.33,1,,,
696.8876,52.0483535,-0.7489598,134.90,0.000,0.000,4.33,1,,,
697.8807,52.0483572,-0.7489527,134.30,0.000,0.000,4.33,1,,,
698.8959,52.0483585,-0.7489483,134.00,0.000,0.000,4.33,1,,,
699.8876,52.0483602,-0.7489440,133.60,0.000,0.000,4.33,1,,,
700.8664,52.0483667,-0.7489418,133.00,0.000,0.000,4.33,1,,,
701.8964,52.0483743,-0.7489400,132.60,0.000,0.000,4.33,1,,,
702.8878,52.0483785,-0.7489387,132.40,0.000,0.000,4.33,1,,,
703.8858,52.0483747,-0.7489388,132.70,0.000,0.000,4.33,1,,,
704.8942,52.0483757,-0.7489382,132.60,0.000,0.000,4.33,1,,,
705.8708,52.0483825,-0.7489343,131.70,0.000,0.000,4.33,1,,,
706.8876,52.0483883,-0.7489317,131.40,0.000,0.000,4.32,1,,,
707.8814,52.0483918,-0.7489298,131.40,0.000,0.000,4.32,1,,,
708.8844,52.0483953,-0.7489278,131.10,0.000,0.000,4.32,1,,,
709.8938,52.0483958,-0.7489243,131.00,0.000,0.000,4.32,1,,,
710.8920,52.0484008,-0.7489205,130.50,0.000,0.000,4.32,1,,,
711.8905,52.0483983,-0.7489180,130.50,0.000,0.000,4.32,1,,,
712.8803,52.0483982,-0.7489165,130.20,0.000,0.000,4.32,1,,,
713.8856,52.0484017,-0.7489140,129.60,0.000,0.000,4.32,1,,,
714.8929,52.0484097,-0.7489108,128.70,0.000,0.000,4.32,1,,,
715.8557,52.0484118,-0.7489077,128.20,0.000,0.000,4.32,1,,,
716.8861,52.0484143,-0.7489048,127.70,0.000,0.000,4.32,1,,,
717.8791,52.0484167,-0.7489020,127.30,0.000,0.000,4.32,1,,,
718.8985,52.0484218,-0.7489010,126.70,0.000,0.000,4.31,1,,,
719.8938,52.0484237,-0.7489002,126.50,0.000,0.000,4.31,1,,,
720.8986,52.0484257,-0.7488997,126.20,0.000,0.000,4.31,1,,,
721.8974,52.0484272,-0.7488992,125.90,0.000,0.000,4.31,1,,,
722.8577,52.0484297,-0.7488978,125.50,0.000,0.000,4.31,1,,,
723.8856,52.0484343,-0.7488958,124.60,0.000,0.000,4.31,1,,,
724.8895,52.0484412,-0.7488935,123.60,0.000,0.000,4.31,1,,,
725.8852,52.0484462,-0.7488912,122.80,0.000,0.000,4.31,1,,,
726.8930,52.0484492,-0.7488897,122.00,0.000,0.000,4.31,1,,,
727.8563,52.0484540,-0.7488873,121.20,0.000,0.000,4.31,1,,,
728.8971,52.0484603,-0.7488842,120.10,0.000,0.000,4.31,1,,,
729.8871,52.0484675,-0.7488798,119.10,0.000,0.000,4.31,1,,,
730.8836,52.0484715,-0.7488768,118.50,0.000,0.000,4.30,1,,,
731.8919,52.0484758,-0.7488735,117.80,0.000,0.000,4.30,1,,,
732.8732,52.0484817,-0.7488702,117.10,0.000,0.000,4.30,1,,,
733.8899,52.0484887,-0.7488653,116.00,0.000,0.000,4.30,1,,,
734.8847,52.0484945,-0.7488615,114.90,0.000,0.000,4.30,1,,,
735.8885,52.0485023,-0.7488555,113.70,0.000,0.000,4.30,1,,,
736.8862,52.0485103,-0.7488498,112.60,0.000,0.000,4.30,1,,,
737.8952,52.0485175,-0.7488442,111.80,0.000,0.000,4.30,1,,,
738.8837,52.0485238,-0.7488410,111.00,0.000,0.000,4.30,1,,,
739.8653,52.0485297,-0.7488368,110.20,0.000,0.000,4.30,1,,,
740.8930,52.0485335,-0.7488352,109.70,0.000,0.000,4.30,1,,,
741.8804,52.0485363,-0.7488337,109.40,0.000,0.000,4.30,1,,,
742.8970,52.0485395,-0.7488315,109.10,0.000,0.000,4.29,1,,,
743.8910,52.0485428,-0.7488293,108.60,0.000,0.000,4.29,1,,,
744.9006,52.0485455,-0.7488277,108.10,0.000,0.000,4.29,1,,,
745.8911,52.0485487,-0.7488250,107.60,0.000,0.000,4.29,1,,,
746.8656,52.0485537,-0.7488212,107.00,0.000,0.000,4.29,1,,,
747.8945,52.0485595,-0.7488190,106.40,0.000,0.000,4.29,1,,,
748.8839,52.0485627,-0.7488172,105.90,0.000,0.000,4.29,1,,,
749.8839,52.0485637,-0.7488167,105.70,0.000,0.000,4.29,1,,,
750.8896,52.0485658,-0.7488153,105.60,0.000,0.000,4.29,1,,,
751.8883,52.0485677,-0.7488152,105.50,0.000,0.000,4.29,1,,,
752.8846,52.0485707,-0.7488142,104.90,0.000,0.000,4.29,1,,,
753.8800,52.0485743,-0.7488132,104.50,0.000,0.000,4.29,1,,,
754.8976,52.0485815,-0.7488093,103.50,0.000,0.000,4.29,1,,,
755.8915,52.0485833,-0.7488093,103.40,0.000,0.000,4.28,1,,,
756.8569,52.0485857,-0.7488097,103.20,0.000,0.000,4.28,1,,,
757.8976,52.0485903,-0.7488095,102.60,0.000,0.000,4.28,1,,,
758.8809,52.0485925,-0.7488107,102.50,0.000,0.000,4.28,1,,,
759.8855,52.0486060,-0.7488067,100.60,0.000,0.000,4.28,1,,,
760.8859,52.0486122,-0.7488058,99.80,0.000,0.000,4.28,1,,,
761.8521,52.0486185,-0.7488053,98.90,0.000,0.000,4.28,1,,,
762.8861,52.0486228,-0.7488050,98.20,0.000,0.000,4.28,1,,,
763.8613,52.0486247,-0.7488048,98.10,0.000,0.000,4.28,1,,,
764.8982,52.0486242,-0.7488057,98.50,0.000,0.000,4.28,1,,,
765.8821,52.0486305,-0.7488032,97.40,0.000,0.000,4.28,1,,,
766.8945,52.0486338,-0.7488017,96.70,0.000,0.000,4.28,1,,,
767.8863,52.0486285,-0.7488028,97.60,0.000,0.000,4.28,1,,,
768.8956,52.0486263,-0.7488023,98.00,0.000,0.000,4.27,1,,,
769.8835,52.0486245,-0.7488030,98.30,0.000,0.000,4.27,1,,,
770.8955,52.0486227,-0.7488048,98.40,0.000,0.000,4.27,1,,,
771.8882,52.0486110,-0.7488102,100.10,0.000,0.000,4.27,1,,,
772.8981,52.0486028,-0.7488140,101.30,0.000,0.000,4.27,1,,,
773.8902,52.0486055,-0.7488123,100.80,0.000,0.000,4.27,1,,,
774.8757,52.0485920,-0.7488162,103.10,0.000,0.000,4.27,1,,,
775.8975,52.0485823,-0.7488190,104.60,0.000,0.000,4.27,1,,,
776.8855,52.0485802,-0.7488187,105.00,0.000,0.000,4.27,1,,,
777.8795,52.0485863,-0.7488162,104.10,0.000,0.000,4.27,1,,,
778.9013,52.0485792,-0.7488193,105.40,0.000,0.000,4.27,1,,,
779.8626,52.0485743,-0.7488197,106.30,0.000,0.000,4.27,1,,,
780.8966,52.0485582,-0.7488267,109.00,0.000,0.000,4.27,1,,,
781.8802,52.0485453,-0.7488323,111.30,0.000,0.000,4.26,1,,,
782.8884,52.0485477,-0.7488315,110.90,0.000,0.000,4.26,1,,,
783.8912,52.0485403,-0.7488373,112.30,0.000,0.000,4.26,1,,,
784.8528,52.0485333,-0.7488413,113.60,0.000,0.000,4.26,1,,,
785.8875,52.0485372,-0.7488407,113.20,0.000,0.000,4.26,1,,,
786.8720,52.0485335,-0.7488422,114.10,0.000,0.000,4.26,1,,,
787.8960,52.0485343,-0.7488400,114.20,0.000,0.000,4.26,1,,,
788.8979,52.0485288,-0.7488405,115.20,0.000,0.000,4.26,1,,,
789.8910,52.0485240,-0.7488412,116.00,0.000,0.000,4.26,1,,,
790.8943,52.0485233,-0.7488408,116.10,0.000,0.000,4.26,1,,,
791.8713,52.0485290,-0.7488388,115.10,0.000,0.000,4.26,1,,,
792.8862,52.0485315,-0.7488375,114.70,0.000,0.000,4.26,1,,,
793.8951,52.0485372,-0.7488348,113.50,0.000,0.000,4.26,1,,,
794.8945,52.0485388,-0.7488337,113.10,0.000,0.000,4.25,1,,,
795.8931,52.0485417,-0.7488370,112.50,0.000,0.000,4.25,1,,,
796.8718,52.0485467,-0.7488360,111.60,0.000,0.000,4.25,1,,,
797.8905,52.0485445,-0.7488392,111.90,0.000,0.000,4.25,1,,,
798.8828,52.0485508,-0.7488482,110.90,0.000,0.000,4.25,1,,,
799.8623,52.0485595,-0.7488455,109.40,0.000,0.000,4.25,1,,,
800.8925,52.0485578,-0.7488455,109.60,0.000,0.000,4.25,1,,,
801.8869,52.0485615,-0.7488440,108.90,0.000,0.000,4.25,1,,,
802.8875,52.0485713,-0.7488405,107.20,0.000,0.000,4.25,1,,,
803.8996,52.0485878,-0.7488308,104.20,0.000,0.000,4.25,1,,,
804.8673,52.0485863,-0.7488320,104.70,0.000,0.000,4.25,1,,,
805.8982,52.0485910,-0.7488305,103.90,0.000,0.000,4.25,1,,,
806.8946,52.0485895,-0.7488227,104.10,0.000,0.000,4.25,1,,,
807.8480,52.0485927,-0.7488168,103.70,0.000,0.000,4.24,1,,,
808.8986,52.0485963,-0.7488107,103.40,0.000,0.000,4.24,1,,,
809.8647,52.0486035,-0.7488018,102.40,0.000,0.000,4.24,1,,,
810.9081,52.0486120,-0.7487980,101.10,0.000,0.000,4.24,1,,,
811.8897,52.0485998,-0.7488050,103.30,0.000,0.000,4.24,1,,,
812.8948,52.0486023,-0.7488037,103.00,0.000,0.000,4.24,1,,,
813.8879,52.0486100,-0.7488023,102.00,0.000,0.000,4.24,1,,,
814.8659,52.0486130,-0.7488030,101.80,0.000,0.000,4.24,1,,,
815.8961,52.0486168,-0.7488028,101.40,0.000,0.000,4.24,1,,,
816.8928,52.0486225,-0.7488015,100.80,0.000,0.000,4.24,1,,,
817.8929,52.0486252,-0.7488008,100.50,0.000,0.000,4.24,1,,,
818.8899,52.0486313,-0.7487988,99.70,0.000,0.000,4.24,1,,,
819.8699,52.0486323,-0.7487990,99.80,0.000,0.000,4.24,1,,,
820.8992,52.0486288,-0.7488005,100.50,0.000,0.000,4.23,1,,,
821.8930,52.0486393,-0.7487965,98.80,0.000,0.000,4.23,1,,,
822.8568,52.0486417,-0.7487957,98.50,0.000,0.000,4.23,1,,,
823.8906,52.0486463,-0.7487937,97.70,0.000,0.000,4.23,1,,,
824.8569,52.0486398,-0.7487978,98.90,0.000,0.000,4.23,1,,,
825.8874,52.0486358,-0.7487992,99.40,0.000,0.000,4.23,1,,,
826.8690,52.0486315,-0.7488012,100.20,0.000,0.000,4.23,1,,,
827.8864,52.0486303,-0.7488038,100.60,0.000,0.000,4.23,1,,,
828.8939,52.0486310,-0.7488048,100.50,0.000,0.000,4.23,1,,,
829.8590,52.0486268,-0.7488062,101.40,0.000,0.000,4.23,1,,,
830.8870,52.0486392,-0.7488020,99.50,0.000,0.000,4.23,1,,,
831.8872,52.0486378,-0.7488023,99.70,0.000,0.000,4.23,1,,,
832.8887,52.0486300,-0.7488070,101.00,0.000,0.000,4.23,1,,,
833.8991,52.0486247,-0.7488105,101.70,0.000,0.000,4.23,1,,,
834.8816,52.0486233,-0.7488123,101.80,0.000,0.000,4.22,1,,,
835.8879,52.0486103,-0.7488183,104.10,0.000,0.000,4.22,1,,,
836.8958,52.0486050,-0.7488208,104.90,0.000,0.000,4.22,1,,,
837.8628,52.0486110,-0.7488197,103.70,0.000,0.000,4.22,1,,,
838.8809,52.0486155,-0.7488188,102.70,0.000,0.000,4.22,1,,,
839.8757,52.0486130,-0.7488185,103.00,0.000,0.000,4.22,1,,,
840.8938,52.0486097,-0.7488187,103.40,0.000,0.000,4.22,1,,,
841.8989,52.0486203,-0.7488145,101.30,0.000,0.000,4.22,1,,,
842.8662,52.0486063,-0.7488167,104.00,0.000,0.000,4.22,1,,,
843.8863,52.0485950,-0.7488187,106.00,0.000,0.000,4.22,1,,,
844.8956,52.0485958,-0.7488170,105.40,0.000,0.000,4.22,1,,,
845.8855,52.0485957,-0.7488153,105.40,0.000,0.000,4.22,1,,,
846.8878,52.0485948,-0.7488133,105.60,0.000,0.000,4.22,1,,,
847.8684,52.0485887,-0.7488147,106.50,0.000,0.000,4.22,1,,,
848.8833,52.0485877,-0.7488140,106.60,0.000,0.000,4.21,1,,,
849.8902,52.0485948,-0.7488095,105.20,0.000,0.000,4.21,1,,,
850.8562,52.0485937,-0.7488087,105.30,0.000,0.000,4.21,1,,,
851.8902,52.0486000,-0.7488062,104.00,0.000,0.000,4.21,1,,,
852.8872,52.0486000,-0.7488067,103.90,0.000,0.000,4.21,1,,,
853.8815,52.0485988,-0.7487902,104.00,0.000,0.000,4.21,1,,,
854.8961,52.0485918,-0.7487882,104.80,0.000,0.000,4.21,1,,,
855.8534,52.0485932,-0.7487753,104.50,0.000,0.000,4.21,1,,,
856.8928,52.0485937,-0.7487727,104.60,0.000,0.000,4.21,1,,,
857.8862,52.0485843,-0.7487788,106.20,0.000,0.000,4.21,1,,,
858.8837,52.0485875,-0.7487700,105.70,0.000,0.000,4.21,1,,,
859.8927,52.0485797,-0.7487697,107.20,0.000,0.000,4.21,1,,,
860.8550,52.0485733,-0.7487760,108.20,0.000,0.000,4.21,1,,,
861.8926,52.0485818,-0.7487663,106.90,0.000,0.000,4.21,1,,,
862.8806,52.0485850,-0.7487645,106.30,0.000,0.000,4.20,1,,,
863.8940,52.0485800,-0.7487598,107.20,0.000,0.000,4.20,1,,,
864.8985,52.0485755,-0.7487580,108.00,0.000,0.000,4.20,1,,,
865.8609,52.0485640,-0.7487643,110.10,0.000,0.000,4.20,1,,,
866.8951,52.0485563,-0.7487593,111.50,0.000,0.000,4.20,1,,,
867.8969,52.0485538,-0.7487507,111.80,0.000,0.000,4.20,1,,,
868.8847,52.0485548,-0.7487477,111.80,0.000,0.000,4.20,1,,,
869.8955,52.0485410,-0.7487550,114.10,0.000,0.000,4.20,1,,,
870.8759,52.0485268,-0.7487633,116.80,0.000,0.000,4.20,1,,,
871.8966,52.0485058,-0.7487767,120.50,0.000,0.000,4.20,1,,,
872.9000,52.0484983,-0.7487848,121.70,0.000,0.000,4.20,1,,,
873.9007,52.0484907,-0.7487937,122.90,0.000,0.000,4.20,1,,,
874.8960,52.0484920,-0.7487988,122.70,0.000,0.000,4.20,1,,,
875.8913,52.0484875,-0.7488060,123.40,0.000,0.000,4.20,1,,,
876.8895,52.0484835,-0.7488093,124.30,0.000,0.000,4.19,1,,,
877.8867,52.0484803,-0.7488137,124.70,0.000,0.000,4.19,1,,,
878.8593,52.0484797,-0.7488183,124.80,0.000,0.000,4.19,1,,,
879.8939,52.0484660,-0.7488272,127.20,0.000,0.000,4.19,1,,,
880.8766,52.0484635,-0.7488310,127.80,0.000,0.000,4.19,1,,,
881.8937,52.0484652,-0.7488317,127.50,0.000,0.000,4.19,1,,,
882.8942,52.0484630,-0.7488332,128.00,0.000,0.000,4.19,1,,,
883.8940,52.0484663,-0.7488332,127.40,0.000,0.000,4.19,1,,,
884.8913,52.0484698,-0.7488322,126.80,0.000,0.000,4.19,1,,,
885.8587,52.0484657,-0.7488358,127.20,0.000,0.000,4.19,1,,,
886.8899,52.0484442,-0.7488457,130.80,0.000,0.000,4.19,1,,,
887.8953,52.0484393,-0.7488493,131.40,0.000,0.000,4.19,1,,,
888.8925,52.0484495,-0.7488503,129.50,0.000,0.000,4.19,1,,,
889.8917,52.0484415,-0.7488582,130.80,0.000,0.000,4.19,1,,,
890.8759,52.0484277,-0.7488672,133.00,0.000,0.000,4.19,1,,,
891.8936,52.0484148,-0.7488738,135.20,0.000,0.000,4.18,1,,,
892.8984,52.0484075,-0.7488765,136.60,0.000,0.000,4.18,1,,,
893.8667,52.0483992,-0.7488807,138.10,0.000,0.000,4.18,1,,,
894.8988,52.0483908,-0.7488860,139.50,0.000,0.000,4.18,1,,,
895.8932,52.0483795,-0.7488920,141.40,0.000,0.000,4.18,1,,,
896.8979,52.0483785,-0.7488922,141.60,0.000,0.000,4.18,1,,,
897.8944,52.0483923,-0.7488908,139.20,0.000,0.000,4.18,1,,,
898.8745,52.0483835,-0.7488962,140.50,0.000,0.000,4.18,1,,,
899.8939,52.0483770,-0.7489005,141.50,0.000,0.000,4.18,1,,,
900.8999,52.0483880,-0.7489017,139.30,0.000,0.000,4.18,1,,,
901.8549,52.0483880,-0.7489050,139.30,0.000,0.000,4.18,1,,,
902.8868,52.0484003,-0.7489047,137.10,0.000,0.000,4.18,1,,,
903.8707,52.0483993,-0.7489092,137.10,0.000,0.000,4.18,1,,,
904.8986,52.0484072,-0.7489090,135.50,0.000,0.000,4.18,1,,,
905.8984,52.0484167,-0.7489080,133.90,0.000,0.000,4.17,1,,,
906.8963,52.0484278,-0.7489075,132.00,0.000,0.000,4.17,1,,,
907.9014,52.0484337,-0.7489090,130.90,0.000,0.000,4.17,1,,,
908.8697,52.0484277,-0.7489140,131.90,0.000,0.000,4.17,1,,,
909.8944,52.0484198,-0.7489183,133.30,0.000,0.000,4.17,1,,,
910.8822,52.0484242,-0.7489185,132.60,0.000,0.000,4.17,1,,,
911.8785,52.0484217,-0.7489212,133.10,0.000,0.000,4.17,1,,,
912.8902,52.0484317,-0.7489192,131.20,0.000,0.000,4.17,1,,,
913.8964,52.0484358,-0.7489203,130.40,0.000,0.000,4.17,1,,,
914.9040,52.0484417,-0.7489193,129.40,0.000,0.000,4.17,1,,,
915.8799,52.0484575,-0.7489152,126.60,0.000,0.000,4.17,1,,,
916.8888,52.0484613,-0.7489138,125.80,0.000,0.000,4.17,1,,,
917.8982,52.0484695,-0.7489117,124.30,0.000,0.000,4.17,1,,,
918.8892,52.0484747,-0.7489100,123.40,0.000,0.000,4.17,1,,,
919.8977,52.0484802,-0.7489095,122.60,0.000,0.000,4.17,1,,,
920.8716,52.0484818,-0.7489118,122.10,0.000,0.000,4.16,1,,,
921.8855,52.0484817,-0.7489123,121.90,0.000,0.000,4.16,1,,,
922.8909,52.0484915,-0.7489085,120.20,0.000,0.000,4.16,1,,,
923.8871,52.0484913,-0.7489073,120.30,0.000,0.000,4.16,1,,,
924.8884,52.0485005,-0.7489047,118.70,0.000,0.000,4.16,1,,,
925.8530,52.0485057,-0.7488985,117.70,0.000,0.000,4.16,1,,,
926.8982,52.0484955,-0.7488973,119.50,0.000,0.000,4.16,1,,,
927.8795,52.0484807,-0.7489027,122.30,0.000,0.000,4.16,1,,,
928.8989,52.0484875,-0.7488902,121.10,0.000,0.000,4.16,1,,,
929.8952,52.0484863,-0.7488835,121.30,0.000,0.000,4.16,1,,,
930.8610,52.0484830,-0.7488713,121.60,0.000,0.000,4.16,1,,,
931.8949,52.0484778,-0.7488738,122.50,0.000,0.000,4.16,1,,,
932.8893,52.0484807,-0.7488788,122.20,0.000,0.000,4.16,1,,,
933.8875,52.0484853,-0.7488885,121.70,0.000,0.000,4.16,1,,,
934.8867,52.0484843,-0.7488950,121.90,0.000,0.000,4.16,1,,,
935.8795,52.0484790,-0.7488602,122.50,0.000,0.000,4.16,1,,,
936.8857,52.0484677,-0.7488290,124.00,0.000,0.000,4.15,1,,,
937.8926,52.0484620,-0.7488155,125.00,0.000,0.000,4.15,1,,,
938.8919,52.0484523,-0.7487957,126.30,0.000,0.000,4.15,1,,,
939.8929,52.0484462,-0.7488028,127.40,0.000,0.000,4.15,1,,,
940.8857,52.0484442,-0.7488123,127.70,0.000,0.000,4.15,1,,,
941.8899,52.0484593,-0.7488243,125.30,0.000,0.000,4.15,1,,,
942.9003,52.0484717,-0.7488438,123.40,0.000,0.000,4.15,1,,,
943.8771,52.0484880,-0.7488368,120.30,0.000,0.000,4.15,1,,,
944.8939,52.0485052,-0.7488345,117.10,0.000,0.000,4.15,1,,,
945.8943,52.0485257,-0.7488492,113.60,0.000,0.000,4.15,1,,,
946.8600,52.0485628,-0.7488492,107.10,0.000,0.000,4.15,1,,,
947.8942,52.0486397,-0.7488735,94.30,0.801,-3.078,3.92,1,284.6,3.00,0
948.8745,52.0486842,-0.7489203,79.10,0.604,-3.824,3.92,1,279.0,3.00,0
949.8905,52.0487142,-0.7489927,75.00,0.586,-4.653,3.92,1,277.2,3.00,0
950.8988,52.0487422,-0.7491115,73.20,0.611,-6.508,3.92,1,275.4,3.00,0
953.8911,52.0487480,-0.7490342,79.00,0.611,-6.508,2.30,1,275.4,3.00,0
954.8591,52.0487565,-0.7490047,77.60,0.611,-6.508,2.30,1,275.4,3.00,0
955.8940,52.0487638,-0.7490107,75.30,0.611,-6.508,2.30,1,275.4,3.00,0
956.8902,52.0487665,-0.7489763,73.60,0.611,-6.508,2.30,1,275.4,3.00,0
957.8940,52.0487765,-0.7490358,72.80,0.222,-2.125,2.30,1,276.0,3.00,0
958.8830,52.0487788,-0.7490090,71.90,0.222,-2.125,2.30,1,276.0,3.00,0
959.8546,52.0487845,-0.7490383,71.30,0.143,-2.561,2.30,1,273.2,3.00,0
960.8896,52.0487887,-0.7490377,71.20,0.154,-1.943,2.30,1,274.5,3.00,0
961.8854,52.0487877,-0.7490437,72.70,0.154,-1.943,4.14,1,274.5,3.00,0
962.8854,52.0487810,-0.7490105,72.10,0.154,-1.943,4.14,1,274.5,3.00,0
963.8976,52.0487715,-0.7489657,71.90,0.154,-1.943,4.14,1,274.5,3.00,0
964.8825,52.0487672,-0.7489310,72.00,0.154,-1.943,4.14,1,274.5,3.00,0
965.8877,52.0487585,-0.7488777,72.00,0.154,-1.943,4.14,1,274.5,3.00,0
966.8982,52.0487530,-0.7488213,71.70,0.154,-1.943,4.14,1,274.5,3.00,0
967.8535,52.0487535,-0.7487727,70.70,0.154,-1.943,4.13,1,274.5,3.00,0
968.8910,52.0487527,-0.7487372,70.60,0.154,-1.943,4.13,1,274.5,3.00,0
969.8863,52.0487487,-0.7487002,70.90,0.154,-1.943,4.13,1,274.5,3.00,0
970.8957,52.0487467,-0.7486647,70.70,0.154,-1.943,4.13,1,274.5,3.00,0
971.8877,52.0487420,-0.7486523,71.30,0.154,-1.943,4.13,1,274.5,3.00,0
972.8677,52.0487373,-0.7486355,71.90,0.154,-1.943,4.13,1,274.5,3.00,0
973.8927,52.0487380,-0.7486462,72.00,0.154,-1.943,4.13,1,274.5,3.00,0
974.8818,52.0487398,-0.7486200,71.40,0.154,-1.943,4.13,1,274.5,3.00,0
975.8935,52.0487270,-0.7485835,73.20,0.154,-1.943,4.13,1,274.5,3.00,0
976.8978,52.0487262,-0.7485568,72.70,-2.124,0.570,3.92,1,165.0,3.00,0
977.8551,52.0487283,-0.7485332,70.20,-1.356,1.199,3.92,1,138.5,3.16,0
978.8954,52.0487320,-0.7485218,69.80,-1.356,1.199,3.92,1,138.5,3.16,0
979.8874,52.0487362,-0.7485277,69.10,-1.356,1.199,3.92,1,138.5,3.16,0
980.8986,52.0487370,-0.7485092,68.30,-1.356,1.199,3.92,1,138.5,3.16,0
981.9007,52.0487483,-0.7485755,69.10,-1.356,1.199,4.13,1,138.5,3.16,0
982.8948,52.0487475,-0.7486110,69.80,-1.356,1.199,4.13,1,138.5,3.16,0
983.8872,52.0487482,-0.7486575,69.90,-1.356,1.199,4.12,1,138.5,3.16,0
984.8776,52.0487447,-0.7486998,71.00,-1.356,1.199,4.12,1,138.5,3.16,0
985.8898,52.0487430,-0.7487567,71.80,-1.356,1.199,4.12,1,138.5,3.16,0
986.8956,52.0487417,-0.7487815,72.10,-1.356,1.199,4.12,1,138.5,3.16,0
987.8873,52.0487378,-0.7487995,73.10,-1.356,1.199,4.12,1,138.5,3.16,0
988.9063,52.0487358,-0.7488395,74.50,-1.356,1.199,4.12,1,138.5,3.16,0
989.8711,52.0487358,-0.7488380,74.80,-1.356,1.199,4.12,1,138.5,3.16,0
990.8986,52.0487252,-0.7488448,77.00,-1.356,1.199,4.12,1,138.5,3.16,0
991.8879,52.0487192,-0.7488537,78.40,-1.356,1.199,4.12,1,138.5,3.16,0
992.9006,52.0487123,-0.7488477,79.50,-1.356,1.199,4.12,1,138.5,3.16,0
993.8894,52.0487043,-0.7488817,81.60,-1.356,1.199,4.12,1,138.5,3.16,0
994.8834,52.0487062,-0.7488807,81.50,-1.356,1.199,4.12,1,138.5,3.16,0
995.8908,52.0486985,-0.7488917,83.30,-1.356,1.199,4.12,1,138.5,3.16,0
996.8674,52.0486733,-0.7489087,87.90,-1.356,1.199,4.12,1,138.5,3.16,0
997.8935,52.0486628,-0.7489207,90.00,-1.356,1.199,4.12,1,138.5,3.16,0
998.8849,52.0486558,-0.7489325,91.50,-1.356,1.199,4.12,1,138.5,3.16,0
999.8957,52.0486630,-0.7489457,90.40,-1.356,1.199,4.12,1,138.5,3.16,0
1000.9001,52.0486510,-0.7489612,92.70,-1.356,1.199,4.11,1,138.5,3.16,0
1001.8982,52.0486443,-0.7489740,94.20,-1.356,1.199,4.11,1,138.5,3.16,0
1002.8878,52.0486413,-0.7489983,95.00,-1.356,1.199,4.11,1,138.5,3.16,0
1003.8652,52.0486480,-0.7490063,94.00,-1.356,1.199,4.11,1,138.5,3.16,0
1004.8909,52.0486457,-0.7490353,95.00,-1.356,1.199,4.11,1,138.5,3.16,0
1005.8677,52.0486478,-0.7490273,94.60,-1.356,1.199,4.11,1,138.5,3.16,0
1006.8923,52.0486448,-0.7490407,95.30,-1.356,1.199,4.11,1,138.5,3.16,0
1007.8837,52.0486340,-0.7490643,97.80,-1.356,1.199,4.11,1,138.5,3.16,0
1008.8878,52.0487738,-0.7489505,71.90,-1.356,1.199,2.30,1,138.5,3.16,0
1009.8879,52.0487817,-0.7489430,69.30,-1.356,1.199,2.30,1,138.5,3.16,0
1010.8943,52.0487850,-0.7488893,68.70,-1.356,1.199,2.30,1,138.5,3.16,0
1011.8952,52.0487892,-0.7488748,67.40,-1.356,1.199,2.30,1,138.5,3.16,0
1012.8608,52.0487953,-0.7488647,66.60,-1.356,1.199,2.30,1,138.5,3.16,0
1013.8948,52.0487942,-0.7488478,65.10,-1.356,1.199,2.30,1,138.5,3.16,0
1014.8738,52.0487898,-0.7487140,66.60,-1.356,1.199,4.11,1,138.5,3.16,0
1015.8994,52.0487902,-0.7486958,64.20,-1.356,1.199,4.11,1,138.5,3.16,0
1016.8774,52.0487938,-0.7486965,62.10,-1.356,1.199,4.11,1,138.5,3.16,0
1017.8929,52.0487923,-0.7487048,60.60,-1.356,1.199,4.10,1,138.5,3.16,0
1018.8839,52.0487913,-0.7487098,59.50,-1.356,1.199,4.10,1,138.5,3.16,0
1019.8978,52.0487897,-0.7487050,59.60,-1.356,1.199,4.10,1,138.5,3.16,0
1020.8913,52.0487722,-0.7487203,62.40,-1.356,1.199,4.10,1,138.5,3.16,0
1021.8906,52.0487667,-0.7487195,60.90,-1.356,1.199,4.10,1,138.5,3.16,0
1022.8937,52.0487568,-0.7487270,60.10,-1.356,1.199,4.10,1,138.5,3.16,0
1023.8955,52.0487412,-0.7487400,61.00,-1.356,1.199,4.10,1,138.5,3.16,0
1024.8878,52.0487292,-0.7487572,61.00,-1.356,1.199,4.10,1,138.5,3.16,0
1025.9027,52.0487222,-0.7487730,60.80,-1.356,1.199,4.10,1,138.5,3.16,0
1026.8934,52.0487013,-0.7487967,63.60,-1.356,1.199,4.10,1,138.5,3.16,0
1027.8928,52.0486730,-0.7488275,67.30,-1.356,1.199,4.10,1,138.5,3.16,0
1028.8973,52.0486582,-0.7488443,68.40,-1.356,1.199,4.10,1,138.5,3.16,0
1029.8959,52.0486483,-0.7488617,69.10,-1.356,1.199,4.10,1,138.5,3.16,0
1030.8990,52.0486278,-0.7488727,71.10,-1.356,1.199,4.10,1,138.5,3.16,0
1031.9013,52.0486123,-0.7488932,72.70,-1.356,1.199,4.10,1,138.5,3.16,0
1032.8941,52.0486115,-0.7488962,71.90,-1.356,1.199,4.10,1,138.5,3.16,0
1033.9062,52.0485870,-0.7489057,74.70,-1.356,1.199,4.10,1,138.5,3.16,0
1034.9001,52.0485703,-0.7488952,75.40,-1.356,1.199,4.09,1,138.5,3.16,0
1035.9004,52.0485420,-0.7488857,75.30,-1.356,1.199,4.09,0,138.5,3.16,0
1036.8915,52.0485132,-0.7488270,75.40,-1.897,3.389,4.09,1,119.2,3.00,0
1037.8884,52.0485012,-0.7488053,73.80,-0.829,2.856,4.09,1,106.2,3.00,0
1038.8929,52.0484852,-0.7487928,73.60,-0.829,2.856,4.09,1,106.2,3.00,0
1039.8964,52.0484867,-0.7487915,73.40,-0.829,2.856,4.09,1,106.2,3.00,0
1040.8975,52.0484847,-0.7487712,72.40,-0.829,2.856,4.09,1,106.2,3.00,0
1041.8668,52.0484782,-0.7487628,71.80,-0.829,2.856,4.09,1,106.2,3.00,0
1042.8893,52.0484733,-0.7487388,70.70,-0.829,2.856,4.09,1,106.2,3.00,0
1043.8889,52.0484748,-0.7487217,69.20,-0.829,2.856,4.09,1,106.2,3.00,0
1044.8961,52.0484648,-0.7487102,68.90,-0.829,2.856,4.09,1,106.2,3.00,0
1045.8954,52.0484600,-0.7486767,66.60,-0.829,2.856,4.09,1,106.2,3.00,0
1046.8997,52.0484493,-0.7486577,66.40,-0.829,2.856,4.09,1,106.2,3.00,0
1047.9023,52.0484435,-0.7486390,66.50,-0.829,2.856,4.09,1,106.2,3.00,0
1048.8643,52.0484522,-0.7486138,65.60,-0.829,2.856,4.09,1,106.2,3.00,0
1049.9089,52.0484552,-0.7485970,64.80,-0.829,2.856,4.09,1,106.2,3.00,0
1050.8695,52.0484507,-0.7485962,63.30,-0.829,2.856,4.09,1,106.2,3.00,0
1051.9026,52.0484242,-0.7486350,60.10,-0.829,2.856,4.08,1,106.2,3.00,0
1052.8827,52.0483820,-0.7487370,56.80,-0.829,2.856,4.08,1,106.2,3.00,0
1053.8906,52.0482483,-0.7488303,78.50,-3.348,0.586,6.56,1,170.1,3.00,0
1054.9010,52.0482458,-0.7488527,72.60,-3.348,0.586,6.56,1,170.1,3.00,0
1055.9064,52.0482443,-0.7488813,70.50,-3.348,0.586,6.56,1,170.1,3.00,0
1056.9011,52.0482397,-0.7489137,69.10,-3.348,0.586,6.56,1,170.1,3.00,0
1057.8979,52.0482505,-0.7488908,68.40,-3.348,0.586,6.55,1,170.1,3.00,0
1058.9045,52.0483087,-0.7488130,70.40,-3.348,0.586,4.08,1,170.1,3.00,0
1059.9019,52.0483163,-0.7487867,70.60,-3.348,0.586,4.08,1,170.1,3.00,0
1060.9050,52.0483273,-0.7487482,70.80,-3.348,0.586,4.08,1,170.1,3.00,0
1061.8989,52.0483397,-0.7487085,71.50,-3.348,0.586,4.08,1,170.1,3.00,0
1062.9047,52.0483312,-0.7486910,71.30,-3.348,0.586,4.08,1,170.1,3.00,0
1063.8563,52.0483022,-0.7486942,72.40,-3.348,0.586,4.08,1,170.1,3.00,0
1064.8956,52.0482822,-0.7487077,73.50,-3.348,0.586,4.08,1,170.1,3.00,0
1065.8594,52.0482608,-0.7487193,73.80,-3.348,0.586,4.08,1,170.1,3.00,0
1066.8993,52.0482575,-0.7487060,74.20,-3.348,0.586,4.08,1,170.1,3.00,0
1067.8651,52.0482380,-0.7487147,74.80,-3.348,0.586,4.08,0,170.1,3.00,0
1068.8890,52.0482022,-0.7487722,73.80,-2.800,-1.514,4.08,0,208.4,3.00,0
1069.8662,52.0481883,-0.7488012,72.80,-2.069,-1.518,4.07,1,216.3,3.00,0
1070.9006,52.0481840,-0.7487845,74.70,-2.069,-1.518,4.07,1,216.3,3.00,0
1071.8824,52.0481818,-0.7487730,75.00,-2.069,-1.518,4.07,1,216.3,3.00,0
1072.8999,52.0481648,-0.7487687,77.70,-2.069,-1.518,4.07,1,216.3,3.00,0
1073.8925,52.0481477,-0.7487737,79.50,-2.069,-1.518,4.07,1,216.3,3.00,0
1074.9051,52.0481427,-0.7487692,80.70,-2.069,-1.518,4.07,1,216.3,3.00,0
1075.8969,52.0481557,-0.7487372,81.20,-2.069,-1.518,4.07,1,216.3,3.00,0
1076.8961,52.0481590,-0.7487217,81.70,-2.069,-1.518,4.07,1,216.3,3.00,0
1077.9012,52.0481545,-0.7487180,82.10,-2.069,-1.518,4.07,1,216.3,3.00,0
1078.9027,52.0481365,-0.7487227,84.40,-2.069,-1.518,4.07,1,216.3,3.00,0
1079.9178,52.0481203,-0.7487460,84.30,-2.164,-1.427,4.07,1,213.4,3.00,0
1080.8996,52.0481203,-0.7487125,87.70,-2.164,-1.427,4.07,1,213.4,3.00,0
1081.8982,52.0481133,-0.7487010,89.90,-2.164,-1.427,4.07,1,213.4,3.00,0
1082.9113,52.0481217,-0.7486870,89.20,-2.164,-1.427,4.07,1,213.4,3.00,0
1083.9070,52.0481398,-0.7486418,90.40,-2.164,-1.427,4.07,1,213.4,3.00,0
1084.8704,52.0481498,-0.7486015,92.40,-2.164,-1.427,4.07,1,213.4,3.00,0
1085.8987,52.0481838,-0.7485318,93.40,-1.993,2.114,4.07,1,133.3,3.00,0
1086.8814,52.0481907,-0.7485190,92.70,-1.993,2.114,4.07,1,133.3,3.00,0
1087.9010,52.0482030,-0.7484767,94.60,-1.993,2.114,4.07,1,133.3,3.00,0
1088.8951,52.0482270,-0.7484305,94.60,-1.993,2.114,4.06,1,133.3,3.00,0
1089.8982,52.0482238,-0.7484163,96.20,-1.993,2.114,4.06,1,133.3,3.00,0
1090.9031,52.0482237,-0.7483962,98.30,-1.993,2.114,4.06,1,133.3,3.00,0
1091.9045,52.0482547,-0.7483523,97.10,-1.993,2.114,4.06,1,133.3,3.00,0
1092.9031,52.0482628,-0.7483427,95.90,-1.993,2.114,4.06,1,133.3,3.00,0
1093.8578,52.0482610,-0.7483352,96.20,-1.993,2.114,4.06,1,133.3,3.00,0
1094.9036,52.0482655,-0.7483188,96.60,-1.993,2.114,4.06,1,133.3,3.00,0
1095.8719,52.0482485,-0.7483282,98.50,-1.993,2.114,4.06,1,133.3,3.00,0
1096.9034,52.0482513,-0.7483038,99.90,-1.993,2.114,4.06,1,133.3,3.00,0
1097.8830,52.0482630,-0.7482742,99.90,-1.993,2.114,4.06,1,133.3,3.00,0
1098.9178,52.0482717,-0.7482223,102.60,0.535,1.879,1.25,0,74.1,3.00,0
1099.8843,52.0482815,-0.7481878,103.20,0.696,1.456,1.25,0,64.5,3.55,0
1100.9058,52.0482892,-0.7481615,103.70,0.567,1.176,1.25,0,64.2,4.38,0
1101.9028,52.0482972,-0.7481360,104.00,0.670,1.254,1.25,0,61.9,4.02,0
1102.9073,52.0483022,-0.7481155,104.00,0.494,1.043,1.25,0,64.7,4.95,0
1103.9061,52.0483085,-0.7480962,103.70,0.623,1.133,1.25,1,61.2,4.42,0
1104.9028,52.0483177,-0.7480730,103.60,0.726,1.278,1.25,1,60.4,3.89,0
1105.9014,52.0483247,-0.7480535,103.60,0.652,1.184,1.25,1,61.1,4.23,0
1106.8664,52.0483357,-0.7480295,103.80,0.786,1.253,1.25,1,57.9,3.87,0
1107.9113,52.0483430,-0.7480117,104.10,0.891,1.374,1.25,1,57.0,3.49,0
1108.8789,52.0483507,-0.7479912,104.10,0.738,1.186,1.25,1,58.1,4.10,0
1109.8961,52.0483538,-0.7479767,104.00,0.738,1.186,1.25,1,58.1,4.10,0
1110.8913,52.0483627,-0.7479543,104.30,0.757,1.249,1.25,1,58.8,3.92,0
1111.8978,52.0483713,-0.7479325,104.20,0.773,1.340,1.25,1,60.0,3.70,0
1112.9054,52.0483788,-0.7479143,104.20,0.688,1.146,1.25,1,59.0,4.28,0
1113.8955,52.0483852,-0.7478987,104.20,0.612,1.026,1.25,1,59.2,4.78,0
1114.8928,52.0483925,-0.7478795,104.50,0.703,1.185,1.25,1,59.3,4.15,0
1115.8630,52.0484002,-0.7478598,104.50,0.762,1.288,1.25,1,59.4,3.82,0
1116.8941,52.0484087,-0.7478403,104.50,0.793,1.208,1.25,1,56.7,3.96,0
1117.8784,52.0484192,-0.7478203,104.90,0.902,1.262,1.25,1,54.4,3.69,0
1118.8971,52.0484272,-0.7478035,105.20,0.799,1.111,1.28,1,54.3,4.18,0
1119.8918,52.0484362,-0.7477828,105.60,0.828,1.219,1.25,1,55.8,3.88,0
1120.8995,52.0484422,-0.7477655,105.80,0.635,1.030,1.25,1,58.3,4.72,0
1121.8941,52.0484435,-0.7477548,105.80,0.635,1.030,1.25,1,58.3,4.72,0
1122.8991,52.0484458,-0.7477430,105.70,0.635,1.030,1.25,1,58.3,4.72,0
1123.9034,52.0484422,-0.7477355,105.20,0.635,1.030,1.25,1,58.3,4.72,0
1124.8733,52.0484462,-0.7477215,105.20,0.635,1.030,1.25,0,58.3,4.72,0
1125.8944,52.0484503,-0.7477102,104.70,0.635,1.030,1.25,1,58.3,4.72,0
1126.8879,52.0484570,-0.7476930,104.90,0.635,1.030,1.25,1,58.3,4.72,0
1127.9004,52.0484578,-0.7476778,104.90,0.635,1.030,1.25,1,58.3,4.72,0
1128.8924,52.0484518,-0.7476728,104.70,0.635,1.030,1.25,1,58.3,4.72,0
1129.9058,52.0484468,-0.7476690,104.60,0.635,1.030,1.25,1,58.3,4.72,0
1130.8989,52.0484472,-0.7476588,104.70,0.635,1.030,1.25,0,58.3,4.72,0
1131.8961,52.0484512,-0.7476487,104.20,0.635,1.030,1.25,1,58.3,4.72,0
1132.9018,52.0484545,-0.7476393,103.50,0.635,1.030,1.25,1,58.3,4.72,0
1133.9005,52.0484553,-0.7476292,104.00,0.635,1.030,1.25,1,58.3,4.72,0
1134.8900,52.0484607,-0.7476013,103.50,0.635,1.030,1.25,1,58.3,4.72,0
1135.9022,52.0484612,-0.7475692,102.00,0.635,1.030,1.25,1,58.3,4.72,0
1136.8936,52.0484590,-0.7475482,101.40,0.635,1.030,1.25,1,58.3,4.72,0
1137.8962,52.0484565,-0.7475377,100.10,0.635,1.030,1.25,1,58.3,4.72,0
1138.8956,52.0484507,-0.7475272,99.70,0.635,1.030,1.25,1,58.3,4.72,0
1139.8652,52.0484325,-0.7475305,98.30,0.635,1.030,1.25,1,58.3,4.72,0
1140.8993,52.0484340,-0.7475087,96.90,0.635,1.030,1.25,1,58.3,4.72,0
1141.8821,52.0484255,-0.7475077,96.70,0.635,1.030,1.25,1,58.3,4.72,0
1142.9032,52.0484207,-0.7475030,94.60,0.635,1.030,1.25,1,58.3,4.72,0
1143.8986,52.0484212,-0.7474918,94.50,0.635,1.030,1.25,1,58.3,4.72,0
1144.9062,52.0484147,-0.7474852,94.60,0.635,1.030,1.25,1,58.3,4.72,0
1145.9012,52.0484128,-0.7474800,95.60,0.635,1.030,1.25,1,58.3,4.72,0
1146.9007,52.0484113,-0.7474728,95.40,0.635,1.030,1.25,1,58.3,4.72,0
1147.9001,52.0484112,-0.7474630,95.10,0.635,1.030,1.25,1,58.3,4.72,0
1148.8666,52.0484052,-0.7474502,94.50,0.635,1.030,1.25,1,58.3,4.72,0
1149.8989,52.0484177,-0.7474500,92.90,0.635,1.030,1.25,1,58.3,4.72,0
1150.8851,52.0484132,-0.7474442,92.70,0.635,1.030,1.25,1,58.3,4.72,0
1151.9048,52.0484137,-0.7474347,91.80,0.635,1.030,1.25,1,58.3,4.72,0
1152.9070,52.0484187,-0.7474238,90.70,0.635,1.030,1.25,1,58.3,4.72,0
1153.8942,52.0484188,-0.7474183,90.60,0.635,1.030,1.25,1,58.3,4.72,0
1154.9091,52.0484140,-0.7474097,90.60,0.635,1.030,1.25,1,58.3,4.72,0
1155.8628,52.0484028,-0.7473952,91.00,0.635,1.030,1.25,1,58.3,4.72,0
1156.9104,52.0483942,-0.7473888,91.50,0.635,1.030,1.25,1,58.3,4.72,0
1157.8812,52.0483868,-0.7473807,91.70,0.635,1.030,1.25,1,58.3,4.72,0
1158.9033,52.0483720,-0.7473710,92.60,0.635,1.030,1.25,1,58.3,4.72,0
1159.9018,52.0483560,-0.7473617,93.00,0.635,1.030,1.25,1,58.3,4.72,0
1160.9058,52.0483365,-0.7473482,93.90,0.635,1.030,1.25,1,58.3,4.72,0
1161.9039,52.0483245,-0.7473367,94.00,0.635,1.030,1.25,1,58.3,4.72,0
1162.8595,52.0483047,-0.7473155,94.30,0.635,1.030,1.25,1,58.3,4.72,0
1163.8954,52.0482840,-0.7472985,94.70,0.635,1.030,1.25,1,58.3,4.72,0
1164.8657,52.0482655,-0.7472895,94.80,0.635,1.030,1.25,1,58.3,4.72,0
1165.9018,52.0482645,-0.7472843,95.90,0.635,1.030,1.25,1,58.3,4.72,0
1166.8814,52.0482547,-0.7472677,95.30,0.635,1.030,1.25,1,58.3,4.72,0
1167.9034,52.0482353,-0.7472622,95.00,0.635,1.030,1.25,0,58.3,4.72,0
1168.9000,52.0482258,-0.7472488,94.70,0.635,1.030,1.25,1,58.3,4.72,0
1169.9073,52.0482180,-0.7472323,95.80,0.635,1.030,1.25,1,58.3,4.72,0
1170.9027,52.0481972,-0.7472258,97.00,0.635,1.030,1.25,1,58.3,4.72,0
1171.8582,52.0481935,-0.7472182,97.30,0.635,1.030,1.25,1,58.3,4.72,0
1172.9031,52.0481842,-0.7472060,97.60,0.635,1.030,1.25,1,58.3,4.72,0
1173.8728,52.0481655,-0.7471943,98.10,0.635,1.030,1.25,1,58.3,4.72,0
1174.9027,52.0481463,-0.7471850,99.80,0.635,1.030,1.25,1,58.3,4.72,0
1175.8904,52.0481322,-0.7471793,100.30,0.635,1.030,1.25,1,58.3,4.72,0
1176.9106,52.0481233,-0.7471672,101.10,0.635,1.030,1.25,1,58.3,4.72,0
1177.8948,52.0481163,-0.7471507,101.40,0.635,1.030,1.25,1,58.3,4.72,0
1178.9059,52.0481067,-0.7471383,101.80,0.635,1.030,1.25,1,58.3,4.72,0
1179.9016,52.0480978,-0.7471343,101.90,0.635,1.030,1.25,1,58.3,4.72,0
1180.9055,52.0480982,-0.7471183,102.20,0.635,1.030,1.25,1,58.3,4.72,0
1181.8993,52.0480917,-0.7471052,103.30,0.635,1.030,1.25,1,58.3,4.72,0
1182.8991,52.0480850,-0.7470957,104.70,0.635,1.030,1.25,1,58.3,4.72,0
1183.8959,52.0480690,-0.7470832,106.20,0.635,1.030,1.25,1,58.3,4.72,0
1184.8574,52.0480697,-0.7470672,107.20,0.635,1.030,1.25,1,58.3,4.72,0
1185.8969,52.0480702,-0.7470543,107.80,0.635,1.030,1.25,1,58.3,4.72,0
1186.8628,52.0480623,-0.7470503,108.60,0.635,1.030,1.25,1,58.3,4.72,0
1187.8914,52.0480575,-0.7470463,108.70,0.635,1.030,1.25,1,58.3,4.72,0
1188.8721,52.0480590,-0.7470305,109.40,0.635,1.030,1.25,1,58.3,4.72,0
1189.8995,52.0480613,-0.7470143,109.90,0.635,1.030,1.25,1,58.3,4.72,0
1190.8789,52.0480598,-0.7470047,109.90,0.635,1.030,1.25,1,58.3,4.72,0
1191.8995,52.0480603,-0.7469922,109.20,0.635,1.030,1.25,1,58.3,4.72,0
1192.8968,52.0480475,-0.7469988,107.80,0.635,1.030,1.25,1,58.3,4.72,0
1193.9029,52.0480408,-0.7469970,106.90,0.635,1.030,1.25,1,58.3,4.72,0
1194.9030,52.0480353,-0.7469883,106.70,0.635,1.030,1.25,1,58.3,4.72,0
1195.8611,52.0480177,-0.7469948,106.60,0.635,1.030,1.25,1,58.3,4.72,0
1196.8941,52.0480143,-0.7469805,107.00,0.635,1.030,1.25,1,58.3,4.72,0
1197.8762,52.0480147,-0.7469563,106.80,0.635,1.030,1.25,1,58.3,4.72,0
1198.9052,52.0480100,-0.7469442,107.00,0.635,1.030,1.25,1,58.3,4.72,0
1199.8880,52.0480053,-0.7469353,106.90,0.635,1.030,1.25,1,58.3,4.72,0
1200.9067,52.0480037,-0.7469247,107.00,0.635,1.030,1.25,1,58.3,4.72,0
1201.9046,52.0479993,-0.7469153,107.10,0.635,1.030,1.25,1,58.3,4.72,0
1202.9074,52.0479923,-0.7469148,106.50,0.635,1.030,1.25,1,58.3,4.72,0
1203.9020,52.0479868,-0.7469040,104.30,0.635,1.030,1.25,1,58.3,4.72,0
1204.9031,52.0479960,-0.7468808,104.00,0.635,1.030,1.25,1,58.3,4.72,0
1205.9023,52.0480002,-0.7468792,103.20,0.635,1.030,1.25,1,58.3,4.72,0
1206.8678,52.0480113,-0.7468535,103.40,0.635,1.030,1.25,1,58.3,4.72,0
1207.9005,52.0480223,-0.7468283,103.90,0.635,1.030,1.25,1,58.3,4.72,0
1208.8821,52.0480287,-0.7468175,103.30,0.635,1.030,1.25,1,58.3,4.72,0
1209.9010,52.0480265,-0.7468088,103.00,0.635,1.030,1.25,1,58.3,4.72,0
1210.8986,52.0480260,-0.7468027,102.50,0.635,1.030,1.25,1,58.3,4.72,0
1211.9031,52.0480248,-0.7467938,102.20,0.635,1.030,1.25,1,58.3,4.72,0
1212.9000,52.0480297,-0.7467758,101.30,0.635,1.030,1.25,1,58.3,4.72,0
1213.9024,52.0480385,-0.7467548,100.80,0.635,1.030,1.25,1,58.3,4.72,0
1214.9037,52.0480448,-0.7467302,100.80,0.635,1.030,1.25,1,58.3,4.72,0
1215.8752,52.0480583,-0.7467005,101.00,0.635,1.030,1.25,1,58.3,4.72,0
1216.8946,52.0480558,-0.7466853,100.50,0.635,1.030,1.25,1,58.3,4.72,0
1217.8798,52.0480582,-0.7466572,100.70,0.635,1.030,1.25,1,58.3,4.72,0
1218.9014,52.0480583,-0.7466442,101.00,0.635,1.030,1.25,1,58.3,4.72,0
1219.8984,52.0480550,-0.7466283,100.60,0.635,1.030,1.25,1,58.3,4.72,0
1220.9012,52.0480620,-0.7465938,100.50,0.635,1.030,1.25,1,58.3,4.72,0
1221.9071,52.0480750,-0.7465598,100.30,0.472,1.162,1.25,1,67.9,4.56,0
1222.8959,52.0480740,-0.7465403,99.90,0.472,1.162,1.25,1,67.9,4.56,0
1223.9098,52.0480783,-0.7465112,99.90,0.472,1.162,1.25,1,67.9,4.56,0
1224.9103,52.0480840,-0.7464855,99.40,0.472,1.162,1.25,1,67.9,4.56,0
1225.8966,52.0480855,-0.7464578,98.90,0.472,1.162,1.25,1,67.9,4.56,0
1226.8781,52.0480840,-0.7464328,98.50,0.472,1.162,1.25,1,67.9,4.56,0
1227.8960,52.0480880,-0.7464107,98.20,0.472,1.162,1.25,1,67.9,4.56,0
1228.8934,52.0480900,-0.7463888,98.10,0.472,1.162,1.25,1,67.9,4.56,0
1229.9016,52.0480918,-0.7463645,98.10,0.472,1.162,1.25,1,67.9,4.56,0
1230.9048,52.0480888,-0.7463483,97.30,0.472,1.162,1.25,1,67.9,4.56,0
1231.8922,52.0480912,-0.7463193,97.00,0.472,1.162,1.25,1,67.9,4.56,0
1232.9053,52.0480903,-0.7463033,96.50,0.472,1.162,1.25,1,67.9,4.56,0
1233.9065,52.0480978,-0.7462775,95.90,0.472,1.162,1.25,1,67.9,4.56,0
1234.9002,52.0481033,-0.7462510,95.70,0.472,1.162,1.25,1,67.9,4.56,0
1235.9110,52.0481070,-0.7462250,95.80,0.472,1.162,1.25,1,67.9,4.56,0
1236.9073,52.0481075,-0.7461972,96.10,0.160,1.349,1.25,1,83.2,4.21,0
1237.8739,52.0481115,-0.7461728,96.20,0.160,1.349,1.25,1,83.2,4.21,0
1238.9015,52.0481110,-0.7461482,96.50,-0.020,1.284,1.25,1,90.9,4.45,0
1239.8796,52.0481125,-0.7461267,96.60,-0.020,1.284,1.25,1,90.9,4.45,0
1240.9001,52.0481120,-0.7461103,96.90,-0.020,1.284,1.25,1,90.9,4.45,0
1241.8977,52.0481133,-0.7460963,96.70,-0.020,1.284,1.25,1,90.9,4.45,0
1242.9026,52.0481145,-0.7460772,96.80,-0.020,1.284,1.25,1,90.9,4.45,0
1243.9106,52.0481138,-0.7460558,96.80,-0.020,1.284,1.25,1,90.9,4.45,0
1244.9007,52.0481210,-0.7460200,96.80,0.067,1.491,1.25,1,87.4,3.83,0
1245.9006,52.0481182,-0.7460050,96.60,0.041,1.257,1.25,1,88.1,4.55,0
1246.8692,52.0481235,-0.7459785,96.80,0.152,1.334,1.25,1,83.5,4.26,0
1247.9001,52.0481275,-0.7459532,96.70,0.222,1.393,1.25,1,80.9,4.05,0
1248.8758,52.0481268,-0.7459383,96.80,0.197,1.181,1.25,1,80.5,4.78,0
1249.9052,52.0481252,-0.7459263,96.90,0.197,1.181,1.25,1,80.5,4.78,0
1250.8833,52.0481318,-0.7458995,96.70,0.204,1.256,1.25,1,80.8,4.49,0
1251.9018,52.0481358,-0.7458783,96.50,0.218,1.236,1.25,1,80.0,4.55,0
1252.8994,52.0481375,-0.7458568,96.60,0.170,1.285,1.25,1,82.5,4.41,0
1253.9007,52.0481398,-0.7458407,96.60,0.170,1.285,1.25,1,82.5,4.41,0
1254.9050,52.0481422,-0.7458230,96.90,0.170,1.285,1.25,1,82.5,4.41,0
1255.9040,52.0481437,-0.7458093,96.70,0.170,1.285,1.25,1,82.5,4.41,0
1256.9070,52.0481475,-0.7457857,96.70,0.170,1.285,1.25,1,82.5,4.41,0
1257.8958,52.0481495,-0.7457675,97.00,0.170,1.285,1.25,1,82.5,4.41,0
1258.9090,52.0481512,-0.7457515,97.00,0.170,1.285,1.25,1,82.5,4.41,0
1259.9128,52.0481565,-0.7457297,97.00,0.170,1.285,1.25,1,82.5,4.41,0
1260.9083,52.0481617,-0.7457023,97.00,0.165,1.205,1.25,1,82.2,4.70,0
1261.8623,52.0481675,-0.7456768,97.00,0.216,1.271,1.25,1,80.4,4.44,0
1262.9058,52.0481768,-0.7456470,96.90,0.365,1.377,1.25,1,75.1,4.02,0
1263.8730,52.0481872,-0.7456147,96.80,0.507,1.521,1.25,1,71.6,3.57,0
1264.9063,52.0481937,-0.7455898,96.80,0.522,1.469,1.25,1,70.5,3.67,0
1265.8859,52.0481992,-0.7455642,96.60,0.501,1.470,1.25,1,71.2,3.68,0
1266.9047,52.0482047,-0.7455395,96.40,0.487,1.430,1.25,1,71.2,3.79,0
1267.9050,52.0482085,-0.7455212,96.20,0.433,1.227,1.25,1,70.6,4.39,0
1268.8975,52.0482173,-0.7454875,96.30,0.486,1.537,1.25,1,72.4,3.55,0
1269.8995,52.0482235,-0.7454617,96.20,0.466,1.497,1.25,1,72.7,3.65,0
1270.8684,52.0482300,-0.7454335,96.40,0.455,1.524,1.25,1,73.4,3.60,0
1271.9048,52.0482343,-0.7454048,96.50,0.389,1.588,1.25,1,76.2,3.50,0
1272.8876,52.0482422,-0.7453767,96.50,0.438,1.572,1.25,1,74.4,3.51,0
1273.8952,52.0482465,-0.7453570,96.20,0.412,1.331,1.25,1,72.8,4.10,0
1274.9063,52.0482542,-0.7453327,96.20,0.520,1.337,1.25,1,68.7,3.99,0
1275.8962,52.0482633,-0.7453038,96.10,0.646,1.510,1.25,1,66.8,3.48,0
1276.8975,52.0482672,-0.7452880,95.90,0.559,1.221,1.25,1,65.4,4.26,0
1277.8688,52.0482745,-0.7452640,95.70,0.630,1.346,1.25,1,64.9,3.85,0
1278.9052,52.0482768,-0.7452465,95.80,0.531,1.217,1.25,1,66.4,4.31,0
1279.8879,52.0482805,-0.7452257,95.60,0.456,1.270,1.25,1,70.2,4.24,0
1280.8942,52.0482873,-0.7451985,95.50,0.474,1.464,1.25,1,72.1,3.72,0
1281.9038,52.0482928,-0.7451753,95.30,0.512,1.414,1.25,1,70.1,3.80,0
1282.9063,52.0482973,-0.7451593,95.20,0.535,1.173,1.25,1,65.5,4.44,0
1283.9017,52.0483035,-0.7451417,95.10,0.579,1.123,1.25,1,62.7,4.53,0
1284.9037,52.0483088,-0.7451225,95.00,0.571,1.160,1.25,1,63.8,4.42,0
1285.9038,52.0483112,-0.7451048,95.00,0.458,1.165,1.25,1,68.5,4.57,0
1286.8717,52.0483167,-0.7450867,94.80,0.477,1.127,1.25,1,67.1,4.67,0
1287.9043,52.0483195,-0.7450743,94.70,0.412,0.948,1.25,1,66.5,5.52,0
1288.8938,52.0483143,-0.7450688,94.30,0.412,0.948,1.25,1,66.5,5.52,0
1289.8985,52.0483187,-0.7450538,94.00,0.412,0.948,1.25,1,66.5,5.52,0
1290.9086,52.0483190,-0.7450405,93.90,0.412,0.948,1.25,1,66.5,5.52,0
1291.9103,52.0483148,-0.7450350,93.60,0.412,0.948,1.25,1,66.5,5.52,0
1292.9069,52.0483085,-0.7450337,93.40,0.412,0.948,1.25,1,66.5,5.52,0
1293.9102,52.0483095,-0.7450193,93.40,0.412,0.948,1.25,1,66.5,5.52,0
1294.9069,52.0483135,-0.7449983,93.30,0.412,0.948,1.25,1,66.5,5.52,0
1295.8707,52.0483172,-0.7449763,93.30,0.412,0.948,1.25,1,66.5,5.52,0
1296.8995,52.0483178,-0.7449602,93.20,0.412,0.948,1.94,1,66.5,5.52,0
1297.8775,52.0483205,-0.7449438,93.00,0.412,0.948,1.94,1,66.5,5.52,0
1298.9035,52.0483313,-0.7449290,92.50,0.412,0.948,1.94,1,66.5,5.52,0
1299.8837,52.0483373,-0.7449142,92.10,0.527,1.024,1.93,1,62.8,4.96,0
1300.8976,52.0483423,-0.7448928,91.80,0.566,1.176,1.93,1,64.3,4.38,0
1301.8912,52.0483422,-0.7448745,91.50,0.460,1.222,1.93,1,69.4,4.38,0
1302.8942,52.0483478,-0.7448532,91.10,0.447,1.309,1.93,1,71.2,4.14,0
1303.9013,52.0483503,-0.7448368,90.70,0.400,1.221,1.93,1,71.9,4.45,0
1304.9047,52.0483535,-0.7448203,90.50,0.373,1.085,1.93,1,71.0,4.98,0
1305.9014,52.0483610,-0.7447978,90.60,0.416,1.162,1.25,1,70.3,4.63,0
1306.9050,52.0483658,-0.7447775,90.60,0.375,1.154,1.25,1,72.0,4.71,0
1307.9013,52.0483718,-0.7447548,90.80,0.363,1.193,1.25,1,73.1,4.58,0
1308.9044,52.0483788,-0.7447348,90.70,0.352,1.108,1.25,1,72.4,4.91,0
1309.9015,52.0483877,-0.7447092,90.90,0.415,1.262,1.25,1,71.8,4.31,0
1310.8682,52.0483922,-0.7446882,90.90,0.365,1.204,1.25,1,73.2,4.54,0
1311.9032,52.0483977,-0.7446663,90.90,0.361,1.235,1.25,1,73.7,4.44,0
1312.8811,52.0484020,-0.7446473,90.90,0.353,1.183,1.25,1,73.4,4.63,0
1313.8972,52.0484067,-0.7446277,90.90,0.349,1.139,1.25,1,73.0,4.80,0
1314.8902,52.0484150,-0.7446093,90.70,0.386,1.038,1.25,1,69.6,5.16,0
1315.9043,52.0484225,-0.7445872,90.80,0.417,1.166,1.25,1,70.3,4.62,0
1316.8938,52.0484330,-0.7445610,90.90,0.518,1.337,1.25,1,68.8,3.99,0
1317.9123,52.0484402,-0.7445397,90.90,0.546,1.294,1.25,1,67.1,4.07,0
1318.9069,52.0484483,-0.7445182,91.00,0.655,1.312,1.25,1,63.5,3.90,0
1319.9054,52.0484537,-0.7445025,90.70,0.648,1.115,1.25,1,59.8,4.43,0
1320.9032,52.0484590,-0.7444843,90.80,0.623,1.123,1.25,1,61.0,4.45,0
1321.9008,52.0484585,-0.7444657,90.80,0.459,1.213,1.25,0,69.3,4.41,0
1322.8952,52.0484632,-0.7444443,90.70,0.386,1.291,1.25,1,73.3,4.24,0
1323.9074,52.0484660,-0.7444198,90.50,0.335,1.482,1.25,1,77.2,3.77,0
1324.9065,52.0484677,-0.7444023,90.30,0.271,1.311,1.25,1,78.3,4.27,0
1325.8705,52.0484687,-0.7443797,90.10,0.195,1.454,1.25,1,82.4,3.90,0
1326.8981,52.0484690,-0.7443578,89.90,0.109,1.485,1.25,1,85.8,3.84,0
1327.8757,52.0484757,-0.7443382,89.90,0.188,1.341,1.25,0,82.0,4.22,0
1328.9046,52.0484772,-0.7443197,89.90,0.188,1.341,1.25,1,82.0,4.22,0
1329.8879,52.0484838,-0.7443033,89.70,0.188,1.341,1.25,1,82.0,4.22,0
1330.8941,52.0484953,-0.7442758,89.90,0.442,1.552,1.25,1,74.1,3.55,0
1331.8978,52.0484955,-0.7442578,89.70,0.377,1.366,1.25,1,74.6,4.04,0
1332.9002,52.0484997,-0.7442330,89.60,0.400,1.496,1.25,1,75.0,3.69,0
1333.8968,52.0485037,-0.7442087,89.60,0.395,1.510,1.25,1,75.3,3.67,0
1334.8973,52.0485092,-0.7441862,89.70,0.439,1.449,1.25,1,73.2,3.78,0
1335.8975,52.0485148,-0.7441615,89.80,0.495,1.528,1.80,1,72.1,3.56,0
1336.8659,52.0485210,-0.7441337,90.00,0.531,1.627,1.80,1,71.9,3.34,0
1337.9008,52.0485248,-0.7441007,90.40,0.495,1.854,1.80,1,75.0,3.00,0
1338.8813,52.0485313,-0.7440720,90.40,0.499,1.814,1.25,1,74.6,3.04,0
1339.9025,52.0485318,-0.7440535,90.40,0.419,1.545,1.25,1,74.8,3.57,0
1340.8994,52.0485322,-0.7440388,90.40,0.331,1.310,1.25,1,75.8,4.23,0
1341.8901,52.0485347,-0.7440080,91.20,0.299,1.607,1.25,1,79.5,3.50,0
1342.8925,52.0485375,-0.7439805,91.50,0.280,1.691,1.31,1,80.6,3.34,0
1343.8618,52.0485427,-0.7439563,91.40,0.357,1.625,1.31,1,77.6,3.44,0
1344.8980,52.0485417,-0.7439367,91.30,0.300,1.555,1.31,1,79.1,3.61,0
1345.8778,52.0485462,-0.7439030,91.50,0.318,1.703,1.25,1,79.4,3.30,0
1346.8972,52.0485495,-0.7438792,91.50,0.338,1.673,1.31,1,78.6,3.35,0
1347.8940,52.0485507,-0.7438512,91.80,0.316,1.670,1.25,1,79.3,3.37,0
1348.9017,52.0485467,-0.7438383,91.90,0.219,1.293,1.25,1,80.4,4.36,0
1349.8986,52.0485430,-0.7438150,92.00,0.108,1.389,1.25,1,85.6,4.11,0
1350.8977,52.0485423,-0.7437952,92.10,0.057,1.314,1.25,1,87.5,4.35,0
1351.9046,52.0485402,-0.7437682,92.10,-0.022,1.527,1.25,1,90.8,3.75,0
1352.8999,52.0485355,-0.7437550,91.90,-0.073,1.377,1.25,1,93.0,4.15,0
1353.9034,52.0485380,-0.7437452,91.20,-0.073,1.377,1.25,1,93.0,4.15,0
1354.9009,52.0485362,-0.7437327,90.70,-0.073,1.377,1.25,1,93.0,4.15,0
1355.9077,52.0485327,-0.7437217,90.10,-0.073,1.377,1.25,1,93.0,4.15,0
1356.9052,52.0485338,-0.7437120,89.30,-0.073,1.377,1.25,1,93.0,4.15,0
1357.9058,52.0485307,-0.7437002,88.90,-0.073,1.377,1.25,1,93.0,4.15,0
1358.8733,52.0485245,-0.7436867,88.80,-0.073,1.377,1.25,1,93.0,4.15,0
1359.9032,52.0485237,-0.7436730,88.30,-0.073,1.377,1.25,1,93.0,4.15,0
1360.8837,52.0485215,-0.7436645,88.00,-0.073,1.377,1.25,1,93.0,4.15,0
1361.9034,52.0485212,-0.7436490,87.50,-0.073,1.377,1.25,1,93.0,4.15,0
1362.8999,52.0485135,-0.7436385,87.40,-0.173,1.164,0.97,1,98.5,4.86,0
1363.9093,52.0485075,-0.7436258,87.20,-0.220,1.174,0.97,1,100.6,4.79,0
1364.9069,52.0485023,-0.7436137,87.00,-0.223,1.082,0.97,1,101.6,5.17,0
1365.9113,52.0484978,-0.7436048,86.70,-0.187,0.892,0.97,1,101.6,5.17,0
1366.9143,52.0484950,-0.7435948,86.30,-0.167,0.918,0.97,1,101.6,5.17,0
1367.8821,52.0484912,-0.7435758,86.20,-0.177,1.223,0.97,1,98.2,4.62,0
1368.9064,52.0484877,-0.7435557,86.30,-0.200,1.346,0.97,1,98.5,4.20,0
1369.8896,52.0484843,-0.7435390,86.30,-0.164,1.206,1.04,1,97.8,4.70,0
1370.9105,52.0484825,-0.7435213,86.40,-0.109,1.181,1.04,1,95.3,4.82,0
1371.9022,52.0484803,-0.7435058,86.40,-0.092,1.122,0.97,1,94.7,5.07,0
1372.9043,52.0484800,-0.7434880,86.30,-0.033,1.162,0.97,1,91.6,4.92,1
1373.9118,52.0484793,-0.7434743,85.90,-0.043,1.114,0.97,1,92.2,5.13,1
1374.9111,52.0484788,-0.7434562,86.00,-0.043,1.114,0.97,1,92.2,5.13,1
1375.9016,52.0484812,-0.7434302,86.20,0.069,1.476,0.97,1,87.3,3.87,0
1376.9007,52.0484810,-0.7434125,86.00,0.072,1.357,0.97,1,87.0,4.21,0
1377.9095,52.0484857,-0.7433882,86.20,0.226,1.473,0.97,1,81.3,3.84,0
1378.9102,52.0484880,-0.7433683,86.10,0.276,1.460,0.97,1,79.3,3.85,0
1379.9106,52.0484918,-0.7433493,86.00,0.317,1.363,0.97,1,76.9,4.09,0
1380.8813,52.0484903,-0.7433332,85.80,0.211,1.228,0.97,1,80.2,4.59,0
1381.9014,52.0484883,-0.7433165,85.50,0.095,1.219,0.97,1,85.6,4.68,0
1382.8853,52.0484873,-0.7432993,85.20,0.095,1.219,0.97,1,85.6,4.68,0
1383.9018,52.0484897,-0.7432773,85.10,0.078,1.354,0.97,1,86.7,4.22,0
1384.9010,52.0484930,-0.7432577,85.10,0.143,1.339,0.97,1,83.9,4.25,0
1385.9057,52.0484917,-0.7432433,84.80,0.143,1.339,0.97,1,83.9,4.25,0
1386.9027,52.0484928,-0.7432275,84.60,0.143,1.339,0.97,1,83.9,4.25,0
1387.9027,52.0484913,-0.7432138,84.30,0.143,1.339,0.97,1,83.9,4.25,0
1388.9053,52.0484933,-0.7431948,84.20,0.136,1.210,0.97,1,83.6,4.69,0
1389.9017,52.0484943,-0.7431802,83.90,0.136,1.210,0.97,1,83.6,4.69,0
1390.9095,52.0484908,-0.7431732,83.60,0.136,1.210,0.97,1,83.6,4.69,0
1391.9049,52.0484835,-0.7431737,83.50,0.136,1.210,0.97,1,83.6,4.69,0
1392.9100,52.0484853,-0.7431715,83.10,0.136,1.210,0.97,1,83.6,4.69,0
1393.9098,52.0485068,-0.7431362,81.70,0.625,1.345,0.97,1,65.1,3.86,0
1394.9066,52.0485293,-0.7430727,80.80,1.345,2.703,0.97,1,63.5,3.00,0
1395.8710,52.0485288,-0.7430677,81.30,0.868,1.640,1.24,1,62.1,3.09,0
1396.8985,52.0485230,-0.7430738,81.30,0.868,1.640,1.24,1,62.1,3.09,0
1397.8764,52.0485138,-0.7430883,81.20,0.868,1.640,1.24,1,62.1,3.09,0
1398.9035,52.0485123,-0.7430865,80.40,0.868,1.640,1.24,1,62.1,3.09,0
1399.8693,52.0485112,-0.7430902,79.80,0.868,1.640,1.24,1,62.1,3.09,0
1400.8995,52.0485117,-0.7430952,79.20,0.868,1.640,1.24,1,62.1,3.09,0
1401.8776,52.0485120,-0.7431027,78.50,0.868,1.640,1.24,1,62.1,3.09,0
1402.9033,52.0485112,-0.7431113,77.90,0.868,1.640,1.24,1,62.1,3.09,0
1403.8806,52.0485110,-0.7431245,77.40,0.868,1.640,1.24,1,62.1,3.09,0
1404.9071,52.0485140,-0.7431275,77.00,0.868,1.640,1.24,0,62.1,3.09,0
1405.8884,52.0485095,-0.7431527,76.40,0.868,1.640,1.24,1,62.1,3.09,0
1406.9052,52.0485085,-0.7431728,76.20,0.868,1.640,1.24,0,62.1,3.09,0
1407.9036,52.0485067,-0.7431953,75.90,1.159,-0.025,1.24,0,358.8,4.93,0
1408.9089,52.0485082,-0.7432057,75.50,0.744,-0.570,1.24,0,358.8,4.93,0
1409.9065,52.0485103,-0.7432120,75.10,0.744,-0.570,1.24,1,358.8,4.93,0
1410.9102,52.0485113,-0.7432313,74.90,0.744,-0.570,1.24,0,358.8,4.93,0
1411.9084,52.0485145,-0.7432448,74.40,0.744,-0.570,1.24,1,358.8,4.93,0
1412.8763,52.0485152,-0.7432635,74.30,0.744,-0.570,1.24,1,358.8,4.93,0
1413.8959,52.0485153,-0.7432848,74.20,0.601,-0.978,1.24,1,301.6,4.98,0
1414.8917,52.0485140,-0.7433082,74.00,0.340,-1.172,1.24,1,286.2,4.68,0
1415.9007,52.0485148,-0.7433315,74.00,0.260,-1.325,1.24,1,281.1,4.24,0
1416.9089,52.0485158,-0.7433543,73.80,0.217,-1.408,1.24,1,278.8,4.02,0
1417.8934,52.0485190,-0.7433768,73.90,0.237,-1.417,1.24,1,279.5,3.98,0
1418.9082,52.0485210,-0.7434017,73.60,0.269,-1.418,1.24,1,280.8,3.96,0
1419.8590,52.0485272,-0.7434223,73.20,0.402,-1.394,1.24,1,286.1,3.94,0
1420.9040,52.0485330,-0.7434435,72.90,0.537,-1.405,1.24,1,290.9,3.80,0
1421.8732,52.0485358,-0.7434665,72.90,0.509,-1.330,1.24,1,290.9,4.02,0
1422.9059,52.0485348,-0.7434952,73.00,0.459,-1.253,0.97,1,290.1,4.29,0
1423.8866,52.0485350,-0.7435230,73.20,0.475,-1.232,0.97,1,291.1,4.33,0
1424.9166,52.0485338,-0.7435523,73.60,0.454,-1.232,0.97,1,290.2,4.35,0
1425.9013,52.0485343,-0.7435842,74.00,0.513,-1.325,0.97,1,291.2,4.02,0
1426.9082,52.0485302,-0.7436207,74.80,0.450,-1.425,0.97,1,287.5,3.83,0
1427.9041,52.0485290,-0.7436512,75.00,0.435,-1.369,0.97,1,287.6,3.98,0
1428.9097,52.0485298,-0.7436798,75.50,0.469,-1.436,0.97,1,288.1,3.79,0
1429.9104,52.0485303,-0.7437107,75.70,0.478,-1.515,0.97,1,287.5,3.60,0
1430.8760,52.0485332,-0.7437357,76.20,0.519,-1.398,0.97,1,290.4,3.84,0
1431.9042,52.0485375,-0.7437598,76.50,0.628,-1.301,0.97,1,295.8,3.96,0
1432.8791,52.0485392,-0.7437850,76.40,0.606,-1.239,0.97,1,296.1,4.15,0
1433.9125,52.0485423,-0.7438073,76.30,0.578,-1.165,0.97,1,296.4,4.40,0
1434.8933,52.0485447,-0.7438323,76.40,0.568,-1.227,0.97,1,294.8,4.23,0
1435.9001,52.0485435,-0.7438552,76.50,0.366,-1.131,0.97,0,287.9,4.81,0
1436.9061,52.0485412,-0.7438765,77.40,0.366,-1.131,0.97,0,287.9,4.81,0
1437.9034,52.0485373,-0.7438965,78.00,0.366,-1.131,0.97,0,287.9,4.81,0
1438.9087,52.0485290,-0.7439170,78.40,0.366,-1.131,0.97,1,287.9,4.81,0
1439.9079,52.0485192,-0.7439190,79.20,0.366,-1.131,0.97,0,287.9,4.81,0
1440.9123,52.0485082,-0.7439177,79.70,-0.973,-0.429,1.17,1,203.8,5.37,0
1441.9106,52.0484978,-0.7439172,80.30,-0.888,0.127,1.17,1,203.8,5.37,0
1442.9023,52.0484875,-0.7439148,81.20,-0.860,0.522,1.17,1,148.7,5.68,0
1443.9014,52.0484820,-0.7439032,82.00,-0.918,0.765,1.17,1,140.2,4.78,0
1444.9097,52.0484730,-0.7438935,82.80,-0.905,0.827,1.17,1,137.6,4.66,0
1445.9096,52.0484638,-0.7438797,83.40,-1.126,1.119,0.97,1,135.2,3.61,0
1446.9052,52.0484557,-0.7438705,83.60,-0.907,0.879,0.97,1,135.9,4.53,1
1447.8712,52.0484473,-0.7438710,83.90,-0.977,0.572,0.97,1,149.7,5.05,0
1448.9072,52.0484380,-0.7438748,84.30,-1.172,0.407,0.97,1,160.8,4.61,0
1449.8868,52.0484302,-0.7438810,84.10,-1.172,0.407,0.97,1,160.8,4.61,0
1450.9067,52.0484262,-0.7438898,83.60,-1.172,0.407,0.97,1,160.8,4.61,0
1451.9028,52.0484210,-0.7438995,83.20,-1.172,0.407,0.97,1,160.8,4.61,0
1452.9125,52.0484105,-0.7438990,83.40,-1.144,0.293,1.17,1,165.6,4.84,1
1453.9069,52.0484002,-0.7438962,83.80,-1.095,0.245,1.17,1,167.4,5.09,1
1454.9099,52.0483890,-0.7438932,84.20,-1.176,0.258,1.17,1,167.6,4.75,1
1455.9111,52.0483760,-0.7438895,84.70,-1.335,0.266,1.17,1,168.7,4.20,1
1456.8794,52.0483625,-0.7438857,84.80,-1.367,0.350,1.17,1,165.6,4.05,0
1457.9158,52.0483493,-0.7438812,84.90,-1.318,0.350,0.97,1,165.1,4.19,1
1458.8947,52.0483365,-0.7438763,85.90,-1.185,0.357,1.09,1,163.2,4.62,0
1459.9164,52.0483260,-0.7438738,86.30,-1.092,0.289,1.09,1,165.2,5.06,1
1460.9146,52.0483143,-0.7438708,86.70,-1.213,0.186,1.09,1,171.3,4.66,1
1461.9037,52.0483027,-0.7438690,86.80,-1.212,0.097,0.89,1,175.4,4.70,0
1462.9184,52.0482928,-0.7438678,87.30,-0.972,0.044,0.89,1,175.4,4.70,0
1463.8717,52.0482840,-0.7438647,87.50,-0.868,0.141,0.89,1,175.4,4.70,0
1464.9062,52.0482703,-0.7438587,88.00,-1.419,0.322,0.89,1,167.2,3.93,0
1465.8937,52.0482580,-0.7438537,88.60,-1.201,0.241,0.89,1,168.6,4.67,1
1466.9158,52.0482458,-0.7438512,89.40,-1.317,0.164,0.89,1,172.9,4.31,1
1467.9033,52.0482327,-0.7438503,89.50,-1.302,0.087,0.89,1,176.2,4.38,1
1468.9124,52.0482187,-0.7438498,89.80,-1.393,0.034,0.89,1,178.6,4.11,0
1469.9106,52.0482052,-0.7438508,89.60,-1.425,-0.027,0.89,1,181.1,4.01,1
1470.9121,52.0481925,-0.7438502,89.80,-1.370,0.010,0.89,1,179.6,4.17,1
1471.9119,52.0481788,-0.7438478,90.00,-1.399,0.070,0.89,1,177.1,4.08,1
1472.8781,52.0481653,-0.7438440,90.20,-1.361,0.167,0.89,1,173.0,4.17,0
1473.9144,52.0481545,-0.7438445,90.00,-1.072,0.068,0.89,1,176.3,5.32,1
1474.8840,52.0481418,-0.7438420,90.20,-1.380,0.107,0.89,1,175.6,4.13,0
1475.9199,52.0481292,-0.7438403,92.00,-1.213,-0.045,0.89,1,182.1,4.71,1
1476.9034,52.0481150,-0.7438392,92.30,-1.430,0.034,0.89,1,178.7,4.00,1
1477.9122,52.0481020,-0.7438388,92.50,-1.406,0.039,0.89,1,178.4,4.07,1
1478.9101,52.0480887,-0.7438348,92.60,-1.191,-0.022,0.89,1,181.1,4.80,1
1479.9131,52.0480775,-0.7438338,92.70,-1.315,0.055,0.89,1,177.6,4.35,0
1480.9172,52.0480653,-0.7438283,92.80,-1.434,0.172,0.89,1,173.2,3.96,0
1481.8875,52.0480532,-0.7438235,93.00,-1.384,0.206,1.09,1,171.5,4.09,0
1482.9098,52.0480415,-0.7438203,93.40,-1.266,0.134,0.89,1,173.9,4.49,0
1483.9068,52.0480305,-0.7438205,93.90,-1.228,0.057,0.89,1,177.3,4.65,1
1484.9140,52.0480187,-0.7438200,94.10,-1.330,0.024,0.89,1,179.0,4.30,0
1485.9120,52.0480075,-0.7438195,94.10,-1.241,0.025,0.89,1,178.8,4.61,0
1486.9129,52.0479963,-0.7438187,94.10,-1.230,0.030,0.89,1,178.6,4.65,0
1487.9165,52.0479858,-0.7438152,94.20,-1.213,0.171,0.89,1,172.0,4.67,1
1488.8854,52.0479758,-0.7438115,94.20,-1.128,0.215,0.89,1,169.2,4.98,0
1489.9092,52.0479668,-0.7438078,94.70,-1.089,0.186,0.89,1,170.3,5.17,1
1490.9006,52.0479593,-0.7438043,94.80,-0.717,0.210,0.89,1,170.3,5.17,1
1491.9147,52.0479595,-0.7438025,94.80,-0.717,0.210,0.89,1,170.3,5.17,1
1492.9060,52.0479630,-0.7438007,94.60,-0.717,0.210,0.89,1,170.3,5.17,1
1493.9091,52.0479698,-0.7437997,93.90,-0.717,0.210,0.89,1,170.3,5.17,1
1494.9002,52.0479805,-0.7438048,93.80,0.223,-1.139,0.89,1,281.1,4.92,0
1495.9018,52.0479888,-0.7438125,93.50,0.565,-0.986,0.89,1,299.8,5.03,0
1496.9039,52.0479952,-0.7438253,93.10,0.783,-1.088,0.89,1,305.8,4.27,0
1497.9066,52.0480008,-0.7438395,93.10,0.790,-1.119,0.89,1,305.2,4.17,1
1498.9101,52.0479965,-0.7438565,89.90,0.226,-1.249,0.89,0,280.3,4.50,0
1499.9086,52.0479967,-0.7438785,88.90,0.363,-1.749,0.89,1,281.7,3.20,0
1500.9127,52.0479967,-0.7438845,89.10,0.363,-1.749,0.89,1,281.7,3.20,0
1501.9136,52.0480048,-0.7438975,88.10,0.689,-1.438,0.89,1,295.6,3.59,1
1502.9052,52.0480107,-0.7439177,87.80,0.689,-1.438,0.97,1,295.6,3.59,1
1503.9049,52.0480182,-0.7439513,86.80,1.042,-2.431,0.97,1,293.2,3.00,1
1504.8999,52.0480247,-0.7439782,84.90,0.689,-1.711,1.03,1,291.9,3.10,1
1505.9094,52.0480192,-0.7439902,82.90,0.689,-1.711,1.03,1,291.9,3.10,1
1506.9033,52.0480200,-0.7439902,81.90,0.689,-1.711,1.03,1,291.9,3.10,1
1507.9123,52.0480260,-0.7440078,81.10,0.689,-1.711,1.03,1,291.9,3.10,1
1508.9075,52.0480292,-0.7440412,81.80,0.645,-2.166,0.97,1,286.6,3.00,1
1509.9065,52.0480308,-0.7440682,82.30,0.401,-1.820,0.97,1,282.4,3.07,1
1510.9146,52.0480323,-0.7440937,82.80,0.275,-1.752,0.97,1,278.9,3.23,1
1511.9128,52.0480337,-0.7441140,83.60,0.222,-1.354,0.97,1,279.3,4.17,1
1512.9087,52.0480383,-0.7441332,83.60,0.294,-1.292,0.97,1,282.8,4.32,1
1513.8723,52.0480435,-0.7441477,83.00,0.294,-1.292,0.89,1,282.8,4.32,1
1514.9163,52.0480462,-0.7441642,82.90,0.319,-1.347,0.89,1,283.3,4.13,1
1515.8796,52.0480537,-0.7441798,82.50,0.319,-1.347,0.89,1,283.3,4.13,1
1516.9099,52.0480592,-0.7441987,83.00,0.422,-1.279,0.89,1,288.3,4.24,1
1517.8872,52.0480608,-0.7442265,83.40,0.286,-1.849,0.89,1,278.8,3.06,0
1518.9178,52.0480632,-0.7442527,83.30,0.206,-1.654,0.89,1,277.1,3.43,1
1519.8996,52.0480675,-0.7442735,83.70,0.301,-1.292,0.89,1,283.1,4.31,1
1520.9143,52.0480732,-0.7442927,83.80,0.415,-1.266,0.89,1,288.1,4.29,1
1521.9062,52.0480788,-0.7443190,84.10,0.556,-1.720,0.89,1,287.9,3.17,1
1522.9096,52.0480822,-0.7443410,84.80,0.393,-1.448,0.89,1,285.2,3.81,1
1523.9145,52.0480892,-0.7443543,84.50,0.393,-1.448,0.89,1,285.2,3.81,1
1524.9181,52.0480917,-0.7443773,84.90,0.356,-1.553,0.89,1,282.9,3.59,1
1525.9100,52.0480908,-0.7444063,85.70,0.152,-1.886,0.89,1,274.6,3.03,0
1526.9078,52.0480923,-0.7444342,86.00,0.161,-1.898,0.89,1,274.8,3.01,0
1527.9163,52.0480948,-0.7444610,86.10,0.206,-1.905,0.89,1,276.2,3.00,0
1528.9159,52.0481020,-0.7444783,86.00,0.392,-1.539,0.89,1,284.3,3.60,1
1529.9119,52.0481112,-0.7444950,86.10,0.720,-1.391,0.89,1,297.4,3.65,1
1530.9209,52.0481190,-0.7445072,85.80,0.720,-1.391,0.89,1,297.4,3.65,1
1531.9152,52.0481235,-0.7445230,85.80,0.720,-1.391,0.89,1,297.4,3.65,1
1532.8783,52.0481230,-0.7445468,86.60,0.396,-1.568,0.89,1,284.2,3.54,0
1533.9198,52.0481263,-0.7445647,86.80,0.396,-1.568,0.89,1,284.2,3.54,0
1534.8845,52.0481315,-0.7445797,86.90,0.396,-1.568,0.89,1,284.2,3.54,0
1535.9114,52.0481347,-0.7446008,87.30,0.354,-1.351,0.89,1,284.7,4.10,0
1536.8918,52.0481372,-0.7446247,87.70,0.327,-1.564,0.89,1,281.8,3.58,0
1537.9131,52.0481428,-0.7446460,87.40,0.442,-1.455,0.89,1,286.9,3.76,0
1538.8998,52.0481493,-0.7446685,87.80,0.638,-1.574,0.89,1,292.1,3.37,0
1539.9072,52.0481552,-0.7446858,88.00,0.525,-1.146,0.89,1,294.6,4.53,0
1540.9190,52.0481600,-0.7447050,88.30,0.559,-1.287,0.89,1,293.5,4.08,0
1541.9073,52.0481647,-0.7447320,88.50,0.635,-1.833,0.89,1,289.1,3.00,0
1542.9082,52.0481682,-0.7447590,88.70,0.454,-1.728,0.89,1,284.7,3.20,0
1543.8784,52.0481695,-0.7447838,89.10,0.254,-1.554,0.96,1,279.3,3.63,0
1544.9154,52.0481717,-0.7448052,89.20,0.231,-1.482,0.96,1,278.8,3.81,0
1545.8863,52.0481730,-0.7448305,89.00,0.109,-1.631,0.96,1,273.8,3.50,0
1546.9065,52.0481748,-0.7448568,89.00,0.098,-1.654,0.96,1,273.4,3.45,0
1547.9047,52.0481782,-0.7448757,89.00,0.098,-1.654,0.96,1,273.4,3.45,0
1548.9080,52.0481793,-0.7449013,89.20,0.128,-1.514,0.89,1,274.8,3.76,0
1549.9058,52.0481805,-0.7449322,89.50,0.211,-1.935,0.89,1,276.2,3.00,0
1550.9066,52.0481820,-0.7449627,89.80,0.212,-1.803,0.89,1,276.7,3.15,0
1551.9054,52.0481848,-0.7449858,89.60,0.227,-1.329,0.89,1,279.7,4.24,0
1552.9034,52.0481847,-0.7450108,89.90,0.082,-1.417,0.89,1,273.3,4.03,0
1553.9122,52.0481840,-0.7450373,90.60,-0.132,-1.546,0.89,1,265.1,3.69,0
1554.9099,52.0481858,-0.7450610,90.20,-0.103,-1.437,0.89,1,265.9,3.97,0
1555.9035,52.0481858,-0.7450862,90.40,-0.082,-1.534,0.89,1,266.9,3.72,0
1556.9169,52.0481835,-0.7451112,90.20,-0.210,-1.428,0.89,1,261.6,3.96,0
1557.9054,52.0481798,-0.7451345,90.20,-0.304,-1.336,0.89,1,257.2,4.17,0
1558.8898,52.0481742,-0.7451587,90.40,-0.448,-1.404,0.89,1,252.3,3.88,0
1559.9124,52.0481697,-0.7451803,90.30,-0.633,-1.361,0.89,1,245.1,3.81,0
1560.8921,52.0481645,-0.7451997,90.20,-0.553,-1.179,0.89,1,244.8,4.39,0
1561.9153,52.0481583,-0.7452210,90.40,-0.737,-1.400,0.89,1,242.2,3.62,0
1562.9117,52.0481527,-0.7452403,90.50,-0.661,-1.261,0.89,0,242.3,4.02,0
1563.9180,52.0481530,-0.7452483,90.40,-0.661,-1.261,0.89,1,242.3,4.02,0
1564.9167,52.0481558,-0.7452545,90.20,-0.661,-1.261,0.89,1,242.3,4.02,0
1565.8720,52.0481505,-0.7452740,90.30,-0.680,-1.243,0.89,1,241.3,4.04,0
1566.9135,52.0481475,-0.7452918,90.60,-0.530,-1.123,0.89,1,244.7,4.60,0
1567.8794,52.0481427,-0.7453088,90.70,-0.523,-1.059,0.89,1,243.7,4.84,0
1568.9144,52.0481397,-0.7453263,91.30,-0.571,-1.311,0.89,1,246.4,4.00,0
1569.8956,52.0481343,-0.7453473,91.50,-0.630,-1.394,0.89,1,245.7,3.74,0
1570.9121,52.0481288,-0.7453652,91.60,-0.648,-1.192,0.89,1,241.5,4.22,0
1571.9102,52.0481213,-0.7453790,91.90,-0.801,-1.107,0.89,1,234.1,4.19,0
1572.9157,52.0481130,-0.7453915,92.50,-0.871,-0.943,0.89,1,227.3,4.45,0
1573.9120,52.0481058,-0.7454043,92.90,-0.867,-0.907,0.89,1,226.3,4.56,0
1574.9133,52.0480982,-0.7454178,93.30,-0.958,-0.967,0.89,1,225.3,4.20,0
1575.9132,52.0480893,-0.7454307,93.70,-1.040,-0.920,0.89,1,221.5,4.12,0
1576.8814,52.0480792,-0.7454425,93.80,-1.124,-0.845,0.89,0,216.9,4.07,0
1577.9143,52.0480708,-0.7454525,94.00,-0.968,-0.701,0.89,1,215.9,4.79,0
1578.8980,52.0480627,-0.7454658,94.90,-1.039,-0.839,0.89,1,218.9,4.28,0
1579.9152,52.0480547,-0.7454818,95.40,-1.001,-0.965,0.89,1,223.9,4.11,0
1580.9129,52.0480445,-0.7454973,95.90,-1.275,-1.042,0.89,1,219.2,3.48,0
1581.9200,52.0480348,-0.7455122,95.90,-1.059,-0.879,0.89,1,219.7,4.16,0
1582.9231,52.0480262,-0.7455245,96.50,-0.906,-0.829,0.89,1,222.4,4.66,0
1583.9077,52.0480188,-0.7455380,96.70,-0.810,-0.794,0.89,1,224.4,5.04,0
1584.9196,52.0480155,-0.7455510,96.70,-0.810,-0.794,0.89,1,224.4,5.04,0
1585.8782,52.0480117,-0.7455722,96.40,-0.738,-1.271,0.89,1,239.9,3.89,0
1586.9053,52.0480103,-0.7455878,96.50,-0.738,-1.271,0.89,1,239.9,3.89,0
1587.8838,52.0480045,-0.7456048,96.30,-0.610,-1.023,0.89,1,239.2,4.80,0
1588.9169,52.0480002,-0.7456207,96.20,-0.508,-0.947,0.89,1,241.8,5.32,1
1589.8994,52.0480010,-0.7456370,96.20,-0.508,-0.947,0.89,1,241.8,5.32,1
1590.9159,52.0480058,-0.7456458,95.70,-0.508,-0.947,0.89,1,241.8,5.32,1
1591.9150,52.0480107,-0.7456590,95.30,-0.508,-0.947,0.89,1,241.8,5.32,1
1592.9029,52.0480150,-0.7456738,94.80,-0.508,-0.947,0.96,1,241.8,5.32,1
1593.9034,52.0480227,-0.7456825,94.60,-0.508,-0.947,0.89,1,241.8,5.32,1
1594.8738,52.0480268,-0.7456972,94.50,-0.508,-0.947,0.89,1,241.8,5.32,1
1595.9210,52.0480313,-0.7457108,94.30,-0.508,-0.947,0.89,1,241.8,5.32,1
1596.8896,52.0480320,-0.7457363,94.60,-0.310,-1.825,0.89,1,260.4,3.09,0
1597.9039,52.0480360,-0.7457567,95.20,0.095,-1.552,0.89,1,273.5,3.68,1
1598.8983,52.0480402,-0.7457783,96.00,0.315,-1.519,0.89,1,281.7,3.69,1
1599.9130,52.0480460,-0.7457968,96.60,0.315,-1.519,0.89,1,281.7,3.69,1
1600.9053,52.0480552,-0.7458142,97.30,0.675,-1.379,0.89,1,296.1,3.73,1
1601.9065,52.0480637,-0.7458282,97.70,0.816,-1.029,0.89,1,308.4,4.36,1
1602.9135,52.0480715,-0.7458392,97.80,0.799,-0.750,0.89,1,316.8,5.21,1
1603.9152,52.0480808,-0.7458508,98.30,1.142,-0.746,0.89,1,326.9,4.19,1
1604.9068,52.0480890,-0.7458632,98.40,1.007,-0.686,0.89,1,325.7,4.69,1
1605.9036,52.0480920,-0.7458723,99.20,1.007,-0.686,0.89,1,325.7,4.69,1
1606.9157,52.0480983,-0.7458853,99.10,0.933,-0.644,0.89,1,325.4,5.04,1
1607.9135,52.0481080,-0.7458987,99.00,1.160,-0.758,0.89,1,326.8,4.13,1
1608.9237,52.0481113,-0.7459095,99.20,1.160,-0.758,0.85,1,326.8,4.13,1
1609.8752,52.0481125,-0.7459172,99.20,1.160,-0.758,0.90,1,326.8,4.13,1
1610.9027,52.0481162,-0.7459132,99.40,1.160,-0.758,0.90,1,326.8,4.13,1
1611.8764,52.0481215,-0.7459080,99.60,1.160,-0.758,0.90,1,326.8,4.13,1
1612.9148,52.0481287,-0.7459113,99.90,1.160,-0.758,0.85,1,326.8,4.13,1
1613.8758,52.0481287,-0.7459113,100.40,1.160,-0.758,0.85,1,326.8,4.13,1
1614.9068,52.0481275,-0.7459112,101.00,1.160,-0.758,0.85,1,326.8,4.13,1
1615.8849,52.0481243,-0.7459145,101.40,1.160,-0.758,0.85,1,326.8,4.13,1
1616.9127,52.0481217,-0.7459177,101.90,1.160,-0.758,0.85,1,326.8,4.13,1
1617.8890,52.0481243,-0.7459205,102.10,1.160,-0.758,0.85,1,326.8,4.13,1
1618.9074,52.0481280,-0.7459310,102.60,1.160,-0.758,0.85,1,326.8,4.13,1
1619.9007,52.0481308,-0.7459458,103.50,1.160,-0.758,0.85,1,326.8,4.13,1
1620.9081,52.0481317,-0.7459545,104.60,1.160,-0.758,0.85,1,326.8,4.13,1
1621.9051,52.0481262,-0.7459697,105.50,0.865,-1.184,0.85,1,306.2,3.90,0
1622.9100,52.0481198,-0.7459860,105.80,0.865,-1.184,0.85,1,306.2,3.90,0
1623.9106,52.0481168,-0.7460030,106.10,0.865,-1.184,0.85,1,306.2,3.90,0
1624.8749,52.0481143,-0.7460228,106.60,0.267,-1.417,0.85,1,280.7,3.97,0
1625.9077,52.0481107,-0.7460428,107.30,0.267,-1.417,0.85,1,280.7,3.97,0
1626.9191,52.0481087,-0.7460627,107.30,0.267,-1.417,0.85,1,280.7,3.97,0
1627.9166,52.0481080,-0.7460798,107.00,0.267,-1.417,0.85,1,280.7,3.97,0
1628.8860,52.0481062,-0.7460990,106.60,0.011,-1.285,0.85,1,270.5,4.45,0
1629.9137,52.0481092,-0.7461137,105.80,0.011,-1.285,0.85,1,270.5,4.45,0
1630.8960,52.0481082,-0.7461348,106.20,-0.056,-1.357,0.85,1,267.6,4.21,0
1631.9099,52.0481068,-0.7461558,106.60,-0.105,-1.341,0.85,1,265.5,4.25,0
1632.9055,52.0481042,-0.7461730,107.50,-0.105,-1.341,0.85,1,265.5,4.25,0
1633.9077,52.0481040,-0.7461865,106.90,-0.105,-1.341,0.85,1,265.5,4.25,0
1634.9116,52.0481007,-0.7462032,107.30,-0.241,-1.215,0.85,1,258.8,4.62,0
1635.9122,52.0481035,-0.7462123,106.70,-0.241,-1.215,0.89,1,258.8,4.62,0
1636.9085,52.0481113,-0.7462095,106.90,-0.241,-1.215,0.89,1,258.8,4.62,0
1637.9134,52.0481200,-0.7462137,106.80,-0.241,-1.215,0.89,1,258.8,4.62,0
1638.9117,52.0481235,-0.7462205,107.10,-0.241,-1.215,0.89,1,258.8,4.62,0
1639.8818,52.0481273,-0.7462325,106.80,-0.241,-1.215,0.89,1,258.8,4.62,0
1640.9148,52.0481285,-0.7462463,106.50,-0.241,-1.215,0.89,1,258.8,4.62,0
1641.8970,52.0481302,-0.7462620,106.60,-0.241,-1.215,0.89,1,258.8,4.62,0
1642.9048,52.0481352,-0.7462740,106.20,-0.241,-1.215,0.85,1,258.8,4.62,0
1643.9044,52.0481410,-0.7462825,106.10,-0.241,-1.215,0.85,1,258.8,4.62,0
1644.9108,52.0481462,-0.7462937,105.30,-0.241,-1.215,0.85,1,258.8,4.62,0
1645.9101,52.0481508,-0.7463008,105.00,-0.241,-1.215,0.85,1,258.8,4.62,0
1646.9141,52.0481507,-0.7463108,104.50,-0.241,-1.215,0.85,1,258.8,4.62,0
1647.9133,52.0481520,-0.7463258,104.10,-0.241,-1.215,0.85,1,258.8,4.62,0
1648.9174,52.0481558,-0.7463382,103.70,-0.241,-1.215,0.85,1,258.8,4.62,0
1649.9157,52.0481597,-0.7463485,102.70,-0.241,-1.215,0.85,1,258.8,4.62,0
1650.8863,52.0481562,-0.7463675,101.70,-0.241,-1.215,0.85,1,258.8,4.62,0
1651.9167,52.0481530,-0.7463898,101.30,-0.241,-1.215,0.85,1,258.8,4.62,0
1652.8835,52.0481477,-0.7464102,100.80,-0.241,-1.215,0.85,1,258.8,4.62,0
1653.9192,52.0481467,-0.7464332,99.90,-0.241,-1.215,0.85,1,258.8,4.62,0
1654.9037,52.0481457,-0.7464563,99.60,-0.241,-1.215,0.85,1,258.8,4.62,0
1655.9233,52.0481482,-0.7464785,99.10,-0.241,-1.215,0.85,1,258.8,4.62,0
1656.9169,52.0481448,-0.7465020,99.30,-0.241,-1.215,0.85,1,258.8,4.62,0
1657.9207,52.0481425,-0.7465208,99.30,-0.241,-1.215,0.85,1,258.8,4.62,0
1658.9200,52.0481410,-0.7465415,98.70,-0.241,-1.215,0.85,1,258.8,4.62,0
1659.9087,52.0481332,-0.7465585,97.70,-0.241,-1.215,0.85,1,258.8,4.62,0
1660.9199,52.0481282,-0.7465732,97.20,-0.241,-1.215,0.85,1,258.8,4.62,0
1661.8792,52.0481237,-0.7465868,95.40,-0.241,-1.215,0.85,1,258.8,4.62,0
1662.9123,52.0481228,-0.7466020,93.90,-0.241,-1.215,0.89,1,258.8,4.62,0
1663.8970,52.0481172,-0.7466255,93.60,-0.247,-1.072,0.89,1,257.1,5.19,0
1664.9125,52.0481168,-0.7466483,94.10,-0.247,-1.072,0.89,1,257.1,5.19,0
1665.9074,52.0481117,-0.7466750,94.80,-0.286,-1.167,0.89,1,256.2,4.76,0
1666.9182,52.0481077,-0.7467015,95.30,-0.321,-1.226,0.89,1,255.3,4.51,0
1667.9114,52.0481030,-0.7467217,95.90,-0.334,-0.893,0.89,1,255.3,4.51,0
1668.9145,52.0480993,-0.7467420,96.40,-0.334,-0.893,0.89,1,255.3,4.51,0
1669.9171,52.0480922,-0.7467602,97.00,-0.453,-0.835,0.89,1,255.3,4.51,0
1670.9203,52.0480865,-0.7467758,97.70,-0.453,-0.835,0.89,1,255.3,4.51,0
1671.9087,52.0480805,-0.7467948,98.20,-0.453,-0.835,0.89,1,255.3,4.51,0
1672.8775,52.0480765,-0.7468117,99.30,-0.453,-0.835,0.89,1,255.3,4.51,0
1673.9120,52.0480747,-0.7468240,99.70,-0.453,-0.835,0.89,1,255.3,4.51,0
1674.8957,52.0480752,-0.7468440,100.00,-0.453,-0.835,0.89,1,255.3,4.51,0
1675.9107,52.0480775,-0.7468640,99.80,-0.453,-0.835,0.89,1,255.3,4.51,0
1676.9026,52.0480787,-0.7468813,100.70,-0.453,-0.835,0.89,1,255.3,4.51,0
1677.9149,52.0480753,-0.7469025,100.50,-0.453,-0.835,0.89,1,255.3,4.51,0
1678.9092,52.0480702,-0.7469263,100.40,-0.453,-0.835,0.89,1,255.3,4.51,0
1679.9170,52.0480620,-0.7469483,100.40,-0.453,-0.835,0.85,1,255.3,4.51,0
1680.9147,52.0480602,-0.7469763,100.80,-0.453,-0.835,0.85,1,255.3,4.51,0
1681.9153,52.0480573,-0.7470012,101.00,-0.453,-0.835,0.85,1,255.3,4.51,0
1682.9147,52.0480592,-0.7470243,100.80,-0.453,-0.835,0.85,1,255.3,4.51,0
1683.8855,52.0480628,-0.7470455,97.70,-0.453,-0.835,0.88,1,255.3,4.51,0
1684.9183,52.0480623,-0.7470658,97.30,-0.453,-0.835,0.85,1,255.3,4.51,0
1685.8944,52.0480642,-0.7470843,97.50,-0.453,-0.835,0.85,1,255.3,4.51,0
1686.9153,52.0480672,-0.7471027,97.60,-0.453,-0.835,0.85,1,255.3,4.51,0
1687.8962,52.0480693,-0.7471213,98.30,-0.453,-0.835,0.85,1,255.3,4.51,0
1688.9178,52.0480718,-0.7471387,98.20,-0.453,-0.835,0.85,1,255.3,4.51,0
1689.9098,52.0480757,-0.7471535,97.90,-0.453,-0.835,0.85,1,255.3,4.51,0
1690.9123,52.0480815,-0.7471617,97.90,-0.453,-0.835,0.85,1,255.3,4.51,0
1691.9201,52.0480895,-0.7471722,97.70,-0.453,-0.835,0.85,1,255.3,4.51,0
1692.9012,52.0480997,-0.7471788,96.90,-0.453,-0.835,0.95,0,255.3,4.51,0
1693.9068,52.0481057,-0.7471870,98.10,-0.453,-0.835,0.85,1,255.3,4.51,0
1694.9046,52.0481113,-0.7471887,98.00,-0.453,-0.835,0.85,0,255.3,4.51,0
1695.9109,52.0481115,-0.7471985,98.80,-0.453,-0.835,0.85,0,255.3,4.51,0
1696.9072,52.0481103,-0.7472117,100.10,-0.453,-0.835,0.85,0,255.3,4.51,0
1697.9153,52.0481090,-0.7472172,100.60,-0.453,-0.835,0.85,1,255.3,4.51,0
1698.9132,52.0481075,-0.7472125,101.90,-0.453,-0.835,0.85,0,255.3,4.51,0
1699.9079,52.0481058,-0.7472212,103.50,-0.453,-0.835,0.85,1,255.3,4.51,0
1700.9178,52.0481107,-0.7472275,103.50,-0.453,-0.835,0.85,1,255.3,4.51,0
1701.9114,52.0481157,-0.7472325,104.00,-0.453,-0.835,0.85,1,255.3,4.51,0
1702.9206,52.0481217,-0.7472392,103.70,-0.453,-0.835,0.85,1,255.3,4.51,0
1703.9175,52.0481288,-0.7472512,104.10,-0.453,-0.835,0.85,0,255.3,4.51,0
1704.8815,52.0481368,-0.7472593,105.20,0.356,-0.919,0.85,0,255.3,4.51,0
1705.9121,52.0481448,-0.7472680,105.40,0.356,-0.919,0.85,1,255.3,4.51,0
1706.8970,52.0481450,-0.7472707,105.30,0.356,-0.919,0.85,0,255.3,4.51,0
1707.9171,52.0481507,-0.7472783,105.90,0.356,-0.919,0.85,0,255.3,4.51,0
1708.9098,52.0481558,-0.7472855,106.00,0.356,-0.919,0.85,1,255.3,4.51,0
1709.9193,52.0481623,-0.7472905,106.70,0.356,-0.919,0.85,1,255.3,4.51,0
1710.9157,52.0481728,-0.7473022,106.90,0.681,-0.860,0.85,1,308.4,5.21,1
1711.9068,52.0481837,-0.7473130,107.20,0.774,-0.703,0.85,1,317.8,5.46,0
1712.9201,52.0481980,-0.7473247,107.20,1.146,-0.705,0.85,1,328.4,4.25,0
1713.8776,52.0482105,-0.7473350,107.50,1.146,-0.705,0.85,1,328.4,4.25,0
1714.9121,52.0482133,-0.7473470,106.50,1.146,-0.705,0.85,1,328.4,4.25,0
1715.8828,52.0482232,-0.7473512,105.90,1.146,-0.705,0.85,1,328.4,4.25,0
1716.9151,52.0482315,-0.7473575,105.10,1.146,-0.705,0.85,1,328.4,4.25,0
1717.9016,52.0482370,-0.7473577,105.30,1.146,-0.705,0.85,1,328.4,4.25,0
1718.9209,52.0482418,-0.7473760,105.00,1.146,-0.705,0.85,1,328.4,4.25,0
1719.9159,52.0482510,-0.7473905,104.70,1.146,-0.705,0.85,1,328.4,4.25,0
1720.9229,52.0482717,-0.7474100,105.30,1.863,-1.211,0.85,1,327.0,3.00,0
1721.9205,52.0482928,-0.7474267,106.30,1.984,-1.117,0.85,1,330.6,3.00,0
1722.9246,52.0483150,-0.7474480,106.70,2.255,-1.213,0.85,1,331.7,3.00,0
1723.9064,52.0483277,-0.7474642,106.60,1.640,-0.929,1.06,1,330.5,3.04,0
1724.8868,52.0483400,-0.7474823,106.10,1.483,-0.899,1.06,1,328.8,3.30,0
1725.9148,52.0483527,-0.7474950,106.40,1.142,-0.699,0.90,1,328.5,4.27,1
1726.8957,52.0483638,-0.7475067,106.50,1.005,-0.586,0.90,1,329.8,4.91,0
1727.9162,52.0483777,-0.7475223,106.30,1.371,-0.884,0.90,1,327.2,3.51,0
1728.9111,52.0483848,-0.7475383,105.60,1.371,-0.884,0.90,1,327.2,3.51,0
1729.9167,52.0483928,-0.7475602,105.10,1.371,-0.884,0.85,1,327.2,3.51,0
1730.9109,52.0484023,-0.7475903,105.10,0.839,-1.375,0.85,1,301.4,3.55,0
1731.9120,52.0484068,-0.7476198,104.50,0.014,-1.407,0.85,1,270.6,4.06,0
1732.9145,52.0484183,-0.7476590,103.80,-0.600,-1.782,0.85,1,251.4,3.04,0
1733.8849,52.0484200,-0.7476838,103.20,-0.446,-1.097,0.85,1,247.9,4.83,0
1734.9204,52.0484210,-0.7477015,103.10,-0.395,-0.788,0.85,1,247.9,4.83,0
1735.9040,52.0484230,-0.7477095,102.80,-0.395,-0.788,0.85,1,247.9,4.83,0
1736.9132,52.0484245,-0.7477253,102.60,-0.366,-0.657,0.85,1,247.9,4.83,0
1737.9115,52.0484217,-0.7477388,102.50,-0.389,-0.724,0.85,1,247.9,4.83,0
1738.9181,52.0484160,-0.7477617,102.40,-0.716,-1.390,0.85,1,242.8,3.66,0
1739.9157,52.0484128,-0.7477813,102.70,-0.569,-1.169,0.85,1,244.1,4.40,0
1740.9189,52.0484090,-0.7477988,102.40,-0.477,-1.066,0.85,1,245.9,4.89,0
1741.9215,52.0484060,-0.7478125,102.50,-0.390,-0.871,0.85,1,245.9,4.89,0
1742.8904,52.0484020,-0.7478273,102.00,-0.390,-0.871,0.85,1,245.9,4.89,0
1743.9141,52.0483958,-0.7478462,101.70,-0.664,-1.211,0.85,1,241.3,4.14,0
1744.8990,52.0483922,-0.7478588,101.60,-0.664,-1.211,0.85,1,241.3,4.14,0
1745.9187,52.0483857,-0.7478773,101.00,-0.684,-1.155,0.85,1,239.4,4.26,1
1746.9169,52.0483787,-0.7478967,101.10,-0.800,-1.262,0.85,1,237.6,3.83,1
1747.9069,52.0483715,-0.7479163,101.00,-0.832,-1.282,0.85,1,237.0,3.74,1
1748.9115,52.0483657,-0.7479310,100.80,-0.586,-0.846,0.85,1,235.3,5.55,1
1749.9183,52.0483573,-0.7479510,100.50,-0.896,-1.228,0.85,1,233.9,3.76,1
1750.9199,52.0483520,-0.7479657,100.70,-0.590,-0.804,0.85,1,233.9,3.76,1
1751.8896,52.0483460,-0.7479815,100.90,-0.769,-1.022,0.85,1,233.0,4.47,0
1752.9088,52.0483400,-0.7480013,101.10,-0.810,-1.234,0.89,1,236.7,3.87,1
1753.9087,52.0483340,-0.7480225,101.10,-0.746,-1.234,0.89,1,238.8,3.97,1
1754.9152,52.0483328,-0.7480370,101.10,-0.746,-1.234,0.85,1,238.8,3.97,1
1755.9131,52.0483317,-0.7480532,101.30,-0.746,-1.234,0.85,0,238.8,3.97,1
1756.9096,52.0483305,-0.7480685,101.20,-0.746,-1.234,0.85,0,238.8,3.97,1
1757.9209,52.0483303,-0.7480845,101.60,-0.746,-1.234,1.04,0,238.8,3.97,1
1758.9162,52.0483313,-0.7481065,101.70,-0.746,-1.234,0.85,1,238.8,3.97,1
1759.9207,52.0483372,-0.7481220,102.80,-0.746,-1.234,0.85,0,238.8,3.97,1
1760.9160,52.0483393,-0.7481380,102.40,-0.746,-1.234,0.85,1,238.8,3.97,1
1761.9121,52.0483373,-0.7481597,101.90,-0.474,-1.162,0.89,1,247.8,4.56,1
1762.8759,52.0483357,-0.7481830,101.90,-0.318,-1.366,0.89,1,256.9,4.08,0
1763.9067,52.0483370,-0.7482045,102.10,-0.318,-1.366,0.89,1,256.9,4.08,0
1764.8892,52.0483380,-0.7482297,102.70,-0.089,-1.615,0.89,1,266.9,3.54,0
1765.9177,52.0483408,-0.7482475,102.40,-0.089,-1.615,0.89,1,266.9,3.54,0
1766.8973,52.0483467,-0.7482687,101.90,0.477,-1.400,0.89,1,288.8,3.87,1
1767.9125,52.0483528,-0.7482870,102.10,0.830,-1.103,0.89,1,307.0,4.14,1
1768.9044,52.0483603,-0.7483178,102.20,1.416,-1.534,0.85,1,312.7,3.00,0
1769.9206,52.0483660,-0.7483408,102.80,1.127,-1.003,0.85,1,318.3,3.79,1
1770.9101,52.0483735,-0.7483603,103.00,1.240,-0.989,0.85,1,321.4,3.61,1
1771.9246,52.0483818,-0.7483728,103.30,1.083,-0.744,0.85,1,325.5,4.35,0
1772.9162,52.0483945,-0.7483878,104.30,1.772,-0.803,0.85,1,335.6,3.00,0
1773.9175,52.0484060,-0.7484030,104.80,1.527,-0.761,0.85,1,333.5,3.35,1
1774.9092,52.0484150,-0.7484162,104.90,1.221,-0.655,0.85,1,331.8,4.13,1
1775.9249,52.0484225,-0.7484295,104.80,1.072,-0.602,0.85,1,330.7,4.65,1
1776.9172,52.0484347,-0.7484417,105.20,1.487,-0.709,0.85,1,334.5,3.47,1
1777.9160,52.0484452,-0.7484422,106.20,1.262,-0.369,0.85,1,343.7,4.35,0
1778.9240,52.0484432,-0.7484483,105.10,1.262,-0.369,0.85,1,343.7,4.35,0
1779.8733,52.0484508,-0.7484617,104.80,1.262,-0.369,0.85,1,343.7,4.35,0
1780.9185,52.0484515,-0.7484727,104.30,1.262,-0.369,0.85,1,343.7,4.35,0
1781.9189,52.0484373,-0.7484745,103.40,0.050,-1.276,0.85,1,272.3,4.48,0
1782.9172,52.0484467,-0.7484675,105.90,0.050,-1.276,0.85,1,272.3,4.48,0
1783.8746,52.0484562,-0.7484767,105.70,0.050,-1.276,0.85,1,272.3,4.48,0
1784.9230,52.0484622,-0.7484848,105.70,0.050,-1.276,0.85,1,272.3,4.48,0
1785.8935,52.0484723,-0.7484953,105.90,0.050,-1.276,1.01,1,272.3,4.48,0
1786.9139,52.0484840,-0.7484968,106.80,0.050,-1.276,1.01,1,272.3,4.48,0
1787.9117,52.0484922,-0.7484878,107.00,0.050,-1.276,1.01,1,272.3,4.48,0
1788.9195,52.0484995,-0.7484835,108.00,0.050,-1.276,1.01,1,272.3,4.48,0
1789.9132,52.0485107,-0.7484935,108.60,0.050,-1.276,1.42,1,272.3,4.48,0
1790.9139,52.0485248,-0.7485088,108.80,0.050,-1.276,1.13,1,272.3,4.48,0
1791.9118,52.0485370,-0.7485290,108.30,0.050,-1.276,1.13,1,272.3,4.48,0
1792.8775,52.0485473,-0.7485373,108.70,0.050,-1.276,1.13,1,272.3,4.48,0
1793.9093,52.0485637,-0.7485505,109.20,0.933,-1.177,1.13,1,308.4,3.81,0
1794.8888,52.0485717,-0.7485593,109.30,0.933,-1.177,1.13,1,308.4,3.81,0
1795.9189,52.0485805,-0.7485843,108.50,0.933,-1.177,1.04,1,308.4,3.81,0
1796.8951,52.0485898,-0.7486115,107.50,0.891,-0.929,1.04,1,313.8,4.44,0
1797.9235,52.0485917,-0.7486307,106.90,0.891,-0.929,0.85,1,313.8,4.44,0
1798.9059,52.0486005,-0.7486498,106.20,0.891,-0.929,0.85,1,313.8,4.44,0
1799.9112,52.0486108,-0.7486677,105.70,0.891,-0.929,0.88,1,313.8,4.44,0
1800.9205,52.0486220,-0.7486852,105.40,0.883,-0.920,0.85,1,313.9,4.48,0
1801.9252,52.0486302,-0.7487052,104.50,0.883,-0.920,0.85,1,313.9,4.48,0
1802.9243,52.0486293,-0.7487235,103.30,0.883,-0.920,0.85,1,313.9,4.48,0
1803.8801,52.0486338,-0.7487453,101.80,0.883,-0.920,0.85,1,313.9,4.48,0
1804.9128,52.0486397,-0.7487517,101.80,0.883,-0.920,0.85,1,313.9,4.48,0
1805.8978,52.0486555,-0.7487670,101.50,0.944,-0.883,0.85,1,316.9,4.42,0
1806.9169,52.0486768,-0.7487688,103.40,1.431,-0.601,0.85,1,337.2,3.69,0
1807.9159,52.0486897,-0.7487902,102.80,1.203,-0.827,0.85,1,325.5,3.92,0
1808.9229,52.0487030,-0.7488033,103.30,1.203,-0.827,0.85,1,325.5,3.92,0
1809.9086,52.0487097,-0.7488005,104.00,1.203,-0.827,0.93,1,325.5,3.92,0
1810.8759,52.0487227,-0.7488103,104.70,1.203,-0.827,0.93,1,325.5,3.92,0
1811.9096,52.0487280,-0.7488133,105.40,1.203,-0.827,0.93,1,325.5,3.92,0
1812.8929,52.0487365,-0.7488252,105.50,1.203,-0.827,1.13,1,325.5,3.92,0
1813.9135,52.0487418,-0.7488558,104.20,1.203,-0.827,0.99,1,325.5,3.92,0
1814.9110,52.0487482,-0.7488738,103.00,1.203,-0.827,0.99,1,325.5,3.92,0
1815.9185,52.0487512,-0.7488978,102.50,1.203,-0.827,0.99,1,325.5,3.92,0
1816.9148,52.0487443,-0.7489190,101.60,1.203,-0.827,0.99,1,325.5,3.92,0
1817.9171,52.0487503,-0.7489407,102.90,1.203,-0.827,0.89,1,325.5,3.92,0
1818.9183,52.0487495,-0.7489650,101.90,1.203,-0.827,0.89,1,325.5,3.92,0
1819.8858,52.0487543,-0.7489828,100.80,1.203,-0.827,0.89,1,325.5,3.92,0
1820.9160,52.0487618,-0.7490018,100.10,1.203,-0.827,0.89,1,325.5,3.92,0
1821.8976,52.0487643,-0.7490212,99.80,0.174,-1.031,0.85,1,279.6,5.46,0
1822.9155,52.0487723,-0.7490372,99.80,0.174,-1.031,0.85,1,279.6,5.46,0
1823.9145,52.0487695,-0.7490535,100.00,0.174,-1.031,0.85,0,279.6,5.46,0
1824.9040,52.0487683,-0.7490683,99.40,0.174,-1.031,0.85,0,279.6,5.46,0
1825.9156,52.0487700,-0.7490848,100.00,0.174,-1.031,0.85,0,279.6,5.46,0
1826.9184,52.0487687,-0.7491010,100.40,0.174,-1.031,0.85,1,279.6,5.46,0
1827.9077,52.0487615,-0.7491188,100.50,0.174,-1.031,0.85,1,279.6,5.46,0
1828.8925,52.0487535,-0.7491412,101.20,-0.438,-1.322,0.85,1,251.7,4.11,0
1829.9121,52.0487465,-0.7491648,102.00,-0.438,-1.322,0.85,1,251.7,4.11,0
1830.9119,52.0487407,-0.7491888,103.10,-0.438,-1.322,0.85,1,251.7,4.11,0
1831.9167,52.0487312,-0.7492055,104.50,-0.438,-1.322,0.85,1,251.7,4.11,0
1832.9217,52.0487183,-0.7492158,106.00,-1.140,-0.833,0.85,1,216.2,4.05,0
1833.9125,52.0487093,-0.7492178,106.30,-1.140,-0.833,0.89,1,216.2,4.05,0
1834.9146,52.0486973,-0.7492197,106.40,-1.140,-0.833,0.85,1,216.2,4.05,0
1835.8837,52.0486837,-0.7492213,106.60,-1.140,-0.833,0.85,1,216.2,4.05,0
1836.9191,52.0486713,-0.7492195,106.10,-1.140,-0.833,0.85,1,216.2,4.05,0
1837.8996,52.0486608,-0.7492023,104.70,-1.673,0.523,0.89,1,162.7,3.27,0
1838.9156,52.0486510,-0.7491877,103.50,-1.192,0.784,0.89,1,146.7,4.01,0
1839.9040,52.0486528,-0.7491637,100.50,-0.621,1.785,0.85,1,109.2,3.03,0
1840.9072,52.0486520,-0.7491440,98.90,-0.621,1.785,0.85,1,109.2,3.03,0
1841.9041,52.0486460,-0.7491298,98.10,-0.621,1.785,0.89,1,109.2,3.03,0
1842.9087,52.0486348,-0.7491218,98.20,-0.621,1.785,0.89,1,109.2,3.03,0
1843.9087,52.0486210,-0.7491173,98.70,-0.621,1.785,0.89,1,109.2,3.03,0
1844.8808,52.0486080,-0.7491152,98.60,-0.621,1.785,0.89,1,109.2,3.03,0
1845.9153,52.0485980,-0.7491103,98.40,-0.621,1.785,0.89,1,109.2,3.03,0
1846.8950,52.0485842,-0.7491037,98.90,-0.621,1.785,0.89,1,109.2,3.03,0
1847.9094,52.0485733,-0.7491032,98.70,-0.621,1.785,0.89,1,109.2,3.03,0
1848.9045,52.0485635,-0.7490972,98.50,-0.621,1.785,0.89,1,109.2,3.03,0
1849.9093,52.0485462,-0.7490938,99.50,-1.110,1.063,0.89,1,136.2,3.72,0
1850.9195,52.0485352,-0.7490890,99.80,-1.110,1.063,0.89,1,136.2,3.72,0
1851.9115,52.0485203,-0.7490942,100.20,-1.110,1.063,0.89,1,136.2,3.72,0
1852.9147,52.0484977,-0.7490933,96.90,-1.967,1.410,0.89,1,144.4,3.00,1
1853.8836,52.0484790,-0.7490765,94.90,-1.875,1.444,0.89,1,142.4,3.00,0
1854.9125,52.0484653,-0.7490690,94.60,-1.046,0.762,0.89,1,143.9,4.42,1
1855.8893,52.0484567,-0.7490620,94.80,-0.710,0.562,0.89,1,143.9,4.42,1
1856.9156,52.0484527,-0.7490538,94.80,-0.710,0.562,0.89,1,143.9,4.42,1
1857.8927,52.0484508,-0.7490388,95.70,-0.710,0.562,0.89,1,143.9,4.42,1
1858.9071,52.0484502,-0.7490232,96.00,-0.710,0.562,0.89,1,143.9,4.42,1
1859.8991,52.0484493,-0.7490072,96.40,-0.710,0.562,0.89,1,143.9,4.42,1
1860.9121,52.0484468,-0.7489947,96.50,-0.710,0.562,0.89,1,143.9,4.42,1
1861.9035,52.0484488,-0.7489820,96.70,-0.710,0.562,0.89,1,143.9,4.42,1
1862.9175,52.0484557,-0.7489653,96.50,0.152,1.407,0.89,1,83.8,4.04,0
1863.9112,52.0484598,-0.7489510,96.40,0.152,1.407,0.89,1,83.8,4.04,0
1864.9125,52.0484670,-0.7489387,96.60,0.152,1.407,0.89,1,83.8,4.04,0
1865.9175,52.0484667,-0.7489263,97.50,0.152,1.407,0.89,1,83.8,4.04,0
1866.9174,52.0484660,-0.7489147,98.20,0.152,1.407,0.89,1,83.8,4.04,0
1867.9141,52.0484562,-0.7489072,99.20,0.152,1.407,0.89,1,83.8,4.04,0
1868.9122,52.0484565,-0.7488990,99.60,0.152,1.407,0.89,1,83.8,4.04,0
1869.9062,52.0484542,-0.7489002,101.50,0.152,1.407,0.96,1,83.8,4.04,0
1870.8722,52.0484358,-0.7489203,104.10,-1.909,1.157,0.96,1,148.8,3.00,0
1871.8997,52.0484328,-0.7489207,106.00,-1.909,1.157,1.24,1,148.8,3.00,0
1872.8788,52.0484305,-0.7489067,109.30,-1.909,1.157,0.96,1,148.8,3.00,0
1873.9086,52.0484288,-0.7489075,110.70,-1.909,1.157,1.04,1,148.8,3.00,0
1874.8866,52.0484262,-0.7489057,112.90,-1.909,1.157,1.04,1,148.8,3.00,0
1875.9163,52.0484267,-0.7489043,114.40,-1.909,1.157,1.16,1,148.8,3.00,0
1876.8947,52.0484257,-0.7489112,116.00,-1.909,1.157,1.16,1,148.8,3.00,0
1877.9092,52.0484292,-0.7489173,116.30,-1.909,1.157,1.16,1,148.8,3.00,0
1878.9019,52.0484330,-0.7489210,116.40,-1.909,1.157,1.01,1,148.8,3.00,0
1879.9166,52.0484433,-0.7489163,115.90,-1.909,1.157,1.01,1,148.8,3.00,0
1880.9094,52.0484517,-0.7489182,116.30,-1.909,1.157,1.01,0,148.8,3.00,0
1881.9089,52.0484492,-0.7489177,118.70,-1.909,1.157,0.89,0,148.8,3.00,0
1882.9120,52.0484522,-0.7489153,119.30,-1.909,1.157,0.86,1,148.8,3.00,0
1883.9264,52.0484498,-0.7489095,120.60,-1.909,1.157,0.86,0,148.8,3.00,0
1884.9236,52.0484490,-0.7488955,121.50,-1.909,1.157,0.86,0,148.8,3.00,0
1885.9137,52.0484463,-0.7488873,122.20,-1.909,1.157,0.86,1,148.8,3.00,0
1886.9139,52.0484393,-0.7488743,123.80,-1.909,1.157,0.90,1,148.8,3.00,0
1887.8739,52.0484410,-0.7488748,123.60,-1.909,1.157,1.10,1,148.8,3.00,0
1888.9218,52.0484435,-0.7488785,123.10,-1.909,1.157,1.10,1,148.8,3.00,0
1889.8911,52.0484478,-0.7488807,122.50,-1.909,1.157,1.10,1,148.8,3.00,0
1890.9134,52.0484487,-0.7488863,122.80,-1.909,1.157,1.10,1,148.8,3.00,0
1891.9073,52.0484547,-0.7488833,121.80,-1.909,1.157,1.10,1,148.8,3.00,0
1892.9177,52.0484570,-0.7488845,121.60,-1.909,1.157,1.10,1,148.8,3.00,0
1893.9071,52.0484558,-0.7488908,122.20,-1.909,1.157,1.10,1,148.8,3.00,0
1894.9131,52.0484550,-0.7488945,122.40,-1.909,1.157,1.10,1,148.8,3.00,0
1895.9126,52.0484568,-0.7488970,122.20,-1.909,1.157,1.10,1,148.8,3.00,0
1896.9173,52.0484592,-0.7488985,121.90,-1.909,1.157,1.10,1,148.8,3.00,0
1897.9069,52.0484640,-0.7488950,121.00,-1.909,1.157,1.10,1,148.8,3.00,0
1898.8775,52.0484655,-0.7488913,120.70,-1.909,1.157,1.10,1,148.8,3.00,0
1899.9253,52.0484677,-0.7488842,120.20,-1.909,1.157,0.90,1,148.8,3.00,0
1900.8985,52.0484713,-0.7488737,119.10,-1.909,1.157,0.90,1,148.8,3.00,0
1901.9183,52.0484752,-0.7488655,118.20,-1.909,1.157,0.90,1,148.8,3.00,0
1902.9165,52.0484745,-0.7488642,118.30,-1.909,1.157,0.90,1,148.8,3.00,0
1903.9081,52.0484747,-0.7488622,118.20,-1.909,1.157,0.90,1,148.8,3.00,0
1904.9112,52.0484750,-0.7488613,118.10,-1.909,1.157,0.90,1,148.8,3.00,0
1905.9176,52.0484762,-0.7488655,117.90,-1.909,1.157,0.90,1,148.8,3.00,0
1906.9161,52.0484763,-0.7488705,118.10,-1.909,1.157,0.90,1,148.8,3.00,0
1907.9208,52.0484712,-0.7488835,119.60,-1.909,1.157,0.90,1,148.8,3.00,0
1908.9218,52.0484657,-0.7488945,121.00,-1.909,1.157,0.90,1,148.8,3.00,0
1909.8955,52.0484652,-0.7489023,121.40,-1.909,1.157,0.90,1,148.8,3.00,0
1910.9172,52.0484628,-0.7489058,121.90,-1.909,1.157,0.94,1,148.8,3.00,0
1911.9148,52.0484648,-0.7489012,121.40,-1.909,1.157,0.94,1,148.8,3.00,0
1912.9229,52.0484597,-0.7489130,123.00,-1.909,1.157,0.90,1,148.8,3.00,0
1913.9186,52.0484592,-0.7489167,123.10,-1.909,1.157,0.94,1,148.8,3.00,0
1914.8769,52.0484607,-0.7489168,122.90,-1.909,1.157,0.94,1,148.8,3.00,0
1915.9095,52.0484595,-0.7489183,123.20,-1.909,1.157,0.94,1,148.8,3.00,0
1916.8957,52.0484637,-0.7489160,122.70,-1.909,1.157,0.94,1,148.8,3.00,0
1917.9175,52.0484667,-0.7489095,121.80,-1.909,1.157,0.94,1,148.8,3.00,0
1918.9160,52.0484673,-0.7489078,121.70,-1.909,1.157,0.94,1,148.8,3.00,0
1919.9247,52.0484660,-0.7489128,122.10,-1.909,1.157,0.94,1,148.8,3.00,0
1920.9213,52.0484695,-0.7489070,121.10,-1.909,1.157,0.94,1,148.8,3.00,0
1921.8814,52.0484693,-0.7489080,121.20,-1.909,1.157,0.94,1,148.8,3.00,0
1922.9161,52.0484695,-0.7489058,121.10,-1.909,1.157,0.94,1,148.8,3.00,0
1923.8985,52.0484690,-0.7489088,121.40,-1.909,1.157,0.94,1,148.8,3.00,0
1924.9061,52.0484697,-0.7489100,121.30,-1.909,1.157,0.94,1,148.8,3.00,0
1925.9096,52.0484700,-0.7489107,121.30,-1.909,1.157,0.94,1,148.8,3.00,0
1926.9172,52.0484723,-0.7489073,120.70,-1.909,1.157,0.94,1,148.8,3.00,0
1927.9098,52.0484735,-0.7489122,120.80,-1.909,1.157,0.94,1,148.8,3.00,0
1928.8880,52.0484733,-0.7489145,121.00,-1.909,1.157,0.94,1,148.8,3.00,0
1929.9150,52.0484705,-0.7489203,121.80,-1.909,1.157,0.94,1,148.8,3.00,0
1930.9177,52.0484687,-0.7489223,122.20,-1.909,1.157,0.94,1,148.8,3.00,0
1931.9125,52.0484700,-0.7489228,121.80,-1.909,1.157,0.94,1,148.8,3.00,0
1932.9109,52.0484698,-0.7489273,122.10,-1.909,1.157,0.94,1,148.8,3.00,0
1933.8847,52.0484713,-0.7489273,121.80,-1.909,1.157,0.94,1,148.8,3.00,0
1934.9136,52.0484708,-0.7489278,121.90,-1.909,1.157,0.94,1,148.8,3.00,0
1935.9078,52.0484680,-0.7489312,122.50,-1.909,1.157,0.94,1,148.8,3.00,0
1936.9206,52.0484680,-0.7489283,122.20,-1.909,1.157,0.94,1,148.8,3.00,0
1937.9259,52.0484670,-0.7489265,122.40,-1.909,1.157,0.94,1,148.8,3.00,0
1938.8878,52.0484682,-0.7489252,122.20,-1.909,1.157,0.90,1,148.8,3.00,0
1939.9165,52.0484708,-0.7489230,121.70,-1.909,1.157,0.90,1,148.8,3.00,0
1940.9044,52.0484727,-0.7489220,121.40,-1.909,1.157,0.90,1,148.8,3.00,0
1941.9080,52.0484742,-0.7489252,121.30,-1.909,1.157,0.94,1,148.8,3.00,0
1942.9161,52.0484720,-0.7489248,121.70,-1.909,1.157,0.94,1,148.8,3.00,0
1943.8847,52.0484677,-0.7489308,122.70,-1.909,1.157,0.94,1,148.8,3.00,0
1944.9178,52.0484643,-0.7489357,123.40,-1.909,1.157,0.94,1,148.8,3.00,0
1945.9024,52.0484572,-0.7489417,125.00,-1.909,1.157,0.90,1,148.8,3.00,0
1946.9203,52.0484500,-0.7489493,126.70,-1.909,1.157,0.90,1,148.8,3.00,0
1947.9157,52.0484462,-0.7489580,127.70,-1.909,1.157,0.90,1,148.8,3.00,0
1948.8843,52.0484443,-0.7489702,128.60,-0.974,-0.499,0.94,1,207.1,5.22,0
1949.9055,52.0484443,-0.7489705,128.70,-0.974,-0.499,1.12,1,207.1,5.22,0
1950.9151,52.0484423,-0.7489707,129.10,-0.974,-0.499,1.12,1,207.1,5.22,0
1951.8824,52.0484400,-0.7489750,129.60,-0.974,-0.499,1.07,1,207.1,5.22,0
1952.9132,52.0484368,-0.7489775,130.30,-0.974,-0.499,1.12,1,207.1,5.22,0
1953.9094,52.0484370,-0.7489815,130.30,-0.974,-0.499,1.07,1,207.1,5.22,0
1954.9082,52.0484362,-0.7489830,130.50,-0.974,-0.499,1.07,1,207.1,5.22,0
1955.9200,52.0484368,-0.7489858,130.50,-0.974,-0.499,1.07,1,207.1,5.22,0
1956.8882,52.0484408,-0.7489830,129.70,-0.974,-0.499,1.12,1,207.1,5.22,0
1957.9065,52.0484427,-0.7489885,129.50,-0.974,-0.499,1.07,1,207.1,5.22,0
1958.9152,52.0484427,-0.7489868,129.50,-0.974,-0.499,1.07,1,207.1,5.22,0
1959.9182,52.0484430,-0.7489827,129.40,-0.974,-0.499,1.12,1,207.1,5.22,0
1960.9137,52.0484487,-0.7489715,127.80,-0.974,-0.499,1.12,1,207.1,5.22,0
1961.8829,52.0484502,-0.7489648,127.30,-0.974,-0.499,1.12,1,207.1,5.22,0
1962.9139,52.0484530,-0.7489610,126.60,-0.974,-0.499,1.12,1,207.1,5.22,0
1963.9094,52.0484525,-0.7489602,126.60,-0.974,-0.499,1.07,1,207.1,5.22,0
1964.8740,52.0484537,-0.7489573,126.20,-0.974,-0.499,1.12,1,207.1,5.22,0
1965.9038,52.0484547,-0.7489567,126.00,-0.974,-0.499,1.12,1,207.1,5.22,0
1966.9103,52.0484528,-0.7489568,126.30,-0.974,-0.499,1.12,1,207.1,5.22,0
1967.9123,52.0484527,-0.7489557,126.20,-0.974,-0.499,1.12,1,207.1,5.22,0
1968.9129,52.0484532,-0.7489532,126.00,-0.974,-0.499,1.12,1,207.1,5.22,0
1969.8799,52.0484512,-0.7489573,126.50,-0.974,-0.499,1.12,1,207.1,5.22,0
1970.9109,52.0484512,-0.7489587,126.50,-0.974,-0.499,1.12,1,207.1,5.22,0
1971.9071,52.0484538,-0.7489500,125.60,-0.974,-0.499,1.12,1,207.1,5.22,0
1972.8730,52.0484527,-0.7489472,125.80,-0.974,-0.499,1.12,1,207.1,5.22,0
1973.9072,52.0484507,-0.7489403,126.10,-0.974,-0.499,1.12,1,207.1,5.22,0
1974.9034,52.0484515,-0.7489418,126.00,-0.974,-0.499,1.46,1,207.1,5.22,0
1975.9105,52.0484525,-0.7489453,126.00,-0.974,-0.499,1.46,1,207.1,5.22,0
1976.9092,52.0484522,-0.7489507,126.30,-0.974,-0.499,1.46,1,207.1,5.22,0
1977.8768,52.0484515,-0.7489583,126.50,-0.974,-0.499,1.46,1,207.1,5.22,0
1978.9105,52.0484513,-0.7489640,126.70,-0.974,-0.499,1.46,1,207.1,5.22,0
1979.8991,52.0484497,-0.7489668,127.30,-0.974,-0.499,1.46,1,207.1,5.22,0
1980.9039,52.0484462,-0.7489828,128.50,-0.974,-0.499,1.20,1,207.1,5.22,0
1981.9078,52.0484480,-0.7489898,128.50,-0.974,-0.499,1.20,1,207.1,5.22,0
1982.9156,52.0484463,-0.7490007,129.40,-0.974,-0.499,1.20,1,207.1,5.22,0
1983.9182,52.0484447,-0.7490228,130.40,-0.974,-0.499,1.20,1,207.1,5.22,0
1984.8897,52.0484443,-0.7490355,130.80,-0.974,-0.499,1.20,1,207.1,5.22,0
1985.9135,52.0484487,-0.7490437,129.90,-0.974,-0.499,1.20,1,207.1,5.22,0
1986.8981,52.0484525,-0.7490512,129.60,-0.974,-0.499,1.20,1,207.1,5.22,0
1987.9079,52.0484532,-0.7490608,130.30,-0.974,-0.499,1.20,1,207.1,5.22,0
1988.8950,52.0484538,-0.7490715,130.60,-0.974,-0.499,1.20,1,207.1,5.22,0
1989.9024,52.0484560,-0.7490730,130.30,-0.974,-0.499,1.20,1,207.1,5.22,0
1990.9135,52.0484580,-0.7490788,130.10,-0.974,-0.499,1.20,1,207.1,5.22,0
1991.9040,52.0484582,-0.7490862,130.30,-0.974,-0.499,1.20,1,207.1,5.22,0
1992.9076,52.0484588,-0.7490858,130.20,-0.974,-0.499,1.04,1,207.1,5.22,0
1993.9130,52.0484622,-0.7490867,129.30,-0.974,-0.499,1.04,1,207.1,5.22,0
1994.9115,52.0484663,-0.7490812,128.30,-0.974,-0.499,1.04,1,207.1,5.22,0
1995.9179,52.0484692,-0.7490795,127.80,-0.974,-0.499,1.04,1,207.1,5.22,0
1996.9156,52.0484730,-0.7490753,127.10,-0.974,-0.499,1.04,1,207.1,5.22,0
1997.9058,52.0484780,-0.7490685,126.20,-0.974,-0.499,1.04,1,207.1,5.22,0
1998.9218,52.0484823,-0.7490672,125.20,-0.974,-0.499,1.04,1,207.1,5.22,0
1999.9205,52.0484817,-0.7490530,125.30,-0.974,-0.499,0.89,1,207.1,5.22,0
2000.9104,52.0484808,-0.7490442,125.50,-0.974,-0.499,0.89,1,207.1,5.22,0
2001.9119,52.0484813,-0.7490435,125.30,-0.974,-0.499,0.89,1,207.1,5.22,0
2002.9225,52.0484823,-0.7490360,125.20,-0.974,-0.499,0.86,1,207.1,5.22,0
2003.9169,52.0484812,-0.7490293,125.70,-0.974,-0.499,0.86,1,207.1,5.22,0
2004.8962,52.0484818,-0.7490223,125.40,-0.974,-0.499,0.89,1,207.1,5.22,0
2005.9108,52.0484822,-0.7490120,125.20,-0.974,-0.499,0.89,1,207.1,5.22,0
2006.9177,52.0484808,-0.7490028,125.60,-0.974,-0.499,0.89,1,207.1,5.22,0
2007.9182,52.0484790,-0.7489983,126.10,-0.974,-0.499,0.89,1,207.1,5.22,0
2008.9201,52.0484805,-0.7489932,125.60,-0.974,-0.499,0.89,1,207.1,5.22,0
2009.9037,52.0484792,-0.7489802,125.60,-0.974,-0.499,0.89,1,207.1,5.22,0
2010.9237,52.0484767,-0.7489745,126.30,-0.974,-0.499,0.86,1,207.1,5.22,0
2011.9168,52.0484763,-0.7489733,126.90,-0.974,-0.499,0.86,1,207.1,5.22,0
2012.9197,52.0484745,-0.7489677,127.10,-0.974,-0.499,0.86,1,207.1,5.22,0
2013.9183,52.0484723,-0.7489618,127.20,-0.974,-0.499,0.90,1,207.1,5.22,0
2014.8829,52.0484693,-0.7489607,127.90,-0.974,-0.499,0.86,1,207.1,5.22,0
2015.9308,52.0484708,-0.7489533,127.20,-0.974,-0.499,0.86,1,207.1,5.22,0
2016.9129,52.0484697,-0.7489487,127.50,-0.974,-0.499,0.86,1,207.1,5.22,0
2017.9220,52.0484700,-0.7489440,127.20,-0.974,-0.499,0.86,1,207.1,5.22,0
2018.9211,52.0484692,-0.7489468,127.40,-0.974,-0.499,0.86,1,207.1,5.22,0
2019.9193,52.0484683,-0.7489495,127.60,-0.974,-0.499,0.86,1,207.1,5.22,0
2020.9143,52.0484705,-0.7489470,126.80,-0.974,-0.499,0.86,1,207.1,5.22,0
2021.9165,52.0484688,-0.7489435,126.50,-0.974,-0.499,0.86,1,207.1,5.22,0
2022.9190,52.0484710,-0.7489455,125.90,-0.974,-0.499,0.97,1,207.1,5.22,0
2023.8896,52.0484728,-0.7489447,125.20,-0.974,-0.499,0.86,1,207.1,5.22,0
2024.9170,52.0484745,-0.7489455,124.60,-0.974,-0.499,0.86,1,207.1,5.22,0
2025.9122,52.0484728,-0.7489455,124.50,-0.974,-0.499,0.90,1,207.1,5.22,0
2026.9112,52.0484732,-0.7489442,123.80,-0.974,-0.499,0.90,1,207.1,5.22,0
2027.9182,52.0484752,-0.7489368,122.70,-0.974,-0.499,0.90,1,207.1,5.22,0
2028.8815,52.0484787,-0.7489342,121.90,-0.974,-0.499,0.90,1,207.1,5.22,0
2029.9210,52.0484823,-0.7489267,121.30,-0.974,-0.499,0.86,1,207.1,5.22,0
2030.9137,52.0484857,-0.7489177,120.70,-0.974,-0.499,0.86,1,207.1,5.22,0
2031.9185,52.0484872,-0.7489122,120.50,-0.974,-0.499,0.86,1,207.1,5.22,0
2032.9146,52.0484870,-0.7489058,120.50,-0.974,-0.499,0.86,1,207.1,5.22,0
2033.9176,52.0484867,-0.7489012,120.30,-0.974,-0.499,0.86,1,207.1,5.22,0
2034.9209,52.0484872,-0.7488943,119.60,-0.974,-0.499,0.86,1,207.1,5.22,0
2035.8807,52.0484857,-0.7488873,119.70,-0.974,-0.499,0.86,1,207.1,5.22,0
2036.9146,52.0484863,-0.7488748,119.10,-0.974,-0.499,0.86,1,207.1,5.22,0
2037.8886,52.0484875,-0.7488692,118.40,-0.974,-0.499,0.90,1,207.1,5.22,0
2038.9173,52.0484867,-0.7488677,118.60,-0.974,-0.499,0.90,1,207.1,5.22,0
2039.9170,52.0484867,-0.7488677,118.50,-0.974,-0.499,0.90,1,207.1,5.22,0
2040.9231,52.0484872,-0.7488677,118.40,-0.974,-0.499,0.90,1,207.1,5.22,0
2041.9209,52.0484868,-0.7488673,118.60,-0.974,-0.499,0.90,1,207.1,5.22,0
2042.8795,52.0484857,-0.7488695,119.00,-0.974,-0.499,0.90,1,207.1,5.22,0
2043.9294,52.0484858,-0.7488638,118.50,-0.974,-0.499,0.86,1,207.1,5.22,0
2044.8971,52.0484848,-0.7488578,118.40,-0.974,-0.499,0.97,1,207.1,5.22,0
2045.9148,52.0484843,-0.7488527,118.30,-0.974,-0.499,0.97,1,207.1,5.22,0
2046.9092,52.0484857,-0.7488507,117.90,-0.974,-0.499,1.08,1,207.1,5.22,0
2047.8905,52.0484862,-0.7488492,117.70,-0.974,-0.499,0.90,1,207.1,5.22,0
2048.9186,52.0484863,-0.7488452,117.30,-0.974,-0.499,0.90,1,207.1,5.22,0
2049.9152,52.0484832,-0.7488455,117.80,-0.974,-0.499,0.90,1,207.1,5.22,0
2050.9145,52.0484817,-0.7488452,117.80,-0.974,-0.499,0.90,1,207.1,5.22,0
2051.9139,52.0484810,-0.7488443,117.80,-0.974,-0.499,0.90,1,207.1,5.22,0
2052.8780,52.0484762,-0.7488525,119.10,-0.974,-0.499,0.90,1,207.1,5.22,0
2053.9233,52.0484723,-0.7488600,120.00,-0.974,-0.499,0.90,1,207.1,5.22,0
2054.9186,52.0484735,-0.7488605,119.70,-0.974,-0.499,0.90,1,207.1,5.22,0
2055.9131,52.0484733,-0.7488617,119.90,-0.974,-0.499,1.08,1,207.1,5.22,0
2056.9100,52.0484743,-0.7488627,119.70,-0.974,-0.499,1.08,1,207.1,5.22,0
2057.8777,52.0484748,-0.7488615,119.60,-0.974,-0.499,1.12,1,207.1,5.22,0
2058.9237,52.0484737,-0.7488645,120.00,-0.974,-0.499,1.12,1,207.1,5.22,0
2059.9156,52.0484705,-0.7488697,120.80,-0.974,-0.499,1.12,1,207.1,5.22,0
2060.9173,52.0484678,-0.7488715,121.30,-0.974,-0.499,1.12,1,207.1,5.22,0
2061.9127,52.0484660,-0.7488787,122.00,-0.974,-0.499,1.08,1,207.1,5.22,0
2062.8931,52.0484618,-0.7488845,123.20,-0.974,-0.499,1.08,1,207.1,5.22,0
2063.9114,52.0484555,-0.7488917,124.80,-0.974,-0.499,1.08,1,207.1,5.22,0
2064.9082,52.0484537,-0.7488940,125.20,-0.974,-0.499,1.12,1,207.1,5.22,0
2065.8734,52.0484492,-0.7488932,126.10,-0.974,-0.499,1.12,1,207.1,5.22,0
2066.9177,52.0484480,-0.7488860,126.00,-0.974,-0.499,1.12,1,207.1,5.22,0
2067.8998,52.0484482,-0.7488858,126.10,-0.974,-0.499,1.12,1,207.1,5.22,0
2068.9151,52.0484443,-0.7488952,127.40,-0.974,-0.499,0.94,1,207.1,5.22,0
2069.9106,52.0484450,-0.7489017,127.60,-0.974,-0.499,0.94,1,207.1,5.22,0
2070.9200,52.0484440,-0.7489018,128.10,-0.974,-0.499,0.94,1,207.1,5.22,0
2071.9195,52.0484445,-0.7489003,128.20,-0.974,-0.499,0.94,1,207.1,5.22,0
2072.8860,52.0484413,-0.7489008,129.10,-0.974,-0.499,0.94,1,207.1,5.22,0
2073.9195,52.0484398,-0.7488958,129.40,-0.974,-0.499,0.94,1,207.1,5.22,0
2074.9147,52.0484415,-0.7488867,128.70,-0.974,-0.499,1.13,1,207.1,5.22,0
2075.9181,52.0484463,-0.7488810,127.80,-0.974,-0.499,1.14,1,207.1,5.22,0
2076.9127,52.0484480,-0.7488830,127.80,-0.974,-0.499,1.14,1,207.1,5.22,0
2077.8906,52.0484440,-0.7488812,128.70,-0.974,-0.499,0.94,1,207.1,5.22,0
2078.9198,52.0484415,-0.7488747,129.00,-0.974,-0.499,0.94,1,207.1,5.22,0
2079.9036,52.0484310,-0.7488738,131.20,-0.974,-0.499,0.94,1,207.1,5.22,0
2080.9202,52.0484255,-0.7488727,132.20,-0.974,-0.499,0.94,1,207.1,5.22,0
2081.9137,52.0484242,-0.7488675,132.30,-0.974,-0.499,0.94,1,207.1,5.22,0
2082.8805,52.0484192,-0.7488553,132.90,-0.974,-0.499,0.94,1,207.1,5.22,0
2083.9095,52.0484113,-0.7488397,133.90,-1.082,0.466,0.94,1,156.7,4.85,0
2084.9130,52.0484090,-0.7488270,133.90,-1.082,0.466,0.94,1,156.7,4.85,0
2085.9152,52.0484098,-0.7488290,133.90,-1.082,0.466,1.14,1,156.7,4.85,0
2086.9116,52.0484120,-0.7488325,133.80,-1.082,0.466,1.14,1,156.7,4.85,0
2087.8789,52.0484130,-0.7488483,134.30,-1.082,0.466,1.10,1,156.7,4.85,0
2088.9226,52.0484098,-0.7488555,135.20,-1.082,0.466,1.14,1,156.7,4.85,0
2089.8995,52.0484113,-0.7488585,135.20,-1.082,0.466,1.14,1,156.7,4.85,0
2090.9160,52.0484137,-0.7488600,135.00,-1.082,0.466,1.14,1,156.7,4.85,0
2091.9097,52.0484120,-0.7488730,136.00,-1.082,0.466,1.10,1,156.7,4.85,0
2092.8760,52.0484093,-0.7488888,137.30,-1.082,0.466,1.10,1,156.7,4.85,0
2093.9225,52.0484042,-0.7489057,139.10,-1.082,0.466,1.10,1,156.7,4.85,0
2094.8887,52.0484058,-0.7489098,139.20,-1.082,0.466,1.14,1,156.7,4.85,0
2095.9080,52.0484060,-0.7489105,139.40,-1.082,0.466,1.14,1,156.7,4.85,0
2096.9155,52.0484052,-0.7489180,140.00,-1.082,0.466,1.14,1,156.7,4.85,0
2097.9036,52.0484078,-0.7489152,139.60,-1.082,0.466,1.22,1,156.7,4.85,0
2098.9158,52.0484105,-0.7489148,139.20,-1.082,0.466,1.22,1,156.7,4.85,0
2099.8967,52.0484130,-0.7489122,138.70,-1.082,0.466,1.22,1,156.7,4.85,0
2100.9120,52.0484187,-0.7489075,137.50,-1.082,0.466,1.22,1,156.7,4.85,0
2101.9082,52.0484267,-0.7488990,135.80,-1.082,0.466,1.22,1,156.7,4.85,0
2102.8723,52.0484303,-0.7488985,135.30,-1.082,0.466,1.22,1,156.7,4.85,0
2103.9033,52.0484328,-0.7489017,135.00,-1.082,0.466,1.22,1,156.7,4.85,0
2104.8981,52.0484358,-0.7489063,134.80,-1.082,0.466,1.22,1,156.7,4.85,0
2105.9116,52.0484418,-0.7489033,133.50,-1.082,0.466,1.22,1,156.7,4.85,0
2106.9106,52.0484457,-0.7489028,132.90,-1.082,0.466,1.22,1,156.7,4.85,0
2107.8915,52.0484493,-0.7489008,132.10,-1.082,0.466,1.22,1,156.7,4.85,0
2108.9108,52.0484530,-0.7488978,131.40,-1.082,0.466,1.22,1,156.7,4.85,0
2109.9074,52.0484573,-0.7488940,130.40,-1.082,0.466,1.21,1,156.7,4.85,0
2110.9082,52.0484623,-0.7488902,129.30,-1.082,0.466,1.21,1,156.7,4.85,0
2111.9061,52.0484670,-0.7488882,128.40,-1.082,0.466,1.21,1,156.7,4.85,0
2112.8857,52.0484710,-0.7488847,127.50,-1.082,0.466,1.21,1,156.7,4.85,0
2113.9047,52.0484742,-0.7488838,127.00,-1.082,0.466,1.03,1,156.7,4.85,0
2114.9126,52.0484785,-0.7488840,126.20,-1.082,0.466,1.03,1,156.7,4.85,0
2115.8766,52.0484840,-0.7488753,124.50,-1.082,0.466,1.03,1,156.7,4.85,0
2116.9098,52.0484877,-0.7488660,123.40,-1.082,0.466,1.03,1,156.7,4.85,0
2117.8908,52.0484877,-0.7488647,123.40,-1.082,0.466,1.03,1,156.7,4.85,0
2118.9249,52.0484910,-0.7488597,122.50,-1.082,0.466,1.03,1,156.7,4.85,0
2119.9206,52.0484963,-0.7488590,121.50,-1.082,0.466,1.11,1,156.7,4.85,0
2120.8868,52.0484970,-0.7488662,121.80,-1.082,0.466,1.09,1,156.7,4.85,0
2121.9206,52.0484968,-0.7488687,122.00,-1.082,0.466,1.11,1,156.7,4.85,0
2122.9142,52.0484940,-0.7488785,122.70,-1.082,0.466,1.11,1,156.7,4.85,0
2123.9194,52.0484908,-0.7488917,123.80,-1.082,0.466,1.11,1,156.7,4.85,0
2124.9176,52.0484913,-0.7488967,123.90,-1.082,0.466,1.11,1,156.7,4.85,0
2125.8865,52.0484872,-0.7488958,124.70,-1.082,0.466,1.11,1,156.7,4.85,0
2126.9200,52.0484818,-0.7489008,125.80,-1.082,0.466,1.11,1,156.7,4.85,0
2127.9149,52.0484743,-0.7489200,128.10,-1.082,0.466,1.00,1,156.7,4.85,0
2128.8833,52.0484702,-0.7489412,129.80,-1.018,-0.514,1.00,1,206.8,5.01,0
2129.9161,52.0484682,-0.7489625,131.10,-0.643,-1.117,1.00,1,240.1,4.44,0
2130.9005,52.0484645,-0.7489895,133.00,-0.440,-1.504,1.00,1,253.7,3.65,0
2131.9184,52.0484590,-0.7490120,135.10,-0.393,-1.231,1.00,1,252.3,4.42,0
2132.9153,52.0484542,-0.7490428,137.50,-0.427,-1.727,1.00,1,256.1,3.22,0
2133.8815,52.0484547,-0.7490570,138.00,-0.302,-1.308,1.11,1,257.0,4.26,0
2134.9137,52.0484535,-0.7490582,138.30,-0.302,-1.308,1.11,1,257.0,4.26,0
2135.9062,52.0484510,-0.7490623,139.00,-0.302,-1.308,1.11,1,257.0,4.26,0
2136.9125,52.0484503,-0.7490610,139.00,-0.302,-1.308,1.11,1,257.0,4.26,0
2137.9070,52.0484483,-0.7490595,139.20,-0.302,-1.308,1.11,1,257.0,4.26,0
2138.8847,52.0484487,-0.7490565,139.00,-0.302,-1.308,1.11,1,257.0,4.26,0
2139.9021,52.0484530,-0.7490535,138.10,-0.302,-1.308,1.11,1,257.0,4.26,0
2140.8992,52.0484555,-0.7490477,137.40,-0.302,-1.308,1.11,1,257.0,4.26,0
2141.8995,52.0484535,-0.7490522,138.00,-0.302,-1.308,1.11,1,257.0,4.26,0
2142.9076,52.0484535,-0.7490525,138.00,-0.302,-1.308,1.11,1,257.0,4.26,0
2143.8751,52.0484523,-0.7490525,138.40,-0.302,-1.308,1.11,1,257.0,4.26,0
2144.9075,52.0484525,-0.7490500,138.20,-0.302,-1.308,1.00,1,257.0,4.26,0
2145.9160,52.0484532,-0.7490382,137.60,-0.302,-1.308,1.00,1,257.0,4.26,0
2146.9139,52.0484545,-0.7490297,137.00,-0.302,-1.308,1.00,1,257.0,4.26,0
2147.9145,52.0484617,-0.7490090,134.80,-0.302,-1.308,1.00,1,257.0,4.26,0
2148.8793,52.0484627,-0.7489983,134.20,-0.302,-1.308,1.00,1,257.0,4.26,0
2149.9082,52.0484635,-0.7489895,133.70,-0.302,-1.308,1.00,1,257.0,4.26,0
2150.9150,52.0484625,-0.7489853,133.60,-0.302,-1.308,1.00,1,257.0,4.26,0
2151.9154,52.0484673,-0.7489745,132.20,-0.302,-1.308,1.00,1,257.0,4.26,0
2152.9134,52.0484660,-0.7489720,132.40,-0.302,-1.308,1.00,1,257.0,4.26,0
2153.8968,52.0484660,-0.7489740,132.40,-0.302,-1.308,1.00,1,257.0,4.26,0
2154.9186,52.0484712,-0.7489643,131.10,-0.302,-1.308,1.00,1,257.0,4.26,0
2155.9093,52.0484690,-0.7489655,131.40,-0.302,-1.308,1.00,1,257.0,4.26,0
2156.9094,52.0484665,-0.7489743,132.20,-0.302,-1.308,1.00,1,257.0,4.26,0
2157.9231,52.0484670,-0.7489690,131.60,-0.302,-1.308,0.89,1,257.0,4.26,0
2158.9052,52.0484750,-0.7489553,129.30,-0.302,-1.308,0.89,1,257.0,4.26,0
2159.9224,52.0484840,-0.7489388,126.80,-0.302,-1.308,0.98,1,257.0,4.26,0
2160.9154,52.0484885,-0.7489190,125.10,-0.302,-1.308,0.96,1,257.0,4.26,0
2161.8816,52.0484895,-0.7489148,124.70,-0.302,-1.308,0.96,1,257.0,4.26,0
2162.9134,52.0484938,-0.7489063,123.40,-0.302,-1.308,0.89,1,257.0,4.26,0
2163.9097,52.0485027,-0.7488805,120.50,1.254,-0.255,0.98,1,348.5,4.47,1
2164.9097,52.0485100,-0.7488573,118.10,1.254,-0.255,0.98,1,348.5,4.47,1
2165.9075,52.0485152,-0.7488482,116.80,1.254,-0.255,1.23,1,348.5,4.47,1
2166.9014,52.0485185,-0.7488380,115.60,1.254,-0.255,0.98,1,348.5,4.47,1
2167.9191,52.0485223,-0.7488283,114.40,1.254,-0.255,0.98,1,348.5,4.47,1
2168.9153,52.0485298,-0.7488160,112.40,1.254,-0.255,0.98,1,348.5,4.47,1
2169.9185,52.0485382,-0.7488018,110.20,1.254,-0.255,0.98,1,348.5,4.47,1
2170.9178,52.0485468,-0.7487877,107.80,1.254,-0.255,0.98,1,348.5,4.47,1
2171.8994,52.0485493,-0.7487813,106.90,1.254,-0.255,0.98,1,348.5,4.47,1
2172.9172,52.0485560,-0.7487652,104.80,1.089,0.500,0.98,1,24.7,4.77,0
2173.9125,52.0485605,-0.7487512,103.30,0.869,0.789,0.98,1,42.2,4.87,0
2174.8803,52.0485662,-0.7487272,101.10,0.774,1.462,0.98,1,62.1,3.46,0
2175.9118,52.0485682,-0.7487162,100.20,0.527,1.024,0.98,1,62.8,4.96,0
2176.8922,52.0485702,-0.7487110,99.50,0.527,1.024,0.98,1,62.8,4.96,0
2177.9242,52.0485697,-0.7487077,99.40,0.527,1.024,0.98,1,62.8,4.96,0
2178.9183,52.0485677,-0.7487130,100.00,0.527,1.024,0.98,1,62.8,4.96,0
2179.9193,52.0485658,-0.7487193,100.50,0.527,1.024,0.98,1,62.8,4.96,0
2180.9184,52.0485642,-0.7487202,100.70,0.527,1.024,0.98,1,62.8,4.96,0
2181.9098,52.0485655,-0.7487203,100.30,0.527,1.024,0.98,1,62.8,4.96,0
2182.9160,52.0485628,-0.7487253,101.00,0.527,1.024,0.98,1,62.8,4.96,0
2183.9115,52.0485618,-0.7487290,101.30,0.527,1.024,0.89,1,62.8,4.96,0
2184.9277,52.0485627,-0.7487285,101.00,0.527,1.024,0.89,1,62.8,4.96,0
2185.9242,52.0485618,-0.7487333,101.40,0.527,1.024,0.89,1,62.8,4.96,0
2186.8896,52.0485565,-0.7487450,102.90,0.527,1.024,0.89,1,62.8,4.96,0
2187.9217,52.0485542,-0.7487515,103.50,0.527,1.024,0.89,1,62.8,4.96,0
2188.9165,52.0485545,-0.7487525,103.40,0.527,1.024,0.96,1,62.8,4.96,0
2189.8826,52.0485555,-0.7487537,103.10,0.527,1.024,0.89,1,62.8,4.96,0
2190.9159,52.0485517,-0.7487647,104.40,0.527,1.024,0.89,1,62.8,4.96,0
2191.8951,52.0485573,-0.7487510,102.70,0.527,1.024,0.86,1,62.8,4.96,0
2192.9157,52.0485595,-0.7487495,102.20,0.527,1.024,0.86,1,62.8,4.96,0
2193.9218,52.0485685,-0.7487352,100.10,0.527,1.024,0.86,1,62.8,4.96,0
2194.9218,52.0485768,-0.7487195,97.70,0.527,1.024,0.86,1,62.8,4.96,0
2195.9222,52.0485887,-0.7486998,94.60,0.527,1.024,0.90,1,62.8,4.96,0
2196.9139,52.0485987,-0.7486803,91.80,0.458,0.876,0.90,1,62.8,4.96,0
2197.9183,52.0486020,-0.7486745,90.90,0.458,0.876,1.03,1,62.8,4.96,0
2198.9159,52.0486023,-0.7486768,91.10,0.458,0.876,1.03,1,62.8,4.96,0
2199.9139,52.0486023,-0.7486813,91.30,0.458,0.876,1.03,1,62.8,4.96,0
2200.9137,52.0486063,-0.7486772,90.30,0.458,0.876,1.03,1,62.8,4.96,0
2201.8902,52.0486082,-0.7486763,90.00,0.458,0.876,1.03,1,62.8,4.96,0
2202.9069,52.0486125,-0.7486710,88.90,0.458,0.876,1.03,1,62.8,4.96,0
2203.9226,52.0486162,-0.7486682,88.10,0.458,0.876,1.03,1,62.8,4.96,0
2204.9223,52.0486197,-0.7486652,87.40,0.458,0.876,1.03,1,62.8,4.96,0
2205.9119,52.0486198,-0.7486660,87.60,0.458,0.876,1.79,1,62.8,4.96,0
2206.8725,52.0486252,-0.7486618,86.60,0.458,0.876,1.79,1,62.8,4.96,0
2207.9120,52.0486238,-0.7486677,87.10,0.458,0.876,1.03,1,62.8,4.96,0
2208.8968,52.0486257,-0.7486658,86.60,0.458,0.876,1.03,1,62.8,4.96,0
2209.9077,52.0486343,-0.7486503,84.20,0.458,0.876,1.03,1,62.8,4.96,0
2210.9059,52.0486412,-0.7486387,82.50,0.458,0.876,1.03,1,62.8,4.96,0
2211.9146,52.0486465,-0.7486317,81.30,0.458,0.876,1.03,1,62.8,4.96,0
2212.9081,52.0486520,-0.7486223,80.00,0.458,0.876,1.79,1,62.8,4.96,0
2213.9125,52.0486560,-0.7486157,78.90,0.458,0.876,1.03,1,62.8,4.96,0
2214.9191,52.0486530,-0.7486243,79.90,0.458,0.876,1.03,1,62.8,4.96,0
2215.8925,52.0486512,-0.7486318,80.50,0.458,0.876,1.03,1,62.8,4.96,0
2216.9150,52.0486513,-0.7486357,80.50,0.458,0.876,1.03,1,62.8,4.96,0
2217.8930,52.0486552,-0.7486313,79.50,0.458,0.876,1.79,1,62.8,4.96,0
2218.9057,52.0486550,-0.7486337,79.50,0.458,0.876,1.79,1,62.8,4.96,0
2219.9117,52.0486627,-0.7486235,77.50,0.458,0.876,1.03,1,62.8,4.96,0
2220.9076,52.0486753,-0.7486045,74.30,0.608,0.854,1.03,1,54.6,5.45,0
2221.9094,52.0486727,-0.7486117,75.10,0.608,0.854,1.79,1,54.6,5.45,0
2222.8813,52.0486703,-0.7486187,76.00,0.608,0.854,1.79,1,54.6,5.45,0
2223.9044,52.0486652,-0.7486305,77.50,0.608,0.854,1.79,1,54.6,5.45,0
2224.8850,52.0486630,-0.7486360,78.10,0.608,0.854,1.79,1,54.6,5.45,0
2225.9160,52.0486602,-0.7486457,79.20,0.608,0.854,1.05,1,54.6,5.45,0
2226.9112,52.0486510,-0.7486673,81.90,0.608,0.854,1.05,1,54.6,5.45,0
2227.9147,52.0486437,-0.7486833,83.90,0.608,0.854,1.05,1,54.6,5.45,0
2228.9217,52.0486325,-0.7487078,87.30,0.608,0.854,1.05,1,54.6,5.45,0
2229.8868,52.0486288,-0.7487192,88.40,0.608,0.854,1.05,1,54.6,5.45,0
2230.9189,52.0486217,-0.7487328,90.40,0.608,0.854,1.05,1,54.6,5.45,0
2231.8820,52.0486160,-0.7487442,91.80,0.608,0.854,1.03,1,54.6,5.45,0
2232.9155,52.0486128,-0.7487502,92.50,0.608,0.854,0.94,1,54.6,5.45,0
2233.9082,52.0486085,-0.7487615,93.90,0.608,0.854,0.94,1,54.6,5.45,0
2234.9153,52.0486023,-0.7487763,95.70,0.608,0.854,0.94,1,54.6,5.45,0
2235.9094,52.0486007,-0.7487787,96.10,0.608,0.854,1.03,1,54.6,5.45,0
2236.8913,52.0486032,-0.7487755,95.50,0.608,0.854,1.03,1,54.6,5.45,0
2237.9085,52.0486007,-0.7487793,96.10,0.608,0.854,1.03,1,54.6,5.45,0
2238.8997,52.0485982,-0.7487847,96.80,0.608,0.854,1.03,1,54.6,5.45,0
2239.9060,52.0485955,-0.7487885,97.40,0.608,0.854,1.03,1,54.6,5.45,0
2240.9191,52.0485935,-0.7487925,98.00,0.608,0.854,1.03,1,54.6,5.45,0
2241.8872,52.0485932,-0.7487935,98.10,0.608,0.854,1.03,1,54.6,5.45,0
2242.9183,52.0485917,-0.7487933,98.20,0.608,0.854,1.03,1,54.6,5.45,0
2243.9125,52.0485903,-0.7487988,98.80,0.608,0.854,1.03,1,54.6,5.45,0
2244.8769,52.0485857,-0.7488062,99.80,0.608,0.854,1.03,1,54.6,5.45,0
2245.9243,52.0485762,-0.7488247,102.40,0.608,0.854,0.94,1,54.6,5.45,0
2246.8903,52.0485675,-0.7488422,104.90,0.608,0.854,0.94,1,54.6,5.45,0
2247.9240,52.0485658,-0.7488457,105.20,0.608,0.854,1.03,1,54.6,5.45,0
2248.9065,52.0485632,-0.7488512,105.90,0.608,0.854,1.03,1,54.6,5.45,0
2249.9283,52.0485573,-0.7488673,107.70,0.608,0.854,0.96,1,54.6,5.45,0
2250.9121,52.0485530,-0.7488765,108.90,0.608,0.854,1.03,1,54.6,5.45,0
2251.8759,52.0485470,-0.7488862,110.40,0.608,0.854,1.03,1,54.6,5.45,0
2252.9064,52.0485427,-0.7488932,111.40,0.608,0.854,1.03,1,54.6,5.45,0
2253.9029,52.0485375,-0.7489018,112.70,0.608,0.854,1.03,1,54.6,5.45,0
2254.9094,52.0485342,-0.7489060,113.50,0.608,0.854,1.03,1,54.6,5.45,0
2255.9196,52.0485277,-0.7489200,115.40,0.608,0.854,1.03,1,54.6,5.45,0
2256.8837,52.0485217,-0.7489292,116.90,0.608,0.854,1.03,1,54.6,5.45,0
2257.9140,52.0485185,-0.7489357,117.70,0.608,0.854,1.03,1,54.6,5.45,0
2258.9193,52.0485100,-0.7489522,120.00,0.608,0.854,1.03,1,54.6,5.45,0
2259.9198,52.0485057,-0.7489600,121.10,0.608,0.854,1.03,1,54.6,5.45,0
2260.9176,52.0485017,-0.7489648,122.00,0.608,0.854,1.03,1,54.6,5.45,0
2261.8964,52.0484962,-0.7489728,123.40,0.608,0.854,1.03,1,54.6,5.45,0
2262.9148,52.0484908,-0.7489850,124.80,0.608,0.854,0.95,1,54.6,5.45,0
2263.9075,52.0484833,-0.7489993,126.80,0.608,0.854,0.95,1,54.6,5.45,0
2264.9073,52.0484777,-0.7490087,128.20,0.608,0.854,0.95,1,54.6,5.45,0
2265.9204,52.0484707,-0.7490185,129.80,0.608,0.854,0.95,1,54.6,5.45,0
2266.9019,52.0484670,-0.7490243,130.80,0.608,0.854,0.95,1,54.6,5.45,0
2267.9085,52.0484663,-0.7490267,130.90,0.608,0.854,0.95,1,54.6,5.45,0
2268.9176,52.0484627,-0.7490320,131.80,0.608,0.854,0.95,1,54.6,5.45,0
2269.9160,52.0484598,-0.7490368,132.60,0.608,0.854,0.95,1,54.6,5.45,0
2270.9153,52.0484593,-0.7490370,132.70,0.608,0.854,0.95,1,54.6,5.45,0
2271.8952,52.0484568,-0.7490427,133.40,0.608,0.854,0.95,1,54.6,5.45,0
2272.9255,52.0484558,-0.7490428,133.70,0.608,0.854,0.95,1,54.6,5.45,0
2273.9213,52.0484538,-0.7490475,134.40,0.608,0.854,0.95,1,54.6,5.45,0
2274.8865,52.0484543,-0.7490505,134.40,0.608,0.854,0.89,1,54.6,5.45,0
2275.9138,52.0484535,-0.7490512,134.60,0.608,0.854,0.95,1,54.6,5.45,0
2276.9078,52.0484538,-0.7490555,134.90,0.608,0.854,0.89,1,54.6,5.45,0
2277.9225,52.0484552,-0.7490503,134.50,0.608,0.854,0.95,1,54.6,5.45,0
2278.9185,52.0484547,-0.7490538,134.70,0.608,0.854,0.89,1,54.6,5.45,0
2279.8875,52.0484540,-0.7490547,134.80,0.608,0.854,0.89,1,54.6,5.45,0
2280.9178,52.0484537,-0.7490553,134.90,0.608,0.854,0.89,1,54.6,5.45,0
2281.9254,52.0484543,-0.7490538,134.80,0.608,0.854,0.89,1,54.6,5.45,0
2282.9238,52.0484532,-0.7490587,135.20,0.608,0.854,0.89,1,54.6,5.45,0
2283.9264,52.0484542,-0.7490585,134.80,0.608,0.854,0.86,1,54.6,5.45,0
2284.8939,52.0484538,-0.7490562,134.70,0.608,0.854,0.95,1,54.6,5.45,0
2285.9117,52.0484537,-0.7490568,134.90,0.608,0.854,0.95,1,54.6,5.45,0
2286.9207,52.0484532,-0.7490593,135.10,0.608,0.854,0.95,1,54.6,5.45,0
2287.9218,52.0484527,-0.7490573,135.00,0.608,0.854,0.95,1,54.6,5.45,0
2288.9197,52.0484540,-0.7490543,134.60,0.608,0.854,0.89,1,54.6,5.45,0
2289.8844,52.0484542,-0.7490570,134.50,0.608,0.854,0.89,1,54.6,5.45,0
2290.9233,52.0484532,-0.7490565,134.40,0.608,0.854,0.89,1,54.6,5.45,0
2291.8958,52.0484553,-0.7490550,133.60,0.608,0.854,0.99,1,54.6,5.45,0
2292.9166,52.0484570,-0.7490587,133.10,0.608,0.854,0.89,1,54.6,5.45,0
2293.9174,52.0484597,-0.7490553,132.50,0.608,0.854,0.89,1,54.6,5.45,0
2294.9140,52.0484625,-0.7490518,131.60,0.608,0.854,0.89,1,54.6,5.45,0
2295.9223,52.0484652,-0.7490488,130.80,0.608,0.854,0.89,1,54.6,5.45,0
2296.8833,52.0484665,-0.7490497,130.50,0.608,0.854,0.89,1,54.6,5.45,0
2297.9280,52.0484708,-0.7490395,129.20,0.608,0.854,0.89,1,54.6,5.45,0
2298.8938,52.0484733,-0.7490285,128.50,0.608,0.854,0.89,1,54.6,5.45,0
2299.9197,52.0484755,-0.7490198,127.80,0.608,0.854,0.89,1,54.6,5.45,0
2300.9250,52.0484780,-0.7490137,127.00,0.608,0.854,0.89,1,54.6,5.45,0
2301.9200,52.0484802,-0.7490105,126.40,0.608,0.854,0.89,1,54.6,5.45,0
2302.9132,52.0484817,-0.7490108,125.90,0.608,0.854,0.89,1,54.6,5.45,0
2303.8910,52.0484862,-0.7490013,124.70,0.608,0.854,0.89,1,54.6,5.45,0
2304.9252,52.0484877,-0.7489943,124.40,0.608,0.854,0.89,1,54.6,5.45,0
2305.9096,52.0484883,-0.7489917,124.20,0.608,0.854,0.89,1,54.6,5.45,0
2306.9093,52.0484892,-0.7489957,124.10,0.608,0.854,0.89,1,54.6,5.45,0
2307.9193,52.0484903,-0.7489937,123.80,0.608,0.854,0.89,1,54.6,5.45,0
2308.8977,52.0484897,-0.7489982,124.10,0.608,0.854,0.89,1,54.6,5.45,0
2309.9163,52.0484907,-0.7489977,123.90,0.608,0.854,0.89,1,54.6,5.45,0
2310.9125,52.0484910,-0.7489953,123.70,0.608,0.854,0.89,1,54.6,5.45,0
2311.9310,52.0484937,-0.7489897,122.90,0.608,0.854,0.86,1,54.6,5.45,0
2312.9287,52.0484952,-0.7489867,122.70,0.608,0.854,0.86,1,54.6,5.45,0
2313.9290,52.0484993,-0.7489792,121.50,0.608,0.854,0.89,1,54.6,5.45,0
2314.9280,52.0485030,-0.7489707,120.50,0.608,0.854,0.89,1,54.6,5.45,0
2315.9221,52.0485085,-0.7489670,119.00,0.608,0.854,0.89,1,54.6,5.45,0
2316.9157,52.0485115,-0.7489618,118.10,0.608,0.854,0.89,1,54.6,5.45,0
2317.9156,52.0485127,-0.7489603,117.50,0.608,0.854,0.89,1,54.6,5.45,0
2318.8964,52.0485127,-0.7489625,117.30,0.608,0.854,0.89,1,54.6,5.45,0
2319.9173,52.0485152,-0.7489598,116.50,0.608,0.854,0.86,1,54.6,5.45,0
2320.9129,52.0485183,-0.7489528,115.70,0.608,0.854,0.86,1,54.6,5.45,0
2321.9306,52.0485218,-0.7489480,114.80,0.608,0.854,0.86,1,54.6,5.45,0
2322.9284,52.0485232,-0.7489485,114.70,0.608,0.854,0.89,1,54.6,5.45,0
2323.8960,52.0485277,-0.7489447,113.50,0.608,0.854,0.89,1,54.6,5.45,0
2324.9140,52.0485265,-0.7489470,113.70,0.608,0.854,0.89,1,54.6,5.45,0
2325.9212,52.0485283,-0.7489457,113.10,0.608,0.854,0.89,1,54.6,5.45,0
2326.9192,52.0485290,-0.7489477,113.10,0.608,0.854,0.89,1,54.6,5.45,0
2327.9206,52.0485323,-0.7489458,112.30,0.608,0.854,0.90,1,54.6,5.45,0
2328.8883,52.0485362,-0.7489388,111.50,0.608,0.854,0.90,1,54.6,5.45,0
2329.9203,52.0485397,-0.7489320,110.80,0.608,0.854,0.86,1,54.6,5.45,0
2330.9180,52.0485423,-0.7489270,110.30,0.608,0.854,0.86,1,54.6,5.45,0
2331.9219,52.0485367,-0.7489305,110.60,0.608,0.854,0.86,1,54.6,5.45,0
2332.9181,52.0485345,-0.7489328,110.90,0.608,0.854,1.14,1,54.6,5.45,0
2333.8878,52.0485305,-0.7489378,111.50,0.608,0.854,1.14,1,54.6,5.45,0
2334.9200,52.0485282,-0.7489372,112.40,0.608,0.854,1.14,1,54.6,5.45,0
2335.9064,52.0485250,-0.7489417,113.30,0.608,0.854,1.22,1,54.6,5.45,0
2336.9020,52.0485215,-0.7489445,114.20,0.608,0.854,1.22,1,54.6,5.45,0
2337.9142,52.0485178,-0.7489543,115.20,0.608,0.854,1.22,1,54.6,5.45,0
2338.8719,52.0485170,-0.7489553,115.40,0.608,0.854,1.22,1,54.6,5.45,0
2339.9077,52.0485165,-0.7489515,115.60,0.608,0.854,1.22,1,54.6,5.45,0
2340.8925,52.0485183,-0.7489493,114.90,0.608,0.854,1.22,1,54.6,5.45,0
2341.9087,52.0485177,-0.7489477,114.90,0.608,0.854,1.22,1,54.6,5.45,0
2342.9192,52.0485193,-0.7489468,114.10,0.608,0.854,1.22,1,54.6,5.45,0
2343.9177,52.0485212,-0.7489423,113.40,0.608,0.854,1.22,1,54.6,5.45,0
2344.9214,52.0485218,-0.7489343,113.10,0.608,0.854,0.93,1,54.6,5.45,0
2345.8914,52.0485245,-0.7489292,112.20,0.608,0.854,0.93,1,54.6,5.45,0
2346.9128,52.0485272,-0.7489270,111.30,0.608,0.854,0.93,1,54.6,5.45,0
2347.9094,52.0485292,-0.7489245,110.70,0.608,0.854,0.93,1,54.6,5.45,0
2348.9101,52.0485295,-0.7489265,110.60,0.608,0.854,0.93,1,54.6,5.45,0
2349.9091,52.0485287,-0.7489272,110.60,0.608,0.854,0.93,1,54.6,5.45,0
2350.9232,52.0485310,-0.7489243,109.80,0.608,0.854,0.93,1,54.6,5.45,0
2351.9100,52.0485328,-0.7489228,109.30,0.608,0.854,0.93,1,54.6,5.45,0
2352.9172,52.0485318,-0.7489255,109.80,0.608,0.854,0.93,1,54.6,5.45,0
2353.9219,52.0485285,-0.7489340,111.10,0.608,0.854,0.93,1,54.6,5.45,0
2354.9168,52.0485287,-0.7489363,110.90,0.608,0.854,0.93,1,54.6,5.45,0
2355.8823,52.0485278,-0.7489370,111.00,0.608,0.854,0.93,1,54.6,5.45,0
2356.9179,52.0485262,-0.7489387,111.30,0.608,0.854,0.93,1,54.6,5.45,0
2357.9111,52.0485250,-0.7489400,111.40,0.608,0.854,0.93,1,54.6,5.45,0
2358.9288,52.0485248,-0.7489417,111.40,0.608,0.854,0.93,1,54.6,5.45,0
2359.9215,52.0485235,-0.7489440,111.60,0.608,0.854,0.93,1,54.6,5.45,0
2360.8894,52.0485243,-0.7489452,111.50,0.608,0.854,0.93,1,54.6,5.45,0
2361.9217,52.0485195,-0.7489548,112.70,0.608,0.854,0.93,1,54.6,5.45,0
2362.9189,52.0485153,-0.7489613,113.90,0.608,0.854,0.93,1,54.6,5.45,0
2363.9209,52.0485098,-0.7489687,115.40,0.608,0.854,0.93,1,54.6,5.45,0
2364.9195,52.0485072,-0.7489712,116.10,0.608,0.854,0.93,1,54.6,5.45,0
2365.8880,52.0485083,-0.7489668,115.70,0.608,0.854,0.93,1,54.6,5.45,0
2366.9219,52.0485058,-0.7489658,116.20,0.608,0.854,0.93,1,54.6,5.45,0
2367.9175,52.0485032,-0.7489687,116.90,0.608,0.854,0.93,1,54.6,5.45,0
2368.9215,52.0485013,-0.7489682,117.20,0.608,0.854,0.93,1,54.6,5.45,0
2369.9206,52.0485000,-0.7489682,117.50,0.608,0.854,0.93,1,54.6,5.45,0
2370.8993,52.0484965,-0.7489738,118.50,0.608,0.854,0.93,1,54.6,5.45,0
2371.9185,52.0484957,-0.7489655,118.10,0.608,0.854,0.93,1,54.6,5.45,0
2372.9140,52.0484923,-0.7489670,118.90,0.608,0.854,0.93,1,54.6,5.45,0
2373.9138,52.0484882,-0.7489707,119.90,0.608,0.854,0.93,1,54.6,5.45,0
2374.9106,52.0484878,-0.7489692,119.80,0.608,0.854,0.93,1,54.6,5.45,0
2375.9058,52.0484865,-0.7489690,120.00,0.608,0.854,0.93,1,54.6,5.45,0
2376.9116,52.0484893,-0.7489637,119.10,0.608,0.854,0.93,1,54.6,5.45,0
2377.9070,52.0484898,-0.7489627,118.80,0.608,0.854,0.93,1,54.6,5.45,0
2378.9109,52.0484887,-0.7489617,119.00,0.608,0.854,0.93,1,54.6,5.45,0
2379.9227,52.0484848,-0.7489635,119.80,0.608,0.854,0.93,1,54.6,5.45,0
2380.9239,52.0484835,-0.7489637,120.00,0.608,0.854,0.93,1,54.6,5.45,0
2381.9245,52.0484838,-0.7489632,119.60,0.608,0.854,0.93,1,54.6,5.45,0
2382.9033,52.0484828,-0.7489660,119.80,0.608,0.854,0.93,1,54.6,5.45,0
2383.9180,52.0484857,-0.7489617,118.90,0.608,0.854,0.93,1,54.6,5.45,0
2384.9135,52.0484900,-0.7489542,117.60,0.608,0.854,0.93,1,54.6,5.45,0
2385.8942,52.0484922,-0.7489525,117.00,0.608,0.854,0.93,1,54.6,5.45,0
2386.9132,52.0484950,-0.7489452,116.10,0.608,0.854,0.93,1,54.6,5.45,0
2387.9100,52.0484957,-0.7489430,115.80,0.608,0.854,0.93,1,54.6,5.45,0
2388.9102,52.0484953,-0.7489427,115.90,0.608,0.854,0.93,1,54.6,5.45,0
2389.9210,52.0484952,-0.7489423,115.90,0.608,0.854,0.93,1,54.6,5.45,0
2390.8871,52.0484988,-0.7489385,115.10,0.608,0.854,0.93,1,54.6,5.45,0
2391.9193,52.0484967,-0.7489435,115.80,0.608,0.854,0.93,1,54.6,5.45,0
2392.9123,52.0484957,-0.7489463,116.20,0.608,0.854,0.93,1,54.6,5.45,0
2393.9087,52.0484953,-0.7489477,116.20,0.608,0.854,0.93,1,54.6,5.45,0
2394.9124,52.0485103,-0.7489410,114.90,1.404,0.521,0.93,1,20.4,3.82,0
2395.9227,52.0485195,-0.7489287,113.90,1.404,0.521,0.93,1,20.4,3.82,0
2396.9113,52.0485235,-0.7489262,113.40,1.404,0.521,0.93,1,20.4,3.82,0
2397.9069,52.0485320,-0.7489162,112.00,1.404,0.521,1.03,1,20.4,3.82,0
2398.9166,52.0485407,-0.7488942,111.10,1.404,0.521,0.93,1,20.4,3.82,0
2399.9187,52.0485452,-0.7488923,109.90,1.404,0.521,1.02,1,20.4,3.82,0
2400.9187,52.0485515,-0.7488868,108.20,1.404,0.521,1.02,1,20.4,3.82,0
2401.8915,52.0485537,-0.7488873,107.50,1.404,0.521,0.89,1,20.4,3.82,0
2402.9183,52.0485607,-0.7488918,106.10,1.404,0.521,0.89,1,20.4,3.82,0
2403.9121,52.0485638,-0.7488803,104.50,1.404,0.521,1.14,1,20.4,3.82,0
2404.9141,52.0485715,-0.7488688,102.40,1.404,0.521,1.14,1,20.4,3.82,0
2405.9169,52.0485802,-0.7488580,100.20,1.404,0.521,1.14,1,20.4,3.82,0
2406.9116,52.0485862,-0.7488533,98.60,1.404,0.521,1.22,1,20.4,3.82,0
2407.9064,52.0485860,-0.7488477,98.40,1.404,0.521,1.22,1,20.4,3.82,0
2408.8993,52.0485895,-0.7488398,97.20,1.404,0.521,1.22,1,20.4,3.82,0
2409.9134,52.0485930,-0.7488400,96.20,1.404,0.521,1.22,1,20.4,3.82,0
2410.9046,52.0485963,-0.7488382,95.40,1.404,0.521,1.22,1,20.4,3.82,0
2411.9044,52.0485998,-0.7488372,94.90,1.404,0.521,1.22,1,20.4,3.82,0
2412.9038,52.0486023,-0.7488352,94.20,1.404,0.521,1.22,1,20.4,3.82,0
2413.8726,52.0486007,-0.7488333,94.30,1.404,0.521,1.22,1,20.4,3.82,0
2414.9069,52.0485968,-0.7488358,95.10,1.404,0.521,1.22,1,20.4,3.82,0
2415.9135,52.0485933,-0.7488343,95.70,1.404,0.521,1.22,1,20.4,3.82,0
2416.9007,52.0485890,-0.7488365,96.50,1.404,0.521,1.22,1,20.4,3.82,0
2417.9137,