t,mag_x,mag_y,mag_z,yaw_mag_deg,yaw_filter_deg,accepted
669.1549,-16.8,-104.6,-321.5,93.09,93.09,1
669.2680,-14.7,-104.6,-314.7,92.02,92.23,1
669.3708,-17.9,-110.4,-312.7,93.45,92.79,1
669.4738,-15.8,-107.5,-313.7,92.48,92.70,1
669.5898,-21.0,-106.5,-315.7,95.06,93.49,1
669.7187,-15.8,-113.4,-308.8,92.26,93.19,1
669.8495,-15.8,-106.5,-310.8,92.08,92.84,1
669.9814,-15.8,-104.6,-311.8,92.03,92.53,1
670.1109,-18.9,-106.5,-310.8,93.70,92.88,1
670.2452,-16.8,-108.5,-310.8,92.69,92.81,1
670.3790,-16.8,-105.6,-310.8,92.76,92.79,1
670.5137,-15.8,-113.4,-308.8,92.18,92.60,1
670.6476,-15.8,-110.4,-313.7,91.87,92.37,1
670.7802,-14.7,-108.5,-316.6,91.39,92.06,1
670.9181,-15.8,-105.6,-312.7,92.41,92.07,1
671.0530,-15.8,-110.4,-313.7,92.28,92.06,1
671.1863,-17.9,-109.5,-313.7,93.36,92.30,1
671.3204,-18.9,-108.5,-313.7,93.90,92.61,1
671.4557,-15.8,-104.6,-316.6,92.29,92.53,1
671.5883,-14.7,-107.5,-312.7,91.86,92.38,1
671.7233,-16.8,-105.6,-308.8,92.80,92.44,1
671.8578,-14.7,-106.5,-313.7,91.54,92.29,1
671.9938,-18.9,-106.5,-316.6,94.76,92.70,1
672.1312,-18.9,-107.5,-314.7,94.12,92.94,1
672.2677,-11.6,-107.5,-311.8,90.82,92.62,1
672.4000,-17.9,-106.5,-311.8,94.21,92.85,1
672.5361,-18.9,-105.6,-312.7,94.71,93.12,1
672.6724,-14.7,-110.4,-309.8,92.34,93.04,1
672.8050,-15.8,-104.6,-315.7,92.73,93.00,1
672.9440,-15.8,-102.6,-314.7,92.83,92.99,1
673.0681,-14.7,-108.5,-312.7,92.16,92.91,1
673.2004,-15.8,-105.6,-313.7,92.66,92.88,1
673.3368,-17.9,-111.4,-313.7,93.59,92.97,1
673.4734,-15.8,-108.5,-313.7,92.71,92.94,1
673.6110,-15.8,-104.6,-314.7,92.98,92.95,1
673.7437,-15.8,-103.6,-314.7,93.18,92.99,1
673.8810,-16.8,-103.6,-310.8,93.81,93.08,1
674.0197,-15.8,-106.5,-311.8,93.32,93.11,1
674.1535,-18.9,-103.6,-314.7,95.07,93.32,1
674.2904,-15.8,-109.5,-313.7,93.13,93.31,1
674.4264,-17.9,-104.6,-314.7,94.16,93.42,1
674.5589,-15.8,-105.6,-313.7,92.93,93.39,1
674.6947,-15.8,-108.5,-315.7,92.80,93.35,1
674.8317,-14.7,-105.6,-315.7,92.39,93.28,1
674.9694,-15.8,-109.5,-313.7,92.98,93.27,1
675.1024,-21.0,-106.5,-314.7,95.72,93.50,1
675.2410,-15.8,-103.6,-311.8,92.98,93.48,1
675.3774,-13.7,-104.6,-314.7,91.83,93.36,1
675.5094,-15.8,-107.5,-314.7,92.74,93.29,1
675.6455,-14.7,-102.6,-313.7,92.14,93.21,1
675.7823,-18.9,-106.5,-312.7,94.20,93.30,1
675.9189,-14.7,-104.6,-312.7,92.35,93.24,1
676.0419,-16.8,-108.5,-310.8,93.40,93.26,1
676.1768,-17.9,-108.5,-310.8,93.93,93.32,1
676.3120,-18.9,-105.6,-312.7,94.48,93.41,1
676.4481,-20.0,-106.5,-315.7,94.97,93.53,1
676.5828,-20.0,-103.6,-312.7,95.17,93.67,1
676.7192,-17.9,-109.5,-311.8,94.03,93.70,1
676.8549,-13.7,-104.6,-315.7,91.94,93.61,1
676.9908,-14.7,-107.5,-314.7,92.33,93.54,1
677.1274,-11.6,-106.5,-313.7,90.51,93.36,1
677.2616,-13.7,-110.4,-314.7,91.67,93.25,1
677.3974,-12.6,-109.5,-315.7,90.97,93.11,1
677.5338,-15.8,-102.6,-315.7,92.65,93.10,1
677.6677,-13.7,-106.5,-316.6,91.39,92.99,1
677.8028,-17.9,-107.5,-316.6,93.42,93.02,1
677.9304,-21.0,-110.4,-314.7,94.76,93.13,1
678.0629,-12.6,-110.4,-314.7,90.71,92.99,1
678.1990,-16.8,-102.6,-316.6,92.65,92.98,1
678.3344,-14.7,-106.5,-314.7,91.49,92.86,1
678.4717,-12.6,-108.5,-315.7,90.47,92.72,1
678.6035,-14.7,-106.5,-315.7,91.44,92.66,1
678.7427,-16.8,-105.6,-317.6,92.70,92.65,1
678.8779,-20.0,-113.4,-310.8,94.29,92.74,1
679.0156,-20.0,-107.5,-313.7,94.44,92.84,1
679.1509,-12.6,-107.5,-314.7,90.68,92.70,1
679.2878,-16.8,-107.5,-311.8,92.80,92.70,1
679.4217,-14.7,-106.5,-310.8,91.80,92.65,1
679.5578,-14.7,-108.5,-313.7,91.71,92.50,1
679.6944,-21.0,-104.6,-313.7,94.91,92.62,1
679.8309,-15.8,-106.5,-314.7,92.05,92.58,1
679.9664,-13.7,-105.6,-315.7,90.90,92.50,1
680.1036,-17.9,-106.5,-312.7,93.27,92.52,1
680.2404,-14.7,-106.5,-318.6,91.54,92.50,1
680.3730,-22.1,-109.5,-310.8,95.32,92.64,1
680.5078,-15.8,-110.4,-313.7,92.20,92.61,1
680.6450,-18.9,-105.6,-310.8,93.95,92.71,1
680.7778,-15.8,-105.6,-310.8,92.49,92.69,1
680.9169,-13.7,-106.5,-311.8,91.63,92.63,1
681.0399,-15.8,-105.6,-312.7,92.82,92.64,1
681.1737,-11.6,-105.6,-313.7,90.81,92.60,1
681.3103,-18.9,-107.5,-311.8,94.60,92.68,1
681.4469,-14.7,-106.5,-310.8,92.52,92.67,1
681.5815,-14.7,-106.5,-312.7,92.51,92.66,1
681.7152,-11.6,-109.5,-315.7,90.40,92.56,1
681.8522,-15.8,-102.6,-315.7,92.63,92.56,1
681.9895,-21.0,-108.5,-316.6,95.41,92.67,1
682.1238,-14.7,-106.5,-321.5,92.17,92.64,1
682.2617,-15.8,-105.6,-317.6,92.77,92.65,1
682.3970,-15.8,-107.5,-314.7,92.49,92.63,1
682.5294,-10.5,-109.5,-311.8,89.85,92.51,1
682.6658,-15.8,-101.6,-314.7,92.60,92.50,1
682.8023,-14.7,-108.5,-311.8,91.95,92.47,1
682.9412,-15.8,-105.6,-313.7,92.56,92.47,1
683.0621,-15.8,-109.5,-314.7,92.43,92.45,1
683.1963,-11.6,-104.6,-313.7,90.27,92.37,1
683.3330,-15.8,-105.6,-314.7,92.43,92.37,1
683.4652,-15.8,-104.6,-316.6,92.42,92.37,1
683.6014,-16.8,-105.6,-316.6,92.91,92.39,1
683.7367,-16.8,-106.5,-313.7,92.96,92.40,1
683.8707,-15.8,-110.4,-310.8,92.43,92.38,1
684.0093,-12.6,-104.6,-314.7,90.99,92.33,1
684.1449,-16.8,-108.5,-313.7,93.00,92.36,1
684.2772,-15.8,-108.5,-312.7,92.47,92.36,1
684.4145,-15.8,-105.6,-306.9,92.38,92.34,1
684.5495,-14.7,-106.5,-315.7,91.61,92.33,1
684.6859,-15.8,-108.5,-310.8,92.29,92.33,1
684.8202,-12.6,-106.5,-314.7,90.65,92.26,1
684.9587,-15.8,-107.5,-317.6,92.27,92.25,1
685.0931,-17.9,-104.6,-311.8,93.54,92.29,1
685.2271,-14.7,-111.4,-309.8,91.91,92.27,1
685.3597,-12.6,-103.6,-310.8,91.22,92.23,1
685.4949,-17.9,-106.5,-316.6,93.74,92.28,1
685.6285,-18.9,-106.5,-313.7,94.27,92.33,1
685.7613,-15.8,-107.5,-310.8,92.71,92.34,1
685.8980,-13.7,-109.5,-307.9,91.64,92.29,1
686.0332,-15.8,-109.5,-315.7,92.61,92.29,1
686.1661,-17.9,-106.5,-317.6,93.77,92.33,1
686.3004,-15.8,-108.5,-308.8,92.77,92.34,1
686.4342,-15.8,-105.6,-310.8,92.79,92.34,1
686.5679,-13.7,-104.6,-315.7,91.61,92.31,1
686.7023,-15.8,-108.5,-316.6,92.51,92.32,1
686.8371,-17.9,-102.6,-313.7,93.86,92.36,1
686.9725,-14.7,-107.5,-310.8,92.16,92.35,1
687.1064,-14.7,-108.5,-309.8,92.13,92.36,1
687.2407,-17.9,-102.6,-315.7,94.00,92.40,1
687.3732,-14.7,-108.5,-314.7,92.10,92.39,1
687.5077,-15.8,-107.5,-313.7,92.41,92.39,1
687.6438,-16.8,-108.5,-314.7,93.06,92.40,1
687.7780,-15.8,-106.5,-310.8,92.69,92.48,1
687.9147,-16.8,-106.5,-306.9,93.25,92.54,1
688.0494,-16.8,-108.5,-315.7,93.05,92.55,1
688.1858,-11.6,-107.5,-314.7,90.49,92.48,1
688.3180,-12.6,-108.5,-311.8,91.16,92.45,1
688.4541,-10.5,-106.5,-310.8,90.16,92.37,1
688.5886,-15.8,-107.5,-315.7,92.67,92.38,1
688.7242,-16.8,-107.5,-313.7,93.24,92.39,1
688.8591,-15.8,-107.5,-315.7,92.78,92.40,1
688.9953,-16.8,-106.5,-311.8,93.24,92.42,1
689.1306,-17.9,-107.5,-314.7,93.69,92.45,1
689.2655,-12.6,-109.5,-312.7,91.04,92.42,1
689.4000,-11.6,-110.4,-317.6,90.43,92.37,1
689.5364,-15.8,-103.6,-313.7,92.75,92.34,1
689.6699,-13.7,-106.5,-312.7,91.58,92.29,1
689.8062,-17.9,-105.6,-314.7,93.60,92.32,1
689.9437,-20.0,-109.5,-314.7,94.51,92.38,1
690.0800,-15.8,-107.5,-317.6,92.37,92.38,1
690.2129,-20.0,-108.5,-313.7,94.51,92.43,1
690.3506,-14.7,-110.4,-312.7,91.90,92.41,1
690.4867,-14.7,-106.5,-311.8,91.91,92.39,1
690.6195,-15.8,-103.6,-312.7,92.46,92.29,1
690.7544,-14.7,-106.5,-314.7,92.12,92.28,1
690.8924,-20.0,-111.4,-312.7,94.73,92.35,1
691.0270,-14.7,-109.5,-315.7,92.17,92.35,1
691.1638,-17.9,-107.5,-318.6,93.75,92.37,1
691.3001,-15.8,-104.6,-311.8,92.90,92.39,1
691.4359,-14.7,-105.6,-313.7,92.29,92.38,1
691.5698,-12.6,-102.6,-312.7,91.24,92.35,1
691.7057,-15.8,-105.6,-314.7,92.80,92.35,1
691.8412,-16.8,-106.5,-313.7,93.65,92.37,1
691.9769,-18.9,-109.5,-312.7,94.67,92.42,1
692.1131,-16.8,-105.6,-316.6,93.59,92.45,1
692.2486,-17.9,-105.6,-312.7,94.19,92.47,1
692.3803,-14.7,-105.6,-314.7,92.60,92.46,1
692.5172,-15.8,-107.5,-314.7,93.04,92.47,1
692.6517,-17.9,-105.6,-315.7,94.07,92.49,1
692.7879,-15.8,-105.6,-314.7,92.91,92.50,1
692.9242,-15.8,-107.5,-313.7,92.86,92.50,1
693.0593,-15.8,-106.5,-315.7,92.81,92.49,1
693.1951,-16.8,-109.5,-314.7,93.40,92.50,1
693.3290,-15.8,-104.6,-311.8,93.06,92.52,1
693.4639,-15.8,-108.5,-313.7,92.81,92.52,1
693.5993,-15.8,-109.5,-311.8,92.77,92.53,1
693.7329,-15.8,-104.6,-309.8,92.86,92.54,1
693.8680,-14.7,-109.5,-311.8,91.95,92.52,1
694.0058,-15.8,-106.5,-317.6,92.36,92.50,1
694.1432,-18.9,-107.5,-313.7,94.11,92.54,1
694.2758,-9.5,-106.5,-312.7,89.39,92.47,1
694.4123,-18.9,-107.5,-314.7,94.10,92.51,1
694.5485,-15.8,-111.4,-309.8,92.41,92.50,1
694.6820,-15.8,-108.5,-315.7,92.35,92.54,1
694.8188,-13.7,-110.4,-314.7,91.20,92.48,1
694.9574,-17.9,-106.5,-315.7,93.50,92.51,1
695.0912,-17.9,-107.5,-308.8,93.52,92.53,1
695.2294,-17.9,-105.6,-318.6,93.63,92.57,1
695.3655,-16.8,-108.5,-311.8,93.10,92.58,1
695.5008,-15.8,-106.5,-316.6,92.55,92.58,1
695.6348,-15.8,-110.4,-316.6,92.48,92.58,1
695.7722,-15.8,-107.5,-318.6,92.36,92.58,1
695.9098,-11.6,-107.5,-311.8,90.66,92.54,1
696.0424,-17.9,-108.5,-311.8,93.81,92.56,1
696.1789,-14.7,-108.5,-312.7,91.89,92.55,1
696.3153,-18.9,-107.5,-312.7,93.96,92.58,1
696.4473,-15.8,-101.6,-315.7,92.34,92.57,1
696.5832,-15.8,-105.6,-315.7,92.26,92.56,1
696.7180,-15.8,-104.6,-315.7,92.28,92.54,1
696.8560,-15.8,-105.6,-311.8,92.33,92.55,1
696.9787,-15.8,-108.5,-314.7,92.23,92.53,1
697.1140,-14.7,-105.6,-308.8,91.84,92.51,1
697.2507,-14.7,-105.6,-311.8,92.14,92.50,1
697.3859,-13.7,-108.5,-314.7,91.59,92.48,1
697.5208,-20.0,-104.6,-308.8,95.21,92.53,1
697.6575,-15.8,-108.5,-315.7,92.74,92.54,1
697.7918,-13.7,-106.5,-316.6,91.99,92.53,1
697.9302,-15.8,-106.5,-315.7,93.11,92.54,1
698.0652,-11.6,-106.5,-314.7,90.96,92.51,1
698.1993,-16.8,-109.5,-311.8,93.58,92.52,1
698.3341,-16.8,-107.5,-313.7,93.59,92.54,1
698.4718,-14.7,-106.5,-310.8,92.41,92.54,1
698.6076,-14.7,-109.5,-313.7,92.26,92.53,1
698.7402,-13.7,-110.4,-315.7,91.71,92.52,1
698.8774,-18.9,-108.5,-312.7,94.41,92.56,1
699.0172,-14.7,-109.5,-313.7,92.21,92.55,1
699.1500,-14.7,-111.4,-312.7,92.13,92.57,1
699.2867,-15.8,-106.5,-314.7,92.89,92.58,1
699.4230,-18.9,-108.5,-313.7,94.48,92.60,1
699.5567,-18.9,-110.4,-314.7,94.36,92.63,1
699.6929,-13.7,-109.5,-315.7,91.80,92.61,1
699.8299,-15.8,-108.5,-311.8,93.02,92.57,1
699.9675,-16.8,-107.5,-313.7,93.53,92.60,1
700.1011,-20.0,-108.5,-316.6,95.06,92.64,1
700.2376,-15.8,-107.5,-310.8,93.00,92.65,1
700.3725,-15.8,-105.6,-313.7,92.93,92.66,1
700.5066,-18.9,-108.5,-313.7,94.44,92.68,1
700.6440,-13.7,-106.5,-312.7,91.77,92.67,1
700.7791,-15.8,-106.5,-315.7,92.90,92.67,1
700.9158,-16.8,-105.6,-311.8,93.50,92.68,1
701.0389,-17.9,-107.5,-310.8,94.01,92.70,1
701.1750,-18.9,-107.5,-314.7,94.42,92.73,1
701.3090,-15.8,-107.5,-313.7,92.66,92.73,1
701.4451,-15.8,-108.5,-308.8,92.31,92.73,1
701.5798,-17.9,-109.5,-311.8,93.15,92.73,1
701.7155,-14.7,-109.5,-317.6,91.59,92.70,1
701.8501,-18.9,-105.6,-313.7,93.94,92.74,1
701.9861,-17.9,-105.6,-317.6,93.21,92.75,1
702.1223,-14.7,-105.6,-310.8,91.69,92.73,1
702.2571,-15.8,-112.4,-316.6,92.03,92.72,1
702.3918,-15.8,-108.5,-315.7,92.18,92.72,1
702.5282,-16.8,-109.5,-311.8,92.77,92.71,1
702.6620,-16.8,-106.5,-308.8,92.98,92.70,1
702.7982,-15.8,-105.6,-313.7,92.59,92.69,1
702.9373,-11.6,-106.5,-306.9,90.53,92.66,1
703.0736,-14.7,-107.5,-313.7,91.98,92.65,1
703.2065,-15.8,-108.5,-311.8,92.41,92.64,1
703.3440,-12.6,-106.5,-314.7,90.79,92.62,1
703.4800,-17.9,-106.5,-312.7,93.46,92.63,1
703.6126,-17.9,-111.4,-311.8,93.41,92.65,1
703.7477,-12.6,-108.5,-309.8,91.12,92.63,1
703.8858,-15.8,-108.5,-311.8,92.69,92.63,1
704.0207,-15.8,-108.5,-314.7,92.72,92.63,1
704.1577,-13.7,-105.6,-312.7,91.74,92.61,1
704.2944,-14.7,-105.6,-309.8,92.43,92.60,1
704.4309,-15.8,-104.6,-316.6,92.72,92.60,1
704.5629,-20.0,-106.5,-311.8,94.91,92.63,1
704.6990,-12.6,-109.5,-314.7,91.05,92.60,1
704.8346,-18.9,-104.6,-313.7,94.29,92.63,1
704.9705,-15.8,-110.4,-311.8,92.60,92.63,1
705.1070,-14.7,-106.5,-315.7,92.02,92.63,1
705.2425,-15.8,-109.5,-315.7,92.52,92.64,1
705.3767,-15.8,-107.5,-311.8,92.63,92.64,1
705.5139,-12.6,-111.4,-311.8,91.08,92.64,1
705.6488,-14.7,-108.5,-313.7,92.25,92.64,1
705.7858,-16.8,-106.5,-315.7,93.29,92.65,1
705.9196,-14.7,-104.6,-313.7,92.27,92.67,1
706.0445,-15.8,-107.5,-314.7,92.84,92.68,1
706.1789,-15.8,-108.5,-314.7,92.65,92.69,1
706.3129,-15.8,-110.4,-313.7,92.91,92.70,1
706.4479,-15.8,-106.5,-313.7,92.89,92.70,1
706.5861,-18.9,-106.5,-313.7,94.52,92.72,1
706.7204,-14.7,-107.5,-311.8,92.40,92.72,1
706.8559,-14.7,-110.4,-317.6,92.18,92.70,1
706.9819,-17.9,-104.6,-316.6,93.91,92.71,1
707.1156,-14.7,-110.4,-312.7,92.18,92.69,1
707.2506,-15.8,-104.6,-316.6,92.65,92.69,1
707.3872,-15.8,-104.6,-312.7,92.69,92.68,1
707.5217,-15.8,-110.4,-314.7,92.40,92.67,1
707.6591,-15.8,-107.5,-314.7,92.20,92.66,1
707.7943,-15.8,-110.4,-312.7,92.24,92.65,1
707.9336,-15.8,-106.5,-313.7,92.34,92.65,1
708.0544,-14.7,-108.5,-311.8,91.78,92.63,1
708.1897,-13.7,-104.6,-310.8,91.55,92.62,1
708.3247,-10.5,-106.5,-311.8,89.86,92.66,1
708.4591,-15.8,-103.6,-315.7,92.87,92.65,1
708.5955,-17.9,-108.5,-313.7,93.89,92.66,1
708.7318,-16.8,-108.5,-314.7,93.32,92.68,1
708.8668,-15.8,-103.6,-313.7,92.92,92.71,1
708.9923,-13.7,-106.5,-313.7,91.77,92.70,1
709.1277,-16.8,-104.6,-310.8,93.47,92.70,1
709.2619,-14.7,-110.4,-315.7,92.40,92.69,1
709.3984,-16.8,-106.5,-314.7,93.64,92.70,1
709.5334,-20.0,-109.5,-310.8,95.07,92.73,1
709.6676,-13.7,-108.5,-311.8,91.89,92.71,1
709.8056,-18.9,-108.5,-312.7,94.76,92.74,1
709.9433,-15.8,-105.6,-317.6,93.11,92.75,1
710.0782,-15.8,-107.5,-316.6,93.28,92.75,1
710.2129,-16.8,-110.4,-313.7,93.88,92.76,1
710.3492,-17.9,-107.5,-313.7,94.71,92.79,1
710.4859,-16.8,-107.5,-315.7,94.05,92.81,1
710.6198,-16.8,-111.4,-309.8,93.97,92.84,1
710.7552,-18.9,-110.4,-310.8,94.96,92.88,1
710.8920,-17.9,-108.5,-316.6,94.33,92.89,1
711.0284,-17.9,-103.6,-311.8,94.60,92.93,1
711.1635,-14.7,-106.5,-310.8,93.17,92.93,1
711.3010,-15.8,-106.5,-312.7,93.52,92.94,1
711.4386,-21.0,-102.6,-312.7,96.25,92.99,1
711.5712,-16.8,-106.5,-312.7,93.90,93.00,1
711.7081,-15.8,-105.6,-311.8,93.22,93.01,1
711.8452,-15.8,-112.4,-309.8,92.94,93.01,1
711.9801,-16.8,-107.5,-313.7,93.51,93.02,1
712.1159,-15.8,-108.5,-316.6,92.72,93.02,1
712.2527,-12.6,-106.5,-314.7,91.11,93.08,1
712.3853,-13.7,-108.5,-312.7,91.97,93.06,1
712.5212,-14.7,-106.5,-313.7,92.55,93.06,1
712.6575,-15.8,-106.5,-312.7,92.69,93.05,1
712.7932,-16.8,-108.5,-311.8,93.15,93.05,1
712.9297,-14.7,-106.5,-309.8,92.16,93.04,1
713.0547,-16.8,-107.5,-307.9,93.11,93.05,1
713.1898,-17.9,-109.5,-313.7,93.46,92.95,1
713.3241,-14.7,-105.6,-315.7,91.88,93.02,1
713.4608,-17.9,-111.4,-317.6,93.16,93.02,1
713.5968,-14.7,-109.5,-313.7,91.76,93.02,1
713.7312,-16.8,-107.5,-314.7,92.91,93.02,1
713.8685,-16.8,-107.5,-315.7,92.95,93.10,1
714.0064,-14.7,-104.6,-314.7,91.98,93.09,1
714.1403,-14.7,-108.5,-315.7,91.79,93.07,1
714.2769,-13.7,-106.5,-309.8,91.36,93.05,1
714.4118,-14.7,-105.6,-311.8,91.91,93.02,1
714.5489,-16.8,-110.4,-318.6,92.77,93.02,1
714.6840,-15.8,-107.5,-315.7,92.53,93.03,1
714.8195,-16.8,-111.4,-313.7,92.96,93.04,1
714.9590,-12.6,-107.5,-308.8,91.08,93.02,1
715.0910,-17.9,-108.5,-313.7,93.38,93.03,1
715.2264,-15.8,-106.5,-313.7,92.31,93.02,1
715.3625,-13.7,-106.5,-313.7,90.95,93.00,1
715.4970,-15.8,-103.6,-309.8,91.83,92.98,1
715.6320,-21.0,-108.5,-313.7,94.35,93.00,1
715.7684,-14.7,-105.6,-312.7,91.49,92.98,1
715.9068,-14.7,-110.4,-317.6,91.32,92.94,1
716.0393,-13.7,-110.4,-312.7,90.86,92.93,1
716.1759,-12.6,-106.5,-311.8,90.23,92.88,1
716.3134,-14.7,-109.5,-312.7,91.13,92.86,1
716.4461,-13.7,-108.5,-311.8,90.62,92.83,1
716.5808,-15.8,-106.5,-310.8,91.78,92.81,1
716.7175,-13.7,-108.5,-315.7,90.71,92.79,1
716.8521,-16.8,-103.6,-314.7,92.58,92.77,1
716.9774,-17.9,-107.5,-317.6,92.81,92.77,1
717.1145,-17.9,-107.5,-314.7,92.93,92.79,1
717.2479,-15.8,-105.6,-319.6,91.88,92.78,1
717.3838,-17.9,-105.6,-314.7,93.06,92.79,1
717.5207,-14.7,-110.4,-310.8,91.40,92.74,1
717.6558,-12.6,-110.4,-311.8,90.38,92.71,1
717.7908,-15.8,-107.5,-312.7,91.96,92.69,1
717.9282,-15.8,-107.5,-310.8,92.01,92.66,1
718.0613,-15.8,-108.5,-315.7,91.77,92.68,1
718.1960,-20.0,-109.5,-314.7,94.01,92.71,1
718.3302,-16.8,-109.5,-309.8,92.51,92.70,1
718.4639,-15.8,-105.6,-313.7,91.92,92.69,1
718.5980,-17.9,-107.5,-313.7,93.09,92.70,1
718.7325,-17.9,-108.5,-311.8,93.25,92.73,1
718.8658,-21.0,-104.6,-313.7,94.92,92.76,1
719.0021,-14.7,-106.5,-313.7,91.68,92.74,1
719.1372,-15.8,-111.4,-310.8,92.18,92.73,1
719.2708,-15.8,-108.5,-315.7,92.17,92.72,1
719.4050,-13.7,-107.5,-314.7,91.11,92.70,1
719.5406,-12.6,-107.5,-310.8,90.65,92.66,1
719.6738,-20.0,-106.5,-315.7,94.22,92.68,1
719.8067,-18.9,-108.5,-313.7,93.60,92.68,1
719.9434,-16.8,-105.6,-313.7,92.31,92.68,1
720.0780,-15.8,-107.5,-315.7,91.66,92.67,1
720.2126,-15.8,-109.5,-313.7,91.67,92.66,1
720.3467,-16.8,-105.6,-313.7,92.15,92.65,1
720.4797,-15.8,-107.5,-310.8,91.69,92.55,1
720.6137,-13.7,-105.6,-311.8,90.58,92.53,1
720.7479,-16.8,-107.5,-312.7,92.21,92.52,1
720.8809,-21.0,-106.5,-310.8,94.14,92.54,1
721.0181,-12.6,-109.5,-314.7,89.75,92.50,1
721.1540,-13.7,-107.5,-311.8,90.28,92.49,1
721.2871,-12.6,-108.5,-312.7,89.69,92.46,1
721.4214,-17.9,-111.4,-310.8,92.48,92.45,1
721.5556,-13.7,-106.5,-312.7,90.36,92.42,1
721.6892,-14.7,-108.5,-310.8,90.92,92.40,1
721.8240,-15.8,-104.6,-315.7,91.40,92.38,1
721.9610,-15.8,-105.6,-312.7,91.35,92.37,1
722.0939,-15.8,-110.4,-309.8,91.33,92.36,1
722.2299,-11.6,-107.5,-308.8,89.26,92.32,1
722.3655,-16.8,-105.6,-315.7,91.83,92.32,1
722.4997,-13.7,-109.5,-314.7,90.01,92.30,1
722.6341,-15.8,-112.4,-315.7,91.02,92.29,1
722.7708,-14.7,-108.5,-312.7,90.58,92.27,1
722.9072,-15.8,-111.4,-314.7,91.33,92.25,1
723.0439,-14.7,-104.6,-316.6,90.81,92.23,1
723.1784,-15.8,-108.5,-316.6,91.38,92.24,1
723.3138,-16.8,-107.5,-312.7,92.25,92.25,1
723.4495,-15.8,-105.6,-313.7,91.65,92.25,1
723.5838,-20.0,-106.5,-313.7,93.69,92.26,1
723.7182,-17.9,-107.5,-312.7,92.56,92.26,1
723.8539,-15.8,-110.4,-312.7,91.45,92.25,1
723.9909,-16.8,-107.5,-313.7,91.92,92.14,1
724.1254,-16.8,-104.6,-314.7,91.92,92.13,1
724.2619,-13.7,-112.4,-310.8,90.31,92.11,1
724.3983,-14.7,-103.6,-314.7,90.80,92.09,1
724.5309,-15.8,-106.5,-315.7,91.24,92.10,1
724.6665,-15.8,-107.5,-313.7,91.26,92.09,1
724.8027,-16.8,-109.5,-310.8,91.80,92.06,1
724.9390,-16.8,-108.5,-314.7,91.63,92.06,1
725.0756,-12.6,-105.6,-312.7,89.57,91.98,1
725.2118,-16.8,-103.6,-311.8,91.84,92.00,1
725.3447,-14.7,-107.5,-315.7,90.63,91.95,1
725.4802,-15.8,-108.5,-312.7,91.18,91.94,1
725.6155,-14.7,-111.4,-316.6,90.56,91.93,1
725.7502,-13.7,-104.6,-314.7,90.11,91.91,1
725.8852,-14.7,-110.4,-310.8,90.70,91.89,1
726.0104,-13.7,-107.5,-315.7,90.06,91.87,1
726.1448,-16.8,-109.5,-315.7,91.58,91.86,1
726.2797,-12.6,-109.5,-313.7,89.45,91.84,1
726.4153,-14.7,-108.5,-315.7,90.77,91.82,1
726.5507,-15.8,-99.7,-312.7,91.63,91.81,1
726.6831,-14.7,-109.5,-310.8,90.97,91.81,1
726.8198,-16.8,-105.6,-315.7,92.01,91.79,1
726.9568,-13.7,-105.6,-312.7,90.31,91.78,1
727.0910,-17.9,-107.5,-307.9,92.52,91.79,1
727.2267,-15.8,-105.6,-309.8,91.32,91.78,1
727.3607,-15.8,-106.5,-314.7,91.16,91.77,1
727.4967,-15.8,-107.5,-313.7,91.15,91.73,1
727.6332,-13.7,-108.5,-314.7,90.28,91.72,1
727.7674,-17.9,-110.4,-313.7,92.37,91.72,1
727.9058,-15.8,-108.5,-315.7,91.01,91.70,1
728.0409,-11.6,-109.5,-316.6,88.89,91.68,1
728.1767,-13.7,-108.5,-316.6,89.90,91.74,1
728.3128,-13.7,-106.5,-311.8,89.99,91.70,1
728.4470,-15.8,-107.5,-306.9,91.14,91.69,1
728.5813,-18.9,-98.7,-314.7,92.67,91.70,1
728.7163,-15.8,-105.6,-314.7,90.85,91.71,1
728.8528,-18.9,-108.5,-315.7,92.28,91.72,1
728.9882,-10.5,-110.4,-317.6,88.10,91.69,1
729.1244,-16.8,-105.6,-315.7,91.47,91.69,1
729.2612,-15.8,-106.5,-311.8,91.00,91.69,1
729.3939,-20.0,-105.6,-312.7,93.09,91.70,1
729.5283,-22.1,-107.5,-318.6,93.96,91.72,1
729.6639,-15.8,-106.5,-313.7,90.93,91.68,1
729.7984,-15.8,-110.4,-316.6,90.78,91.68,1
729.9366,-16.8,-105.6,-313.7,91.38,91.67,1
730.0727,-15.8,-106.5,-311.8,90.72,91.67,1
730.2077,-14.7,-110.4,-312.7,90.24,91.55,1
730.3432,-14.7,-106.5,-310.8,90.25,91.54,1
730.4789,-11.6,-109.5,-311.8,88.64,91.50,1
730.6130,-14.7,-104.6,-313.7,90.17,91.49,1
730.7463,-9.5,-104.6,-313.7,87.37,91.45,1
730.8836,-18.9,-108.5,-311.8,92.27,91.45,1
731.0203,-15.8,-105.6,-308.8,90.75,91.44,1
731.1552,-11.6,-106.5,-314.7,88.52,91.37,1
731.2916,-15.8,-106.5,-307.9,90.71,91.34,1
731.4270,-16.8,-106.5,-312.7,91.12,91.33,1
731.5625,-15.8,-103.6,-312.7,90.28,91.32,1
731.6969,-17.9,-106.5,-310.8,91.38,91.32,1
731.8317,-16.8,-113.4,-310.8,90.79,91.31,1
731.9706,-16.8,-107.5,-316.6,91.90,91.32,1
732.1051,-17.9,-106.5,-314.7,92.50,91.34,1
732.2409,-16.8,-105.6,-313.7,92.05,91.34,1
732.3779,-21.0,-106.5,-313.7,94.19,91.26,1
732.5131,-17.9,-110.4,-309.8,92.58,91.24,1
732.6481,-15.8,-107.5,-312.7,91.58,91.24,1
732.7859,-20.0,-105.6,-305.9,93.92,91.27,1
732.9244,-13.7,-107.5,-309.8,90.76,91.24,1
733.0579,-15.8,-106.5,-309.8,92.07,91.24,1
733.1946,-17.9,-106.5,-312.7,93.25,91.25,1
733.3309,-20.0,-105.6,-312.7,94.24,91.28,1
733.4645,-13.7,-105.6,-315.7,90.74,91.27,1
733.6026,-16.8,-109.5,-316.6,92.57,91.29,1
733.7365,-18.9,-107.5,-314.7,93.45,91.31,1
733.8698,-15.8,-109.5,-311.8,91.86,91.31,1
733.9956,-18.9,-103.6,-313.7,93.56,91.34,1
734.1213,-15.8,-108.5,-314.7,91.88,91.33,1
734.2541,-13.7,-106.5,-314.7,90.84,91.32,1
734.3892,-15.8,-107.5,-310.8,91.80,91.40,1
734.5260,-14.7,-110.4,-313.7,91.29,91.40,1
734.6595,-20.0,-106.5,-313.7,94.14,91.42,1
734.7949,-15.8,-109.5,-310.8,91.93,91.42,1
734.9341,-15.8,-107.5,-309.8,92.05,91.41,1
735.0669,-13.7,-106.5,-311.8,90.99,91.40,1
735.2013,-18.9,-108.5,-316.6,93.45,91.42,1
735.3349,-17.9,-107.5,-315.7,92.97,91.31,1
735.4689,-13.7,-106.5,-313.7,90.76,91.34,1
735.6017,-14.7,-104.6,-315.7,91.26,91.23,1
735.7372,-13.7,-111.4,-310.8,90.78,91.24,1
735.8715,-15.8,-108.5,-314.7,91.72,91.24,1
736.0070,-15.8,-107.5,-311.8,91.87,91.27,1
736.1416,-13.7,-101.6,-309.8,90.81,91.26,1
736.2770,-17.9,-102.6,-310.8,92.89,91.28,1
736.4098,-14.7,-105.6,-312.7,91.11,91.24,1
736.5447,-14.7,-103.6,-314.7,91.17,91.24,1
736.6788,-14.7,-103.6,-311.8,91.35,91.24,1
736.8129,-14.7,-105.6,-312.7,91.27,91.24,1
736.9496,-18.9,-106.5,-317.6,93.31,91.16,1
737.0846,-13.7,-109.5,-309.8,90.80,91.17,1
737.2180,-12.6,-105.6,-314.7,90.36,91.16,1
737.3535,-15.8,-109.5,-313.7,91.66,91.13,1
737.4875,-15.8,-110.4,-314.7,91.62,91.13,1
737.6223,-16.8,-103.6,-317.6,92.83,91.18,1
737.7594,-13.7,-107.5,-313.7,91.39,91.18,1
737.8952,-15.8,-109.5,-314.7,92.49,91.19,1
738.0312,-13.7,-110.4,-310.8,91.50,91.19,1
738.1673,-12.6,-106.5,-314.7,91.06,91.18,1
738.3019,-15.8,-105.6,-310.8,92.73,91.18,1
738.4357,-10.5,-108.5,-312.7,90.02,91.16,1
738.5698,-15.8,-104.6,-311.8,92.79,91.17,1
738.7039,-12.6,-107.5,-311.8,90.81,91.17,1
738.8373,-15.8,-105.6,-317.6,92.36,91.18,1
738.9736,-13.7,-108.5,-312.7,91.34,91.17,1
739.1078,-15.8,-103.6,-312.7,92.56,91.17,1
739.2414,-20.0,-105.6,-313.7,94.74,91.20,1
739.3756,-14.7,-111.4,-309.8,91.92,91.21,1
739.5107,-17.9,-109.5,-315.7,93.45,91.21,1
739.6430,-16.8,-106.5,-307.9,93.14,91.23,1
739.7779,-17.9,-107.5,-314.7,93.54,91.25,1
739.9144,-17.9,-105.6,-314.7,93.63,91.27,1
740.0471,-20.0,-105.6,-315.7,94.69,91.30,1
740.1806,-16.8,-105.6,-311.8,93.07,91.31,1
740.3143,-17.9,-107.5,-314.7,93.43,91.33,1
740.4468,-21.0,-101.6,-312.7,95.07,91.36,1
740.5807,-15.8,-107.5,-309.8,92.29,91.37,1
740.7148,-13.7,-106.5,-310.8,91.37,91.33,1
740.8475,-16.8,-105.6,-317.6,92.69,91.34,1
740.9853,-18.9,-109.5,-312.7,93.76,91.36,1
741.1211,-18.9,-101.6,-308.8,94.17,91.39,1
741.2551,-20.0,-106.5,-316.6,94.41,91.41,1
741.3881,-15.8,-107.5,-314.7,92.12,91.40,1
741.5247,-15.8,-107.5,-314.7,92.12,91.41,1
741.6595,-17.9,-103.6,-312.7,93.44,91.43,1
741.7952,-18.9,-104.6,-315.7,93.71,91.45,1
741.9298,-16.8,-107.5,-311.8,92.61,91.47,1
742.0639,-18.9,-108.5,-316.6,93.55,91.50,1
742.1977,-17.9,-107.5,-313.7,93.19,91.51,1
742.3316,-15.8,-107.5,-313.7,92.08,91.51,1
742.4660,-14.7,-106.5,-316.6,91.47,91.51,1
742.5986,-16.8,-107.5,-313.7,92.62,91.52,1
742.7319,-15.8,-111.4,-309.8,92.04,91.52,1
742.8664,-15.8,-104.6,-312.7,92.11,91.53,1
743.0017,-20.0,-105.6,-314.7,94.23,91.56,1
743.1352,-13.7,-107.5,-311.8,90.82,91.52,1
743.2705,-14.7,-110.4,-313.7,91.37,91.52,1
743.4031,-14.7,-106.5,-315.7,91.49,91.52,1
743.5362,-13.7,-108.5,-313.7,90.88,91.51,1
743.6700,-10.5,-107.5,-308.8,89.59,91.50,1
743.8038,-16.8,-105.6,-314.7,93.01,91.48,1
743.9404,-15.8,-110.4,-316.6,92.67,91.49,1
744.0747,-20.0,-106.5,-315.7,95.12,91.51,1
744.2079,-16.8,-104.6,-314.7,93.60,91.53,1
744.3434,-15.8,-110.4,-310.8,92.94,91.54,1
744.4773,-17.9,-106.5,-311.8,93.83,91.55,1
744.6094,-13.7,-106.5,-315.7,91.73,91.56,1
744.7438,-14.7,-102.6,-310.8,92.48,91.56,1
744.8835,-15.8,-106.5,-318.6,93.02,91.57,1
745.0174,-13.7,-111.4,-310.8,91.96,91.58,1
745.1532,-17.9,-106.5,-314.7,94.26,91.59,1
745.2911,-16.8,-105.6,-315.7,93.76,91.61,1
745.4236,-17.9,-106.5,-316.6,94.24,91.63,1
745.5582,-15.8,-107.5,-311.8,93.39,91.64,1
745.6951,-20.0,-105.6,-312.7,95.16,91.67,1
745.8321,-15.8,-105.6,-309.8,93.01,91.67,1
745.9671,-13.7,-104.6,-314.7,91.78,91.68,1
746.1033,-15.8,-106.5,-311.8,92.84,91.65,1
746.2378,-14.7,-107.5,-312.7,92.08,91.66,1
746.3704,-15.8,-108.5,-308.8,92.57,91.66,1
746.5080,-15.8,-109.5,-313.7,92.47,91.67,1
746.6440,-15.8,-108.5,-311.8,92.45,91.68,1
746.7771,-13.7,-108.5,-309.8,91.45,91.70,1
746.9147,-13.7,-108.5,-309.8,91.54,91.70,1
747.0394,-15.8,-113.4,-306.9,92.57,91.71,1
747.1704,-15.8,-109.5,-312.7,92.50,91.69,1
747.3068,-15.8,-104.6,-313.7,92.58,91.70,1
747.4432,-14.7,-106.5,-311.8,91.98,91.70,1
747.5785,-11.6,-108.5,-312.7,90.09,91.68,1
747.7127,-15.8,-107.5,-311.8,92.23,91.69,1
747.8502,-14.7,-108.5,-316.6,91.60,91.69,1
747.9870,-15.8,-108.5,-316.6,92.12,91.69,1
748.1202,-16.8,-104.6,-311.8,92.68,91.69,1
748.2571,-15.8,-111.4,-308.8,92.04,91.70,1
748.3908,-15.8,-106.5,-314.7,91.88,91.70,1
748.5248,-15.8,-104.6,-315.7,91.91,91.71,1
748.6623,-16.8,-108.5,-310.8,92.59,91.71,1
748.7970,-17.9,-111.4,-313.7,93.29,91.71,1
748.9362,-17.9,-109.5,-312.7,93.42,91.72,1
749.0575,-14.7,-106.5,-313.7,91.87,91.72,1
749.1928,-13.7,-104.6,-312.7,91.15,91.71,1
749.3281,-15.8,-105.6,-313.7,92.17,91.72,1
749.4627,-14.7,-109.5,-310.8,91.66,91.72,1
749.5967,-12.6,-110.4,-311.8,90.70,91.71,1
749.7335,-14.7,-107.5,-315.7,91.85,91.71,1
749.8662,-15.8,-110.4,-313.7,92.45,91.71,1
749.9918,-18.9,-111.4,-311.8,93.98,91.72,1
750.1258,-12.6,-107.5,-313.7,90.68,91.71,1
750.2596,-14.7,-106.5,-312.7,91.77,91.71,1
750.3968,-14.7,-104.6,-314.7,91.87,91.74,1
750.5315,-14.7,-110.4,-315.7,92.14,91.74,1
750.6645,-13.7,-104.6,-313.7,91.94,91.75,1
750.8025,-15.8,-106.5,-308.8,93.08,91.76,1
750.9383,-15.8,-103.6,-314.7,93.06,91.77,1
751.0742,-15.8,-109.5,-313.7,92.67,91.78,1
751.2092,-12.6,-108.5,-315.7,91.35,91.78,1
751.3455,-20.0,-109.5,-317.6,94.98,91.80,1
751.4819,-17.9,-109.5,-309.8,94.31,91.81,1
751.6156,-18.9,-108.5,-313.7,94.80,91.83,1
751.7511,-14.7,-106.5,-315.7,92.69,91.83,1
751.8883,-14.7,-106.5,-310.8,92.64,91.84,1
752.0246,-12.6,-108.5,-319.6,91.42,91.84,1
752.1596,-21.0,-105.6,-311.8,95.79,91.87,1
752.2952,-15.8,-108.5,-314.7,92.98,91.88,1
752.4325,-16.8,-108.5,-314.7,93.66,91.90,1
752.5649,-17.9,-103.6,-317.6,94.33,91.92,1
752.7021,-15.8,-106.5,-312.7,93.26,91.94,1
752.8391,-15.8,-106.5,-310.8,93.34,91.95,1
752.9741,-13.7,-109.5,-313.7,92.03,91.94,1
753.1105,-15.8,-106.5,-312.7,93.20,91.95,1
753.2481,-15.8,-109.5,-309.8,93.06,91.97,1
753.3824,-17.9,-107.5,-312.7,94.09,91.99,1
753.5203,-17.9,-106.5,-313.7,94.12,92.01,1
753.6564,-14.7,-106.5,-313.7,92.72,92.02,1
753.7925,-13.7,-107.5,-312.7,92.07,92.03,1
753.9295,-14.7,-107.5,-312.7,92.69,92.03,1
754.0538,-20.0,-110.4,-311.8,95.16,92.06,1
754.1894,-20.0,-105.6,-311.8,95.32,92.09,1
754.3221,-15.8,-102.6,-313.7,92.94,92.11,1
754.4593,-13.7,-108.5,-314.7,91.65,92.11,1
754.5954,-15.8,-105.6,-315.7,92.73,92.12,1
754.7297,-18.9,-107.5,-314.7,94.44,92.14,1
754.8670,-17.9,-105.6,-312.7,94.07,92.15,1
755.0048,-18.9,-105.6,-309.8,94.95,92.18,1
755.1392,-12.6,-107.5,-312.7,91.59,92.18,1
755.2757,-15.8,-106.5,-314.7,93.12,92.19,1
755.4108,-14.7,-109.5,-313.7,92.43,92.19,1
755.5477,-20.0,-108.5,-316.6,95.06,92.21,1
755.6829,-16.8,-106.5,-314.7,93.66,92.24,1
755.8183,-15.8,-107.5,-315.7,92.91,92.25,1
755.9578,-13.7,-106.5,-311.8,91.88,92.25,1
756.0922,-16.8,-107.5,-313.7,93.40,92.26,1
756.2273,-13.7,-104.6,-313.7,91.76,92.26,1
756.3635,-14.7,-106.5,-308.8,92.32,92.26,1
756.4981,-16.8,-105.6,-312.7,93.32,92.28,1
756.6333,-14.7,-103.6,-315.7,92.39,92.28,1
756.7695,-15.8,-105.6,-318.6,92.70,92.29,1
756.9084,-18.9,-102.6,-310.8,94.67,92.31,1
757.0420,-16.8,-108.5,-311.8,93.37,92.32,1
757.1791,-16.8,-108.5,-315.7,93.19,92.33,1
757.3166,-16.8,-108.5,-318.6,93.12,92.34,1
757.4493,-15.8,-107.5,-309.8,92.86,92.25,1
757.5833,-14.7,-105.6,-314.7,92.27,92.25,1
757.7175,-17.9,-110.4,-311.8,93.74,92.26,1
757.8521,-15.8,-106.5,-308.8,92.88,92.27,1
757.9890,-18.9,-105.6,-312.7,94.69,92.29,1
758.1234,-17.9,-108.5,-316.6,94.01,92.31,1
758.2570,-10.5,-107.5,-312.7,90.68,92.30,1
758.3908,-15.8,-108.5,-312.7,93.33,92.31,1
758.5248,-15.8,-103.6,-312.7,93.07,92.32,1
758.6571,-12.6,-106.5,-309.8,91.44,92.31,1
758.7922,-15.8,-107.5,-315.7,92.94,92.29,1
758.9301,-14.7,-108.5,-315.7,92.36,92.28,1
759.0628,-14.7,-111.4,-316.6,92.30,92.30,1
759.1975,-16.8,-111.4,-311.8,93.49,92.33,1
759.3319,-18.9,-111.4,-314.7,94.53,92.36,1
759.4652,-14.7,-112.4,-310.8,92.51,92.36,1
759.5994,-15.8,-108.5,-316.6,92.96,92.37,1
759.7338,-15.8,-108.5,-311.8,92.96,92.38,1
759.8668,-13.7,-109.5,-315.7,92.07,92.37,1
760.0033,-13.7,-110.4,-314.7,91.98,92.37,1
760.1376,-12.6,-107.5,-314.7,91.49,92.35,1
760.2710,-14.7,-108.5,-314.7,92.28,92.36,1
760.4053,-14.7,-105.6,-315.7,92.25,92.36,1
760.5408,-16.8,-106.5,-312.7,92.93,92.35,1
760.6755,-15.8,-106.5,-312.7,92.43,92.35,1
760.8126,-20.0,-109.5,-312.7,94.67,92.37,1
760.9522,-13.7,-106.5,-316.6,91.49,92.37,1
761.0883,-14.7,-104.6,-316.6,92.03,92.37,1
761.2253,-15.8,-106.5,-313.7,92.56,92.38,1
761.3590,-11.6,-108.5,-312.7,90.37,92.36,1
761.4921,-20.0,-106.5,-314.7,94.59,92.37,1
761.6301,-15.8,-108.5,-309.8,92.35,92.38,1
761.7664,-18.9,-106.5,-311.8,94.05,92.39,1
761.9016,-13.7,-105.6,-310.8,91.58,92.39,1
762.0373,-12.6,-110.4,-309.8,91.14,92.40,1
762.1619,-15.8,-104.6,-316.6,92.80,92.40,1
762.2944,-18.9,-111.4,-312.7,94.21,92.43,1
762.4311,-14.7,-107.5,-314.7,92.22,92.43,1
762.5677,-23.1,-109.5,-306.9,96.41,92.49,1
762.7035,-17.9,-106.5,-311.8,93.78,92.49,1
762.8382,-14.7,-106.5,-314.7,92.13,92.49,1
762.9627,-15.8,-103.6,-312.7,92.85,92.50,1
763.0969,-20.0,-110.4,-314.7,94.71,92.52,1
763.2306,-14.7,-105.6,-311.8,92.50,92.51,1
763.3670,-15.8,-105.6,-310.8,93.05,92.52,1
763.5037,-14.7,-109.5,-317.6,92.48,92.53,1
763.6352,-15.8,-108.5,-309.8,93.13,92.55,1
763.7715,-14.7,-104.6,-315.7,92.56,92.55,1
763.9092,-15.8,-106.5,-309.8,92.95,92.56,1
764.0417,-16.8,-103.6,-311.8,93.32,92.58,1
764.1779,-15.8,-106.5,-316.6,92.68,92.59,1
764.3147,-20.0,-105.6,-315.7,94.90,92.60,1
764.4487,-14.7,-106.5,-312.7,92.21,92.60,1
764.5801,-16.8,-105.6,-316.6,93.23,92.59,1
764.7162,-15.8,-108.5,-310.8,92.64,92.60,1
764.8526,-16.8,-107.5,-312.7,93.13,92.60,1
764.9883,-12.6,-105.6,-314.7,90.95,92.60,1
765.1215,-13.7,-105.6,-311.8,91.51,92.60,1
765.2564,-18.9,-108.5,-316.6,94.13,92.61,1
765.3894,-16.8,-110.4,-310.8,93.06,92.63,1
765.5249,-17.9,-105.6,-314.7,93.89,92.63,1
765.6595,-16.8,-107.5,-316.6,93.19,92.64,1
765.7937,-15.8,-104.6,-311.8,92.84,92.64,1
765.9303,-14.7,-104.6,-309.8,92.31,92.65,1
766.0627,-16.8,-110.4,-308.8,93.30,92.65,1
766.1963,-18.9,-110.4,-316.6,93.96,92.66,1
766.3298,-15.8,-106.5,-314.7,92.54,92.66,1
766.4627,-16.8,-108.5,-312.7,93.00,92.66,1
766.5958,-13.7,-113.4,-307.9,91.40,92.65,1
766.7293,-16.8,-106.5,-311.8,93.04,92.65,1
766.8615,-15.8,-104.6,-317.6,92.50,92.69,1
766.9990,-14.7,-105.6,-313.7,91.65,92.69,1
767.1333,-14.7,-110.4,-315.7,91.53,92.66,1
767.2655,-15.8,-106.5,-314.7,92.10,92.65,1
767.3986,-14.7,-110.4,-312.7,91.52,92.65,1
767.5334,-14.7,-108.5,-314.7,91.52,92.65,1
767.6666,-15.8,-109.5,-317.6,91.97,92.65,1
767.7991,-13.7,-104.6,-311.8,91.09,92.65,1
767.9348,-13.7,-111.4,-313.7,91.00,92.63,1
768.0698,-15.8,-103.6,-315.7,91.86,92.64,1
768.2019,-17.9,-110.4,-316.6,92.77,92.64,1
768.3379,-14.7,-108.5,-313.7,91.35,92.63,1
768.4740,-16.8,-104.6,-314.7,92.52,92.64,1
768.6067,-13.7,-105.6,-313.7,90.71,92.62,1
768.7424,-14.7,-105.6,-312.7,91.26,92.62,1
768.8785,-13.7,-108.5,-316.6,90.64,92.61,1
769.0130,-20.0,-109.5,-315.7,93.80,92.62,1
769.1488,-12.6,-104.6,-312.7,90.25,92.61,1
769.2848,-13.7,-103.6,-310.8,91.13,92.59,1
769.4164,-15.8,-106.5,-313.7,92.17,92.56,1
769.5524,-14.7,-109.5,-312.7,91.77,92.54,1
769.6897,-16.8,-108.5,-314.7,92.81,92.55,1
769.8239,-15.8,-109.5,-311.8,92.28,92.54,1
769.9601,-16.8,-103.6,-308.8,92.85,92.56,1
770.0938,-14.7,-109.5,-317.6,91.49,92.56,1
770.2266,-14.7,-111.4,-315.7,91.55,92.56,1
770.3596,-16.8,-109.5,-312.7,92.57,92.58,1
770.4931,-18.9,-107.5,-313.7,93.75,92.60,1
770.6262,-17.9,-107.5,-314.7,93.19,92.60,1
770.7618,-17.9,-109.5,-317.6,93.13,92.60,1
770.8955,-11.6,-110.4,-313.7,90.10,92.59,1
771.0294,-10.5,-108.5,-311.8,89.59,92.58,1
771.1628,-15.8,-106.5,-311.8,92.23,92.57,1
771.2971,-12.6,-106.5,-316.6,90.43,92.56,1
771.4301,-14.7,-105.6,-316.6,91.53,92.55,1
771.5617,-15.8,-108.5,-310.8,92.21,92.54,1
771.6949,-13.7,-108.5,-312.7,91.06,92.53,1
771.8303,-16.8,-110.4,-314.7,92.55,92.54,1
771.9642,-15.8,-109.5,-315.7,92.19,92.54,1
772.0980,-17.9,-111.4,-308.8,93.38,92.56,1
772.2320,-15.8,-109.5,-313.7,92.36,92.56,1
772.3647,-15.8,-109.5,-315.7,92.49,92.55,1
772.4978,-14.7,-108.5,-314.7,91.97,92.55,1
772.6308,-18.9,-109.5,-313.7,94.09,92.57,1
772.7627,-21.0,-109.5,-312.7,95.15,92.58,1
772.8981,-18.9,-101.6,-313.7,94.45,92.60,1
773.0340,-15.8,-106.5,-312.7,92.39,92.60,1
773.1683,-10.5,-106.5,-319.6,89.96,92.58,1
773.3044,-16.8,-106.5,-312.7,93.34,92.59,1
773.4387,-17.9,-106.5,-315.7,93.75,92.60,1
773.5722,-15.8,-105.6,-314.7,92.98,92.60,1
773.7083,-21.0,-107.5,-313.7,95.61,92.62,1
773.8447,-13.7,-106.5,-315.7,92.28,92.62,1
773.9800,-16.8,-105.6,-312.7,93.87,92.63,1
774.1163,-15.8,-105.6,-315.7,93.40,92.64,1
774.2526,-15.8,-106.5,-311.8,93.46,92.64,1
774.3843,-14.7,-109.5,-310.8,92.84,92.64,1
774.5194,-15.8,-104.6,-313.7,93.43,92.66,1
774.6549,-16.8,-109.5,-314.7,93.88,92.67,1
774.7871,-16.8,-106.5,-314.7,93.92,92.68,1
774.9235,-13.7,-110.4,-315.7,92.15,92.67,1
775.0481,-15.8,-108.5,-312.7,93.24,92.67,1
775.1798,-13.7,-103.6,-315.7,92.15,92.69,1
775.3140,-14.7,-107.5,-314.7,92.59,92.69,1
775.4493,-15.8,-107.5,-313.7,93.05,92.70,1
775.5834,-14.7,-106.5,-315.7,92.22,92.69,1
775.7157,-13.7,-111.4,-313.7,91.63,92.68,1
775.8520,-16.8,-105.6,-313.7,93.26,92.67,1
775.9903,-15.8,-109.5,-313.7,92.49,92.68,1
776.1235,-14.7,-104.6,-311.8,92.16,92.67,1
776.2598,-15.8,-106.5,-316.6,92.50,92.66,1
776.3952,-15.8,-109.5,-317.6,92.41,92.66,1
776.5273,-14.7,-111.4,-314.7,91.89,92.66,1
776.6640,-15.8,-108.5,-309.8,92.65,92.65,1
776.7999,-15.8,-106.5,-315.7,92.61,92.65,1
776.9367,-15.8,-104.6,-316.6,92.51,92.65,1
777.0687,-16.8,-109.5,-316.6,93.07,92.66,1
777.2059,-14.7,-109.5,-319.6,92.04,92.65,1
777.3401,-12.6,-106.5,-312.7,91.42,92.64,1
777.4750,-20.0,-109.5,-316.6,95.25,92.67,1
777.6103,-13.7,-109.5,-314.7,92.13,92.67,1
777.7457,-17.9,-108.5,-319.6,94.17,92.69,1
777.8795,-14.7,-109.5,-312.7,92.65,92.68,1
778.0179,-15.8,-107.5,-317.6,93.18,92.70,1
778.1522,-15.8,-107.5,-317.6,93.19,92.70,1
778.2893,-16.8,-108.5,-312.7,93.70,92.71,1
778.4226,-20.0,-108.5,-317.6,95.21,92.73,1
778.5563,-12.6,-110.4,-311.8,91.41,92.66,1
778.6921,-15.8,-110.4,-312.7,92.95,92.66,1
778.8271,-15.8,-109.5,-313.7,92.93,92.66,1
778.9638,-15.8,-107.5,-315.7,92.92,92.69,1
779.0985,-15.8,-108.5,-313.7,92.90,92.70,1
779.2325,-13.7,-105.6,-313.7,91.87,92.69,1
779.3676,-17.9,-106.5,-314.7,94.22,92.71,1
779.5035,-16.8,-105.6,-316.6,93.68,92.72,1
779.6391,-15.8,-107.5,-308.8,93.24,92.72,1
779.7715,-15.8,-107.5,-315.7,93.11,92.73,1
779.9110,-14.7,-106.5,-315.7,92.47,92.82,1
780.0444,-18.9,-109.5,-314.7,94.44,92.83,1
780.1765,-14.7,-106.5,-312.7,92.29,92.84,1
780.3111,-14.7,-104.6,-316.6,92.13,92.83,1
780.4482,-12.6,-107.5,-307.9,91.05,92.82,1
780.5801,-14.7,-107.5,-313.7,92.01,92.81,1
780.7144,-17.9,-108.5,-314.7,93.30,92.89,1
780.8509,-18.9,-111.4,-314.7,93.79,92.90,1
780.9887,-15.8,-109.5,-310.8,92.35,92.89,1
781.1206,-16.8,-108.5,-319.6,92.71,92.88,1
781.2572,-14.7,-106.5,-314.7,91.76,92.87,1
781.3912,-18.9,-108.5,-315.7,93.88,92.89,1
781.5244,-16.8,-107.5,-313.7,92.96,92.88,1
781.6606,-18.9,-104.6,-314.7,94.11,92.87,1
781.7944,-17.9,-105.6,-317.6,93.47,92.86,1
781.9287,-15.8,-107.5,-315.7,92.39,92.86,1
782.0640,-15.8,-103.6,-310.8,92.46,92.86,1
782.2001,-11.6,-107.5,-314.7,90.17,92.84,1
782.3343,-16.8,-106.5,-311.8,92.95,92.86,1
782.4661,-13.7,-110.4,-315.7,91.25,92.86,1
782.6040,-14.7,-105.6,-310.8,91.72,92.86,1
782.7386,-13.7,-109.5,-316.6,91.51,92.84,1
782.8707,-16.8,-109.5,-310.8,93.18,92.85,1
783.0090,-17.9,-107.5,-318.6,93.60,92.85,1
783.1449,-21.0,-105.6,-315.7,95.35,92.87,1
783.2782,-14.7,-105.6,-317.6,92.09,92.86,1
783.4136,-12.6,-105.6,-315.7,90.94,92.84,1
783.5481,-15.8,-109.5,-312.7,92.52,92.83,1
783.6832,-13.7,-108.5,-318.6,91.39,92.83,1
783.8169,-14.7,-109.5,-317.6,91.82,92.86,1
783.9541,-18.9,-106.5,-314.7,93.96,92.87,1
784.0884,-12.6,-105.6,-311.8,90.80,92.85,1
784.2231,-16.8,-103.6,-316.6,92.86,92.87,1
784.3582,-14.7,-108.5,-312.7,91.48,92.86,1
784.4944,-15.8,-108.5,-316.6,91.98,92.84,1
784.6276,-17.9,-108.5,-315.7,92.75,92.84,1
784.7629,-15.8,-107.5,-311.8,91.72,92.74,1
784.9015,-13.7,-111.4,-311.8,90.58,92.72,1
785.0353,-14.7,-110.4,-308.8,91.43,92.72,1
785.1676,-15.8,-106.5,-313.7,91.93,92.72,1
785.3049,-20.0,-108.5,-311.8,94.03,92.73,1
785.4404,-15.8,-107.5,-314.7,91.94,92.72,1
785.5719,-17.9,-109.5,-314.7,92.92,92.72,1
785.7064,-13.7,-108.5,-318.6,90.71,92.70,1
785.8441,-17.9,-109.5,-309.8,93.21,92.70,1
785.9769,-16.8,-104.6,-314.7,92.92,92.70,1
786.1113,-16.8,-104.6,-314.7,93.00,92.70,1
786.2479,-13.7,-103.6,-315.7,91.41,92.69,1
786.3831,-17.9,-107.5,-312.7,93.66,92.70,1
786.5145,-15.8,-108.5,-314.7,92.58,92.78,1
786.6501,-16.8,-108.5,-315.7,93.13,92.79,1
786.7846,-15.8,-106.5,-312.7,92.59,92.78,1
786.9199,-12.6,-110.4,-314.7,90.91,92.79,1
787.0560,-17.9,-107.5,-315.7,93.65,92.80,1
787.1904,-15.8,-106.5,-313.7,92.68,92.80,1
787.3238,-15.8,-112.4,-316.6,92.51,92.80,1
787.4605,-17.9,-113.4,-316.6,93.49,92.80,1
787.5942,-11.6,-104.6,-317.6,90.62,92.68,1
787.7304,-15.8,-110.4,-308.8,92.85,92.69,1
787.8642,-17.9,-108.5,-316.6,93.69,92.60,1
788.0006,-17.9,-107.5,-312.7,93.80,92.61,1
788.1360,-15.8,-108.5,-312.7,92.85,92.62,1
788.2702,-15.8,-106.5,-318.6,92.55,92.63,1
788.4040,-15.8,-111.4,-317.6,92.44,92.62,1
788.5409,-17.9,-107.5,-315.7,93.53,92.64,1
788.6739,-14.7,-104.6,-313.7,92.05,92.65,1
788.8081,-11.6,-109.5,-315.7,90.67,92.64,1
788.9467,-15.8,-109.5,-317.6,92.92,92.65,1
789.0839,-14.7,-110.4,-313.7,92.41,92.66,1
789.2160,-16.8,-106.5,-315.7,93.45,92.67,1
789.3518,-15.8,-111.4,-313.7,92.87,92.67,1
789.4876,-20.0,-108.5,-316.6,94.98,92.69,1
789.6205,-13.7,-110.4,-307.9,91.85,92.69,1
789.7550,-15.8,-108.5,-316.6,92.83,92.69,1
789.8910,-17.9,-107.5,-316.6,93.73,92.71,1
790.0256,-14.7,-104.6,-315.7,92.16,92.71,1
790.1613,-15.8,-107.5,-315.7,92.65,92.72,1
790.2970,-16.8,-105.6,-310.8,93.41,92.73,1
790.4313,-16.8,-108.5,-314.7,93.24,92.82,1
790.5632,-17.9,-107.5,-313.7,93.82,92.83,1
790.7001,-12.6,-108.5,-315.7,91.09,92.82,1
790.8349,-14.7,-104.6,-316.6,92.03,92.83,1
790.9710,-16.8,-103.6,-315.7,93.18,92.84,1
791.1048,-12.6,-104.6,-313.7,90.86,92.79,1
791.2423,-16.8,-109.5,-311.8,92.98,92.77,1
791.3765,-15.8,-102.6,-314.7,92.63,92.76,1
791.5134,-12.6,-109.5,-314.7,90.71,92.76,1
791.6484,-13.7,-108.5,-312.7,91.25,92.75,1
791.7864,-14.7,-103.6,-316.6,91.78,92.75,1
791.9201,-18.9,-104.6,-316.6,93.69,92.76,1
792.0549,-15.8,-105.6,-312.7,92.17,92.72,1
792.1913,-14.7,-109.5,-313.7,91.48,92.62,1
792.3250,-15.8,-105.6,-313.7,92.24,92.52,1
792.4599,-13.7,-105.6,-315.7,91.17,92.54,1
792.5965,-17.9,-107.5,-311.8,93.31,92.56,1
792.7313,-14.7,-108.5,-314.7,91.66,92.55,1
792.8685,-14.7,-107.5,-311.8,91.84,92.56,1
792.9940,-17.9,-105.6,-316.6,93.53,92.57,1
793.1257,-13.7,-108.5,-313.7,91.47,92.55,1
793.2612,-14.7,-107.5,-314.7,92.01,92.55,1
793.3973,-17.9,-106.5,-311.8,93.71,92.57,1
793.5337,-18.9,-108.5,-312.7,94.09,92.58,1
793.6666,-18.9,-103.6,-313.7,94.25,92.60,1
793.8043,-18.9,-98.7,-312.7,94.32,92.62,1
793.9442,-15.8,-105.6,-315.7,92.23,92.62,1
794.0773,-15.8,-113.4,-311.8,92.31,92.62,1
794.2147,-15.8,-104.6,-313.7,92.48,92.62,1
794.3515,-14.7,-108.5,-313.7,91.98,92.62,1
794.4853,-15.8,-101.6,-318.6,92.45,92.62,1
794.6218,-13.7,-110.4,-313.7,91.23,92.60,1
794.7588,-15.8,-112.4,-317.6,92.27,92.59,1
794.8945,-17.9,-105.6,-309.8,93.70,92.60,1
795.0302,-20.0,-106.5,-311.8,94.71,92.63,1
795.1669,-15.8,-109.5,-314.7,92.41,92.62,1
795.3027,-18.9,-104.6,-312.7,94.08,92.64,1
795.4369,-17.9,-106.5,-315.7,93.43,92.65,1
795.5745,-18.9,-108.5,-318.6,93.92,92.65,1
795.7096,-17.9,-109.5,-312.7,93.66,92.66,1
795.8448,-13.7,-107.5,-316.6,91.63,92.66,1
795.9707,-14.7,-108.5,-313.7,92.25,92.67,1
796.1063,-16.8,-106.5,-314.7,93.31,92.68,1
796.2399,-15.8,-108.5,-311.8,92.86,92.69,1
796.3764,-17.9,-107.5,-314.7,93.91,92.70,1
796.5116,-16.8,-105.6,-311.8,93.42,92.71,1
796.6494,-18.9,-106.5,-313.7,94.52,92.76,1
796.7837,-15.8,-110.4,-313.7,92.79,92.77,1
796.9216,-17.9,-103.6,-317.6,94.00,92.79,1
797.0574,-16.8,-110.4,-319.6,93.13,92.79,1
797.1930,-16.8,-107.5,-311.8,93.27,92.80,1
797.3281,-15.8,-108.5,-315.7,92.64,92.80,1
797.4651,-15.8,-107.5,-315.7,92.57,92.80,1
797.5993,-17.9,-107.5,-315.7,93.71,92.81,1
797.7354,-14.7,-105.6,-315.7,92.13,92.80,1
797.8728,-14.7,-105.6,-310.8,92.25,92.80,1
798.0117,-17.9,-105.6,-309.8,94.16,92.82,1
798.1452,-14.7,-108.5,-312.7,92.38,92.81,1
798.2832,-14.7,-108.5,-315.7,92.31,92.84,1
798.4169,-20.0,-106.5,-311.8,95.05,92.86,1
798.5503,-15.8,-108.5,-313.7,92.90,92.87,1
798.6868,-14.7,-111.4,-317.6,92.24,92.87,1
798.8249,-15.8,-108.5,-315.7,92.85,92.87,1
798.9602,-14.7,-107.5,-315.7,92.29,92.87,1
799.0952,-15.8,-110.4,-311.8,92.78,92.86,1
799.2323,-17.9,-106.5,-312.7,93.98,92.87,1
799.3686,-15.8,-105.6,-315.7,92.83,92.87,1
799.5028,-15.8,-108.5,-309.8,92.85,92.87,1
799.6390,-15.8,-106.5,-313.7,92.85,92.87,1
799.7753,-14.7,-107.5,-315.7,92.25,92.86,1
799.9117,-16.8,-105.6,-315.7,93.43,92.86,1
800.0351,-14.7,-106.5,-314.7,92.26,92.85,1
800.1707,-13.7,-110.4,-309.8,91.71,92.85,1
800.3039,-20.0,-107.5,-317.6,94.72,92.87,1
800.4416,-17.9,-106.5,-319.6,93.63,92.87,1
800.5768,-13.7,-108.5,-316.6,91.42,92.87,1
800.7097,-16.8,-105.6,-316.6,92.96,92.87,1
800.8471,-13.7,-109.5,-313.7,91.32,92.86,1
800.9844,-15.8,-111.4,-314.7,92.31,92.86,1
801.1207,-17.9,-110.4,-319.6,93.16,92.87,1
801.2556,-14.7,-110.4,-308.8,91.79,92.86,1
801.3910,-16.8,-107.5,-317.6,92.87,92.87,1
801.5269,-14.7,-106.5,-314.7,91.88,92.85,1
801.6608,-9.5,-106.5,-314.7,89.12,92.83,1
801.7969,-14.7,-108.5,-312.7,91.85,92.82,1
801.9364,-13.7,-106.5,-317.6,91.35,92.82,1
802.0720,-13.7,-103.6,-312.7,91.51,92.82,1
802.2076,-20.0,-107.5,-316.6,94.63,92.83,1
802.3445,-15.8,-109.5,-317.6,92.36,92.83,1
802.4814,-18.9,-108.5,-314.7,94.24,92.85,1
802.6145,-12.6,-106.5,-313.7,91.05,92.84,1
802.7506,-17.9,-107.5,-315.7,93.77,92.85,1
802.8875,-14.7,-112.4,-314.7,92.08,92.85,1
803.0233,-15.8,-109.5,-313.7,92.67,92.85,1
803.1480,-15.8,-106.5,-317.6,92.68,92.85,1
803.2850,-15.8,-104.6,-315.7,92.99,92.85,1
803.4177,-13.7,-106.5,-315.7,91.86,92.85,1
803.5534,-15.8,-109.5,-312.7,92.71,92.83,1
803.6916,-17.9,-109.5,-316.6,93.82,92.84,1
803.8248,-13.7,-108.5,-312.7,91.90,92.83,1
803.9625,-15.8,-105.6,-313.7,92.66,92.84,1
804.0996,-24.2,-109.5,-313.7,96.75,92.89,1
804.2364,-14.7,-107.5,-312.7,92.09,92.90,1
804.3708,-16.8,-111.4,-314.7,93.04,92.89,1
804.5077,-17.9,-104.6,-316.6,93.73,92.90,1
804.6433,-15.8,-105.6,-313.7,92.68,92.89,1
804.7773,-15.8,-108.5,-311.8,92.67,92.89,1
804.9162,-15.8,-107.5,-309.8,92.63,92.91,1
805.0524,-15.8,-107.5,-311.8,92.60,92.91,1
805.1850,-15.8,-109.5,-317.6,92.48,92.92,1
805.3228,-14.7,-105.6,-313.7,92.15,92.91,1
805.4579,-15.8,-109.5,-311.8,92.67,92.91,1
805.5946,-15.8,-111.4,-316.6,92.54,92.92,1
805.7294,-15.8,-108.5,-315.7,92.70,92.94,1
805.8664,-15.8,-105.6,-315.7,92.79,92.95,1
806.0058,-16.8,-110.4,-315.7,93.18,92.96,1
806.1377,-15.8,-107.5,-311.8,92.97,92.95,1
806.2736,-15.8,-107.5,-316.6,92.94,92.95,1
806.3992,-15.8,-111.4,-316.6,92.86,92.96,1
806.5334,-17.9,-108.5,-317.6,94.06,92.97,1
806.6683,-17.9,-108.5,-315.7,94.11,92.97,1
806.8060,-16.8,-105.6,-313.7,93.88,92.97,1
806.9438,-13.7,-106.5,-315.7,92.26,92.97,1
807.0791,-15.8,-107.5,-316.6,93.50,92.96,1
807.2165,-17.9,-104.6,-309.8,94.75,92.99,1
807.3533,-15.8,-108.5,-312.7,93.52,92.99,1
807.4881,-14.7,-107.5,-317.6,92.94,93.00,1
807.6250,-16.8,-110.4,-313.7,93.88,93.00,1
807.7618,-11.6,-107.5,-312.7,91.42,92.99,1
807.8976,-17.9,-111.4,-311.8,94.46,93.01,1
808.0222,-15.8,-112.4,-312.7,93.30,93.01,1
808.1591,-15.8,-106.5,-315.7,93.35,92.97,1
808.2921,-16.8,-105.6,-319.6,93.84,92.98,1
808.4291,-15.8,-109.5,-315.7,93.17,92.98,1
808.5670,-15.8,-105.6,-312.7,93.41,92.98,1
808.6996,-16.8,-110.4,-310.8,93.85,93.00,1
808.8367,-20.0,-105.6,-315.7,95.41,93.01,1
808.9623,-14.7,-108.5,-312.7,92.77,93.01,1
809.0970,-15.8,-110.4,-311.8,93.34,93.01,1
809.2341,-17.9,-110.4,-317.6,94.18,93.02,1
809.3707,-16.8,-105.6,-316.6,93.73,93.04,1
809.5060,-11.6,-107.5,-309.8,91.11,93.02,1
809.6398,-21.0,-110.4,-316.6,95.59,93.05,1
809.7765,-15.8,-110.4,-308.8,93.03,93.05,1
809.9142,-15.8,-107.5,-313.7,92.99,93.07,1
810.0476,-17.9,-105.6,-313.7,94.04,93.07,1
810.1858,-13.7,-110.4,-313.7,91.70,93.06,1
810.3212,-16.8,-109.5,-309.8,93.21,93.07,1
810.4541,-16.8,-106.5,-310.8,93.25,93.07,1
810.5906,-15.8,-106.5,-312.7,92.59,93.07,1
810.7260,-13.7,-107.5,-313.7,91.46,93.05,1
810.8627,-16.8,-107.5,-313.7,93.05,92.95,1
810.9859,-16.8,-104.6,-314.7,93.02,92.95,1
811.1211,-17.9,-102.6,-315.7,93.65,92.96,1
811.2596,-15.8,-108.5,-314.7,92.09,92.94,1
811.3936,-15.8,-108.5,-312.7,91.91,92.94,1
811.5288,-17.9,-110.4,-318.6,92.65,92.93,1
811.6659,-14.7,-107.5,-314.7,91.28,92.91,1
811.8018,-15.8,-108.5,-317.6,92.05,92.90,1
811.9392,-13.7,-106.5,-313.7,91.10,92.89,1
812.0627,-17.9,-109.5,-311.8,93.24,92.89,1
812.1974,-15.8,-105.6,-316.6,92.09,92.88,1
812.3337,-18.9,-108.5,-313.7,93.54,92.89,1
812.4705,-15.8,-109.5,-317.6,91.90,92.89,1
812.6047,-18.9,-107.5,-312.7,93.69,92.86,1
812.7402,-7.4,-111.4,-315.7,87.87,92.81,1
812.8771,-18.9,-104.6,-316.6,93.74,92.83,1
813.0157,-17.9,-107.5,-314.7,93.21,92.84,1
813.1488,-16.8,-106.5,-313.7,92.71,92.85,1
813.2861,-14.7,-108.5,-315.7,91.45,92.85,1
813.4236,-20.0,-105.6,-318.6,94.18,92.87,1
813.5565,-18.9,-105.6,-313.7,93.73,92.88,1
813.6918,-15.8,-106.5,-314.7,92.07,92.87,1
813.8288,-21.0,-104.6,-314.7,94.85,92.89,1
813.9654,-12.6,-109.5,-313.7,90.50,92.87,1
814.1003,-14.7,-110.4,-312.7,91.85,92.86,1
814.2374,-16.8,-103.6,-315.7,93.19,92.86,1
814.3728,-16.8,-104.6,-313.7,93.56,92.86,1
814.5062,-15.8,-110.4,-313.7,92.81,92.87,1
814.6426,-11.6,-113.4,-310.8,90.72,92.85,1
814.7785,-15.8,-109.5,-316.6,92.72,92.85,1
814.9155,-15.8,-102.6,-313.7,93.02,92.85,1
815.0400,-8.4,-110.4,-316.6,89.06,92.82,1
815.1743,-11.6,-109.5,-313.7,90.59,92.80,1
815.3087,-16.8,-107.5,-312.7,93.53,92.80,1
815.4458,-15.8,-103.6,-317.6,93.14,92.77,1
815.5810,-15.8,-110.4,-313.7,93.01,92.85,1
815.7147,-16.8,-105.6,-314.7,93.65,92.86,1
815.8518,-13.7,-106.5,-311.8,92.12,92.84,1
815.9894,-16.8,-108.5,-314.7,93.56,92.84,1
816.1260,-13.7,-106.5,-313.7,91.99,92.83,1
816.2605,-15.8,-107.5,-312.7,93.13,92.84,1
816.3954,-12.6,-104.6,-313.7,91.61,92.84,1
816.5328,-17.9,-105.6,-314.7,94.23,92.85,1
816.6679,-15.8,-106.5,-310.8,93.32,92.86,1
816.8032,-21.0,-109.5,-313.7,95.59,92.88,1
816.9423,-15.8,-102.6,-317.6,92.68,92.88,1
817.0744,-15.8,-107.5,-317.6,92.45,92.92,1
817.2111,-20.0,-111.4,-314.7,94.51,92.93,1
817.3478,-16.8,-108.5,-313.7,93.05,92.94,1
817.4847,-15.8,-107.5,-316.6,92.49,92.90,1
817.6176,-17.9,-107.5,-315.7,93.53,92.90,1
817.7556,-12.6,-110.4,-313.7,90.84,92.84,1
817.8929,-15.8,-107.5,-316.6,92.42,92.84,1
818.0283,-16.8,-106.5,-312.7,92.95,92.80,1
818.1654,-17.9,-111.4,-313.7,93.27,92.80,1
818.3007,-12.6,-109.5,-314.7,90.92,92.78,1
818.4334,-14.7,-105.6,-314.7,92.06,92.78,1
818.5702,-18.9,-109.5,-310.8,94.03,92.79,1
818.7071,-15.8,-109.5,-314.7,92.38,92.79,1
818.8442,-17.9,-106.5,-317.6,93.41,92.78,1
818.9674,-15.8,-107.5,-312.7,92.13,92.78,1
819.1042,-18.9,-106.5,-315.7,93.69,92.79,1
819.2399,-18.9,-109.5,-313.7,93.30,92.80,1
819.3738,-14.7,-110.4,-311.8,91.15,92.76,1
819.5107,-15.8,-108.5,-315.7,91.57,92.74,1
819.6458,-13.7,-110.4,-316.6,90.51,92.74,1
819.7788,-13.7,-105.6,-316.6,90.35,92.72,1
819.9191,-15.8,-106.5,-314.7,91.61,92.72,1
820.0551,-15.8,-108.5,-313.7,91.63,92.72,1
820.1882,-20.0,-111.4,-314.7,93.94,92.73,1
820.3250,-15.8,-107.5,-314.7,92.10,92.73,1
820.4601,-17.9,-104.6,-314.7,93.21,92.74,1
820.5959,-16.8,-103.6,-317.6,92.37,92.75,1
820.7304,-15.8,-109.5,-310.8,91.86,92.74,1
820.8662,-17.9,-104.6,-309.8,92.85,92.74,1
821.0069,-16.8,-108.5,-316.6,92.14,92.73,1
821.1393,-10.5,-110.4,-312.7,88.98,92.70,1
821.2751,-14.7,-109.5,-312.7,91.12,92.68,1
821.4116,-12.6,-109.5,-315.7,90.16,92.68,1
821.5478,-14.7,-101.6,-313.7,91.66,92.66,1
821.6826,-15.8,-107.5,-314.7,92.09,92.66,1
821.8196,-21.0,-104.6,-316.6,94.90,92.68,1
821.9586,-15.8,-104.6,-310.8,92.34,92.67,1
822.0917,-15.8,-106.5,-316.6,92.03,92.63,1
822.2284,-15.8,-106.5,-317.6,92.07,92.59,1
822.3648,-12.6,-109.5,-312.7,90.59,92.58,1
822.4981,-18.9,-109.5,-308.8,93.69,92.59,1
822.6347,-17.9,-108.5,-312.7,92.90,92.59,1
822.7710,-14.7,-108.5,-314.7,91.30,92.59,1
822.9063,-13.7,-109.5,-310.8,90.97,92.58,1
823.0302,-14.7,-105.6,-314.7,91.33,92.60,1
823.1685,-17.9,-108.5,-314.7,92.93,92.60,1
823.3013,-16.8,-107.5,-311.8,92.55,92.59,1
823.4364,-16.8,-108.5,-316.6,92.46,92.59,1
823.5730,-15.8,-112.4,-318.6,91.96,92.59,1
823.7095,-14.7,-110.4,-316.6,91.49,92.61,1
823.8425,-12.6,-105.6,-315.7,90.58,92.56,1
823.9682,-13.7,-109.5,-314.7,91.23,92.54,1
824.1036,-16.8,-106.5,-311.8,92.94,92.55,1
824.2376,-15.8,-107.5,-315.7,92.23,92.55,1
824.3744,-15.8,-108.5,-313.7,91.96,92.54,1
824.5089,-14.7,-107.5,-313.7,91.54,92.53,1
824.6418,-14.7,-106.5,-316.6,91.51,92.52,1
824.7670,-15.8,-104.6,-317.6,92.14,92.52,1
824.9061,-15.8,-109.5,-316.6,92.07,92.54,1
825.0394,-16.8,-108.5,-312.7,92.63,92.55,1
825.1752,-16.8,-105.6,-311.8,92.75,92.55,1
825.3127,-11.6,-103.6,-318.6,89.97,92.53,1
825.4453,-22.1,-106.5,-315.7,95.34,92.54,1
825.5820,-15.8,-107.5,-311.8,92.37,92.53,1
825.7191,-16.8,-105.6,-317.6,92.83,92.53,1
825.8556,-16.8,-103.6,-316.6,92.90,92.52,1
825.9788,-14.7,-108.5,-319.6,91.66,92.52,1
826.1156,-11.6,-106.5,-317.6,90.30,92.49,1
826.2511,-14.7,-108.5,-318.6,91.94,92.48,1
826.3849,-14.7,-108.5,-314.7,92.00,92.48,1
826.5212,-15.8,-105.6,-315.7,92.64,92.48,1
826.6578,-17.9,-108.5,-310.8,93.71,92.53,1
826.7915,-14.7,-106.5,-313.7,92.11,92.53,1
826.9186,-14.7,-107.5,-318.6,91.97,92.53,1
827.0532,-14.7,-109.5,-314.7,92.06,92.52,1
827.1865,-9.5,-109.5,-314.7,89.45,92.49,1
827.3223,-15.8,-106.5,-315.7,92.67,92.50,1
827.4603,-13.7,-107.5,-312.7,91.64,92.50,1
827.5927,-15.8,-104.6,-313.7,92.77,92.51,1
827.7303,-14.7,-108.5,-312.7,92.08,92.45,1
827.8675,-15.8,-108.5,-317.6,92.46,92.45,1
828.0071,-10.5,-108.5,-318.6,89.80,92.45,1
828.1419,-15.8,-108.5,-314.7,92.56,92.45,1
828.2791,-15.8,-107.5,-313.7,92.46,92.46,1
828.4144,-13.7,-101.6,-310.8,91.53,92.45,1
828.5481,-12.6,-107.5,-311.8,91.07,92.45,1
828.6846,-16.8,-106.5,-314.7,93.39,92.45,1
828.8203,-12.6,-105.6,-311.8,91.40,92.44,1
828.9577,-20.0,-106.5,-317.6,95.15,92.46,1
829.0931,-13.7,-108.5,-315.7,92.20,92.45,1
829.2291,-15.8,-109.5,-312.7,93.02,92.47,1
829.3635,-15.8,-109.5,-312.7,93.01,92.47,1
829.4984,-13.7,-107.5,-314.7,92.04,92.47,1
829.6347,-15.8,-109.5,-315.7,93.03,92.49,1
829.7715,-18.9,-110.4,-314.7,94.51,92.51,1
829.9079,-14.7,-108.5,-309.8,92.63,92.50,1
830.0427,-14.7,-108.5,-313.7,92.52,92.49,1
830.1803,-15.8,-101.6,-314.7,93.12,92.49,1
830.3121,-15.8,-108.5,-314.7,92.96,92.50,1
830.4471,-15.8,-108.5,-314.7,92.96,92.51,1
830.5843,-15.8,-108.5,-317.6,92.81,92.51,1
830.7219,-15.8,-104.6,-313.7,92.96,92.51,1
830.8554,-15.8,-106.5,-314.7,92.81,92.48,1
830.9815,-12.6,-111.4,-316.6,91.11,92.46,1
831.1161,-17.9,-109.5,-313.7,93.80,92.47,1
831.2514,-16.8,-103.6,-314.7,93.41,92.47,1
831.3883,-18.9,-104.6,-313.7,94.51,92.49,1
831.5254,-14.7,-107.5,-314.7,92.23,92.49,1
831.6584,-14.7,-109.5,-315.7,92.17,92.49,1
831.7972,-15.8,-107.5,-315.7,92.74,92.49,1
831.9361,-15.8,-103.6,-313.7,92.77,92.49,1
832.0696,-15.8,-110.4,-310.8,92.64,92.50,1
832.2072,-12.6,-111.4,-315.7,90.91,92.46,1
832.3451,-16.8,-105.6,-313.7,93.16,92.46,1
832.4803,-17.9,-106.5,-314.7,93.65,92.47,1
832.6147,-14.7,-109.5,-313.7,91.95,92.46,1
832.7516,-13.7,-109.5,-315.7,91.49,92.45,1
832.8887,-14.7,-108.5,-312.7,92.21,92.46,1
833.0238,-15.8,-108.5,-317.6,92.58,92.46,1
833.1608,-11.6,-104.6,-314.7,90.47,92.44,1
833.2973,-16.8,-104.6,-312.7,93.20,92.45,1
833.4308,-18.9,-107.5,-314.7,94.44,92.46,1
833.5671,-14.7,-106.5,-315.7,92.40,92.46,1
833.7023,-11.6,-110.4,-312.7,90.80,92.44,1
833.8398,-15.8,-111.4,-314.7,92.76,92.45,1
833.9752,-12.6,-110.4,-311.8,91.52,92.44,1
834.1106,-15.8,-110.4,-315.7,93.11,92.45,1
834.2483,-14.7,-110.4,-313.7,92.60,92.45,1
834.3826,-15.8,-106.5,-316.6,93.17,92.43,1
834.5211,-15.8,-109.5,-314.7,93.09,92.42,1
834.6590,-15.8,-110.4,-313.7,93.03,92.43,1
834.7937,-20.0,-107.5,-315.7,95.04,92.44,1
834.9311,-15.8,-110.4,-312.7,92.65,92.45,1
835.0556,-16.8,-106.5,-314.7,93.46,92.46,1
835.1901,-15.8,-108.5,-310.8,92.95,92.46,1
835.3247,-18.9,-107.5,-316.6,94.43,92.47,1
835.4620,-11.6,-107.5,-311.8,90.84,92.47,1
835.6000,-17.9,-106.5,-320.5,94.32,92.47,1
835.7329,-12.6,-110.4,-313.7,91.60,92.46,1
835.8702,-15.8,-107.5,-315.7,93.14,92.46,1
836.0099,-17.9,-104.6,-317.6,94.26,92.46,1
836.1442,-20.0,-107.5,-313.7,95.31,92.48,1
836.2812,-15.8,-105.6,-314.7,93.24,92.49,1
836.4174,-18.9,-108.5,-311.8,94.80,92.51,1
836.5508,-15.8,-106.5,-313.7,93.17,92.52,1
836.6871,-13.7,-107.5,-315.7,91.88,92.52,1
836.8238,-16.8,-109.5,-314.7,93.32,92.53,1
836.9621,-15.8,-113.4,-312.7,92.69,92.52,1
837.0953,-16.8,-107.5,-315.7,93.29,92.53,1
837.2334,-15.8,-107.5,-316.6,92.71,92.53,1
837.3691,-15.8,-104.6,-313.7,92.64,92.53,1
837.5018,-17.9,-105.6,-317.6,93.64,92.55,1
837.6386,-16.8,-105.6,-313.7,93.22,92.54,1
837.7753,-16.8,-109.5,-314.7,92.95,92.56,1
837.9122,-15.8,-105.6,-310.8,92.56,92.56,1
838.0357,-15.8,-106.5,-314.7,92.48,92.56,1
838.1708,-16.8,-103.6,-315.7,92.93,92.57,1
838.3062,-12.6,-105.6,-317.6,90.68,92.56,1
838.4427,-16.8,-109.5,-312.7,92.91,92.55,1
838.5773,-15.8,-110.4,-316.6,92.28,92.55,1
838.7143,-16.8,-107.5,-312.7,92.98,92.56,1
838.8365,-15.8,-109.5,-312.7,92.46,92.56,1
838.9727,-17.9,-105.6,-314.7,93.58,92.57,1
839.1088,-16.8,-107.5,-316.6,92.84,92.58,1
839.2420,-15.8,-106.5,-314.7,92.48,92.58,1
839.3795,-14.7,-105.6,-313.7,92.06,92.59,1
839.5146,-15.8,-109.5,-315.7,92.62,92.58,1
839.6487,-16.8,-106.5,-315.7,93.24,92.59,1
839.7859,-15.8,-110.4,-315.7,92.73,92.59,1
839.9253,-18.9,-110.4,-312.7,94.40,92.60,1
840.0580,-18.9,-108.5,-315.7,94.39,92.62,1
840.1950,-17.9,-105.6,-314.7,93.99,92.63,1
840.3304,-13.7,-108.5,-313.7,91.73,92.62,1
840.4683,-13.7,-108.5,-314.7,91.61,92.62,1
840.6023,-16.8,-104.6,-310.8,92.92,92.62,1
840.7378,-15.8,-108.5,-313.7,92.27,92.59,1
840.8753,-16.8,-108.5,-314.7,92.75,92.59,1
841.0129,-13.7,-108.5,-312.7,91.20,92.58,1
841.1482,-17.9,-105.6,-312.7,93.41,92.58,1
841.2857,-15.8,-108.5,-312.7,92.27,92.58,1
841.4195,-16.8,-105.6,-315.7,92.82,92.59,1
841.5542,-14.7,-107.5,-314.7,91.70,92.58,1
841.6900,-15.8,-108.5,-310.8,92.22,92.58,1
841.8268,-16.8,-106.5,-309.8,92.81,92.59,1
841.9627,-13.7,-105.6,-314.7,90.96,92.58,1
842.0993,-21.0,-106.5,-316.6,94.74,92.51,1
842.2362,-15.8,-108.5,-310.8,92.19,92.51,1
842.3690,-16.8,-108.5,-310.8,92.74,92.52,1
842.5049,-15.8,-106.5,-317.6,92.17,92.52,1
842.6427,-16.8,-105.6,-315.7,92.77,92.53,1
842.7762,-15.8,-109.5,-313.7,92.24,92.53,1
842.9159,-16.8,-105.6,-313.7,92.87,92.54,1
843.0396,-16.8,-106.5,-313.7,92.86,92.55,1
843.1738,-13.7,-107.5,-316.6,91.21,92.53,1
843.3107,-12.6,-107.5,-316.6,90.65,92.52,1
843.4475,-14.7,-105.6,-312.7,91.84,92.51,1
843.5827,-16.8,-108.5,-310.8,92.78,92.52,1
843.7182,-16.8,-105.6,-313.7,92.79,92.53,1
843.8555,-14.7,-105.6,-315.7,91.47,92.52,1
843.9937,-16.8,-107.5,-315.7,92.52,92.51,1
844.1287,-14.7,-108.5,-314.7,91.44,92.50,1
844.2671,-12.6,-109.5,-309.8,90.59,92.49,1
844.4024,-18.9,-107.5,-316.6,93.74,92.53,1
844.5373,-15.8,-109.5,-314.7,92.24,92.52,1
844.6739,-20.0,-104.6,-313.7,94.55,92.54,1
844.8092,-16.8,-107.5,-315.7,93.11,92.55,1
844.9478,-15.8,-108.5,-313.7,92.65,92.55,1
845.0692,-17.9,-106.5,-314.7,93.66,92.56,1
845.2047,-15.8,-108.5,-310.8,92.60,92.56,1
845.3430,-15.8,-104.6,-313.7,92.67,92.55,1
845.4773,-21.0,-110.4,-314.7,95.07,92.57,1
845.6120,-15.8,-109.5,-314.7,92.25,92.56,1
845.7495,-15.8,-111.4,-315.7,91.95,92.56,1
845.8855,-14.7,-109.5,-315.7,91.53,92.55,1
846.0232,-14.7,-108.5,-309.8,91.69,92.54,1
846.1604,-16.8,-105.6,-313.7,92.78,92.55,1
846.2953,-12.6,-111.4,-313.7,90.63,92.54,1
846.4316,-15.8,-107.5,-311.8,92.28,92.53,1
846.5687,-15.8,-104.6,-312.7,92.38,92.53,1
846.7056,-16.8,-106.5,-314.7,92.92,92.53,1
846.8392,-16.8,-107.5,-311.8,93.00,92.53,1
846.9640,-17.9,-107.5,-313.7,93.59,92.53,1
847.1010,-16.8,-107.5,-312.7,93.07,92.55,1
847.2345,-16.8,-105.6,-313.7,93.06,92.56,1
847.3715,-20.0,-109.5,-318.6,94.36,92.57,1
847.5093,-18.9,-105.6,-318.6,94.23,92.59,1
847.6422,-16.8,-108.5,-314.7,93.19,92.60,1
847.7779,-12.6,-108.5,-316.6,91.12,92.60,1
847.9174,-16.8,-103.6,-316.6,93.42,92.60,1
848.0506,-15.8,-107.5,-314.7,92.63,92.60,1
848.1871,-14.7,-104.6,-310.8,91.98,92.59,1
848.3235,-17.9,-105.6,-315.7,93.49,92.60,1
848.4590,-16.8,-107.5,-318.6,92.97,92.60,1
848.5927,-15.8,-109.5,-310.8,92.50,92.61,1
848.7297,-13.7,-110.4,-315.7,91.44,92.57,1
848.8656,-14.7,-105.6,-315.7,92.12,92.57,1
849.0030,-14.7,-108.5,-313.7,92.15,92.56,1
849.1384,-14.7,-108.5,-311.8,92.18,92.56,1
849.2739,-13.7,-104.6,-316.6,91.58,92.56,1
849.4081,-17.9,-104.6,-317.6,93.69,92.57,1
849.5451,-16.8,-107.5,-314.7,93.11,92.58,1
849.6802,-16.8,-106.5,-314.7,93.13,92.60,1
849.8168,-15.8,-104.6,-315.7,92.65,92.59,1
849.9535,-17.9,-108.5,-317.6,93.60,92.63,1
850.0879,-16.8,-107.5,-316.6,93.13,92.64,1
850.2260,-14.7,-108.5,-311.8,92.13,92.64,1
850.3601,-17.9,-107.5,-315.7,93.68,92.65,1
850.4955,-10.5,-105.6,-312.7,90.08,92.63,1
850.6324,-15.8,-105.6,-312.7,92.79,92.63,1
850.7680,-18.9,-107.5,-314.7,94.38,92.66,1
850.9058,-15.8,-108.5,-315.7,92.99,92.67,1
851.0300,-15.8,-103.6,-313.7,92.87,92.67,1
851.1647,-17.9,-108.5,-316.6,93.70,92.68,1
851.3013,-18.9,-109.5,-311.8,94.53,92.68,1
851.4381,-15.8,-108.5,-316.6,92.85,92.67,1
851.5746,-15.8,-104.6,-316.6,92.94,92.67,1
851.7077,-15.8,-108.5,-311.8,92.92,92.67,1
851.8446,-16.8,-109.5,-312.7,93.64,92.69,1
851.9837,-18.9,-106.5,-310.8,94.81,92.70,1
852.1169,-14.7,-110.4,-314.7,92.28,92.68,1
852.2546,-15.8,-110.4,-315.7,92.70,92.68,1
852.3923,-15.8,-107.5,-313.7,92.69,92.68,1
852.5261,-15.8,-103.6,-309.8,92.83,92.68,1
852.6629,-12.6,-106.5,-312.7,91.07,92.66,1
852.8003,-12.6,-106.5,-312.7,91.05,92.65,1
852.9392,-14.7,-108.5,-316.6,91.91,92.66,1
853.0722,-18.9,-105.6,-316.6,93.91,92.67,1
853.2094,-15.8,-102.6,-314.7,92.46,92.57,1
853.3453,-14.7,-105.6,-318.6,91.43,92.53,1
853.4791,-15.8,-108.5,-315.7,92.08,92.52,1
853.6130,-18.9,-107.5,-312.7,93.75,92.54,1
853.7464,-15.8,-105.6,-313.7,92.21,92.52,1
853.8815,-14.7,-107.5,-308.8,91.80,92.52,1
854.0191,-16.8,-109.5,-312.7,92.79,92.52,1
854.1523,-13.7,-108.5,-310.8,90.92,92.52,1
854.2872,-16.8,-111.4,-314.7,92.37,92.51,1
854.4212,-15.8,-105.6,-314.7,91.96,92.50,1
854.5553,-16.8,-108.5,-314.7,92.36,92.50,1
854.6896,-15.8,-110.4,-312.7,91.76,92.50,1
854.8242,-15.8,-109.5,-313.7,91.75,92.50,1
854.9600,-15.8,-106.5,-311.8,91.86,92.49,1
855.0947,-15.8,-106.5,-318.6,91.71,92.49,1
855.2294,-13.7,-103.6,-315.7,90.70,92.44,1
855.3623,-12.6,-106.5,-312.7,90.10,92.42,1
855.4972,-15.8,-109.5,-317.6,91.18,92.41,1
855.6327,-15.8,-109.5,-311.8,91.08,92.39,1
855.7659,-16.8,-104.6,-312.7,91.77,92.38,1
855.9029,-14.7,-106.5,-314.7,90.62,92.37,1
856.0376,-13.7,-109.5,-313.7,90.11,92.35,1
856.1722,-16.8,-105.6,-317.6,91.71,92.34,1
856.3066,-15.8,-106.5,-313.7,91.01,92.33,1
856.4423,-16.8,-103.6,-313.7,91.61,92.34,1
856.5753,-17.9,-110.4,-310.8,92.06,92.34,1
856.7123,-15.8,-105.6,-317.6,90.90,92.33,1
856.8485,-15.8,-103.6,-316.6,91.04,92.33,1
856.9855,-20.0,-107.5,-312.7,93.52,92.34,1
857.1212,-15.8,-110.4,-313.7,91.37,92.33,1
857.2584,-16.8,-112.4,-314.7,92.02,92.35,1
857.3928,-15.8,-110.4,-315.7,91.51,92.35,1
857.5275,-15.8,-105.6,-313.7,91.64,92.35,1
857.6631,-17.9,-102.6,-310.8,92.86,92.35,1
857.7989,-15.8,-107.5,-311.8,91.56,92.33,1
857.9356,-16.8,-106.5,-312.7,92.05,92.33,1
858.0713,-15.8,-107.5,-310.8,91.44,92.32,1
858.2060,-16.8,-106.5,-316.6,91.89,92.33,1
858.3432,-16.8,-108.5,-312.7,91.86,92.34,1
858.4773,-15.8,-105.6,-317.6,91.24,92.33,1
858.6114,-9.5,-110.4,-312.7,87.86,92.29,1
858.7478,-16.8,-110.4,-313.7,91.54,92.28,1
858.8837,-15.8,-108.5,-317.6,91.01,92.27,1
859.0188,-16.8,-105.6,-317.6,91.91,92.27,1
859.1542,-15.8,-112.4,-313.7,91.37,92.27,1
859.2889,-17.9,-107.5,-313.7,92.53,92.28,1
859.4241,-15.8,-107.5,-315.7,91.39,92.24,1
859.5600,-18.9,-103.6,-313.7,93.34,92.27,1
859.6968,-13.7,-109.5,-311.8,90.57,92.25,1
859.8306,-14.7,-106.5,-313.7,91.11,92.24,1
859.9563,-17.9,-107.5,-316.6,92.74,92.24,1
860.0923,-16.8,-109.5,-316.6,92.17,92.24,1
860.2255,-15.8,-110.4,-316.6,91.30,92.24,1
860.3618,-20.0,-108.5,-316.6,93.46,92.25,1
860.4987,-15.8,-108.5,-313.7,91.31,92.25,1
860.6313,-20.0,-107.5,-316.6,93.48,92.26,1
860.7659,-16.8,-107.5,-314.7,91.99,92.26,1
860.9041,-15.8,-109.5,-315.7,91.39,92.26,1
861.0384,-15.8,-111.4,-317.6,91.34,92.25,1
861.1726,-16.8,-111.4,-311.8,92.02,92.25,1
861.3084,-15.8,-106.5,-313.7,91.50,92.24,1
861.4428,-16.8,-110.4,-312.7,92.06,92.24,1
861.5767,-15.8,-110.4,-314.7,91.31,92.23,1
861.7122,-15.8,-106.5,-315.7,91.34,92.24,1
861.8474,-16.8,-108.5,-311.8,92.09,92.23,1
861.9826,-16.8,-107.5,-314.7,92.03,92.23,1
862.1196,-14.7,-110.4,-316.6,90.91,92.21,1
862.2542,-16.8,-104.6,-316.6,92.08,92.21,1
862.3883,-12.6,-109.5,-312.7,90.19,92.19,1
862.5241,-15.8,-110.4,-314.7,91.72,92.18,1
862.6583,-11.6,-111.4,-313.7,89.63,92.16,1
862.7934,-12.6,-109.5,-315.7,90.02,92.15,1
862.9301,-12.6,-107.5,-315.7,89.74,92.13,1
863.0654,-15.8,-109.5,-314.7,91.53,92.13,1
863.2026,-15.8,-106.5,-313.7,91.56,92.12,1
863.3364,-13.7,-111.4,-315.7,90.40,92.11,1
863.4709,-10.5,-112.4,-310.8,88.86,92.08,1
863.6066,-15.8,-106.5,-306.9,91.89,92.08,1
863.7418,-16.8,-105.6,-315.7,92.30,92.07,1
863.8763,-15.8,-106.5,-310.8,91.90,92.07,1
864.0137,-15.8,-106.5,-312.7,91.84,92.07,1
864.1492,-14.7,-106.5,-310.8,91.32,92.06,1
864.2832,-13.7,-103.6,-311.8,90.53,92.04,1
864.4188,-16.8,-106.5,-314.7,92.15,92.04,1
864.5547,-17.9,-106.5,-311.8,92.50,92.02,1
864.6874,-15.8,-106.5,-311.8,91.12,92.01,1
864.8257,-14.7,-107.5,-316.6,90.71,92.00,1
864.9610,-16.8,-109.5,-314.7,91.80,91.97,1
865.0943,-15.8,-105.6,-314.7,91.30,91.97,1
865.2310,-14.7,-109.5,-317.6,90.62,91.95,1
865.3677,-17.9,-112.4,-313.7,92.25,91.95,1
865.5019,-14.7,-109.5,-318.6,90.54,91.95,1
865.6361,-16.8,-106.5,-312.7,91.90,91.97,1
865.7723,-20.0,-108.5,-314.7,93.35,91.98,1
865.9105,-17.9,-104.6,-314.7,92.32,91.97,1
866.0452,-15.8,-104.6,-315.7,91.17,91.96,1
866.1829,-14.7,-107.5,-313.7,91.51,91.96,1
866.3190,-16.8,-108.5,-318.6,92.40,91.96,1
866.4544,-17.9,-106.5,-318.6,93.00,91.97,1
866.5905,-20.0,-105.6,-315.7,94.19,91.97,1
866.7258,-20.0,-108.5,-312.7,94.36,92.00,1
866.8633,-13.7,-108.5,-312.7,91.12,91.98,1
866.9984,-17.9,-109.5,-316.6,92.91,91.98,1
867.1339,-16.8,-106.5,-316.6,92.43,91.99,1
867.2713,-17.9,-112.4,-313.7,93.01,91.99,1
867.4031,-13.7,-107.5,-309.8,91.00,91.98,1
867.5380,-13.7,-106.5,-314.7,91.05,91.99,1
867.6743,-14.7,-111.4,-311.8,91.56,91.98,1
867.8089,-17.9,-107.5,-315.7,93.23,91.96,1
867.9467,-16.8,-107.5,-316.6,92.72,91.96,1
868.0696,-15.8,-112.4,-311.8,92.21,91.96,1
868.2043,-15.8,-106.5,-313.7,92.36,91.96,1
868.3391,-17.9,-104.6,-313.7,93.51,91.97,1
868.4764,-16.8,-102.6,-314.7,93.11,91.98,1
868.6145,-16.8,-104.6,-317.6,93.03,91.98,1
868.7471,-17.9,-105.6,-315.7,93.44,92.00,1
868.8847,-14.7,-110.4,-315.7,91.82,91.99,1
869.0246,-15.8,-105.6,-315.7,92.33,92.00,1
869.1587,-17.9,-108.5,-315.7,93.31,92.01,1
869.2940,-15.8,-105.6,-317.6,92.33,92.01,1
869.4310,-12.6,-104.6,-313.7,90.78,92.01,1
869.5642,-20.0,-108.5,-313.7,94.53,92.02,1
869.7003,-15.8,-106.5,-312.7,92.39,92.03,1
869.8376,-15.8,-109.5,-312.7,92.39,92.03,1
869.9759,-18.9,-110.4,-315.7,93.55,92.04,1
870.1087,-15.8,-107.5,-310.8,92.17,92.05,1
870.2468,-16.8,-104.6,-316.6,92.75,92.09,1
870.3822,-13.7,-110.4,-312.7,91.18,92.09,1
870.5172,-11.6,-108.5,-315.7,90.13,92.07,1
870.6540,-14.7,-108.5,-314.7,92.04,92.07,1
870.7885,-14.7,-108.5,-315.7,92.02,92.07,1
870.9255,-17.9,-107.5,-318.6,93.62,92.08,1
871.0598,-18.9,-107.5,-313.7,94.18,92.10,1
871.1932,-16.8,-106.5,-316.6,93.00,92.10,1
871.3273,-14.7,-106.5,-316.6,91.88,92.11,1
871.4614,-12.6,-109.5,-316.6,90.78,92.09,1
871.5943,-15.8,-104.6,-317.6,92.46,92.10,1
871.7290,-14.7,-107.5,-311.8,91.99,92.09,1
871.8654,-18.9,-108.5,-316.6,94.01,92.12,1
872.0013,-16.8,-109.5,-312.7,92.97,92.13,1
872.1360,-15.8,-108.5,-314.7,92.53,92.13,1
872.2710,-17.9,-102.6,-316.6,93.75,92.15,1
872.4054,-18.9,-102.6,-308.8,94.36,92.16,1
872.5397,-15.8,-107.5,-312.7,92.47,92.16,1
872.6768,-16.8,-106.5,-313.7,93.17,92.18,1
872.8104,-16.8,-105.6,-314.7,93.08,92.19,1
872.9492,-14.7,-107.5,-314.7,91.97,92.18,1
873.0862,-17.9,-108.5,-317.6,93.59,92.18,1
873.2197,-21.0,-110.4,-312.7,95.10,92.20,1
873.3553,-16.8,-104.6,-316.6,93.14,92.20,1
873.4929,-16.8,-107.5,-313.7,93.11,92.21,1
873.6259,-14.7,-107.5,-314.7,91.85,92.21,1
873.7635,-17.9,-107.5,-312.7,93.25,92.25,1
873.9007,-18.9,-104.6,-317.6,93.76,92.26,1
874.0395,-15.8,-109.5,-311.8,92.11,92.24,1
874.1723,-14.7,-106.5,-311.8,91.62,92.24,1
874.3088,-11.6,-108.5,-314.7,89.92,92.22,1
874.4442,-16.8,-110.4,-313.7,92.52,92.20,1
874.5780,-15.8,-104.6,-315.7,92.06,92.20,1
874.7144,-16.8,-109.5,-314.7,92.59,92.17,1
874.8504,-17.9,-108.5,-310.8,93.31,92.18,1
874.9878,-16.8,-108.5,-313.7,92.76,92.19,1
875.1262,-14.7,-107.5,-315.7,91.73,92.19,1
875.2615,-14.7,-103.6,-316.6,91.88,92.18,1
875.3981,-15.8,-104.6,-313.7,92.54,92.19,1
875.5327,-15.8,-108.5,-312.7,92.36,92.19,1
875.6678,-14.7,-105.6,-312.7,91.94,92.17,1
875.8040,-15.8,-109.5,-314.7,92.51,92.18,1
875.9406,-15.8,-106.5,-313.7,92.64,92.18,1
876.0752,-15.8,-103.6,-314.7,92.73,92.18,1
876.2126,-12.6,-106.5,-313.7,90.97,92.17,1
876.3467,-15.8,-109.5,-313.7,92.44,92.17,1
876.4820,-17.9,-105.6,-317.6,93.71,92.20,1
876.6188,-15.8,-107.5,-316.6,92.63,92.21,1
876.7565,-18.9,-105.6,-311.8,94.51,92.23,1
876.8895,-17.9,-109.5,-313.7,93.80,92.24,1
877.0156,-15.8,-109.5,-314.7,92.72,92.24,1
877.1529,-20.0,-105.6,-313.7,95.02,92.26,1
877.2866,-16.8,-107.5,-314.7,93.29,92.28,1
877.4217,-15.8,-107.5,-312.7,92.77,92.29,1
877.5579,-16.8,-106.5,-316.6,93.31,92.29,1
877.6921,-17.9,-105.6,-313.7,94.05,92.31,1
877.8280,-12.6,-106.5,-316.6,91.27,92.33,1
877.9666,-18.9,-105.6,-313.7,94.74,92.43,1
878.1010,-18.9,-109.5,-314.7,94.52,92.43,1
878.2348,-17.9,-109.5,-314.7,94.06,92.44,1
878.3686,-15.8,-108.5,-313.7,93.06,92.44,1
878.5028,-12.6,-105.6,-313.7,91.60,92.42,1
878.6356,-17.9,-105.6,-312.7,94.39,92.44,1
878.7706,-15.8,-106.5,-316.6,93.31,92.44,1
878.9085,-16.8,-107.5,-314.7,93.63,92.53,1
879.0418,-22.1,-110.4,-311.8,96.18,92.56,1
879.1766,-15.8,-107.5,-318.6,93.14,92.57,1
879.3114,-16.8,-108.5,-313.7,93.48,92.59,1
879.4454,-13.7,-105.6,-312.7,91.99,92.58,1
879.5796,-16.8,-106.5,-314.7,93.55,92.60,1
879.7139,-15.8,-109.5,-312.7,93.00,92.60,1
879.8475,-14.7,-109.5,-313.7,92.54,92.59,1
879.9836,-16.8,-107.5,-313.7,93.70,92.60,1
880.1183,-11.6,-106.5,-311.8,91.12,92.58,1
880.2518,-21.0,-107.5,-314.7,95.90,92.64,1
880.3861,-16.8,-104.6,-314.7,93.87,92.65,1
880.5213,-11.6,-107.5,-316.6,91.08,92.64,1
880.6538,-15.8,-106.5,-320.5,93.24,92.66,1
880.7892,-13.7,-104.6,-311.8,92.63,92.66,1
880.9259,-15.8,-107.5,-313.7,93.38,92.65,1
881.0597,-15.8,-109.5,-312.7,93.37,92.66,1
881.1935,-12.6,-109.5,-314.7,92.13,92.64,1
881.3276,-15.8,-107.5,-314.7,93.87,92.66,1
881.4609,-16.8,-106.5,-316.6,94.43,92.67,1
881.5948,-14.7,-107.5,-311.8,93.46,92.67,1
881.7288,-15.8,-103.6,-318.6,93.80,92.69,1
881.8621,-16.8,-107.5,-315.7,94.23,92.71,1
881.9994,-16.8,-113.4,-313.7,94.08,92.63,1
882.1351,-16.8,-108.5,-311.8,94.24,92.62,1
882.2681,-15.8,-105.6,-318.6,93.77,92.62,1
882.4024,-18.9,-108.5,-311.8,95.39,92.68,1
882.5370,-20.0,-109.5,-313.7,95.84,92.71,1
882.6710,-15.8,-109.5,-315.7,93.71,92.74,1
882.8055,-14.7,-106.5,-319.6,93.25,92.76,1
882.9435,-15.8,-106.5,-314.7,93.62,92.76,1
883.0769,-16.8,-105.6,-316.6,94.17,92.77,1
883.2149,-14.7,-107.5,-319.6,92.93,92.79,1
883.3503,-15.8,-108.5,-315.7,93.60,92.80,1
883.4835,-14.7,-105.6,-315.7,92.18,92.80,1
883.6208,-16.8,-104.6,-314.7,93.22,92.80,1
883.7584,-18.9,-103.6,-314.7,94.24,92.81,1
883.8940,-12.6,-107.5,-312.7,90.84,92.80,1
884.0292,-15.8,-107.5,-315.7,92.32,92.77,1
884.1662,-15.8,-108.5,-317.6,92.18,92.78,1
884.3028,-13.7,-109.5,-315.7,91.28,92.77,1
884.4370,-14.7,-107.5,-316.6,91.92,92.76,1
884.5733,-18.9,-103.6,-313.7,94.33,92.76,1
884.7089,-17.9,-107.5,-318.6,93.55,92.73,1
884.8432,-15.8,-110.4,-314.7,92.76,92.73,1
884.9687,-15.8,-107.5,-315.7,92.91,92.73,1
885.1031,-12.6,-109.5,-313.7,91.32,92.73,1
885.2369,-16.8,-109.5,-313.7,93.27,92.73,1
885.3750,-15.8,-112.4,-310.8,92.74,92.73,1
885.5112,-13.7,-103.6,-316.6,91.77,92.72,1
885.6462,-15.8,-107.5,-313.7,92.85,92.71,1
885.7813,-15.8,-108.5,-315.7,92.70,92.71,1
885.9079,-15.8,-104.6,-316.6,92.86,92.71,1
886.0433,-15.8,-107.5,-314.7,92.83,92.71,1
886.1780,-15.8,-107.5,-315.7,92.75,92.71,1
886.3150,-17.9,-112.4,-314.7,93.59,92.72,1
886.4514,-15.8,-104.6,-315.7,92.74,92.73,1
886.5838,-14.7,-107.5,-314.7,92.18,92.73,1
886.7213,-17.9,-110.4,-316.6,93.75,92.76,1
886.8575,-14.7,-109.5,-315.7,92.33,92.76,1
886.9933,-17.9,-107.5,-318.6,93.91,92.77,1
887.1304,-13.7,-107.5,-312.7,91.80,92.76,1
887.2668,-15.8,-111.4,-314.7,92.48,92.76,1
887.4010,-15.8,-108.5,-314.7,92.52,92.84,1
887.5363,-16.8,-108.5,-315.7,92.96,92.84,1
887.6712,-16.8,-109.5,-317.6,92.93,92.84,1
887.8081,-12.6,-107.5,-315.7,90.80,92.83,1
887.9447,-17.9,-103.6,-315.7,93.70,92.84,1
888.0804,-15.8,-105.6,-314.7,92.57,92.86,1
888.2169,-15.8,-107.5,-317.6,92.58,92.85,1
888.3513,-16.8,-104.6,-314.7,93.33,92.85,1
888.4867,-16.8,-105.6,-314.7,93.33,92.85,1
888.6227,-18.9,-108.5,-317.6,94.34,92.87,1
888.7593,-15.8,-107.5,-316.6,92.89,92.86,1
888.8925,-14.7,-105.6,-312.7,92.47,92.86,1
889.0183,-13.7,-107.5,-313.7,91.86,92.86,1
889.1563,-16.8,-109.5,-313.7,93.41,92.87,1
889.2889,-16.8,-106.5,-313.7,93.40,92.79,1
889.4260,-15.8,-110.4,-311.8,92.74,92.79,1
889.5628,-11.6,-106.5,-314.7,90.67,92.78,1
889.6967,-14.7,-104.6,-312.7,92.37,92.78,1
889.8322,-14.7,-104.6,-314.7,92.26,92.78,1
889.9714,-15.8,-107.5,-313.7,92.73,92.86,1
890.1044,-13.7,-104.6,-315.7,91.58,92.86,1
890.2430,-21.0,-102.6,-309.8,95.72,92.88,1
890.3792,-14.7,-105.6,-313.7,92.16,92.89,1
890.5149,-21.0,-104.6,-312.7,95.37,92.91,1
890.6494,-18.9,-109.5,-315.7,94.00,92.91,1
890.7875,-16.8,-109.5,-310.8,93.23,92.93,1
890.9255,-14.7,-106.5,-315.7,92.21,92.92,1
891.0585,-14.7,-108.5,-311.8,92.28,92.91,1
891.1953,-15.8,-107.5,-313.7,92.78,92.92,1
891.3318,-15.8,-108.5,-311.8,92.78,92.92,1
891.4662,-18.9,-111.4,-312.7,94.40,92.93,1
891.6024,-15.8,-111.4,-316.6,92.74,92.93,1
891.7377,-15.8,-105.6,-313.7,92.95,92.93,1
891.8764,-17.9,-109.5,-315.7,93.86,92.94,1
892.0104,-17.9,-103.6,-311.8,94.12,92.97,1
892.1459,-12.6,-108.5,-316.6,91.23,92.95,1
892.2834,-16.8,-110.4,-317.6,93.19,92.95,1
892.4163,-15.8,-108.5,-312.7,92.83,92.95,1
892.5517,-16.8,-110.4,-312.7,93.22,92.95,1
892.6890,-13.7,-107.5,-312.7,91.72,92.94,1
892.8235,-14.7,-111.4,-309.8,92.20,92.94,1
892.9610,-16.8,-106.5,-310.8,93.47,92.95,1
893.0984,-21.0,-104.6,-313.7,95.66,92.96,1
893.2356,-14.7,-104.6,-313.7,92.44,92.96,1
893.3685,-16.8,-112.4,-315.7,93.28,92.96,1
893.5067,-15.8,-105.6,-313.7,92.96,92.96,1
893.6431,-13.7,-109.5,-312.7,91.82,92.95,1
893.7765,-15.8,-110.4,-316.6,92.80,92.95,1
893.9162,-15.8,-111.4,-315.7,92.85,92.95,1
894.0408,-14.7,-108.5,-315.7,92.40,92.95,1
894.1722,-17.9,-106.5,-315.7,94.00,92.97,1
894.3092,-14.7,-110.4,-313.7,92.21,92.96,1
894.4461,-15.8,-107.5,-316.6,92.66,93.04,1
894.5802,-16.8,-108.5,-313.7,93.17,93.04,1
894.7170,-17.9,-104.6,-315.7,93.79,93.05,1
894.8543,-15.8,-106.5,-312.7,92.69,93.04,1
894.9921,-14.7,-110.4,-311.8,92.10,93.04,1
895.1265,-15.8,-105.6,-320.5,92.39,93.04,1
895.2638,-16.8,-108.5,-312.7,93.10,93.05,1
895.3991,-15.8,-114.4,-312.7,92.58,93.04,1
895.5320,-15.8,-105.6,-312.7,92.96,93.04,1
895.6700,-16.8,-106.5,-313.7,93.45,93.05,1
895.8059,-14.7,-108.5,-313.7,92.13,93.05,1
895.9430,-16.8,-109.5,-315.7,93.13,93.06,1
896.0665,-15.8,-103.6,-315.7,92.46,93.06,1
896.2020,-13.7,-109.5,-314.7,91.30,93.05,1
896.3355,-16.8,-105.6,-312.7,93.01,93.05,1
896.4727,-16.8,-106.5,-309.8,93.03,93.05,1
896.6078,-16.8,-109.5,-310.8,92.90,93.05,1
896.7458,-13.7,-107.5,-315.7,91.36,93.04,1
896.8807,-16.8,-108.5,-312.7,93.00,93.04,1
897.0188,-11.6,-103.6,-311.8,90.42,93.01,1
897.1559,-15.8,-106.5,-312.7,92.55,93.03,1
897.2914,-18.9,-108.5,-311.8,94.02,93.03,1
897.4264,-13.7,-106.5,-312.7,91.26,93.02,1
897.5632,-14.7,-110.4,-312.7,91.82,93.01,1
897.6976,-16.8,-106.5,-316.6,92.89,93.01,1
897.8332,-15.8,-107.5,-312.7,92.34,92.99,1
897.9716,-13.7,-106.5,-315.7,90.98,92.98,1
898.1060,-15.8,-106.5,-313.7,92.19,92.98,1
898.2396,-15.8,-106.5,-313.7,92.11,92.97,1
898.3778,-14.7,-109.5,-314.7,91.49,92.96,1
898.5143,-16.8,-105.6,-314.7,92.91,92.95,1
898.6475,-18.9,-106.5,-313.7,94.06,92.95,1
898.7834,-12.6,-107.5,-311.8,91.24,92.94,1
898.9235,-17.9,-106.5,-317.6,93.86,92.97,1
899.0574,-15.8,-107.5,-317.6,92.79,92.98,1
899.1950,-20.0,-110.4,-312.7,94.94,92.99,1
899.3318,-16.8,-109.5,-309.8,93.15,93.00,1
899.4682,-17.9,-108.5,-310.8,93.66,93.01,1
899.6025,-16.8,-109.5,-313.7,93.08,93.01,1
899.7395,-13.7,-105.6,-313.7,91.63,93.01,1
899.8754,-12.6,-104.6,-314.7,91.27,92.99,1
900.0113,-15.8,-107.5,-319.6,92.69,92.99,1
900.1480,-15.8,-108.5,-313.7,92.79,92.98,1
900.2844,-16.8,-104.6,-312.7,93.28,92.96,1
900.4166,-14.7,-109.5,-312.7,92.15,92.95,1
900.5543,-15.8,-108.5,-314.7,92.66,92.95,1
900.6893,-10.5,-106.5,-312.7,90.03,92.93,1
900.8264,-13.7,-103.6,-316.6,91.62,92.89,1
900.9632,-16.8,-101.6,-315.7,93.18,92.87,1
901.1002,-17.9,-105.6,-314.7,93.64,92.88,1
901.2378,-14.7,-107.5,-311.8,92.37,92.88,1
901.3720,-15.8,-107.5,-316.6,92.93,92.88,1
901.5076,-18.9,-104.6,-314.7,94.57,92.86,1
901.6330,-16.8,-112.4,-312.7,93.51,92.86,1
901.7672,-14.7,-107.5,-308.8,92.75,92.86,1
901.9044,-15.8,-110.4,-313.7,93.14,92.86,1
902.0283,-18.9,-106.5,-317.6,94.71,92.88,1
902.1644,-16.8,-107.5,-319.6,93.84,92.90,1
902.2985,-16.8,-105.6,-317.6,93.83,92.91,1
902.4342,-18.9,-108.5,-312.7,94.80,92.92,1
902.5668,-18.9,-104.6,-315.7,94.85,92.94,1
902.7046,-17.9,-106.5,-313.7,94.23,92.94,1
902.8413,-14.7,-107.5,-316.6,92.46,92.93,1
902.9809,-12.6,-105.6,-311.8,91.45,92.92,1
903.1139,-17.9,-107.5,-314.7,94.04,92.93,1
903.2509,-13.7,-105.6,-315.7,91.82,92.94,1
903.3878,-12.6,-109.5,-313.7,91.34,92.92,1
903.5210,-18.9,-107.5,-311.8,94.33,92.94,1
903.6582,-16.8,-110.4,-313.7,92.88,92.94,1
903.7832,-17.9,-105.6,-309.8,93.61,92.95,1
903.9196,-15.8,-107.5,-312.7,92.40,92.95,1
904.0540,-13.7,-105.6,-312.7,91.25,92.94,1
904.1907,-16.8,-105.6,-317.6,92.87,92.95,1
904.3246,-15.8,-106.5,-314.7,92.43,92.95,1
904.4599,-18.9,-107.5,-318.6,93.83,92.98,1
904.5964,-15.8,-102.6,-319.6,92.38,93.09,1
904.7334,-13.7,-111.4,-313.7,91.37,93.07,1
904.8679,-12.6,-109.5,-311.8,90.90,93.05,1
905.0064,-13.7,-108.5,-310.8,91.40,93.04,1
905.1437,-15.8,-109.5,-308.8,92.45,93.06,1
905.2772,-15.8,-106.5,-310.8,92.49,93.08,1
905.4078,-17.9,-107.5,-312.7,93.51,93.06,1
905.5381,-15.8,-108.5,-316.6,92.34,93.05,1
905.6715,-12.6,-109.5,-314.7,90.65,93.05,1
905.8073,-16.8,-108.5,-311.8,92.95,93.05,1
905.9474,-15.8,-107.5,-310.8,92.48,93.05,1
906.0793,-14.7,-107.5,-311.8,91.89,93.05,1
906.2153,-13.7,-105.6,-311.8,91.35,93.05,1
906.3521,-16.8,-103.6,-310.8,93.21,93.06,1
906.4885,-20.0,-105.6,-315.7,94.73,93.07,1
906.6229,-15.8,-111.4,-312.7,92.53,93.06,1
906.7599,-11.6,-109.5,-314.7,90.22,93.04,1
906.8963,-18.9,-105.6,-315.7,94.06,93.05,1
907.0324,-15.8,-107.5,-315.7,92.40,93.05,1
907.1685,-16.8,-104.6,-312.7,93.11,93.04,1
907.3044,-15.8,-106.5,-312.7,92.50,93.07,1
907.4389,-17.9,-110.4,-312.7,93.48,93.07,1
907.5740,-15.8,-106.5,-314.7,92.42,93.07,1
907.7069,-13.7,-107.5,-316.6,91.30,93.06,1
907.8420,-17.9,-107.5,-315.7,93.87,93.07,1
907.9790,-15.8,-106.5,-313.7,92.93,93.08,1
908.1138,-15.8,-108.5,-311.8,92.92,93.08,1
908.2487,-15.8,-107.5,-310.8,92.96,93.09,1
908.3828,-15.8,-105.6,-312.7,92.97,93.08,1
908.5162,-13.7,-103.6,-314.7,91.77,93.07,1
908.6503,-11.6,-108.5,-312.7,90.67,93.08,1
908.7837,-17.9,-107.5,-314.7,93.98,93.09,1
908.9192,-16.8,-107.5,-310.8,93.55,93.09,1
909.0527,-15.8,-106.5,-314.7,93.05,93.09,1
909.1896,-14.7,-107.5,-316.6,92.49,93.09,1
909.3225,-14.7,-111.4,-310.8,92.51,93.08,1
909.4574,-15.8,-107.5,-316.6,93.01,93.08,1
909.5933,-12.6,-106.5,-312.7,91.52,93.07,1
909.7272,-14.7,-108.5,-311.8,92.58,93.06,1
909.8628,-18.9,-104.6,-313.7,95.04,93.08,1
909.9881,-14.7,-106.5,-317.6,92.64,93.07,1
910.1202,-16.8,-108.5,-307.9,93.81,93.09,1
910.2574,-15.8,-106.5,-310.8,93.03,93.17,1
910.3928,-15.8,-107.5,-311.8,92.90,93.18,1
910.5248,-16.8,-106.5,-315.7,93.38,93.18,1
910.6601,-13.7,-109.5,-315.7,91.71,93.18,1
910.7972,-15.8,-107.5,-312.7,92.81,93.17,1
910.9332,-15.8,-112.4,-313.7,92.71,93.19,1
911.0662,-17.9,-105.6,-313.7,94.01,93.20,1
911.2033,-12.6,-107.5,-312.7,91.34,93.18,1
911.3422,-14.7,-105.6,-314.7,92.33,93.17,1
911.4749,-14.7,-104.6,-317.6,92.31,93.25,1
911.6087,-14.7,-101.6,-315.7,92.35,93.25,1
911.7448,-15.8,-110.4,-310.8,92.78,93.25,1
911.8785,-15.8,-106.5,-315.7,92.75,93.22,1
912.0146,-15.8,-106.5,-311.8,92.81,93.21,1
912.1505,-15.8,-108.5,-313.7,92.87,93.21,1
912.2853,-14.7,-105.6,-316.6,92.07,93.20,1
912.4208,-15.8,-105.6,-317.6,92.15,93.19,1
912.5564,-13.7,-109.5,-311.8,91.13,93.16,1
912.6910,-15.8,-106.5,-313.7,91.88,93.15,1
912.8232,-20.0,-108.5,-316.6,93.81,93.16,1
912.9526,-14.7,-109.5,-309.8,91.20,93.14,1
913.0854,-17.9,-103.6,-314.7,92.84,93.14,1
913.2193,-15.8,-109.5,-313.7,91.70,93.13,1
913.3552,-17.9,-110.4,-318.6,92.68,93.13,1
913.4914,-12.6,-112.4,-314.7,90.23,93.12,1
913.6246,-14.7,-104.6,-310.8,91.23,93.12,1
913.7607,-20.0,-106.5,-307.9,93.97,93.12,1
913.8964,-15.8,-108.5,-313.7,91.77,93.11,1
914.0339,-15.8,-106.5,-313.7,91.87,93.11,1
914.1675,-13.7,-104.6,-314.7,90.79,93.08,1
914.3021,-16.8,-108.5,-307.9,92.52,93.08,1
914.4381,-14.7,-110.4,-310.8,91.70,93.07,1
914.5725,-16.8,-104.6,-312.7,92.87,93.06,1
914.7072,-13.7,-106.5,-313.7,91.29,93.05,1
914.8446,-17.9,-111.4,-314.7,93.34,93.06,1
914.9819,-16.8,-108.5,-316.6,92.92,93.06,1
915.1184,-16.8,-104.6,-315.7,93.11,93.06,1
915.2556,-20.0,-105.6,-312.7,94.70,93.07,1
915.3909,-13.7,-104.6,-317.6,91.75,93.08,1
915.5231,-11.6,-106.5,-314.7,90.72,93.07,1
915.6582,-15.8,-102.6,-317.6,93.05,93.06,1
915.7942,-16.8,-108.5,-313.7,93.50,93.07,1
915.9297,-15.8,-106.5,-316.6,93.05,93.09,1
916.0512,-14.7,-107.5,-314.7,92.40,93.09,1
916.1885,-10.5,-108.5,-314.7,90.20,93.07,1
916.3199,-18.9,-106.5,-314.7,94.82,93.08,1
916.4546,-14.7,-107.5,-314.7,92.55,93.08,1
916.5906,-12.6,-107.5,-313.7,91.55,93.06,1
916.7225,-14.7,-105.6,-315.7,92.66,93.06,1
916.8571,-14.7,-108.5,-315.7,92.67,93.06,1
916.9961,-18.9,-109.5,-314.7,94.72,93.07,1
917.1308,-15.8,-109.5,-313.7,93.13,93.07,1
917.2658,-16.8,-111.4,-309.8,93.58,93.07,1
917.4016,-13.7,-108.5,-310.8,92.19,93.06,1
917.5376,-14.7,-106.5,-313.7,92.94,93.06,1
917.6696,-17.9,-105.6,-313.7,94.92,93.08,1
917.8083,-12.6,-107.5,-313.7,92.11,93.07,1
917.9462,-14.7,-110.4,-312.7,92.96,93.06,1
918.0783,-14.7,-107.5,-310.8,92.97,93.07,1
918.2133,-20.0,-105.6,-308.8,95.84,93.06,1
918.3503,-15.8,-107.5,-314.7,93.38,93.04,1
918.4847,-16.8,-105.6,-312.7,93.67,93.06,1
918.6163,-17.9,-106.5,-313.7,94.16,93.05,1
918.7528,-20.0,-107.5,-315.7,95.35,93.07,1
918.8892,-16.8,-106.5,-312.7,93.66,93.08,1
919.0244,-12.6,-109.5,-313.7,91.54,93.07,1
919.1603,-15.8,-102.6,-315.7,93.23,93.08,1
919.2953,-12.6,-107.5,-310.8,91.52,93.07,1
919.4299,-17.9,-107.5,-313.7,94.14,93.07,1
919.5664,-16.8,-106.5,-312.7,93.66,93.09,1
919.7019,-14.7,-108.5,-313.7,92.52,93.09,1
919.8386,-14.7,-105.6,-316.6,92.48,93.10,1
919.9730,-15.8,-107.5,-308.8,92.87,93.10,1
920.1077,-15.8,-108.5,-317.6,92.57,93.09,1
920.2443,-11.6,-107.5,-318.6,90.38,93.06,1
920.3778,-14.7,-107.5,-314.7,92.00,93.03,1
920.5129,-15.8,-105.6,-313.7,92.58,93.03,1
920.6491,-21.0,-108.5,-311.8,94.93,93.04,1
920.7832,-16.8,-107.5,-318.6,92.67,93.04,1
920.9202,-15.8,-104.6,-309.8,92.36,93.03,1
921.0559,-17.9,-106.5,-315.7,93.28,93.04,1
921.1922,-13.7,-108.5,-312.7,91.26,93.02,1
921.3241,-16.8,-107.5,-315.7,92.92,93.01,1
921.4607,-15.8,-107.5,-312.7,92.38,93.01,1
921.5990,-16.8,-105.6,-313.7,92.70,93.02,1
921.7318,-13.7,-106.5,-316.6,91.04,93.01,1
921.8677,-15.8,-103.6,-314.7,92.31,93.01,1
921.9939,-13.7,-110.4,-310.8,91.15,93.00,1
922.1281,-13.7,-106.5,-313.7,91.15,92.99,1
922.2642,-13.7,-106.5,-312.7,91.53,92.97,1
922.3999,-15.8,-107.5,-314.7,92.55,92.97,1
922.5324,-15.8,-109.5,-312.7,92.56,92.97,1
922.6693,-14.7,-113.4,-313.7,91.96,92.97,1
922.8055,-16.8,-105.6,-316.6,93.03,92.97,1
922.9422,-13.7,-110.4,-310.8,91.64,92.95,1
923.0753,-16.8,-102.6,-316.6,93.38,92.95,1
923.2132,-12.6,-108.5,-312.7,91.09,92.94,1
923.3468,-14.7,-105.6,-316.6,92.17,92.93,1
923.4804,-16.8,-107.5,-313.7,93.20,92.93,1
923.6164,-14.7,-108.5,-319.6,92.08,92.92,1
923.7517,-21.0,-108.5,-312.7,95.35,92.95,1
923.8871,-16.8,-106.5,-312.7,93.26,92.95,1
924.0129,-14.7,-104.6,-315.7,91.91,92.95,1
924.1476,-15.8,-109.5,-316.6,92.25,92.94,1
924.2835,-15.8,-109.5,-315.7,92.33,92.94,1
924.4204,-18.9,-106.5,-314.7,94.11,92.93,1
924.5571,-20.0,-110.4,-312.7,94.49,92.95,1
924.6923,-15.8,-108.5,-314.7,92.41,92.94,1
924.8264,-15.8,-107.5,-313.7,92.61,92.93,1
924.9517,-13.7,-108.5,-314.7,91.40,92.93,1
925.0873,-12.6,-107.5,-316.6,90.86,92.91,1
925.2209,-13.7,-112.4,-310.8,91.49,92.89,1
925.3594,-14.7,-108.5,-317.6,91.94,92.91,1
925.4931,-15.8,-106.5,-311.8,92.59,92.88,1
925.6260,-11.6,-110.4,-316.6,90.33,92.88,1
925.7616,-15.8,-107.5,-313.7,92.50,92.87,1
925.9021,-12.6,-104.6,-319.6,90.90,92.86,1
926.0353,-12.6,-106.5,-318.6,91.00,92.82,1
926.1727,-16.8,-107.5,-315.7,93.16,92.82,1
926.3097,-15.8,-101.6,-316.6,92.76,92.81,1
926.4467,-13.7,-109.5,-316.6,91.19,92.81,1
926.5788,-13.7,-110.4,-315.7,91.10,92.80,1
926.7155,-16.8,-110.4,-315.7,92.76,92.80,1
926.8517,-17.9,-104.6,-314.7,93.57,92.80,1
926.9881,-16.8,-106.5,-315.7,92.86,92.80,1
927.1249,-16.8,-108.5,-313.7,92.87,92.80,1
927.2613,-15.8,-104.6,-316.6,92.35,92.79,1
927.3956,-22.1,-106.5,-306.9,95.78,92.81,1
927.5208,-16.8,-110.4,-311.8,92.93,92.81,1
927.6571,-12.6,-112.4,-311.8,90.95,92.79,1
927.7909,-15.8,-103.6,-317.6,92.52,92.79,1
927.9288,-15.8,-108.5,-312.7,92.82,92.78,1
928.0535,-13.7,-109.5,-311.8,91.78,92.78,1
928.1864,-15.8,-106.5,-314.7,92.78,92.74,1
928.3235,-15.8,-109.5,-316.6,92.44,92.73,1
928.4609,-17.9,-104.6,-314.7,93.79,92.74,1
928.5977,-15.8,-106.5,-311.8,92.98,92.73,1
928.7303,-13.7,-111.4,-312.7,91.70,92.71,1
928.8680,-14.7,-109.5,-309.8,92.30,92.71,1
929.0066,-16.8,-108.5,-313.7,93.28,92.71,1
929.1410,-15.8,-106.5,-311.8,92.74,92.72,1
929.2778,-18.9,-107.5,-315.7,94.33,92.73,1
929.4131,-18.9,-107.5,-314.7,94.28,92.74,1
929.5479,-13.7,-109.5,-314.7,91.50,92.73,1
929.6857,-17.9,-106.5,-314.7,93.94,92.75,1
929.8217,-15.8,-102.6,-308.8,93.05,92.76,1
929.9614,-17.9,-103.6,-315.7,94.07,92.77,1
930.0939,-14.7,-106.5,-316.6,92.34,92.76,1
930.2307,-15.8,-106.5,-315.7,92.93,92.77,1
930.3675,-18.9,-104.6,-314.7,94.65,92.78,1
930.5022,-16.8,-106.5,-311.8,93.52,92.78,1
930.6372,-15.8,-109.5,-314.7,92.89,92.78,1
930.7735,-14.7,-106.5,-315.7,92.30,92.89,1
930.9102,-14.7,-105.6,-316.6,92.25,92.89,1
931.0450,-15.8,-105.6,-315.7,92.62,92.90,1
931.1815,-14.7,-106.5,-311.8,92.20,92.89,1
931.3192,-18.9,-104.6,-313.7,94.73,92.91,1
931.4519,-13.7,-102.6,-309.8,92.18,92.89,1
931.5886,-12.6,-105.6,-313.7,91.48,92.89,1
931.7255,-12.6,-109.5,-319.6,91.29,92.87,1
931.8605,-14.7,-102.6,-315.7,92.80,92.87,1
931.9985,-15.8,-105.6,-313.7,93.34,92.87,1
932.1354,-16.8,-109.5,-312.7,93.72,92.88,1
932.2688,-14.7,-109.5,-313.7,92.60,92.88,1
932.4047,-14.7,-106.5,-313.7,92.63,92.88,1
932.5412,-15.8,-110.4,-309.8,93.02,92.89,1
932.6766,-16.8,-107.5,-314.7,93.53,92.90,1
932.8117,-15.8,-110.4,-312.7,93.00,92.89,1
932.9386,-15.8,-107.5,-314.7,92.74,92.89,1
933.0732,-20.0,-102.6,-313.7,95.19,92.92,1
933.2073,-18.9,-105.6,-314.7,94.49,92.93,1
933.3442,-11.6,-106.5,-311.8,90.59,92.91,1
933.4803,-18.9,-108.5,-314.7,94.12,92.92,1
933.6149,-14.7,-108.5,-314.7,91.98,92.92,1
933.7520,-13.7,-108.5,-313.7,91.42,92.93,1
933.8875,-15.8,-111.4,-309.8,92.48,92.96,1
934.0240,-15.8,-107.5,-312.7,92.49,92.96,1
934.1612,-17.9,-107.5,-315.7,93.44,92.96,1
934.2969,-16.8,-109.5,-313.7,92.85,92.96,1
934.4336,-16.8,-106.5,-313.7,92.85,92.95,1
934.5688,-14.7,-107.5,-308.8,91.84,92.95,1
934.7037,-15.8,-109.5,-315.7,92.07,92.94,1
934.8410,-15.8,-105.6,-314.7,92.18,92.93,1
934.9782,-15.8,-108.5,-312.7,92.13,92.93,1
935.1142,-15.8,-107.5,-311.8,92.18,92.92,1
935.2509,-14.7,-104.6,-310.8,91.89,92.92,1
935.3849,-14.7,-106.5,-310.8,91.79,92.91,1
935.5207,-14.7,-109.5,-311.8,91.71,92.90,1
935.6569,-16.8,-108.5,-315.7,92.79,92.89,1
935.7936,-16.8,-107.5,-313.7,92.80,92.89,1
935.9293,-14.7,-105.6,-316.6,91.75,92.87,1
936.0531,-18.9,-109.5,-314.7,93.87,92.87,1
936.1915,-16.8,-107.5,-310.8,92.95,92.86,1
936.3245,-16.8,-103.6,-315.7,92.98,92.86,1
936.4616,-20.0,-104.6,-314.7,94.60,92.88,1
936.5985,-16.8,-109.5,-315.7,92.78,92.88,1
936.7323,-14.7,-107.5,-317.6,91.70,92.86,1
936.8680,-12.6,-107.5,-314.7,90.86,92.85,1
936.9938,-16.8,-109.5,-314.7,92.90,92.84,1
937.1268,-15.8,-112.4,-313.7,92.38,92.84,1
937.2632,-15.8,-106.5,-314.7,92.52,92.86,1
937.3997,-12.6,-107.5,-310.8,90.65,92.85,1
937.5325,-14.7,-106.5,-317.6,91.35,92.84,1
937.6690,-18.9,-109.5,-312.7,93.67,92.88,1
937.8073,-14.7,-107.5,-314.7,91.60,92.87,1
937.9445,-14.7,-108.5,-315.7,91.38,92.85,1
938.0773,-15.8,-106.5,-313.7,91.93,92.84,1
938.2147,-13.7,-106.5,-312.7,90.91,92.82,1
938.3510,-18.9,-108.5,-311.8,93.63,92.83,1
938.4853,-11.6,-106.5,-309.8,89.93,92.80,1
938.6218,-14.7,-105.6,-307.9,91.55,92.80,1
938.7576,-20.0,-106.5,-317.6,94.09,92.81,1
938.8919,-15.8,-104.6,-312.7,92.12,92.81,1
939.0306,-12.6,-109.5,-314.7,90.10,92.78,1
939.1658,-15.8,-108.5,-315.7,91.71,92.77,1
939.3031,-15.8,-106.5,-311.8,91.67,92.77,1
939.4383,-17.9,-107.5,-313.7,92.70,92.77,1
939.5735,-15.8,-107.5,-314.7,91.70,92.76,1
939.7105,-13.7,-106.5,-313.7,90.81,92.75,1
939.8452,-15.8,-105.6,-309.8,92.04,92.74,1
939.9826,-10.5,-105.6,-317.6,89.33,92.75,1
940.1194,-15.8,-105.6,-314.7,92.18,92.75,1
940.2542,-16.8,-107.5,-317.6,92.68,92.75,1
940.3893,-16.8,-106.5,-316.6,92.73,92.74,1
940.5255,-15.8,-107.5,-310.8,92.36,92.74,1
940.6619,-15.8,-108.5,-310.8,92.38,92.74,1
940.7959,-15.8,-106.5,-313.7,92.28,92.73,1
940.9352,-18.9,-106.5,-311.8,93.98,92.73,1
941.0737,-14.7,-110.4,-318.6,91.53,92.69,1
941.2069,-15.8,-109.5,-316.6,91.97,92.67,1
941.3436,-16.8,-106.5,-316.6,92.64,92.67,1
941.4806,-18.9,-104.6,-313.7,93.98,92.67,1
941.6157,-17.9,-106.5,-314.7,93.34,92.68,1
941.7529,-15.8,-107.5,-318.6,92.18,92.68,1
941.8899,-15.8,-107.5,-309.8,92.37,92.69,1
942.0280,-16.8,-112.4,-310.8,92.79,92.68,1
942.1622,-14.7,-107.5,-312.7,91.88,92.67,1
942.2987,-15.8,-107.5,-313.7,92.45,92.67,1
942.4344,-17.9,-106.5,-310.8,93.66,92.68,1
942.5668,-15.8,-108.5,-312.7,92.61,92.71,1
942.7046,-15.8,-110.4,-311.8,92.54,92.72,1
942.8406,-13.7,-105.6,-315.7,91.50,92.70,1
942.9780,-15.8,-105.6,-312.7,92.69,92.67,1
943.1122,-10.5,-109.5,-309.8,90.04,92.65,1
943.2492,-18.9,-106.5,-313.7,94.28,92.67,1
943.3835,-17.9,-106.5,-311.8,93.73,92.67,1
943.5182,-12.6,-107.5,-313.7,91.04,92.64,1
943.6533,-14.7,-107.5,-311.8,92.21,92.61,1
943.7898,-14.7,-106.5,-318.6,92.13,92.61,1
943.9263,-14.7,-107.5,-313.7,92.27,92.60,1
944.0618,-17.9,-107.5,-316.6,93.86,92.69,1
944.1993,-16.8,-105.6,-316.6,93.46,92.70,1
944.3346,-15.8,-110.4,-314.7,92.99,92.69,1
944.4695,-16.8,-104.6,-308.8,93.98,92.68,1
944.6062,-15.8,-107.5,-315.7,93.34,92.68,1
944.7433,-13.7,-104.6,-314.7,92.52,92.68,1
944.8768,-15.8,-107.5,-313.7,93.54,92.68,1
945.0153,-13.7,-107.5,-313.7,92.56,92.67,1
945.1524,-14.7,-107.5,-312.7,93.02,92.68,1
945.2860,-13.7,-106.5,-316.6,92.71,92.68,1
945.4240,-17.9,-108.5,-314.7,94.66,92.70,1
945.5606,-17.9,-105.6,-321.5,94.55,92.80,1
945.6936,-17.9,-105.6,-312.7,94.65,92.81,1
945.8311,-18.9,-105.6,-312.7,95.17,92.82,1
945.9576,-15.8,-111.4,-314.7,93.23,92.82,1
946.0889,-17.9,-105.6,-312.7,94.36,92.83,1
946.2266,-15.8,-107.5,-315.7,93.21,92.84,1
946.3633,-15.8,-106.5,-314.7,93.26,92.81,1
946.4993,-13.7,-107.5,-313.7,92.15,92.79,1
946.6335,-15.8,-105.6,-311.8,93.29,92.79,1
946.7714,-17.9,-107.5,-311.8,94.29,92.80,1
946.9096,-15.8,-103.6,-315.7,93.03,92.80,1
947.0443,-18.9,-106.5,-313.7,94.59,92.82,1
947.1813,-16.8,-105.6,-317.6,93.47,92.82,1
947.3171,-18.9,-104.6,-313.7,94.58,92.83,1
947.4515,-12.6,-111.4,-314.7,91.22,92.81,1
947.5762,-15.8,-106.5,-317.6,92.73,92.81,1
947.7110,-14.7,-107.5,-314.7,92.18,92.80,1
947.8463,-10.5,-110.4,-314.7,89.94,92.78,1
947.9725,-14.7,-107.5,-311.8,92.10,92.77,1
948.1082,-21.0,-106.5,-318.6,95.22,92.79,1
948.2418,-15.8,-107.5,-314.7,92.54,92.78,1
948.3764,-14.7,-110.4,-312.7,92.11,92.77,1
948.5134,-13.7,-107.5,-315.7,91.54,92.77,1
948.6498,-14.7,-109.5,-315.7,92.09,92.76,1
948.7848,-15.8,-112.4,-313.7,92.56,92.76,1
948.9240,-15.8,-107.5,-316.6,92.63,92.76,1
949.0584,-16.8,-110.4,-309.8,93.20,92.76,1
949.1936,-14.7,-107.5,-317.6,92.06,92.76,1
949.3302,-14.7,-109.5,-313.7,92.07,92.76,1
949.4660,-17.9,-104.6,-316.6,93.72,92.76,1
949.6007,-14.7,-104.6,-313.7,92.33,92.75,1
949.7384,-10.5,-108.5,-314.7,90.08,92.70,1
949.8733,-18.9,-107.5,-312.7,94.43,92.67,1
950.0129,-10.5,-110.4,-312.7,90.09,92.68,1
950.1449,-15.8,-110.4,-311.8,92.73,92.68,1
950.2818,-14.7,-109.5,-310.8,92.30,92.68,1
950.4185,-14.7,-106.5,-314.7,92.21,92.67,1
950.5532,-15.8,-108.5,-316.6,92.42,92.67,1
950.6883,-15.8,-107.5,-315.7,92.52,92.66,1
950.8274,-17.9,-107.5,-314.7,93.58,92.67,1
950.9619,-14.7,-109.5,-316.6,91.88,92.66,1
951.0972,-16.8,-106.5,-314.7,93.12,92.66,1
951.2351,-10.5,-106.5,-313.7,89.99,92.64,1
951.3706,-18.9,-106.5,-311.8,94.23,92.66,1
951.5038,-13.7,-104.6,-316.6,91.51,92.64,1
951.6411,-16.8,-107.5,-309.8,93.23,92.64,1
951.7789,-15.8,-108.5,-316.6,92.59,92.63,1
951.9135,-17.9,-108.5,-315.7,93.60,92.66,1
952.0507,-14.7,-102.6,-315.7,92.06,92.65,1
952.1848,-13.7,-108.5,-317.6,91.43,92.64,1
952.3179,-20.0,-103.6,-312.7,94.91,92.65,1
952.4539,-18.9,-108.5,-313.7,94.10,92.66,1
952.5903,-12.6,-105.6,-310.8,90.90,92.64,1
952.7259,-16.8,-107.5,-314.7,92.96,92.65,1
952.8619,-16.8,-108.5,-316.6,92.72,92.64,1
953.0002,-17.9,-106.5,-313.7,93.28,92.64,1
953.1367,-14.7,-110.4,-315.7,91.54,92.63,1
953.2717,-13.7,-105.6,-309.8,91.22,92.60,1
953.4086,-13.7,-108.5,-310.8,91.17,92.58,1
953.5467,-18.9,-104.6,-315.7,93.98,92.60,1
953.6793,-16.8,-113.4,-318.6,92.87,92.60,1
953.8164,-15.8,-107.5,-313.7,92.49,92.60,1
953.9557,-15.8,-112.4,-314.7,92.34,92.60,1
954.0923,-15.8,-111.4,-312.7,92.43,92.59,1
954.2269,-15.8,-103.6,-315.7,92.51,92.59,1
954.3621,-15.8,-107.5,-316.6,92.41,92.59,1
954.4996,-15.8,-110.4,-312.7,92.41,92.59,1
954.6328,-20.0,-103.6,-314.7,94.84,92.61,1
954.7688,-20.0,-105.6,-314.7,94.73,92.61,1
954.9101,-16.8,-106.5,-316.6,93.10,92.61,1
955.0427,-18.9,-108.5,-314.7,93.86,92.65,1
955.1793,-15.8,-105.6,-317.6,92.15,92.65,1
955.3164,-15.8,-107.5,-313.7,92.15,92.65,1
955.4535,-11.6,-104.6,-309.8,90.07,92.63,1
955.5866,-13.7,-108.5,-313.7,91.06,92.57,1
955.7121,-16.8,-113.4,-315.7,92.52,92.57,1
955.8496,-18.9,-106.5,-314.7,93.75,92.58,1
955.9855,-11.6,-106.5,-309.8,89.95,92.55,1
956.1233,-20.0,-104.6,-314.7,94.25,92.56,1
956.2612,-15.8,-106.5,-311.8,92.07,92.55,1
956.3939,-11.6,-107.5,-319.6,89.55,92.53,1
956.5296,-17.9,-107.5,-310.8,93.01,92.53,1
956.6661,-15.8,-109.5,-310.8,91.88,92.52,1
956.8005,-16.8,-107.5,-314.7,92.34,92.51,1
956.9401,-15.8,-110.4,-311.8,91.93,92.51,1
957.0634,-15.8,-108.5,-316.6,91.95,92.51,1
957.1965,-15.8,-110.4,-313.7,92.06,92.50,1
957.3328,-20.0,-107.5,-318.6,94.19,92.51,1
957.4694,-21.0,-108.5,-313.7,94.91,92.53,1
957.6050,-14.7,-109.5,-315.7,91.50,92.52,1
957.7382,-21.0,-109.5,-316.6,94.65,92.53,1
957.8773,-15.8,-109.5,-312.7,92.21,92.53,1
958.0140,-18.9,-106.5,-312.7,93.94,92.54,1
958.1469,-17.9,-106.5,-309.8,93.22,92.55,1
958.2844,-12.6,-108.5,-319.6,90.46,92.56,1
958.4209,-17.9,-112.4,-312.7,93.14,92.52,1
958.5553,-17.9,-104.6,-319.6,93.24,92.53,1
958.6895,-12.6,-104.6,-311.8,90.59,92.52,1
958.8229,-17.9,-100.7,-317.6,93.34,92.53,1
958.9599,-17.9,-96.8,-315.7,93.57,92.61,1
959.0950,-22.1,-99.7,-316.6,95.46,92.59,1
959.2287,-23.1,-97.7,-315.7,96.08,92.62,1
959.3632,-18.9,-95.8,-314.7,93.98,92.63,1
959.4986,-24.2,-93.8,-318.6,97.32,92.66,1
959.6317,-17.9,-95.8,-315.7,93.69,92.67,1
959.7667,-21.0,-97.7,-315.7,95.15,92.69,1
959.9040,-20.0,-94.8,-314.7,94.62,92.72,1
960.0385,-21.0,-96.8,-309.8,95.23,92.73,1
960.1731,-21.0,-95.8,-316.6,95.14,92.75,1
960.3074,-23.1,-97.7,-314.7,96.23,92.78,1
960.4405,-24.2,-98.7,-310.8,96.55,92.80,1
960.5766,-21.0,-97.7,-316.6,94.75,92.82,1
960.7107,-20.0,-98.7,-313.7,94.16,92.82,1
960.8444,-22.1,-95.8,-314.7,95.34,92.84,1
960.9810,-22.1,-94.8,-316.6,95.51,92.86,1
961.1167,-22.1,-98.7,-312.7,95.50,92.89,1
961.2499,-18.9,-94.8,-315.7,94.35,92.89,1
961.3867,-20.0,-98.7,-313.7,94.77,92.91,1
961.5238,-26.3,-93.8,-311.8,98.68,92.92,1
961.6605,-23.1,-97.7,-316.6,96.54,92.95,1
961.7954,-21.0,-93.8,-313.7,95.58,92.98,1
961.9359,-16.8,-96.8,-312.7,93.05,92.97,1
962.0704,-20.0,-96.8,-312.7,94.84,93.00,1
962.2057,-23.1,-96.8,-313.7,96.68,93.03,1
962.3425,-17.9,-96.8,-314.7,93.55,93.03,1
962.4781,-17.9,-96.8,-312.7,93.65,93.04,1
962.6127,-20.0,-96.8,-311.8,94.77,93.05,1
962.7505,-18.9,-94.8,-315.7,94.21,93.07,1
962.8854,-21.0,-98.7,-316.6,95.20,93.09,1
963.0256,-22.1,-98.7,-315.7,95.83,93.11,1
963.1577,-21.0,-96.8,-316.6,95.46,93.11,1
963.2953,-24.2,-96.8,-313.7,97.21,93.17,1
963.4321,-21.0,-96.8,-310.8,95.72,93.18,1
963.5659,-21.0,-94.8,-307.9,95.72,93.21,1
963.7010,-21.0,-99.7,-312.7,95.40,93.23,1
963.8382,-20.0,-96.8,-314.7,94.96,93.25,1
963.9761,-21.0,-95.8,-312.7,95.69,93.26,1
964.1113,-24.2,-96.8,-318.6,97.19,93.30,1
964.2493,-22.1,-93.8,-311.8,96.20,93.32,1
964.3871,-21.0,-96.8,-315.7,95.41,93.34,1
964.5202,-24.2,-96.8,-318.6,97.17,93.36,1
964.6574,-20.0,-101.6,-317.6,94.75,93.38,1
964.7950,-23.1,-99.7,-315.7,96.64,93.39,1
964.9335,-17.9,-98.7,-312.7,94.01,93.40,1
965.0557,-23.1,-95.8,-312.7,97.03,93.43,1
965.1937,-21.0,-94.8,-310.8,95.94,93.46,1
965.3266,-20.0,-96.8,-314.7,95.14,93.47,1
965.4631,-17.9,-96.8,-315.7,93.99,93.48,1
965.5997,-18.9,-96.8,-307.9,94.67,93.49,1
965.7329,-22.1,-94.8,-315.7,96.33,93.51,1
965.8690,-24.2,-99.7,-312.7,97.18,93.54,1
965.9972,-20.0,-96.8,-311.8,95.27,93.55,1
966.1287,-17.9,-99.7,-316.6,93.91,93.55,1
966.2665,-23.1,-100.7,-313.7,96.76,93.57,1
966.4032,-22.1,-98.7,-314.7,96.59,93.60,1
966.5396,-16.8,-97.7,-316.6,93.36,93.60,1
966.6726,-25.2,-95.8,-316.6,98.19,93.64,1
966.8097,-25.2,-95.8,-318.6,98.29,93.68,1
966.9495,-16.8,-97.7,-314.7,93.63,93.69,1
967.0842,-22.1,-97.7,-315.7,96.49,93.72,1
967.2213,-26.3,-93.8,-318.6,99.09,93.76,1
967.3571,-22.1,-96.8,-314.7,96.51,93.68,1
967.4920,-20.0,-97.7,-315.7,95.34,93.73,1
967.6301,-22.1,-96.8,-312.7,96.66,93.76,1
967.7658,-26.3,-94.8,-310.8,99.08,93.80,1
967.9069,-22.1,-100.7,-313.7,96.29,93.82,1
968.0282,-22.1,-97.7,-314.7,96.43,93.81,1
968.1649,-23.1,-98.7,-316.6,96.88,93.84,1
968.3023,-22.1,-97.7,-314.7,96.28,93.85,1
968.4370,-24.2,-95.8,-317.6,97.51,93.89,1
968.5728,-20.0,-96.8,-312.7,95.22,93.91,1
968.7096,-18.9,-96.8,-318.6,94.85,93.91,1
968.8443,-22.1,-94.8,-313.7,96.86,93.94,1
968.9824,-21.0,-94.8,-314.7,96.17,93.95,1
969.1195,-15.8,-98.7,-313.7,93.10,93.96,1
969.2550,-21.0,-97.7,-315.7,95.67,93.99,1
969.3903,-18.9,-98.7,-318.6,94.43,93.99,1
969.5277,-22.1,-99.7,-315.7,96.38,94.01,1
969.6640,-21.0,-96.8,-310.8,95.96,94.03,1
969.7972,-22.1,-94.8,-317.6,96.63,94.05,1
969.9374,-20.0,-94.8,-312.7,95.63,94.06,1
970.0744,-23.1,-96.8,-310.8,96.94,94.08,1
970.2083,-23.1,-97.7,-312.7,96.84,94.11,1
970.3458,-22.1,-95.8,-310.8,96.24,94.12,1
970.4829,-21.0,-98.7,-317.6,95.35,94.13,1
970.6157,-21.0,-99.7,-309.8,95.48,94.16,1
970.7533,-23.1,-100.7,-313.7,96.47,94.17,1
970.8786,-21.0,-98.7,-313.7,95.55,94.19,1
971.0141,-22.1,-97.7,-310.8,96.25,94.20,1
971.1489,-25.2,-99.7,-314.7,97.70,94.23,1
971.2861,-20.0,-99.7,-311.8,95.22,94.25,1
971.4222,-16.8,-95.8,-316.6,93.59,94.25,1
971.5553,-22.1,-93.8,-314.7,96.56,94.27,1
971.6917,-21.0,-95.8,-313.7,95.92,94.28,1
971.8275,-27.3,-95.8,-316.6,99.46,94.34,1
971.9642,-22.1,-97.7,-315.7,96.57,94.35,1
972.1004,-22.1,-96.8,-312.7,96.72,94.39,1
972.2360,-24.2,-96.8,-312.7,98.01,94.42,1
972.3707,-18.9,-96.8,-313.7,95.17,94.43,1
972.5077,-22.1,-103.6,-313.7,96.50,94.45,1
972.6428,-21.0,-98.7,-315.7,96.19,94.49,1
972.7802,-17.9,-96.8,-316.6,94.64,94.50,1
972.9182,-26.3,-101.6,-315.7,98.89,94.55,1
973.0392,-23.1,-97.7,-319.6,97.45,94.58,1
973.1740,-22.1,-94.8,-316.6,97.10,94.61,1
973.3073,-23.1,-96.8,-312.7,97.62,94.65,1
973.4429,-17.9,-95.8,-314.7,94.81,94.66,1
973.5785,-24.2,-94.8,-313.7,98.38,94.68,1
973.7122,-23.1,-97.7,-313.7,97.29,94.71,1
973.8484,-23.1,-95.8,-312.7,97.30,94.74,1
973.9868,-22.1,-94.8,-310.8,96.90,94.75,1
974.1199,-17.9,-97.7,-313.7,94.29,94.76,1
974.2556,-17.9,-96.8,-317.6,94.26,94.75,1
974.3896,-23.1,-97.7,-314.7,96.95,94.77,1
974.5258,-25.2,-101.6,-312.7,97.79,94.77,1
974.6577,-24.2,-99.7,-310.8,97.40,94.79,1
974.7920,-22.1,-96.8,-312.7,96.61,94.81,1
974.9320,-20.0,-98.7,-315.7,95.30,94.83,1
975.0657,-21.0,-98.7,-314.7,96.16,94.84,1
975.2002,-26.3,-96.8,-315.7,98.93,94.88,1
975.3354,-26.3,-97.7,-313.7,98.58,94.92,1
975.4692,-20.0,-94.8,-314.7,94.85,94.93,1
975.6033,-18.9,-100.7,-315.7,93.98,94.93,1
975.7404,-25.2,-98.7,-315.7,97.36,94.96,1
975.8763,-20.0,-95.8,-317.6,94.60,94.96,1
976.0112,-21.0,-97.7,-314.7,95.18,94.95,1
976.1472,-21.0,-96.8,-311.8,95.38,94.96,1
976.2842,-22.1,-94.8,-315.7,96.03,94.97,1
976.4160,-26.3,-93.8,-314.7,98.51,95.04,1
976.5524,-20.0,-98.7,-312.7,94.76,95.04,1
976.6882,-16.8,-96.8,-317.6,93.30,95.03,1
976.8220,-20.0,-95.8,-312.7,95.51,95.06,1
976.9606,-25.2,-97.7,-314.7,98.16,95.17,1
977.0944,-22.1,-95.8,-314.7,96.57,95.19,1
977.2294,-22.1,-97.7,-311.8,96.34,95.21,1
977.3620,-18.9,-94.8,-315.7,94.60,95.20,1
977.4975,-25.2,-98.7,-314.7,97.79,95.22,1
977.6316,-18.9,-102.6,-313.7,94.22,95.23,1
977.7638,-22.1,-97.7,-317.6,96.23,95.26,1
977.9044,-17.9,-96.8,-312.7,93.92,95.25,1
978.0392,-17.9,-94.8,-310.8,94.02,95.24,1
978.1729,-22.1,-97.7,-320.5,95.74,95.25,1
978.3090,-24.2,-94.8,-314.7,97.10,95.29,1
978.4444,-25.2,-100.7,-316.6,97.41,95.30,1
978.5801,-26.3,-96.8,-315.7,98.27,95.33,1
978.7137,-18.9,-97.7,-312.7,94.16,95.31,1
978.8486,-25.2,-95.8,-311.8,98.00,95.34,1
978.9897,-23.1,-99.7,-314.7,96.47,95.34,1
979.1210,-26.3,-96.8,-314.7,98.22,95.37,1
979.2569,-18.9,-93.8,-315.7,93.92,95.30,1
979.3922,-26.3,-97.7,-315.7,97.95,95.33,1
979.5277,-23.1,-97.7,-317.6,96.23,95.35,1
979.6617,-21.0,-97.7,-313.7,95.33,95.35,1
979.7999,-20.0,-97.7,-311.8,94.90,95.35,1
979.9391,-26.3,-93.8,-318.6,98.22,95.39,1
980.0716,-18.9,-97.7,-314.7,93.70,95.39,1
980.2070,-22.1,-95.8,-312.7,95.54,95.41,1
980.3426,-26.3,-99.7,-315.7,97.93,95.43,1
980.4747,-17.9,-96.8,-311.8,93.48,95.42,1
980.6104,-23.1,-98.7,-310.8,96.48,95.43,1
980.7462,-28.4,-97.7,-316.6,99.35,95.47,1
980.8784,-22.1,-95.8,-316.6,95.95,95.47,1
981.0034,-18.9,-96.8,-311.8,94.05,95.47,1
981.1404,-24.2,-95.8,-311.8,97.47,95.50,1
981.2721,-22.1,-97.7,-316.6,96.12,95.51,1
981.4077,-18.9,-101.6,-318.6,94.23,95.51,1
981.5440,-20.0,-92.9,-314.7,95.26,95.51,1
981.6791,-24.2,-96.8,-311.8,97.55,95.53,1
981.8114,-23.1,-98.7,-314.7,96.74,95.56,1
981.9505,-18.9,-95.8,-313.7,94.70,95.56,1
982.0841,-20.0,-98.7,-318.6,95.05,95.56,1
982.2177,-20.0,-98.7,-310.8,95.25,95.57,1
982.3534,-22.1,-98.7,-315.7,96.23,95.57,1
982.4899,-22.1,-99.7,-313.7,96.44,95.59,1
982.6217,-23.1,-98.7,-316.6,97.02,95.63,1
982.7588,-17.9,-96.8,-311.8,94.37,95.63,1
982.8948,-18.9,-94.8,-313.7,95.00,95.63,1
983.0330,-26.3,-98.7,-313.7,99.02,95.66,1
983.1669,-21.0,-94.8,-311.8,96.43,95.67,1
983.3037,-22.1,-98.7,-316.6,96.64,95.67,1
983.4379,-21.0,-96.8,-314.7,96.22,95.68,1
983.5693,-23.1,-101.6,-312.7,97.34,95.71,1
983.7054,-21.0,-96.8,-311.8,96.06,95.71,1
983.8417,-15.8,-95.8,-314.7,93.15,95.70,1
983.9772,-18.9,-97.7,-310.8,94.41,95.72,1
984.1132,-24.2,-98.7,-312.7,97.07,95.74,1
984.2481,-24.2,-93.8,-313.7,97.35,95.76,1
984.3851,-21.0,-99.7,-312.7,95.53,95.76,1
984.5183,-21.0,-96.8,-311.8,95.88,95.77,1
984.6524,-23.1,-98.7,-313.7,96.88,95.78,1
984.7889,-17.9,-97.7,-315.7,93.99,95.77,1
984.9272,-25.2,-94.8,-313.7,98.40,95.79,1
985.0615,-21.0,-95.8,-312.7,96.09,95.80,1
985.1977,-23.1,-94.8,-317.6,97.31,95.82,1
985.3314,-25.2,-99.7,-313.7,98.17,95.85,1
985.4664,-25.2,-99.7,-312.7,98.29,95.88,1
985.6024,-18.9,-95.8,-317.6,95.00,95.88,1
985.7388,-25.2,-97.7,-316.6,98.34,95.91,1
985.8712,-17.9,-96.8,-313.7,94.44,95.91,1
985.9967,-20.0,-94.8,-316.6,95.54,95.92,1
986.1324,-24.2,-99.7,-314.7,97.58,95.94,1
986.2642,-23.1,-95.8,-315.7,97.35,95.97,1
986.3999,-21.0,-97.7,-312.7,96.10,95.98,1
986.5369,-23.1,-97.7,-315.7,97.06,96.00,1
986.6711,-22.1,-92.9,-315.7,97.17,96.01,1
986.8057,-23.1,-95.8,-317.6,97.54,96.03,1
986.9458,-21.0,-97.7,-316.6,96.23,96.03,1
987.0784,-23.1,-95.8,-314.7,97.53,96.08,1
987.2127,-21.0,-98.7,-314.7,96.44,96.10,1
987.3484,-22.1,-98.7,-316.6,96.95,96.13,1
987.4844,-20.0,-96.8,-315.7,95.91,96.14,1
987.6170,-18.9,-97.7,-313.7,95.12,96.15,1
987.7513,-20.0,-95.8,-309.8,95.72,96.16,1
987.8873,-18.9,-98.7,-311.8,94.86,96.16,1
988.0219,-23.1,-97.7,-315.7,97.15,96.18,1
988.1579,-21.0,-98.7,-313.7,96.01,96.18,1
988.2941,-24.2,-97.7,-312.7,97.48,96.19,1
988.4254,-25.2,-98.7,-316.6,97.80,96.21,1
988.5615,-22.1,-96.8,-316.6,96.42,96.22,1
988.6984,-24.2,-98.7,-316.6,97.45,96.24,1
988.8345,-20.0,-95.8,-316.6,95.20,96.26,1
988.9709,-23.1,-95.8,-314.7,96.98,96.28,1
989.1069,-21.0,-97.7,-319.6,95.77,96.29,1
989.2452,-25.2,-94.8,-313.7,98.36,96.34,1
989.3769,-21.0,-98.7,-315.7,95.78,96.34,1
989.5117,-21.0,-92.9,-312.7,96.13,96.35,1
989.6478,-20.0,-97.7,-314.7,95.22,96.35,1
989.7809,-18.9,-95.8,-318.6,94.67,96.35,1
989.9223,-22.1,-95.8,-312.7,96.54,96.36,1
990.0452,-22.1,-99.7,-311.8,96.35,96.37,1
990.1760,-18.9,-94.8,-310.8,94.92,96.36,1
990.3128,-20.0,-96.8,-316.6,95.35,96.44,1
990.4490,-20.0,-101.6,-313.7,95.44,96.44,1
990.5834,-18.9,-94.8,-311.8,95.22,96.44,1
990.7161,-27.3,-93.8,-311.8,100.11,96.48,1
990.8541,-24.2,-95.8,-316.6,98.25,96.50,1
990.9909,-21.0,-96.8,-313.7,96.08,96.51,1
991.1237,-20.0,-96.8,-309.8,95.65,96.51,1
991.2605,-21.0,-95.8,-314.7,96.27,96.52,1
991.3949,-21.0,-96.8,-313.7,96.26,96.53,1
991.5273,-22.1,-98.7,-314.7,96.55,96.54,1
991.6631,-22.1,-98.7,-311.8,96.71,96.56,1
991.8005,-26.3,-95.8,-317.6,98.88,96.59,1
991.9396,-24.2,-98.7,-317.6,97.46,96.60,1
992.0599,-26.3,-91.9,-318.6,98.90,96.63,1
992.1934,-20.0,-95.8,-313.7,95.44,96.63,1
992.3282,-22.1,-96.8,-314.7,96.30,96.61,1
992.4612,-22.1,-99.7,-312.7,96.09,96.61,1
992.5971,-21.0,-98.7,-316.6,95.43,96.61,1
992.7323,-21.0,-97.7,-308.8,95.54,96.60,1
992.8649,-17.9,-95.8,-317.6,93.24,96.58,1
992.9924,-21.0,-95.8,-313.7,95.08,96.58,1
993.1254,-18.9,-95.8,-313.7,94.00,96.57,1
993.2599,-20.0,-94.8,-316.6,94.51,96.56,1
993.3962,-23.1,-92.9,-315.7,96.48,96.57,1
993.5316,-22.1,-98.7,-313.7,95.62,96.57,1
993.6643,-24.2,-100.7,-314.7,96.67,96.58,1
993.8015,-18.9,-95.8,-314.7,94.13,96.56,1
993.9394,-26.3,-95.8,-312.7,98.35,96.58,1
994.0748,-25.2,-94.8,-312.7,97.80,96.62,1
994.2085,-22.1,-92.9,-307.9,96.17,96.62,1
994.3422,-24.2,-93.8,-313.7,97.06,96.64,1
994.4785,-21.0,-100.7,-317.6,94.88,96.62,1
994.6131,-23.1,-96.8,-313.7,96.32,96.63,1
994.7470,-23.1,-100.7,-316.6,96.09,96.63,1
994.8834,-23.1,-100.7,-311.8,96.22,96.64,1
995.0210,-25.2,-96.8,-317.6,97.63,96.62,1
995.1572,-24.2,-97.7,-313.7,97.11,96.66,1
995.2934,-24.2,-93.8,-314.7,97.43,96.67,1
995.4290,-15.8,-96.8,-314.7,92.54,96.65,1
995.5614,-20.0,-94.8,-316.6,94.94,96.64,1
995.6966,-21.0,-94.8,-309.8,95.80,96.64,1
995.8328,-18.9,-99.7,-314.7,94.50,96.63,1
995.9690,-23.1,-94.8,-316.6,97.15,96.63,1
996.1039,-22.1,-96.8,-312.7,96.57,96.64,1
996.2410,-26.3,-96.8,-316.6,98.64,96.66,1
996.3732,-20.0,-98.7,-315.7,95.43,96.65,1
996.5078,-24.2,-98.7,-317.6,97.67,96.67,1
996.6436,-23.1,-96.8,-317.6,97.60,96.68,1
996.7798,-23.1,-94.8,-310.8,97.85,96.71,1
996.9174,-20.0,-96.8,-311.8,95.95,96.71,1
997.0402,-20.0,-97.7,-311.8,95.98,96.72,1
997.1746,-23.1,-99.7,-315.7,97.46,96.75,1
997.3091,-20.0,-92.9,-317.6,96.28,96.76,1
997.4448,-24.2,-95.8,-317.6,98.11,96.78,1
997.5788,-16.8,-98.7,-317.6,93.98,96.76,1
997.7113,-23.1,-98.7,-316.6,97.44,96.78,1
997.8491,-20.0,-96.8,-313.7,95.92,96.81,1
997.9858,-17.9,-94.8,-315.7,94.84,96.80,1
998.1185,-30.5,-93.8,-314.7,101.81,96.84,1
998.2551,-28.4,-97.7,-316.6,100.08,96.87,1
998.3900,-21.0,-96.8,-312.7,96.08,96.87,1
998.5257,-21.0,-96.8,-316.6,96.10,96.85,1
998.6590,-22.1,-94.8,-313.7,97.14,96.86,1
998.7939,-25.2,-96.8,-314.7,98.58,96.88,1
998.9349,-21.0,-97.7,-315.7,96.13,96.88,1
999.0659,-24.2,-96.8,-315.7,97.99,96.90,1
999.2006,-23.1,-96.8,-309.8,97.48,96.95,1
999.3367,-21.0,-96.8,-311.8,96.16,96.95,1
999.4712,-22.1,-96.8,-312.7,96.60,96.96,1
999.6047,-22.1,-98.7,-308.8,96.53,96.95,1
999.7410,-20.0,-100.7,-312.7,95.23,96.94,1
999.8776,-20.0,-95.8,-314.7,95.40,96.95,1
1000.0007,-21.0,-97.7,-313.7,95.78,96.94,1
1000.1369,-24.2,-96.8,-317.6,97.63,96.96,1
1000.2733,-18.9,-100.7,-314.7,94.63,96.95,1
1000.4077,-22.1,-95.8,-319.6,96.07,96.98,1
1000.5429,-24.2,-95.8,-312.7,97.45,96.98,1
1000.6785,-21.0,-99.7,-316.6,95.39,96.97,1
1000.8121,-21.0,-98.7,-314.7,95.56,96.97,1
1000.9503,-17.9,-96.8,-314.7,93.87,96.95,1
1001.0726,-23.1,-97.7,-313.7,96.65,96.96,1
1001.2063,-25.2,-97.7,-311.8,97.82,96.93,1
1001.3399,-24.2,-92.9,-315.7,97.70,96.96,1
1001.4761,-23.1,-95.8,-317.6,96.75,96.96,1
1001.6105,-20.0,-94.8,-316.6,94.86,96.94,1
1001.7441,-15.8,-95.8,-316.6,92.44,96.92,1
1001.8805,-22.1,-95.8,-315.7,95.88,96.92,1
1002.0207,-27.3,-98.7,-309.8,98.64,96.92,1
1002.1547,-21.0,-93.8,-317.6,95.01,96.87,1
1002.2907,-21.0,-96.8,-317.6,94.81,96.86,1
1002.4263,-23.1,-98.7,-309.8,96.14,96.86,1
1002.5583,-22.1,-95.8,-315.7,95.94,96.86,1
1002.6936,-18.9,-97.7,-317.6,94.16,96.85,1
1002.8299,-21.0,-94.8,-315.7,95.57,96.85,1
1002.9656,-25.2,-93.8,-311.8,98.12,96.90,1
1003.1001,-17.9,-96.8,-315.7,93.83,96.88,1
1003.2387,-21.0,-99.7,-312.7,95.53,96.87,1
1003.3727,-20.0,-95.8,-316.6,94.83,96.86,1
1003.5067,-18.9,-100.7,-312.7,94.09,96.85,1
1003.6425,-21.0,-102.6,-309.8,95.06,96.84,1
1003.7777,-21.0,-96.8,-314.7,95.20,96.84,1
1003.9152,-23.1,-97.7,-314.7,96.29,96.84,1
1004.0380,-24.2,-94.8,-314.7,97.20,96.85,1
1004.1724,-23.1,-93.8,-314.7,97.00,96.87,1
1004.3060,-24.2,-95.8,-315.7,97.42,96.89,1
1004.4415,-23.1,-95.8,-317.6,96.83,96.89,1
1004.5771,-24.2,-97.7,-312.7,97.39,96.91,1
1004.7092,-24.2,-98.7,-312.7,97.23,96.93,1
1004.8452,-23.1,-95.8,-313.7,96.68,96.93,1
1004.9713,-23.1,-95.8,-314.7,96.56,96.94,1
1005.1030,-24.2,-95.8,-315.7,97.18,96.95,1
1005.2395,-25.2,-100.7,-308.8,97.55,96.96,1
1005.3768,-20.0,-97.7,-316.6,94.75,96.95,1
1005.5110,-23.1,-99.7,-315.7,96.30,96.95,1
1005.6430,-21.0,-98.7,-312.7,95.29,96.91,1
1005.7791,-18.9,-91.9,-317.6,94.37,96.91,1
1005.9169,-23.1,-98.7,-311.8,96.59,96.92,1
1006.0495,-23.1,-97.7,-312.7,96.69,96.92,1
1006.1857,-18.9,-95.8,-315.7,94.13,96.90,1
1006.3197,-22.1,-96.8,-313.7,95.91,96.90,1
1006.4533,-23.1,-96.8,-311.8,96.55,96.90,1
1006.5881,-24.2,-94.8,-312.7,97.38,96.91,1
1006.7243,-21.0,-96.8,-315.7,95.41,96.90,1
1006.8596,-21.0,-99.7,-313.7,95.49,96.89,1
1006.9842,-23.1,-98.7,-314.7,96.65,96.89,1
1007.1208,-25.2,-96.8,-313.7,98.12,96.90,1
1007.2574,-22.1,-99.7,-316.6,96.43,96.91,1
1007.3905,-23.1,-94.8,-312.7,97.47,96.93,1
1007.5282,-21.0,-96.8,-313.7,96.43,96.92,1
1007.6610,-29.4,-99.7,-312.7,100.78,99.51,1
1007.7960,-29.4,-93.8,-316.6,101.24,97.81,1
1007.9343,-15.8,-89.9,-311.8,94.26,95.03,1
1008.0675,-10.5,-86.0,-310.8,91.15,93.92,1
1008.2013,-8.4,-85.0,-313.7,89.87,93.85,1
1008.3355,-6.3,-82.1,-317.6,88.46,93.82,1
1008.4685,1.1,-70.4,-308.8,82.94,93.75,1
1008.6027,6.3,-76.2,-310.8,79.69,93.61,1
1008.7369,5.3,-74.3,-304.9,80.36,92.61,1
1008.8701,1.1,-75.3,-307.9,83.78,90.23,1
1009.0071,3.2,-72.3,-303.9,81.72,89.49,1
1009.1433,10.5,-77.2,-307.9,77.25,89.37,1
1009.2763,6.3,-76.2,-302.0,80.22,89.28,1
1009.4105,7.4,-74.3,-303.0,79.35,89.10,1
1009.5452,9.5,-72.3,-306.9,77.50,89.01,1
1009.6793,7.4,-77.2,-306.9,80.03,88.89,1
1009.8144,5.3,-74.3,-303.0,81.30,88.29,1
1009.9529,7.4,-74.3,-306.9,79.69,87.00,1
1010.0864,8.4,-74.3,-303.0,78.77,85.59,1
1010.2229,11.6,-74.3,-307.9,76.83,85.22,1
1010.3571,12.6,-67.4,-301.0,74.64,84.80,1
1010.4906,8.4,-67.4,-306.9,77.99,84.72,1
1010.6254,11.6,-72.3,-303.9,76.50,84.65,1
1010.7609,9.5,-70.4,-305.9,77.80,84.56,1
1010.8943,14.7,-72.3,-304.9,74.19,84.51,1
1011.0309,10.5,-73.3,-306.9,77.85,84.46,1
1011.1654,13.7,-70.4,-303.9,74.93,84.36,1
1011.2994,13.7,-68.4,-303.9,74.36,84.28,1
1011.4339,10.5,-72.3,-304.9,77.67,84.25,1
1011.5683,12.6,-71.3,-305.9,76.26,84.18,1
1011.7012,15.8,-68.4,-304.9,73.57,82.60,1
1011.8357,22.1,-69.4,-298.1,67.66,80.04,1
1011.9740,20.0,-70.4,-295.2,69.59,78.62,1
1012.1073,-6.3,-61.6,-300.0,114.12,77.57,0
1012.2413,-23.1,-52.8,-303.0,165.06,75.43,0
1012.3759,-35.7,-42.0,-307.9,-160.60,70.28,0
1012.5077,14.7,-11.7,-305.9,-84.08,59.23,0
1012.6408,80.9,31.3,-291.3,-54.11,42.78,0
1012.7749,132.4,86.0,-258.1,-53.20,26.00,0
1012.9117,167.0,153.4,-203.4,-55.98,10.19,0
1013.0457,189.1,210.1,-118.6,-54.05,-8.43,0
1013.1794,163.9,258.0,-21.0,-36.74,-27.64,1
1013.3123,148.1,271.7,1.5,-26.96,-29.48,1
1013.4481,94.5,295.2,-13.2,-31.66,-24.66,1
1013.5822,59.9,306.9,-6.3,-26.64,-19.11,1
1013.7148,78.8,302.0,-46.3,-42.62,-11.67,0
1013.8489,97.7,296.1,-41.5,-33.87,0.32,0
1013.9876,93.5,289.3,-78.5,-46.62,16.32,0
1014.1197,86.1,279.5,-117.6,-63.11,27.31,0
1014.2537,86.1,266.8,-142.0,-69.89,37.70,0
1014.3869,53.6,290.3,-112.7,-68.41,48.35,0
1014.5196,32.6,307.9,-91.2,-61.13,56.12,0
1014.6530,-9.5,298.1,-130.3,-90.23,65.41,0
1014.7869,-16.8,292.2,-137.1,-98.01,74.73,0
1014.9242,-57.8,281.5,-148.8,-107.28,84.77,0
1015.0564,-44.1,304.0,-110.7,-119.16,91.35,0
1015.1896,-59.9,297.1,-112.7,-120.39,93.74,0
1015.3227,-46.2,286.4,-147.8,-111.59,92.20,0
1015.4549,-27.3,267.8,-178.1,-105.11,85.97,0
1015.5894,-27.3,289.3,-146.9,-110.11,85.71,0
1015.7227,-15.8,275.6,-154.7,-106.10,85.61,0
1015.8548,-11.6,280.5,-159.5,-106.29,88.11,0
1015.9925,-15.8,280.5,-157.6,-108.81,92.00,0
1016.1247,-28.4,279.5,-156.6,-111.07,97.85,0
1016.2566,-38.9,269.8,-163.4,-110.95,100.08,0
1016.3905,-58.8,277.6,-156.6,-115.93,104.82,0
1016.5243,-69.3,277.6,-152.7,-117.96,106.89,0
1016.6586,-78.8,284.4,-148.8,-120.39,108.88,0
1016.7910,-86.1,277.6,-146.9,-122.08,110.69,0
1016.9286,-77.7,284.4,-138.1,-124.60,111.38,0
1017.0601,-74.6,287.3,-142.9,-123.96,113.50,1
1017.1950,-72.5,286.4,-137.1,-128.11,115.14,0
1017.3286,-79.8,284.4,-137.1,-129.05,119.42,0
1017.4621,-81.9,288.3,-133.2,-130.55,119.49,0
1017.5937,-84.0,286.4,-132.2,-131.17,119.44,0
1017.7284,-87.2,288.3,-133.2,-129.91,118.43,0
1017.8623,-93.5,281.5,-131.2,-129.53,118.80,0
1017.9987,-92.4,278.6,-139.0,-128.01,117.79,0
1018.1312,-87.2,289.3,-124.4,-132.96,118.96,0
1018.2663,-85.1,290.3,-117.6,-134.51,122.38,0
1018.3991,-86.1,295.2,-112.7,-136.02,126.33,0
1018.5313,-101.9,297.1,-93.2,-142.87,129.58,0
1018.6647,-105.0,289.3,-116.6,-134.04,129.89,0
1018.7993,-101.9,287.3,-124.4,-132.07,127.48,0
1018.9339,-98.7,284.4,-123.4,-131.12,124.80,0
1019.0665,-100.8,285.4,-131.2,-129.16,124.23,0
1019.2003,-101.9,272.7,-141.0,-126.74,122.29,0
1019.3335,-94.5,278.6,-145.9,-126.00,122.11,0
1019.4668,-88.2,279.5,-136.1,-127.07,123.74,0
1019.5999,-93.5,287.3,-128.3,-129.66,124.87,0
1019.7320,-94.5,284.4,-123.4,-130.52,127.07,0
1019.8671,-116.6,292.2,-88.3,-145.27,127.34,0
1020.0034,-107.1,299.1,-84.4,-146.37,126.61,0
1020.1352,-114.5,299.1,-89.3,-146.33,123.70,0
1020.2693,-100.8,289.3,-110.7,-134.93,121.00,0
1020.4039,-100.8,282.5,-132.2,-128.68,120.25,0
1020.5369,-104.0,271.7,-139.0,-126.82,122.30,1
1020.6701,-107.1,280.5,-127.3,-136.59,125.15,0
1020.8037,-108.2,285.4,-120.5,-137.60,129.90,0
1020.9412,-110.3,286.4,-115.6,-139.08,132.01,0
1021.0736,-121.8,284.4,-112.7,-138.01,136.82,0
1021.2078,-123.9,289.3,-104.9,-139.10,139.52,0
1021.3411,-128.2,290.3,-96.1,-140.76,141.56,0
1021.4741,-130.3,288.3,-97.1,-140.73,141.19,0
1021.6073,-140.8,285.4,-98.1,-141.21,140.64,0
1021.7411,-149.2,281.5,-101.0,-142.45,139.64,0
1021.8730,-146.0,288.3,-88.3,-144.57,141.69,0
1022.0094,-143.9,287.3,-99.0,-139.33,144.19,0
1022.1425,-147.1,279.5,-107.8,-135.35,147.55,0
1022.2761,-145.0,273.7,-114.7,-133.09,150.08,0
1022.4077,-156.5,276.6,-90.3,-138.61,153.14,0
1022.5422,-147.1,285.4,-81.5,-140.03,156.07,0
1022.6755,-157.6,283.4,-79.5,-142.16,152.12,0
1022.8074,-155.5,279.5,-101.0,-137.97,149.65,0
1022.9452,-139.7,281.5,-108.8,-133.43,140.30,0
1023.0661,-115.5,280.5,-119.5,-128.84,138.72,0
1023.1977,-116.6,287.3,-114.7,-129.95,139.29,0
1023.3313,-108.2,280.5,-121.5,-126.87,141.35,0
1023.4649,-125.0,279.5,-113.7,-130.26,140.99,0
1023.5993,-126.0,282.5,-116.6,-130.31,140.30,0
1023.7312,-127.1,280.5,-114.7,-130.41,139.31,0
1023.8649,-128.2,274.6,-127.3,-127.18,137.60,0
1024.0024,-142.9,261.9,-142.0,-126.41,135.77,1
1024.1370,-133.4,266.8,-134.2,-127.01,137.30,0
1024.2706,-128.2,274.6,-129.3,-127.53,140.47,0
1024.4035,-127.1,280.5,-115.6,-129.59,144.31,0
1024.5356,-127.1,287.3,-100.0,-133.32,146.43,0
1024.6702,-132.4,287.3,-97.1,-134.94,146.19,0
1024.8035,-123.9,291.3,-101.0,-133.25,145.15,0
1024.9380,-131.3,282.5,-110.7,-132.11,143.16,0
1025.0723,-131.3,277.6,-114.7,-131.28,142.10,0
1025.2070,-130.3,279.5,-112.7,-131.28,141.28,0
1025.3387,-128.2,277.6,-112.7,-132.15,140.91,0
1025.4723,-117.6,281.5,-108.8,-131.72,141.88,0
1025.6055,-116.6,288.3,-98.1,-133.84,144.41,0
1025.7397,-115.5,287.3,-93.2,-134.45,148.84,0
1025.8721,-122.9,290.3,-83.4,-137.26,149.23,0
1026.0087,-129.2,288.3,-81.5,-139.53,147.47,0
1026.1420,-122.9,288.3,-85.4,-138.32,144.76,0
1026.2754,-131.3,281.5,-93.2,-137.69,141.94,0
1026.4086,-125.0,280.5,-106.8,-134.49,139.05,0
1026.5422,-110.3,282.5,-105.9,-134.14,136.86,0
1026.6740,-100.8,285.4,-109.8,-131.44,136.35,0
1026.8071,-104.0,284.4,-112.7,-131.13,135.96,0
1026.9430,-109.2,280.5,-112.7,-130.78,136.98,0
1027.0751,-117.6,279.5,-103.9,-133.14,137.79,0
1027.2089,-119.7,282.5,-97.1,-135.64,137.26,0
1027.3432,-123.9,284.4,-102.0,-135.64,135.82,0
1027.4749,-116.6,283.4,-113.7,-132.09,135.38,1
1027.6093,-104.0,281.5,-109.8,-135.18,133.26,0
1027.7430,-99.8,284.4,-111.7,-135.32,132.44,0
1027.8762,-97.7,284.4,-107.8,-134.82,133.87,0
1028.0125,-98.7,283.4,-106.8,-132.96,137.03,0
1028.1460,-112.4,285.4,-110.7,-133.43,139.12,0
1028.2780,-112.4,288.3,-100.0,-135.81,140.42,0
1028.4123,-115.5,287.3,-94.2,-137.95,139.51,0
1028.5457,-102.9,285.4,-108.8,-133.93,135.57,0
1028.6788,-90.3,281.5,-125.4,-129.92,130.59,0
1028.8111,-74.6,289.3,-125.4,-130.77,125.51,0
1028.9465,-62.0,290.3,-127.3,-130.12,123.28,0
1029.0799,-60.9,287.3,-128.3,-129.44,123.68,0
1029.2121,-68.3,276.6,-141.0,-125.72,122.55,0
1029.3453,-66.2,277.6,-145.9,-124.79,119.96,0
1029.4795,-66.2,278.6,-145.9,-124.78,116.31,0
1029.6108,-66.2,270.7,-153.7,-122.78,111.94,0
1029.7445,-66.2,261.9,-167.3,-118.57,109.39,0
1029.8783,-64.1,258.0,-181.0,-116.98,107.01,0
1030.0158,-48.3,261.0,-171.2,-113.76,105.97,0
1030.1481,-50.4,267.8,-166.4,-115.18,108.60,0
1030.2819,-62.0,263.9,-172.2,-115.40,111.33,0
1030.4150,-68.3,267.8,-169.3,-115.83,112.87,0
1030.5478,-75.6,263.9,-162.5,-118.36,114.67,0
1030.6810,-78.8,266.8,-155.6,-119.93,114.36,0
1030.8146,-87.2,267.8,-159.5,-120.52,113.88,0
1030.9502,-74.6,260.0,-167.3,-116.49,113.09,1
1031.0718,-60.9,271.7,-161.5,-119.17,111.55,0
1031.2050,-51.5,269.8,-161.5,-118.27,110.66,0
1031.3380,-47.3,263.9,-173.2,-115.31,111.71,0
1031.4702,-53.6,256.1,-180.0,-113.84,113.20,0
1031.6051,-65.1,259.0,-174.2,-116.19,112.06,0
1031.7383,-70.4,261.0,-171.2,-118.13,109.14,0
1031.8707,-69.3,263.9,-159.5,-119.35,106.04,0
1032.0074,-56.7,248.3,-183.0,-113.42,100.46,0
1032.1430,-29.4,260.0,-170.3,-112.09,91.66,0
1032.2752,-5.3,265.8,-164.4,-109.68,86.31,0
1032.4083,9.5,260.0,-165.4,-105.58,83.85,0
1032.5419,20.0,251.2,-186.9,-99.31,82.22,0
1032.6744,32.6,246.3,-181.0,-95.32,78.52,0
1032.8079,36.8,253.1,-176.1,-95.60,75.30,0
1032.9439,45.2,251.2,-170.3,-92.06,72.41,0
1033.0760,45.2,249.2,-177.1,-90.08,70.72,0
1033.2095,44.1,238.5,-186.9,-88.63,68.47,0
1033.3426,62.0,242.4,-172.2,-85.73,66.24,0
1033.4760,71.4,238.5,-178.1,-85.29,68.03,0
1033.6078,80.9,209.2,-204.4,-84.31,75.44,0
1033.7426,76.7,184.7,-224.9,-83.36,83.33,0
1033.8764,76.7,175.9,-234.7,-81.96,89.22,0
1034.0112,95.6,168.1,-233.7,-78.61,89.80,0
1034.1452,102.9,154.4,-242.5,-74.79,91.50,0
1034.2810,99.8,147.6,-251.3,-73.62,95.16,0
1034.4126,87.2,114.4,-273.7,-66.71,95.75,1
1034.5474,52.5,99.7,-291.3,-71.20,107.57,0
1034.6806,23.1,62.6,-304.9,-63.39,122.94,0
1034.8153,3.2,37.1,-311.8,-54.17,136.58,0
1034.9500,-64.1,23.5,-308.8,-76.89,144.54,0
1035.0819,-140.8,-19.5,-291.3,-163.40,148.01,0
1035.2156,-203.8,-48.9,-258.1,173.41,149.18,0
1035.3494,-225.8,-54.7,-244.4,171.36,148.94,0
1035.4837,-229.0,-62.6,-235.6,169.33,146.19,0
1035.6166,-209.0,-67.4,-251.3,165.11,144.53,0
1035.7484,-210.1,-75.3,-243.5,162.81,143.68,0
1035.8838,-211.1,-72.3,-240.5,163.09,145.11,0
1036.0188,-212.2,-60.6,-243.5,165.20,147.94,0
1036.1506,-216.4,-58.6,-244.4,165.93,148.15,0
1036.2844,-208.0,-56.7,-245.4,167.20,147.95,0
1036.4189,-215.3,-44.0,-243.5,172.24,146.58,0
1036.5520,-210.1,-52.8,-242.5,170.29,144.00,0
1036.6839,-203.8,-55.7,-250.3,167.62,142.68,0
1036.8181,-197.5,-67.4,-253.2,163.04,142.01,0
1036.9556,-191.2,-67.4,-259.1,161.09,141.05,0
1037.0882,-191.2,-65.5,-257.1,161.78,141.62,0
1037.2222,-192.2,-59.6,-256.1,164.80,142.48,0
1037.3553,-202.7,-56.7,-257.1,167.39,142.50,0
1037.4878,-196.4,-48.9,-257.1,169.85,141.99,0
1037.6210,-189.1,-51.8,-258.1,169.27,140.66,0
1037.7545,-183.8,-50.8,-263.0,169.76,143.43,1
1037.8884,-191.2,-60.6,-258.1,165.92,143.91,0
1038.0249,-185.9,-58.6,-261.0,165.34,144.29,0
1038.1584,-174.4,-50.8,-274.7,168.38,145.38,0
1038.2903,-182.8,-45.0,-269.8,171.66,146.62,0
1038.4234,-180.7,-41.0,-267.8,172.40,147.83,0
1038.5576,-176.5,-41.0,-268.8,171.18,148.56,0
1038.6883,-185.9,-35.2,-267.8,173.76,150.03,0
1038.8207,-188.0,-43.0,-265.9,169.94,151.04,0
1038.9581,-188.0,-44.0,-262.0,167.32,154.79,1
1039.0912,-185.9,-42.0,-263.0,166.56,158.05,1
1039.2242,-190.1,-42.0,-263.9,166.17,160.47,1
1039.3584,-187.0,-31.3,-268.8,169.64,162.35,1
1039.4928,-192.2,-37.1,-265.9,168.56,161.94,1
1039.6268,-195.4,-37.1,-264.9,169.25,162.02,1
1039.7614,-188.0,-33.2,-263.9,170.76,161.86,1
1039.8964,-194.3,-34.2,-262.0,171.50,161.38,1
1040.0333,-193.3,-45.9,-261.0,168.16,160.51,1
1040.1676,-194.3,-45.0,-263.9,168.08,159.91,1
1040.3019,-195.4,-49.8,-263.9,166.29,160.37,1
1040.4349,-192.2,-42.0,-263.9,169.29,161.85,1
1040.5691,-187.0,-36.2,-267.8,171.29,163.41,1
1040.7047,-185.9,-32.3,-263.9,172.55,164.56,1
1040.8381,-187.0,-31.3,-263.0,173.41,164.31,1
1040.9766,-187.0,-33.2,-267.8,174.20,163.10,1
1041.1111,-185.9,-32.3,-268.8,175.99,160.34,0
1041.2442,-183.8,-42.0,-267.8,171.76,159.11,1
1041.3783,-180.7,-45.0,-267.8,169.76,160.12,1
1041.5127,-182.8,-38.1,-267.8,171.41,162.73,1
1041.6454,-182.8,-39.1,-272.7,170.77,164.85,1
1041.7792,-182.8,-32.3,-267.8,172.91,166.63,1
1041.9172,-183.8,-37.1,-269.8,170.90,167.45,1
1042.0509,-184.9,-20.5,-268.8,179.50,168.91,1
1042.1859,-197.5,-15.6,-262.0,-178.16,169.31,1
1042.3213,-235.3,-16.6,-243.5,-178.51,168.89,1
1042.4540,-215.3,-21.5,-248.3,179.56,167.01,1
1042.5882,-196.4,-26.4,-264.9,177.78,167.19,1
1042.7227,-194.3,-30.3,-263.9,175.48,169.40,1
1042.8575,-211.1,-34.2,-251.3,173.31,172.12,1
1042.9960,-188.0,-28.3,-265.9,172.89,172.45,1
1043.1312,-180.7,-34.2,-267.8,169.70,171.74,1
1043.2648,-166.0,-35.2,-274.7,168.90,170.55,1
1043.3985,-195.4,-29.3,-265.9,175.24,169.17,1
1043.5325,-224.8,-28.3,-241.5,176.35,168.06,1
1043.6653,-243.7,-45.9,-227.8,170.85,167.50,1
1043.8003,-239.5,-45.0,-228.8,170.31,169.90,1
1043.9394,-238.4,-25.4,-231.7,174.13,173.32,1
1044.0727,-231.1,-36.2,-236.6,169.91,175.31,1
1044.2077,-209.0,-29.3,-258.1,170.45,175.73,1
1044.3422,-200.6,-34.2,-256.1,169.36,173.47,1
1044.4760,-213.2,-34.2,-250.3,170.56,171.86,1
1044.6111,-216.4,-38.1,-247.4,169.93,170.46,1
1044.7439,-215.3,-46.9,-247.4,166.71,169.94,1
1044.8776,-211.1,-44.0,-249.3,166.22,170.40,1
1045.0158,-211.1,-46.9,-247.4,165.27,171.89,1
1045.1508,-221.6,-43.0,-245.4,166.44,174.27,1
1045.2847,-214.3,-34.2,-246.4,167.96,175.81,1
1045.4192,-213.2,-29.3,-251.3,169.52,175.62,1
1045.5547,-208.0,-27.4,-252.2,170.84,174.72,1
1045.6873,-211.1,-26.4,-257.1,171.59,174.83,1
1045.8220,-208.0,-30.3,-260.0,168.85,176.75,1
1045.9604,-203.8,-26.4,-259.1,168.39,179.15,1
1046.0947,-210.1,-22.5,-257.1,169.36,-178.77,1
1046.2293,-205.9,-21.5,-256.1,169.62,-177.32,1
1046.3635,-205.9,-19.5,-263.9,169.77,-177.35,1
1046.4968,-198.5,-21.5,-263.0,169.06,-178.07,1
1046.6322,-200.6,-23.5,-263.9,168.79,179.46,1
1046.7664,-212.2,-23.5,-250.3,170.69,176.63,1
1046.8997,-218.5,-32.3,-252.2,168.89,173.29,1
1047.0366,-210.1,-45.0,-254.2,165.06,171.81,1
1047.1725,-208.0,-40.1,-252.2,166.43,172.35,1
1047.3135,-215.3,-38.1,-254.2,167.50,172.64,1
1047.4378,-205.9,-36.2,-253.2,167.84,173.32,1
1047.5711,-199.6,-33.2,-261.0,168.26,173.20,1
1047.7048,-194.3,-31.3,-262.0,169.64,172.20,1
1047.8383,-200.6,-30.3,-264.9,171.84,170.51,1
1047.9738,-206.9,-38.1,-261.0,168.70,168.07,1
1048.1074,-195.4,-52.8,-263.0,163.21,165.26,1
1048.2416,-195.4,-57.7,-263.0,161.19,165.69,1
1048.3755,-206.9,-60.6,-255.2,161.17,166.95,1
1048.5089,-220.6,-51.8,-248.3,163.50,170.08,1
1048.6420,-199.6,-54.7,-261.0,159.50,170.50,1
1048.7759,-203.8,-55.7,-263.0,160.11,168.04,1
1048.9109,-199.6,-63.5,-262.0,158.97,164.31,1
1049.0445,-191.2,-62.6,-267.8,158.25,161.69,1
1049.1777,-184.9,-78.2,-267.8,153.87,156.24,1
1049.3117,-176.5,-86.0,-271.7,152.41,153.31,1
1049.4448,-194.3,-92.9,-257.1,153.35,154.28,1
1049.5776,-180.7,-88.9,-267.8,152.89,155.45,1
1049.7109,-197.5,-94.8,-252.2,153.21,156.30,1
1049.8450,-196.4,-92.9,-258.1,154.47,157.81,1
1049.9802,-188.0,-83.1,-264.9,156.57,156.83,1
1050.1133,-182.8,-82.1,-263.0,158.11,154.18,1
1050.2472,-182.8,-77.2,-263.0,159.57,151.59,1
1050.3809,-145.0,-89.9,-271.7,147.02,150.30,1
1050.5138,-159.7,-90.9,-266.9,150.94,149.91,1
1050.6467,-176.5,-93.8,-253.2,152.81,150.36,1
1050.7801,-179.6,-86.0,-252.2,155.54,152.36,1
1050.9162,-177.5,-67.4,-251.3,161.47,154.55,1
1051.0496,-181.7,-66.5,-252.2,162.62,154.94,1
1051.1833,-183.8,-60.6,-254.2,164.12,153.19,1
1051.3165,-168.1,-69.4,-262.0,160.19,148.51,1
1051.4503,-188.0,-80.1,-248.3,158.29,146.77,1
1051.5835,-184.9,-86.0,-244.4,155.57,148.56,1
1051.7167,-195.4,-80.1,-242.5,157.31,152.20,1
1051.8502,-202.7,-88.9,-232.7,154.64,152.50,1
1051.9859,-203.8,-93.8,-232.7,153.36,156.21,1
1052.1195,-200.6,-83.1,-235.6,156.19,156.88,1
1052.2533,-189.1,-80.1,-242.5,156.56,155.19,1
1052.3922,-182.8,-86.0,-244.4,155.08,152.75,1
1052.5282,-188.0,-87.0,-238.6,156.46,151.82,1
1052.6625,-190.1,-91.9,-239.5,154.83,151.73,1
1052.7954,-182.8,-98.7,-237.6,152.28,151.94,1
1052.9326,-198.5,-101.6,-235.6,152.59,150.96,1
1053.0685,-197.5,-99.7,-225.9,152.59,152.85,1
1053.2009,-194.3,-99.7,-232.7,152.18,154.00,1
1053.3351,-196.4,-90.9,-235.6,155.41,153.91,1
1053.4696,-197.5,-93.8,-233.7,155.23,152.73,1
1053.6048,-195.4,-102.6,-234.7,152.74,150.83,1
1053.7376,-191.2,-108.5,-231.7,150.86,147.52,1
1053.8729,-196.4,-107.5,-236.6,151.29,145.83,1
1054.0099,-187.0,-112.4,-235.6,149.25,144.65,1
1054.1441,-189.1,-119.2,-229.8,149.09,143.37,1
1054.2789,-184.9,-105.6,-234.7,151.88,146.08,1
1054.4128,-189.1,-100.7,-239.5,153.78,147.00,1
1054.5459,-185.9,-97.7,-245.4,155.18,145.89,1
1054.6795,-180.7,-106.5,-244.4,152.78,143.68,1
1054.8139,-189.1,-106.5,-229.8,153.97,142.99,1
1054.9504,-189.1,-116.3,-230.8,151.08,142.49,1
1055.0845,-192.2,-117.3,-223.0,151.34,143.79,1
1055.2201,-203.8,-120.2,-216.1,151.21,144.28,1
1055.3525,-209.0,-106.5,-219.1,155.62,147.16,1
1055.4871,-201.7,-101.6,-226.9,156.62,148.65,1
1055.6211,-202.7,-95.8,-235.6,158.53,147.80,1
1055.7547,-190.1,-99.7,-236.6,156.89,143.36,1
1055.8898,-194.3,-105.6,-231.7,156.05,138.70,0
1056.0263,-183.8,-115.3,-235.6,152.38,136.19,0
1056.1581,-181.7,-113.4,-234.7,152.36,137.28,0
1056.2926,-181.7,-114.4,-236.6,150.84,138.21,1
1056.4270,-175.4,-122.2,-236.6,148.90,137.46,1
1056.5593,-180.7,-111.4,-231.7,151.98,139.81,1
1056.6935,-189.1,-103.6,-241.5,155.22,141.76,1
1056.8296,-179.6,-98.7,-245.4,155.32,141.89,1
1056.9651,-180.7,-104.6,-248.3,155.19,137.62,0
1057.0973,-178.6,-110.4,-245.4,152.91,134.94,0
1057.2311,-171.2,-114.4,-247.4,150.78,133.27,0
1057.3656,-172.3,-118.3,-246.4,149.78,133.55,0
1057.4978,-188.0,-121.2,-233.7,150.96,132.61,0
1057.6308,-192.2,-109.5,-233.7,154.43,135.69,0
1057.7642,-184.9,-109.5,-242.5,153.95,137.76,0
1057.8979,-174.4,-94.8,-247.4,156.80,138.40,0
1058.0322,-178.6,-106.5,-249.3,154.96,134.88,0
1058.1656,-178.6,-104.6,-250.3,155.71,131.66,0
1058.2977,-154.4,-116.3,-258.1,148.65,127.37,0
1058.4322,-164.9,-117.3,-253.2,150.72,127.85,0
1058.5654,-175.4,-121.2,-247.4,150.47,128.22,0
1058.6985,-176.5,-126.1,-241.5,148.65,130.05,0
1058.8309,-176.5,-118.3,-242.5,149.54,131.90,0
1058.9687,-176.5,-117.3,-247.4,150.46,131.95,0
1059.1021,-164.9,-116.3,-253.2,148.96,130.07,0
1059.2345,-158.6,-123.1,-254.2,147.07,126.67,0
1059.3676,-154.4,-120.2,-256.1,146.61,125.78,0
1059.5017,-156.5,-122.2,-255.2,146.65,125.55,0
1059.6330,-159.7,-124.1,-254.2,146.80,126.55,0
1059.7666,-161.8,-127.1,-254.2,146.32,125.81,0
1059.9019,-163.9,-124.1,-255.2,148.06,125.20,0
1060.0383,-156.5,-122.2,-254.2,146.90,127.10,0
1060.1671,-166.0,-120.2,-253.2,149.30,128.79,0
1060.3001,-164.9,-115.3,-258.1,150.54,127.75,1
1060.4346,-163.9,-116.3,-254.2,150.85,125.76,0
1060.5677,-154.4,-124.1,-254.2,146.66,124.90,0
1060.7009,-161.8,-125.1,-255.2,147.52,127.33,0
1060.8343,-172.3,-116.3,-253.2,150.27,132.67,0
1060.9693,-193.3,-115.3,-240.5,153.37,134.13,0
1061.1024,-200.6,-113.4,-236.6,155.11,136.28,0
1061.2359,-199.6,-116.3,-239.5,154.81,134.08,0
1061.3672,-181.7,-119.2,-248.3,152.69,129.30,0
1061.5008,-156.5,-120.2,-256.1,149.41,123.67,0
1061.6364,-147.1,-125.1,-261.0,148.42,118.67,0
1061.7669,-132.4,-130.0,-264.9,145.16,115.16,0
1061.8989,-138.7,-132.9,-265.9,146.44,113.00,0
1062.0353,-140.8,-138.8,-254.2,145.01,111.71,0
1062.1698,-152.3,-142.7,-250.3,146.44,109.58,0
1062.3016,-154.4,-138.8,-248.3,148.71,107.19,0
1062.4358,-133.4,-137.8,-262.0,146.69,103.69,0
1062.5653,-128.2,-129.0,-261.0,149.83,100.44,0
1062.7000,-132.4,-122.2,-268.8,153.10,96.31,0
1062.8324,-120.8,-131.9,-269.8,148.32,91.11,0
1062.9689,-115.5,-134.9,-271.7,146.51,87.06,0
1063.1026,-101.9,-136.8,-272.7,142.88,85.24,0
1063.2360,-96.6,-140.7,-273.7,140.35,84.86,0
1063.3692,-95.6,-145.6,-266.9,139.05,84.30,0
1063.5027,-94.5,-138.8,-268.8,140.24,85.54,0
1063.6342,-81.9,-140.7,-276.6,137.89,84.61,0
1063.7686,-71.4,-136.8,-281.5,137.57,90.62,1
1063.9070,-77.7,-129.0,-283.5,143.89,86.83,0
1064.0383,-69.3,-129.0,-281.5,141.71,85.60,0
1064.1707,-51.5,-137.8,-282.5,133.08,84.49,0
1064.3054,-49.4,-136.8,-282.5,131.29,86.70,0
1064.4381,-51.5,-139.8,-279.6,129.69,87.49,0
1064.5701,-50.4,-134.9,-283.5,130.77,89.64,0
1064.7036,-48.3,-135.9,-279.6,129.00,90.31,0
1064.8387,-38.9,-125.1,-289.3,130.70,89.18,0
1064.9735,-42.0,-120.2,-289.3,133.99,84.17,0
1065.1066,-37.8,-125.1,-289.3,131.69,82.12,0
1065.2407,-24.2,-129.0,-289.3,124.08,78.93,0
1065.3740,-29.4,-131.0,-285.4,125.24,79.12,0
1065.5086,-41.0,-130.0,-286.4,132.84,78.39,0
1065.6394,-49.4,-130.0,-285.4,134.39,78.77,0
1065.7714,-39.9,-131.0,-287.4,131.24,79.58,0
1065.9093,-53.6,-119.2,-285.4,140.84,79.15,0
1066.0431,-66.2,-107.5,-287.4,150.00,78.10,0
1066.1751,-50.4,-110.4,-287.4,142.99,75.52,0
1066.3087,-43.1,-115.3,-290.3,139.35,72.07,0
1066.4433,-38.9,-117.3,-286.4,135.62,70.09,0
1066.5738,-41.0,-122.2,-286.4,134.71,68.63,0
1066.7057,-48.3,-116.3,-288.3,140.31,68.44,0
1066.8396,-30.5,-117.3,-285.4,135.18,70.20,0
1066.9771,-37.8,-105.6,-292.2,143.14,69.26,0
1067.1089,-45.2,-93.8,-301.0,151.27,67.69,0
1067.2429,-36.8,-89.9,-297.1,150.41,91.95,1
1067.3772,-31.5,-92.9,-297.1,158.15,88.74,0
1067.5097,-29.4,-101.6,-292.2,151.72,87.95,0
1067.6484,-36.8,-109.5,-290.3,149.89,90.62,0
1067.7786,-50.4,-116.3,-285.4,151.99,93.22,0
1067.9134,-32.6,-113.4,-289.3,147.19,95.27,0
1068.0470,-36.8,-110.4,-291.3,152.67,96.85,0
1068.1806,-30.5,-102.6,-292.2,155.96,95.66,0
1068.3138,-23.1,-98.7,-290.3,154.77,92.71,0
1068.4458,-24.2,-101.6,-292.2,151.39,89.08,0
1068.5787,-21.0,-106.5,-291.3,146.26,87.79,0
1068.7118,-23.1,-109.5,-286.4,144.99,89.67,0
1068.8445,-21.0,-120.2,-287.4,141.43,93.39,0
1068.9799,-8.4,-112.4,-291.3,133.86,96.68,0
1069.1151,3.2,-109.5,-289.3,125.15,97.62,0
1069.2472,3.2,-104.6,-291.3,132.46,97.58,0
1069.3804,2.1,-107.5,-290.3,136.23,94.54,0
1069.5140,-2.1,-108.5,-289.3,134.70,95.45,0
1069.6465,12.6,-119.2,-289.3,120.12,93.40,0
1069.7796,3.2,-114.4,-285.4,128.86,93.54,0
1069.9159,7.4,-121.2,-288.3,123.91,93.29,0
1070.0484,2.1,-121.2,-288.3,128.76,95.21,0
1070.1885,5.3,-118.3,-291.3,129.25,98.58,0
1070.3204,-3.2,-114.4,-288.3,134.40,98.39,0
1070.4537,1.1,-124.1,-286.4,128.20,95.98,0
1070.5860,2.1,-134.9,-280.5,119.03,109.78,1
1070.7218,6.3,-145.6,-275.7,111.61,109.52,1
1070.8564,8.4,-144.7,-274.7,112.97,111.02,1
1070.9920,-6.3,-141.7,-274.7,123.74,114.58,1
1071.1268,-5.3,-140.7,-280.5,125.51,117.02,1
1071.2624,-4.2,-136.8,-280.5,126.72,119.11,1
1071.3953,-1.1,-128.0,-286.4,132.44,120.10,1
1071.5299,-8.4,-123.1,-284.4,144.96,115.05,0
1071.6629,-14.7,-118.3,-291.3,152.39,114.14,0
1071.7962,-3.2,-124.1,-287.4,141.64,111.66,0
1071.9323,11.6,-129.0,-286.4,129.69,111.65,0
1072.0658,15.8,-129.0,-283.5,125.30,111.87,1
1072.1991,14.7,-123.1,-286.4,125.98,116.03,1
1072.3328,14.7,-123.1,-287.4,125.66,119.17,1
1072.4668,21.0,-108.5,-291.3,137.26,117.44,0
1072.6024,16.8,-103.6,-291.3,149.78,115.19,0
1072.7347,10.5,-114.4,-291.3,143.32,115.83,0
1072.8700,7.4,-121.2,-294.2,141.11,116.58,0
1073.0057,-2.1,-125.1,-288.3,131.06,110.35,0
1073.1392,-14.7,-129.0,-285.4,135.21,112.04,0
1073.2734,-18.9,-130.0,-291.3,134.33,116.16,0
1073.4062,-10.5,-129.0,-285.4,128.32,118.34,1
1073.5404,-11.6,-115.3,-287.4,138.94,118.07,0
1073.6739,-1.1,-109.5,-296.1,141.52,113.31,0
1073.8059,-4.2,-110.4,-294.2,141.87,111.01,0
1073.9417,6.3,-116.3,-288.3,131.42,107.61,0
1074.0751,-1.1,-117.3,-294.2,136.47,108.60,0
1074.2068,-15.8,-118.3,-290.3,141.77,108.10,0
1074.3402,-2.1,-114.4,-293.2,135.07,110.76,0
1074.4747,6.3,-119.2,-291.3,128.43,112.56,0
1074.6073,-5.3,-114.4,-292.2,140.45,115.39,0
1074.7394,-10.5,-106.5,-297.1,154.19,114.14,0
1074.8733,-7.4,-106.5,-295.2,146.72,114.19,0
1075.0106,-2.1,-115.3,-291.3,133.03,113.41,0
1075.1428,-11.6,-118.3,-287.4,135.79,117.60,0
1075.2768,-43.1,-124.1,-289.3,145.54,119.79,0
1075.4101,-25.2,-124.1,-293.2,134.94,121.38,1
1075.5439,-13.7,-123.1,-288.3,125.03,122.63,1
1075.6780,-22.1,-114.4,-288.3,138.06,124.66,1
1075.8123,-24.2,-115.3,-295.2,146.86,120.97,0
1075.9470,-16.8,-108.5,-293.2,147.83,118.25,0
1076.0803,-3.2,-116.3,-296.1,133.79,114.36,0
1076.2137,-9.5,-114.4,-294.2,142.75,116.02,0
1076.3452,-21.0,-110.4,-295.2,151.83,115.76,0
1076.4787,-21.0,-117.3,-294.2,140.06,115.45,0
1076.6132,-1.1,-117.3,-296.1,118.67,115.92,1
1076.7472,-13.7,-106.5,-293.2,146.97,117.11,0
1076.8795,-16.8,-96.8,-303.9,167.26,114.85,0
1077.0146,-9.5,-109.5,-296.1,141.11,112.35,0
1077.1495,-14.7,-107.5,-299.1,151.29,111.86,0
1077.2817,-26.3,-111.4,-293.2,150.32,114.46,0
1077.4150,-24.2,-111.4,-289.3,146.63,115.54,0
1077.5489,-12.6,-117.3,-293.2,135.78,113.72,0
1077.6815,-18.9,-110.4,-298.1,146.91,112.33,0
1077.8151,-15.8,-100.7,-302.0,157.62,112.80,0
1077.9514,-13.7,-96.8,-302.0,163.47,112.96,0
1078.0846,-21.0,-98.7,-302.0,160.14,111.66,0
1078.2179,-18.9,-112.4,-295.2,142.34,111.79,0
1078.3511,-17.9,-115.3,-297.1,138.91,111.52,0
1078.4845,-11.6,-117.3,-295.2,126.15,113.21,1
1078.6174,0.0,-122.2,-291.3,112.13,112.89,1
1078.7510,-1.1,-114.4,-294.2,112.91,112.22,1
1078.8856,2.1,-116.3,-295.2,109.05,112.24,1
1079.0227,10.5,-102.6,-295.2,109.23,106.95,1
1079.1573,5.3,-97.7,-295.2,118.78,106.99,1
1079.2943,12.6,-97.7,-300.0,108.84,106.47,1
1079.4269,9.5,-93.8,-302.0,127.28,103.30,0
1079.5598,6.3,-94.8,-301.0,126.78,102.28,0
1079.6971,12.6,-101.6,-303.0,112.69,101.16,1
1079.8306,14.7,-105.6,-296.1,100.58,103.23,1
1079.9677,-8.4,-105.6,-297.1,133.76,105.02,0
1080.1013,-20.0,-106.5,-295.2,139.95,107.54,0
1080.2340,-7.4,-103.6,-295.2,130.88,107.10,0
1080.3668,-6.3,-99.7,-300.0,133.31,107.10,0
1080.4998,0.0,-92.9,-303.0,132.62,104.94,0
1080.6312,-4.2,-96.8,-303.0,139.21,103.08,0
1080.7648,-1.1,-113.4,-295.2,119.46,102.72,0
1080.8996,5.3,-120.2,-294.2,107.44,102.98,1
1081.0345,-5.3,-124.1,-292.2,114.61,106.31,1
1081.1689,-28.4,-131.0,-285.4,127.04,109.66,0
1081.3027,-17.9,-124.1,-290.3,120.48,112.91,1
1081.4388,-20.0,-116.3,-292.2,122.51,115.32,1
1081.5714,-8.4,-111.4,-291.3,109.68,115.64,1
1081.7056,-14.7,-104.6,-296.1,130.36,113.64,0
1081.8394,-21.0,-116.3,-293.2,125.36,113.61,1
1081.9762,-8.4,-115.3,-293.2,119.67,110.40,1
1082.1089,-8.4,-119.2,-291.3,117.65,111.81,1
1082.2435,-17.9,-125.1,-289.3,116.43,114.01,1
1082.3761,-12.6,-125.1,-289.3,112.54,115.58,1
1082.5108,-7.4,-119.2,-292.2,104.95,115.94,1
1082.6447,-9.5,-109.5,-297.1,116.65,115.11,1
1082.7775,-9.5,-104.6,-296.1,130.41,111.92,0
1082.9113,-6.3,-100.7,-297.1,132.32,110.14,0
1083.0482,-4.2,-106.5,-295.2,124.80,108.83,0
1083.1796,-3.2,-107.5,-295.2,118.32,111.71,1
1083.3139,-15.8,-114.4,-294.2,122.44,114.06,1
1083.4481,-14.7,-126.1,-294.2,112.68,116.09,1
1083.5832,4.2,-118.3,-295.2,87.66,116.05,0
1083.7148,11.6,-109.5,-294.2,79.58,116.06,0
1083.8483,8.4,-106.5,-297.1,84.16,115.40,0
1083.9851,16.8,-108.5,-294.2,79.84,112.55,0
1084.1182,14.7,-110.4,-293.2,78.32,112.95,0
1084.2515,27.3,-115.3,-291.3,69.69,112.15,0
1084.3845,29.4,-118.3,-287.4,65.48,113.86,0
1084.5177,13.7,-115.3,-292.2,82.07,114.01,0
1084.6507,26.3,-119.2,-290.3,66.72,115.03,0
1084.7837,32.6,-117.3,-293.2,58.39,115.64,0
1084.9213,25.2,-113.4,-298.1,65.63,115.66,0
1085.0535,29.4,-106.5,-300.0,60.36,113.53,0
1085.1882,34.7,-108.5,-299.1,68.99,108.41,0
1085.3213,38.9,-111.4,-295.2,67.16,108.08,0
1085.4529,41.0,-120.2,-299.1,71.15,108.02,0
1085.5863,29.4,-120.2,-298.1,79.16,111.34,0
1085.7217,12.6,-126.1,-308.8,91.07,112.10,0
1085.8542,16.8,-127.1,-308.8,83.87,113.82,0
1085.9907,5.3,-121.2,-306.9,94.84,113.32,0
1086.1243,-1.1,-109.5,-314.7,102.87,111.21,1
1086.2580,3.2,-102.6,-317.6,109.89,105.86,1
1086.3923,-8.4,-92.9,-311.8,130.07,103.98,0
1086.5258,12.6,-99.7,-299.1,98.53,101.42,1
1086.6598,10.5,-102.6,-297.1,97.57,104.22,1
1086.7938,1.1,-102.6,-296.1,111.27,106.54,1
1086.9314,-11.6,-102.6,-296.1,113.74,108.71,1
1087.0671,16.8,-114.4,-289.3,82.55,108.62,0
1087.1996,11.6,-102.6,-293.2,91.00,108.91,0
1087.3343,5.3,-102.6,-295.2,100.27,106.79,1
1087.4683,-5.3,-106.5,-292.2,113.27,105.85,1
1087.6012,-7.4,-119.2,-289.3,105.88,107.78,1
1087.7361,2.1,-120.2,-289.3,93.59,112.15,0
1087.8712,3.2,-121.2,-284.4,91.17,114.85,0
1088.0063,4.2,-118.3,-287.4,93.85,113.53,0
1088.1404,-6.3,-115.3,-289.3,103.75,113.31,1
1088.2754,-11.6,-111.4,-290.3,104.74,115.61,1
1088.4090,1.1,-106.5,-295.2,93.01,115.34,0
1088.5424,6.3,-114.4,-291.3,90.08,114.77,0
1088.6758,-2.1,-120.2,-292.2,93.71,113.35,0
1088.8091,15.8,-123.1,-288.3,84.19,110.24,0
1088.9451,7.4,-125.1,-286.4,92.43,109.04,0
1089.0788,6.3,-127.1,-293.2,96.51,107.52,1
1089.2136,-2.1,-116.3,-294.2,104.54,108.43,1
1089.3465,-3.2,-113.4,-297.1,102.97,111.12,1
1089.4802,-3.2,-103.6,-302.0,106.88,112.81,1
1089.6147,-4.2,-106.5,-298.1,106.34,110.95,1
1089.7472,3.2,-113.4,-297.1,96.14,111.85,0
1089.8805,22.1,-118.3,-292.2,82.57,108.91,0
1090.0181,23.1,-123.1,-294.2,82.89,110.39,0
1090.1499,1.1,-123.1,-294.2,97.49,111.88,1
1090.2853,-4.2,-117.3,-296.1,100.64,113.81,1
1090.4193,-6.3,-110.4,-294.2,98.46,116.04,0
1090.5520,11.6,-107.5,-300.0,79.70,115.95,0
1090.6852,10.5,-111.4,-294.2,82.53,114.73,0
1090.8187,11.6,-117.3,-293.2,86.79,113.92,0
1090.9545,12.6,-117.3,-292.2,87.58,111.80,0
1091.0878,9.5,-119.2,-298.1,90.74,110.92,0
1091.2213,7.4,-116.3,-294.2,93.19,110.60,0
1091.3528,11.6,-121.2,-294.2,92.30,110.58,0
1091.4869,12.6,-111.4,-295.2,88.56,112.05,0
1091.6214,9.5,-105.6,-295.2,91.02,112.57,0
1091.7545,17.9,-99.7,-298.1,83.53,112.68,0
1091.8868,-6.3,-103.6,-300.0,112.85,111.52,1
1092.0238,-14.7,-108.5,-301.0,118.57,111.51,1
1092.1593,-10.5,-101.6,-301.0,115.51,110.82,1
1092.2922,1.1,-106.5,-298.1,105.55,111.71,1
1092.4270,-11.6,-119.2,-293.2,112.35,113.14,1
1092.5611,-2.1,-110.4,-292.2,104.52,115.92,1
1092.6949,-1.1,-106.5,-295.2,102.72,116.64,1
1092.8297,-7.4,-98.7,-303.0,115.05,115.51,1
1092.9679,-10.5,-100.7,-301.0,122.04,111.95,1
1093.1012,-17.9,-105.6,-300.0,120.60,111.51,1
1093.2375,14.7,-113.4,-294.2,97.56,109.10,1
1093.3716,13.7,-106.5,-296.1,95.61,110.01,1
1093.5048,22.1,-104.6,-298.1,89.07,108.98,0
1093.6380,11.6,-102.6,-299.1,97.26,110.69,1
1093.7732,18.9,-100.7,-294.2,86.08,112.15,0
1093.9087,34.7,-103.6,-299.1,71.76,112.28,0
1094.0429,34.7,-100.7,-300.0,73.01,111.15,0
1094.1763,16.8,-89.9,-303.9,95.95,109.23,1
1094.3100,26.3,-97.7,-296.1,83.70,107.38,0
1094.4431,33.6,-93.8,-300.0,78.26,106.69,0
1094.5765,23.1,-94.8,-303.0,91.01,107.28,0
1094.7098,13.7,-105.6,-299.1,100.39,109.27,1
1094.8441,1.1,-96.8,-297.1,106.86,114.11,1
1094.9825,13.7,-93.8,-297.1,91.50,116.04,0
1095.1157,14.7,-88.9,-297.1,90.47,116.06,0
1095.2481,15.8,-79.2,-300.0,93.00,113.73,0
1095.3826,-3.2,-78.2,-299.1,116.02,111.85,1
1095.5165,12.6,-78.2,-299.1,100.70,109.10,1
1095.6488,9.5,-76.2,-298.1,101.54,109.71,1
1095.7835,8.4,-86.0,-300.0,101.12,109.76,1
1095.9224,3.2,-94.8,-296.1,104.45,112.30,1
1096.0544,-4.2,-88.9,-297.1,111.95,114.83,1
1096.1882,-6.3,-89.9,-299.1,112.90,116.57,1
1096.3227,0.0,-90.9,-300.0,105.57,114.96,1
1096.4578,3.2,-94.8,-298.1,106.66,112.72,1
1096.5905,9.5,-100.7,-299.1,97.27,110.50,1
1096.7254,24.2,-101.6,-301.0,84.53,109.47,0
1096.8591,18.9,-110.4,-293.2,87.42,111.25,0
1096.9955,23.1,-118.3,-290.3,86.63,112.89,0
1097.1292,13.7,-120.2,-295.2,93.34,114.75,0
1097.2631,9.5,-112.4,-291.3,95.90,115.70,0
1097.3948,4.2,-109.5,-298.1,101.81,115.22,1
1097.5285,9.5,-101.6,-301.0,102.79,111.42,1
1097.6625,-3.2,-97.7,-302.0,111.61,109.77,1
1097.7955,7.4,-105.6,-298.1,104.60,108.17,1
1097.9339,7.4,-107.5,-298.1,103.60,109.64,1
1098.0557,7.4,-112.4,-295.2,101.30,108.93,1
1098.1876,0.0,-116.3,-295.2,103.68,110.77,1
1098.3210,6.3,-117.3,-291.3,99.71,112.46,1
1098.4556,4.2,-102.6,-298.1,103.90,112.62,1
1098.5909,1.1,-95.8,-303.0,109.93,108.94,1
1098.7237,5.3,-91.9,-304.9,107.45,105.20,1
1098.8592,26.3,-101.6,-298.1,85.63,103.13,0
1098.9945,23.1,-103.6,-298.1,88.69,105.83,0
1099.1276,1.1,-104.6,-298.1,103.67,108.12,1
1099.2623,10.5,-111.4,-298.1,95.08,110.22,0
1099.3953,6.3,-108.5,-303.0,99.02,111.48,1
1099.5282,-11.6,-105.6,-302.0,111.60,114.33,1
1099.6636,-15.8,-99.7,-300.0,117.89,114.29,1
1099.7989,-11.6,-100.7,-298.1,118.30,110.51,1
1099.9334,-12.6,-102.6,-299.1,115.17,109.40,1
1100.0681,-1.1,-113.4,-300.0,105.61,108.25,1
1100.2036,-15.8,-114.4,-294.2,114.00,110.87,1
1100.3365,-26.3,-117.3,-289.3,119.96,111.76,1
1100.4711,-15.8,-112.4,-296.1,115.18,113.27,1
1100.6051,-18.9,-104.6,-294.2,122.34,114.38,1
1100.7387,-22.1,-92.9,-298.1,128.62,114.79,1
1100.8740,-8.4,-95.8,-305.9,119.57,109.42,1
1101.0108,9.5,-108.5,-296.1,100.59,109.94,1
1101.1447,10.5,-111.4,-298.1,100.59,110.14,1
1101.2809,6.3,-110.4,-298.1,104.94,111.17,1
1101.4150,-18.9,-111.4,-298.1,121.06,110.60,1
1101.5477,-9.5,-102.6,-299.1,115.05,113.22,1
1101.6820,-13.7,-102.6,-298.1,119.34,113.87,1
1101.8184,-14.7,-85.0,-301.0,130.23,115.01,0
1101.9516,-18.9,-84.1,-306.9,135.65,110.79,0
1102.0852,-22.1,-86.0,-303.0,134.37,107.00,0
1102.2190,7.4,-91.9,-301.0,108.38,103.88,1
1102.3528,1.1,-102.6,-301.0,110.66,105.90,1
1102.4870,-10.5,-104.6,-297.1,116.84,109.10,1
1102.6211,-24.2,-102.6,-300.0,125.07,111.40,1
1102.7540,-5.3,-104.6,-299.1,111.23,114.64,1
1102.8895,-14.7,-96.8,-302.0,121.17,118.03,1
1103.0258,-21.0,-88.0,-305.9,131.70,116.97,1
1103.1588,-31.5,-98.7,-302.0,132.69,111.24,0
1103.2928,-28.4,-97.7,-304.9,129.69,107.03,0
1103.4272,-10.5,-94.8,-306.9,120.86,107.74,1
1103.5613,-12.6,-104.6,-300.0,118.46,110.98,1
1103.6968,-32.6,-114.4,-295.2,125.23,115.49,1
1103.8314,-22.1,-114.4,-298.1,121.02,118.25,1
1103.9705,-20.0,-105.6,-295.2,123.50,117.53,1
1104.1025,-21.0,-95.8,-297.1,129.26,116.20,1
1104.2376,-38.9,-90.9,-300.0,138.02,112.96,0
1104.3708,-46.2,-95.8,-301.0,138.20,112.37,0
1104.5035,-23.1,-103.6,-301.0,126.66,110.09,0
1104.6367,-24.2,-102.6,-299.1,128.38,110.43,0
1104.7704,-39.9,-106.5,-298.1,129.66,110.26,0
1104.9028,-29.4,-106.5,-298.1,125.07,114.86,1
1105.0405,-25.2,-108.5,-299.1,122.08,117.46,1
1105.1752,-26.3,-93.8,-307.9,130.78,116.97,1
1105.3078,-26.3,-88.9,-304.9,131.75,111.87,0
1105.4411,-18.9,-91.9,-303.0,125.94,109.29,0
1105.5754,-7.4,-103.6,-299.1,115.76,106.46,1
1105.7077,-9.5,-101.6,-301.0,117.25,109.65,1
1105.8430,-37.8,-105.6,-295.2,131.07,111.28,0
1105.9805,-49.4,-97.7,-299.1,136.01,113.20,0
1106.1145,-31.5,-101.6,-300.0,128.60,112.99,0
1106.2479,-25.2,-87.0,-302.0,131.28,112.31,0
1106.3809,-22.1,-82.1,-309.8,133.44,109.33,0
1106.5127,-22.1,-75.3,-305.9,134.72,107.15,0
1106.6470,-15.8,-88.0,-304.9,124.93,105.53,0
1106.7802,-18.9,-88.0,-302.0,127.70,107.33,0
1106.9168,-34.7,-94.8,-302.0,131.07,109.07,0
1107.0493,-36.8,-104.6,-296.1,127.60,111.77,0
1107.1823,-29.4,-102.6,-302.0,124.61,114.60,1
1107.3169,-34.7,-95.8,-303.0,130.77,117.11,1
1107.4500,-30.5,-92.9,-301.0,129.53,116.34,1
1107.5842,-31.5,-90.9,-305.9,131.97,110.85,0
1107.7184,-8.4,-91.9,-302.0,117.83,107.42,1
1107.8519,-9.5,-96.8,-301.0,117.88,106.73,1
1107.9906,-18.9,-99.7,-301.0,121.33,108.93,1
1108.1224,-17.9,-98.7,-304.9,122.73,110.31,1
1108.2563,-2.1,-98.7,-305.9,114.04,111.59,1
1108.3906,4.2,-99.7,-299.1,109.78,113.05,1
1108.5250,16.8,-83.1,-304.9,105.14,112.00,1
1108.6574,21.0,-82.1,-308.8,104.60,107.80,1
1108.7916,29.4,-84.1,-306.9,98.21,104.29,1
1108.9284,43.1,-90.9,-297.1,88.43,101.14,1
1109.0603,29.4,-90.9,-300.0,97.78,104.22,1
1109.1939,6.3,-88.9,-303.9,109.54,107.44,1
1109.3277,4.2,-90.9,-303.0,112.32,110.74,1
1109.4620,20.0,-89.9,-303.9,100.79,113.15,1
1109.5947,17.9,-85.0,-304.9,100.91,115.18,1
1109.7294,13.7,-79.2,-307.9,105.84,112.43,1
1109.8653,8.4,-84.1,-303.9,107.89,111.35,1
1110.0009,30.5,-98.7,-302.0,92.16,108.90,0
1110.1344,33.6,-99.7,-298.1,91.05,109.92,0
1110.2684,18.9,-99.7,-300.0,97.16,109.81,1
1110.4026,34.7,-97.7,-304.9,88.89,111.39,0
1110.5357,27.3,-105.6,-295.2,90.65,114.27,0
1110.6688,10.5,-96.8,-299.1,102.81,116.93,1
1110.8025,0.0,-86.0,-304.9,113.17,116.49,1
1110.9412,-6.3,-88.0,-303.9,115.58,115.42,1
1111.0757,-5.3,-100.7,-302.0,111.78,116.21,1
1111.2092,-12.6,-101.6,-298.1,116.29,118.10,1
1111.3436,-17.9,-103.6,-300.0,118.00,119.56,1
1111.4789,-22.1,-105.6,-301.0,118.95,120.04,1
1111.6117,-18.9,-102.6,-304.9,116.67,121.19,1
1111.7465,18.9,-108.5,-296.1,92.82,119.39,0
1111.8808,54.6,-104.6,-295.2,72.05,116.55,0
1112.0162,54.6,-93.8,-300.0,75.11,112.80,0
1112.1499,33.6,-94.8,-301.0,90.42,110.73,0
1112.2837,30.5,-109.5,-299.1,91.29,110.78,0
1112.4152,13.7,-107.5,-297.1,101.84,112.39,1
1112.5508,-11.6,-116.3,-297.1,111.63,114.78,1
1112.6849,-3.2,-122.2,-298.1,107.83,116.93,1
1112.8182,3.2,-111.4,-299.1,104.50,117.39,1
1112.9556,24.2,-108.5,-298.1,95.49,116.43,0
1113.0911,21.0,-97.7,-303.0,98.64,114.38,0
1113.2229,13.7,-93.8,-303.0,105.16,110.72,1
1113.3572,10.5,-103.6,-299.1,105.05,111.22,1
1113.4918,15.8,-99.7,-300.0,101.80,111.60,1
1113.6273,15.8,-108.5,-302.0,101.09,113.31,1
1113.7602,7.4,-115.3,-298.1,104.32,115.09,1
1113.8955,6.3,-114.4,-298.1,103.32,116.47,1
1114.0338,29.4,-109.5,-294.2,92.65,117.04,0
1114.1671,14.7,-102.6,-297.1,100.81,115.51,1
1114.3016,4.2,-96.8,-301.0,108.51,113.44,1
1114.4357,10.5,-101.6,-302.0,102.66,112.03,1
1114.5687,22.1,-107.5,-301.0,96.20,111.58,0
1114.7016,14.7,-108.5,-294.2,98.19,113.91,0
1114.8357,11.6,-112.4,-297.1,101.18,117.14,0
1114.9711,-6.3,-115.3,-298.1,109.00,118.03,1
1115.1039,-4.2,-112.4,-296.1,109.04,117.71,1
1115.2396,-1.1,-107.5,-300.0,110.45,117.70,1
1115.3723,1.1,-101.6,-300.0,108.31,116.03,1
1115.5070,7.4,-97.7,-302.0,105.90,114.20,1
1115.6415,8.4,-106.5,-298.1,102.57,112.96,1
1115.7768,14.7,-110.4,-297.1,97.82,110.45,1
1115.9123,22.1,-110.4,-296.1,95.08,110.99,0
1116.0461,6.3,-109.5,-297.1,103.66,112.96,1
1116.1791,5.3,-111.4,-297.1,105.56,114.02,1
1116.3130,11.6,-106.5,-296.1,101.21,112.72,1
1116.4470,20.0,-104.6,-300.0,97.87,111.94,1
1116.5796,27.3,-91.9,-298.1,94.85,111.25,0
1116.7131,28.4,-99.7,-299.1,96.26,107.60,1
1116.8498,21.0,-111.4,-292.2,98.51,106.15,1
1116.9854,15.8,-119.2,-295.2,101.13,104.53,1
1117.1198,3.2,-117.3,-296.1,108.29,108.45,1
1117.2547,-20.0,-120.2,-293.2,116.42,111.36,1
1117.3883,-6.3,-113.4,-295.2,111.15,113.01,1
1117.5226,9.5,-116.3,-294.2,103.14,112.49,1
1117.6565,14.7,-102.6,-298.1,101.71,111.98,1
1117.7894,28.4,-105.6,-298.1,94.88,107.82,1
1117.9283,24.2,-114.4,-296.1,94.72,105.56,1
1118.0628,38.9,-115.3,-294.2,87.33,104.26,0
1118.1950,44.1,-119.2,-290.3,84.98,106.06,0
1118.3285,32.6,-122.2,-291.3,89.83,106.28,0
1118.4628,42.0,-121.2,-291.3,86.58,106.91,0
1118.5943,24.2,-115.3,-293.2,95.89,108.30,1
1118.7298,13.7,-113.4,-299.1,101.84,109.52,1
1118.8652,15.8,-103.6,-301.0,102.22,107.67,1
1119.0008,15.8,-99.7,-303.9,101.25,104.00,1
1119.1346,11.6,-104.6,-301.0,102.71,100.89,1
1119.2695,21.0,-108.5,-301.0,97.14,100.17,1
1119.4037,25.2,-112.4,-298.1,94.17,103.25,1
1119.5374,11.6,-114.4,-297.1,101.29,106.65,1
1119.6715,-3.2,-117.3,-300.0,107.04,109.85,1
1119.8062,4.2,-109.5,-299.1,105.09,113.76,1
1119.9422,-4.2,-100.7,-301.0,110.67,115.00,1
1120.0768,-8.4,-100.7,-301.0,112.68,114.44,1
1120.2112,-1.1,-98.7,-302.0,110.81,110.47,1
1120.3439,3.2,-103.6,-303.0,107.41,108.38,1
1120.4785,6.3,-102.6,-302.0,105.48,106.83,1
1120.6138,-14.7,-105.6,-300.0,114.84,109.48,1
1120.7465,-34.7,-110.4,-294.2,121.26,111.84,1
1120.8818,-25.2,-105.6,-297.1,119.82,113.76,1
1121.0192,-18.9,-100.7,-298.1,118.96,112.72,1
1121.1531,-12.6,-95.8,-301.0,116.78,111.81,1
1121.2873,-4.2,-90.9,-304.9,113.21,106.97,1
1121.4216,-2.1,-88.0,-303.9,110.79,103.58,1
1121.5545,10.5,-99.7,-299.1,102.50,100.01,1
1121.6882,4.2,-102.6,-302.0,104.29,103.26,1
1121.8227,-9.5,-103.6,-300.0,112.58,103.92,1
1121.9584,-15.8,-103.6,-297.1,113.61,107.04,1
1122.0930,0.0,-104.6,-299.1,106.25,109.05,1
1122.2290,0.0,-87.0,-303.9,109.38,108.63,1
1122.3615,3.2,-87.0,-302.0,107.11,106.89,1
1122.4962,-1.1,-84.1,-305.9,113.68,103.65,1
1122.6305,-11.6,-91.9,-303.9,115.30,102.01,1
1122.7658,-7.4,-94.8,-304.9,113.05,101.27,1
1122.8991,-16.8,-99.7,-303.0,115.72,105.84,1
1123.0367,-30.5,-109.5,-300.0,119.88,109.78,1
1123.1712,-39.9,-102.6,-299.1,125.79,114.76,1
1123.3064,-44.1,-100.7,-296.1,129.37,118.63,1
1123.4407,-44.1,-93.8,-299.1,132.50,120.30,1
1123.5747,-47.3,-94.8,-300.0,132.05,116.14,0
1123.7097,-48.3,-98.7,-297.1,129.57,111.83,0
1123.8439,-23.1,-118.3,-297.1,114.35,110.31,1
1123.9808,-16.8,-123.1,-294.2,110.51,112.06,1
1124.1140,-14.7,-132.9,-289.3,107.16,112.77,1
1124.2494,-18.9,-132.9,-287.4,107.97,114.43,1
1124.3848,-25.2,-131.9,-291.3,110.30,117.05,1
1124.5176,-21.0,-115.3,-296.1,111.02,116.28,1
1124.6518,-18.9,-102.6,-299.1,113.08,111.92,1
1124.7864,-16.8,-108.5,-300.0,112.02,108.37,1
1124.9222,-21.0,-107.5,-297.1,112.29,103.64,1
1125.0570,-8.4,-108.5,-298.1,105.53,100.78,1
1125.1916,-8.4,-112.4,-297.1,105.66,101.04,1
1125.3246,-24.2,-117.3,-296.1,113.10,105.08,1
1125.4599,-21.0,-113.4,-300.0,113.45,110.57,1
1125.5941,-22.1,-105.6,-303.9,115.62,111.91,1
1125.7267,-9.5,-97.7,-303.9,112.36,110.79,1
1125.8617,-17.9,-89.9,-303.0,117.43,105.26,1
1126.0001,-29.4,-91.9,-303.0,123.26,104.80,0
1126.1318,-26.3,-105.6,-298.1,116.87,110.20,1
1126.2669,-44.1,-122.2,-292.2,120.10,120.67,1
1126.4012,-88.2,-129.0,-280.5,130.82,130.13,1
1126.5349,-96.6,-132.9,-277.6,132.21,140.08,1
1126.6690,-118.7,-128.0,-281.5,138.30,152.78,1
1126.8034,-126.0,-104.6,-280.5,146.69,163.42,0
1126.9380,-141.8,-94.8,-278.6,152.41,170.68,0
1127.0712,-153.4,-82.1,-278.6,158.38,175.38,0
1127.2048,-177.5,-77.2,-270.8,162.66,-179.79,0
1127.3363,-172.3,-72.3,-266.9,162.01,-174.47,0
1127.4699,-175.4,-73.3,-271.7,161.85,-166.83,0
1127.6045,-192.2,-58.6,-265.9,166.66,-158.69,0
1127.7376,-194.3,-62.6,-260.0,164.75,-152.34,0
1127.8699,-212.2,-40.1,-260.0,171.90,-144.49,0
1128.0066,-214.3,-22.5,-256.1,177.54,-137.97,0
1128.1411,-209.0,-9.8,-263.9,-178.04,-134.79,0
1128.2732,-220.6,-5.9,-258.1,-177.50,-137.98,0
1128.4064,-233.2,-32.3,-237.6,175.28,-143.83,0
1128.5400,-219.5,-51.8,-244.4,168.70,-149.97,0
1128.6726,-201.7,-64.5,-259.1,163.55,-149.83,0
1128.8062,-218.5,-60.6,-251.3,165.23,-149.97,0
1128.9422,-213.2,-66.5,-246.4,163.85,-149.78,0
1129.0742,-215.3,-49.8,-247.4,168.33,-149.09,0
1129.2089,-200.6,-46.9,-261.0,168.83,-152.23,0
1129.3422,-198.5,-55.7,-263.0,167.43,-155.22,0
1129.4756,-198.5,-61.6,-253.2,165.42,-161.14,0
1129.6074,-209.0,-68.4,-251.3,163.45,-164.90,0
1129.7421,-199.6,-89.9,-255.2,156.28,-172.34,0
1129.8758,-195.4,-84.1,-256.1,158.26,-169.05,0
1130.0113,-208.0,-84.1,-249.3,159.32,-168.93,0
1130.1449,-205.9,-70.4,-256.1,163.55,-166.85,1
1130.2811,-210.1,-62.6,-259.1,166.03,-164.49,0
1130.4125,-200.6,-50.8,-258.1,169.03,-164.15,0
1130.5461,-210.1,-47.9,-256.1,170.04,-165.77,0
1130.6794,-206.9,-62.6,-252.2,165.36,-167.15,0
1130.8139,-208.0,-70.4,-248.3,162.97,-169.10,0
1130.9477,-199.6,-76.2,-254.2,160.40,-168.66,0
1131.0813,-201.7,-73.3,-255.2,160.87,-167.51,0
1131.2150,-216.4,-71.3,-248.3,162.94,-166.48,0
1131.3479,-216.4,-45.9,-252.2,169.89,-163.07,0
1131.4810,-213.2,-35.2,-262.0,174.06,-160.18,0
1131.6141,-211.1,-29.3,-256.1,175.32,-160.26,0
1131.7460,-202.7,-40.1,-263.9,171.71,-163.60,0
1131.8797,-212.2,-41.0,-259.1,170.92,-164.83,0
1132.0157,-203.8,-60.6,-257.1,165.69,-166.87,0
1132.1473,-202.7,-55.7,-261.0,166.61,-164.23,0
1132.2812,-210.1,-67.4,-252.2,162.59,-165.09,0
1132.4156,-213.2,-58.6,-254.2,166.15,-161.10,0
1132.5486,-204.8,-45.9,-260.0,169.31,-159.58,0
1132.6803,-193.3,-37.1,-266.9,172.40,-159.78,0
1132.8143,-198.5,-43.0,-263.0,170.10,-165.39,0
1132.9513,-197.5,-53.8,-262.0,167.24,-168.24,0
1133.0832,-189.1,-67.4,-265.9,161.48,-171.69,0
1133.2173,-178.6,-78.2,-268.8,156.66,-171.74,0
1133.3506,-185.9,-77.2,-264.9,156.55,-170.60,0
1133.4834,-201.7,-62.6,-257.1,162.99,-166.36,0
1133.6165,-206.9,-43.0,-259.1,168.20,-168.31,1
1133.7512,-196.4,-31.3,-266.9,170.32,-167.78,0
1133.8829,-176.5,-35.2,-277.6,166.11,-171.67,0
1134.0191,-192.2,-52.8,-272.7,161.60,-175.30,0
1134.1526,-177.5,-60.6,-278.6,157.15,-179.40,0
1134.2860,-181.7,-71.3,-272.7,154.47,179.93,0
1134.4178,-181.7,-73.3,-269.8,153.84,-177.58,0
1134.5523,-181.7,-73.3,-270.8,155.80,-176.91,0
1134.6852,-184.9,-53.8,-261.0,162.12,-173.42,0
1134.8176,-189.1,-38.1,-269.8,167.87,-170.33,0
1134.9543,-170.2,-38.1,-278.6,165.60,-170.56,0
1135.0865,-168.1,-50.8,-275.7,160.40,-176.24,0
1135.2183,-182.8,-48.9,-272.7,162.10,-177.29,0
1135.3515,-184.9,-55.7,-280.5,160.34,-179.34,0
1135.4852,-189.1,-46.9,-280.5,162.52,-175.61,0
1135.6198,-211.1,-60.6,-263.9,161.70,-174.21,0
1135.7517,-216.4,-41.0,-263.9,167.71,-167.62,0
1135.8856,-208.0,-35.2,-265.9,169.55,-162.24,0
1136.0221,-203.8,-17.6,-268.8,175.01,-159.93,0
1136.1564,-198.5,-25.4,-264.9,172.16,-161.82,0
1136.2899,-204.8,-40.1,-261.0,168.33,-164.38,0
1136.4232,-202.7,-49.8,-261.0,164.91,-167.10,0
1136.5551,-195.4,-62.6,-265.9,160.06,-170.90,0
1136.6893,-189.1,-75.3,-266.9,155.78,-172.34,0
1136.8229,-198.5,-84.1,-259.1,154.94,-171.41,0
1136.9581,-196.4,-61.6,-258.1,160.35,-168.31,0
1137.0917,-185.9,-60.6,-271.7,161.25,179.43,1
1137.2279,-182.8,-45.9,-275.7,162.79,-179.18,0
1137.3594,-183.8,-55.7,-266.9,159.61,177.80,0
1137.4932,-195.4,-64.5,-263.0,157.64,169.89,1
1137.6274,-184.9,-80.1,-259.1,151.03,161.96,1
1137.7629,-176.5,-88.9,-269.8,145.72,159.09,1
1137.8962,-169.1,-109.5,-263.0,139.04,155.91,0
1138.0313,-176.5,-95.8,-264.9,145.63,157.74,1
1138.1658,-174.4,-74.3,-273.7,150.09,160.37,1
1138.3001,-175.4,-65.5,-277.6,153.71,160.16,1
1138.4344,-185.9,-71.3,-263.0,154.86,157.04,1
1138.5685,-187.0,-77.2,-260.0,153.39,154.43,1
1138.7016,-168.1,-90.9,-271.7,145.25,149.37,1
1138.8358,-166.0,-98.7,-271.7,142.65,148.24,1
1138.9733,-179.6,-97.7,-259.1,144.82,149.30,1
1139.1066,-193.3,-82.1,-256.1,150.84,153.20,1
1139.2416,-181.7,-72.3,-269.8,150.76,156.96,1
1139.3769,-172.3,-57.7,-272.7,154.09,157.44,1
1139.5097,-174.4,-63.5,-272.7,152.50,154.15,1
1139.6437,-175.4,-70.4,-264.9,150.76,152.23,1
1139.7782,-160.7,-85.0,-275.7,142.34,148.03,1
1139.9152,-173.3,-92.9,-263.9,143.42,149.57,1
1140.0484,-184.9,-86.0,-260.0,145.95,150.82,1
1140.1832,-199.6,-78.2,-257.1,150.75,154.43,1
1140.3163,-193.3,-65.5,-261.0,152.44,158.24,1
1140.4501,-196.4,-55.7,-262.0,156.66,158.84,1
1140.5842,-204.8,-56.7,-256.1,157.93,155.64,1
1140.7174,-213.2,-62.6,-251.3,158.04,153.89,1
1140.8522,-194.3,-73.3,-258.1,152.21,151.66,1
1140.9909,-192.2,-74.3,-260.0,151.33,152.91,1
1141.1241,-204.8,-69.4,-260.0,153.06,154.38,1
1141.2594,-198.5,-61.6,-259.1,154.92,154.97,1
1141.3934,-181.7,-63.5,-269.8,150.83,156.32,1
1141.5273,-199.6,-43.0,-262.0,159.69,159.78,1
1141.6614,-209.0,-35.2,-256.1,162.97,159.44,1
1141.7963,-201.7,-51.8,-260.0,157.39,156.38,1
1141.9320,-194.3,-61.6,-259.1,152.90,151.52,1
1142.0661,-178.6,-76.2,-274.7,145.47,149.60,1
1142.2005,-188.0,-78.2,-261.0,147.47,147.77,1
1142.3332,-194.3,-68.4,-263.9,150.29,152.23,1
1142.4677,-180.7,-60.6,-271.7,148.80,155.51,1
1142.6042,-189.1,-42.0,-272.7,154.73,157.80,1
1142.7366,-194.3,-40.1,-274.7,156.91,156.99,1
1142.8714,-188.0,-51.8,-268.8,152.34,155.07,1
1143.0091,-172.3,-61.6,-274.7,143.91,154.31,1
1143.1435,-174.4,-66.5,-268.8,144.01,153.43,1
1143.2783,-188.0,-61.6,-270.8,147.33,156.05,1
1143.4122,-193.3,-54.7,-263.9,149.87,158.26,1
1143.5452,-195.4,-46.9,-264.9,152.40,161.03,1
1143.6790,-205.9,-36.2,-266.9,157.89,160.85,1
1143.8133,-220.6,-36.2,-255.2,161.30,156.78,1
1143.9500,-221.6,-45.9,-250.3,161.58,152.84,1
1144.0830,-217.4,-64.5,-251.3,156.61,148.97,1
1144.2185,-208.0,-67.4,-255.2,153.95,148.20,1
1144.3513,-197.5,-74.3,-260.0,149.77,150.13,1
1144.4859,-204.8,-83.1,-251.3,149.46,152.15,1
1144.6200,-203.8,-58.6,-260.0,154.49,157.67,1
1144.7536,-202.7,-45.0,-262.0,158.21,160.30,1
1144.8885,-197.5,-43.0,-260.0,159.28,159.32,1
1145.0260,-179.6,-55.7,-272.7,150.88,157.28,1
1145.1591,-184.9,-71.3,-263.9,148.03,152.97,1
1145.2932,-178.6,-76.2,-268.8,145.19,151.15,1
1145.4274,-172.3,-77.2,-266.9,143.45,151.99,1
1145.5595,-169.1,-80.1,-266.9,143.19,153.05,1
1145.6937,-178.6,-61.6,-270.8,149.68,157.96,1
1145.8296,-180.7,-42.0,-274.7,155.76,163.60,1
1145.9653,-174.4,-30.3,-273.7,159.45,165.99,1
1146.0984,-178.6,-33.2,-273.7,159.27,164.18,1
1146.2333,-174.4,-35.2,-273.7,155.52,163.72,1
1146.3669,-164.9,-59.6,-281.5,144.94,162.06,0
1146.5001,-170.2,-52.8,-272.7,148.37,163.58,0
1146.6332,-177.5,-62.6,-269.8,147.02,164.05,0
1146.7668,-192.2,-46.9,-272.7,153.34,169.31,0
1146.9007,-194.3,-48.9,-268.8,153.30,167.76,1
1147.0361,-197.5,-46.9,-270.8,155.22,165.35,1
1147.1708,-192.2,-55.7,-269.8,153.07,160.41,1
1147.3038,-188.0,-57.7,-267.8,153.41,156.33,1
1147.4374,-164.9,-71.3,-272.7,144.40,151.49,1
1147.5718,-168.1,-87.0,-275.7,140.95,149.18,1
1147.7048,-168.1,-88.0,-269.8,140.08,149.30,1
1147.8396,-179.6,-68.4,-268.8,148.31,153.22,1
1147.9778,-173.3,-66.5,-271.7,147.19,157.00,1
1148.1095,-181.7,-49.8,-272.7,154.81,158.95,1
1148.2444,-190.1,-42.0,-273.7,159.33,156.99,1
1148.3787,-184.9,-47.9,-269.8,156.36,153.39,1
1148.5124,-184.9,-67.4,-272.7,150.03,148.65,1
1148.6465,-180.7,-80.1,-265.9,146.67,146.05,1
1148.7810,-192.2,-80.1,-262.0,148.35,146.09,1
1148.9165,-193.3,-85.0,-257.1,148.10,147.17,1
1149.0509,-181.7,-72.3,-269.8,147.62,150.12,1
1149.1852,-180.7,-67.4,-273.7,148.79,152.52,1
1149.3178,-196.4,-55.7,-266.9,156.45,151.44,1
1149.4526,-197.5,-68.4,-256.1,152.69,151.04,1
1149.5882,-196.4,-78.2,-255.2,147.73,152.47,1
1149.7200,-184.9,-80.1,-264.9,144.81,152.82,1
1149.8533,-199.6,-74.3,-258.1,149.78,153.83,1
1149.9911,-197.5,-84.1,-251.3,149.95,153.81,1
1150.1278,-190.1,-65.5,-268.8,152.48,157.16,1
1150.2609,-187.0,-62.6,-265.9,154.03,157.78,1
1150.3951,-193.3,-47.9,-264.9,160.96,154.79,1
1150.5294,-215.3,-63.5,-250.3,161.49,148.90,1
1150.6634,-205.9,-65.5,-255.2,159.35,147.40,1
1150.7979,-182.8,-81.1,-268.8,151.44,146.74,1
1150.9356,-194.3,-72.3,-262.0,155.33,149.73,1
1151.0676,-203.8,-76.2,-254.2,156.39,150.20,1
1151.2028,-177.5,-58.6,-275.7,157.03,154.55,1
1151.3370,-162.8,-61.6,-279.6,153.55,155.41,1
1151.4701,-161.8,-54.7,-279.6,156.96,155.91,1
1151.6043,-162.8,-53.8,-284.4,156.57,154.69,1
1151.7396,-172.3,-66.5,-273.7,152.73,156.12,1
1151.8732,-173.3,-75.3,-272.7,150.47,155.13,1
1152.0118,-176.5,-70.4,-271.7,153.14,156.68,1
1152.1462,-194.3,-69.4,-264.9,154.92,157.73,1
1152.2806,-188.0,-65.5,-265.9,155.04,160.01,1
1152.4148,-172.3,-65.5,-271.7,151.03,160.69,1
1152.5493,-175.4,-49.8,-273.7,158.28,161.34,1
1152.6851,-189.1,-49.8,-270.8,161.16,158.75,1
1152.8196,-183.8,-61.6,-274.7,155.64,156.48,1
1152.9569,-171.2,-72.3,-276.6,149.55,153.98,1
1153.0894,-179.6,-70.4,-272.7,151.59,154.61,1
1153.2235,-189.1,-72.3,-260.0,152.57,154.92,1
1153.3588,-195.4,-78.2,-258.1,151.05,157.06,1
1153.4915,-195.4,-73.3,-262.0,151.34,158.16,1
1153.6255,-192.2,-67.4,-265.9,152.80,157.22,1
1153.7598,-191.2,-65.5,-263.9,153.64,156.13,1
1153.8942,-214.3,-77.2,-248.3,155.75,149.56,1
1154.0316,-196.4,-88.9,-256.1,149.41,149.26,1
1154.1657,-189.1,-86.0,-263.0,148.75,151.55,1
1154.2990,-188.0,-70.4,-260.0,152.46,155.10,1
1154.4326,-205.9,-68.4,-254.2,156.19,156.89,1
1154.5668,-208.0,-60.6,-255.2,157.79,159.90,1
1154.6996,-204.8,-64.5,-257.1,156.98,159.15,1
1154.8346,-203.8,-55.7,-257.1,160.72,156.62,1
1154.9730,-201.7,-63.5,-262.0,159.28,152.57,1
1155.1060,-202.7,-71.3,-255.2,156.62,149.89,1
1155.2409,-181.7,-94.8,-263.9,147.08,146.16,1
1155.3749,-177.5,-89.9,-261.0,147.47,146.85,1
1155.5088,-192.2,-90.9,-253.2,150.57,149.51,1
1155.6429,-189.1,-70.4,-261.0,154.71,154.28,1
1155.7773,-174.4,-74.3,-267.8,150.48,155.76,1
1155.9127,-183.8,-60.6,-271.7,158.23,155.56,1
1156.0470,-189.1,-62.6,-265.9,160.44,152.05,1
1156.1815,-193.3,-65.5,-263.9,159.93,151.65,1
1156.3140,-178.6,-78.2,-267.8,152.52,150.83,1
1156.4482,-190.1,-72.3,-262.0,154.87,153.99,1
1156.5838,-199.6,-73.3,-256.1,155.92,155.40,1
1156.7178,-194.3,-67.4,-260.0,155.83,157.45,1
1156.8511,-190.1,-63.5,-261.0,155.62,159.50,1
1156.9886,-198.5,-53.8,-261.0,160.29,161.06,1
1157.1241,-199.6,-48.9,-260.0,162.66,160.06,1
1157.2572,-191.2,-60.6,-262.0,157.48,158.81,1
1157.3912,-199.6,-63.5,-260.0,156.26,157.94,1
1157.5255,-184.9,-74.3,-263.9,151.62,156.03,1
1157.6595,-189.1,-73.3,-261.0,152.68,155.51,1
1157.7940,-194.3,-78.2,-260.0,152.85,154.37,1
1157.9321,-197.5,-70.4,-257.1,156.18,156.96,1
1158.0654,-187.0,-67.4,-265.9,154.23,159.07,1
1158.2016,-195.4,-59.6,-263.9,158.46,159.49,1
1158.3359,-197.5,-54.7,-263.0,160.72,158.04,1
1158.4690,-183.8,-66.5,-264.9,154.93,157.08,1
1158.6031,-199.6,-62.6,-260.0,158.37,156.66,1
1158.7383,-195.4,-57.7,-263.9,159.50,155.96,1
1158.8717,-193.3,-56.7,-264.9,159.19,156.20,1
1159.0104,-187.0,-64.5,-266.9,156.03,155.46,1
1159.1423,-194.3,-60.6,-263.9,159.67,158.00,1
1159.2769,-193.3,-48.9,-265.9,162.49,159.72,1
1159.4111,-192.2,-45.0,-269.8,164.84,159.53,1
1159.5457,-197.5,-42.0,-267.8,166.16,158.88,1
1159.6784,-200.6,-50.8,-263.0,163.77,157.22,1
1159.8146,-201.7,-49.8,-258.1,163.34,157.98,1
1159.9524,-203.8,-55.7,-260.0,162.15,158.12,1
1160.0846,-200.6,-52.8,-264.9,161.78,159.89,1
1160.2184,-209.0,-54.7,-254.2,161.82,159.68,1
1160.3541,-215.3,-49.8,-250.3,164.40,160.31,1
1160.4865,-197.5,-59.6,-257.1,160.01,158.96,1
1160.6207,-197.5,-54.7,-263.9,161.81,157.06,1
1160.7552,-200.6,-61.6,-262.0,159.97,154.76,1
1160.8886,-188.0,-72.3,-259.1,156.21,152.59,1
1161.0255,-192.2,-79.2,-261.0,154.60,150.51,1
1161.1601,-182.8,-83.1,-264.9,151.27,149.38,1
1161.2946,-184.9,-87.0,-261.0,150.81,151.50,1
1161.4284,-188.0,-86.0,-261.0,151.01,151.94,1
1161.5627,-184.9,-76.2,-268.8,153.29,153.57,1
1161.6968,-184.9,-75.3,-265.9,154.26,152.93,1
1161.8303,-179.6,-70.4,-268.8,155.40,152.70,1
1161.9678,-179.6,-69.4,-267.8,155.88,152.25,1
1162.1024,-191.2,-78.2,-259.1,155.45,150.88,1
1162.2360,-173.3,-76.2,-263.9,152.91,149.34,1
1162.3689,-159.7,-83.1,-276.6,148.31,147.84,1
1162.5045,-169.1,-81.1,-269.8,150.32,148.15,1
1162.6373,-163.9,-87.0,-271.7,147.09,149.24,1
1162.7719,-168.1,-76.2,-268.8,151.15,149.62,1
1162.9100,-171.2,-80.1,-266.9,151.13,150.50,1
1163.0322,-169.1,-80.1,-277.6,151.20,150.50,1
1163.1673,-174.4,-83.1,-271.7,151.28,150.02,1
1163.3018,-170.2,-82.1,-272.7,150.06,149.81,1
1163.4344,-166.0,-85.0,-272.7,148.31,148.93,1
1163.5685,-164.9,-89.9,-272.7,146.92,148.91,1
1163.7027,-176.5,-85.0,-268.8,149.44,150.25,1
1163.8371,-173.3,-82.1,-266.9,149.50,152.12,1
1163.9736,-174.4,-81.1,-270.8,150.57,152.51,1
1164.1079,-162.8,-76.2,-273.7,150.45,152.33,1
1164.2423,-159.7,-77.2,-275.7,150.26,151.44,1
1164.3750,-163.9,-76.2,-277.6,150.97,150.94,1
1164.5096,-166.0,-81.1,-275.7,149.21,150.86,1
1164.6452,-152.3,-80.1,-279.6,146.28,151.27,1
1164.7782,-149.2,-80.1,-278.6,145.82,151.75,1
1164.9157,-158.6,-83.1,-271.7,146.95,152.22,1
1165.0507,-158.6,-81.1,-271.7,147.00,153.30,1
1165.1852,-162.8,-77.2,-280.5,149.37,153.82,1
1165.3196,-153.4,-71.3,-284.4,149.65,154.14,1
1165.4540,-152.3,-75.3,-281.5,149.48,153.41,1
1165.5868,-152.3,-68.4,-276.6,151.96,152.99,1
1165.7227,-147.1,-70.4,-286.4,148.54,152.46,1
1165.8574,-138.7,-77.2,-289.3,143.70,151.64,1
1165.9884,-132.4,-76.2,-287.4,142.35,151.17,1
1166.1223,-143.9,-83.1,-283.5,143.11,151.43,1
1166.2591,-138.7,-86.0,-284.4,139.66,152.31,1
1166.3922,-149.2,-80.1,-286.4,143.61,153.31,1
1166.5253,-137.6,-77.2,-288.3,141.95,153.55,1
1166.6595,-141.8,-78.2,-286.4,144.33,151.90,1
1166.7939,-138.7,-71.3,-286.4,147.52,150.29,1
1166.9314,-141.8,-73.3,-287.4,147.34,148.20,1
1167.0660,-140.8,-81.1,-279.6,145.06,146.73,1
1167.1994,-123.9,-84.1,-285.4,139.01,146.84,1
1167.3333,-138.7,-79.2,-286.4,144.08,149.01,1
1167.4689,-148.1,-77.2,-279.6,146.17,151.48,1
1167.6019,-136.6,-77.2,-284.4,142.87,153.25,1
1167.7367,-150.2,-73.3,-286.4,148.21,154.08,1
1167.8725,-168.1,-70.4,-274.7,154.29,154.83,1
1168.0073,-179.6,-66.5,-272.7,156.99,154.56,1
1168.1420,-168.1,-64.5,-276.6,155.35,154.24,1
1168.2768,-150.2,-71.3,-279.6,149.00,153.96,1
1168.4108,-159.7,-78.2,-275.7,148.78,154.16,1
1168.5451,-146.0,-82.1,-278.6,144.01,153.11,1
1168.6794,-150.2,-80.1,-281.5,145.04,153.40,1
1168.8127,-158.6,-83.1,-279.6,145.42,153.26,1
1168.9495,-169.1,-96.8,-265.9,145.22,153.94,1
1169.0841,-175.4,-82.1,-269.8,149.81,155.29,1
1169.2175,-168.1,-88.9,-267.8,146.88,155.34,1
1169.3517,-166.0,-79.2,-269.8,150.11,155.36,1
1169.4869,-169.1,-78.2,-270.8,150.78,155.53,1
1169.6196,-162.8,-86.0,-271.7,147.37,153.54,1
1169.7545,-156.5,-96.8,-271.7,143.15,151.55,1
1169.8893,-154.4,-91.9,-269.8,144.77,150.17,1
1170.0292,-164.9,-88.0,-269.8,147.68,152.08,1
1170.1631,-166.0,-88.9,-268.8,146.83,154.58,1
1170.2978,-173.3,-84.1,-265.9,150.07,156.47,1
1170.4304,-178.6,-80.1,-267.8,151.86,158.39,1
1170.5637,-183.8,-71.3,-262.0,156.50,158.06,1
1170.6975,-188.0,-71.3,-265.9,157.14,156.40,1
1170.8303,-166.0,-82.1,-268.8,150.64,152.57,1
1170.9662,-161.8,-86.0,-269.8,148.99,148.91,1
1171.1020,-157.6,-91.9,-272.7,147.72,145.16,1
1171.2350,-163.9,-99.7,-273.7,145.87,146.85,1
1171.3688,-177.5,-98.7,-263.9,148.44,150.14,1
1171.5030,-194.3,-84.1,-255.2,154.85,153.54,1
1171.6366,-184.9,-82.1,-259.1,153.48,155.23,1
1171.7708,-183.8,-67.4,-265.9,157.69,156.28,1
1171.9078,-183.8,-69.4,-267.8,157.80,155.19,1
1172.0414,-177.5,-78.2,-269.8,154.29,153.86,1
1172.1753,-172.3,-82.1,-267.8,152.56,152.88,1
1172.3093,-171.2,-85.0,-264.9,151.00,153.34,1
1172.4416,-169.1,-85.0,-269.8,148.73,155.32,1
1172.5757,-176.5,-94.8,-259.1,147.28,156.78,1
1172.7108,-179.6,-82.1,-263.0,151.67,158.61,1
1172.8453,-178.6,-85.0,-263.9,150.41,159.26,1
1172.9825,-173.3,-76.2,-271.7,153.10,159.47,1
1173.1154,-175.4,-67.4,-270.8,156.13,157.53,1
1173.2512,-162.8,-78.2,-278.6,150.67,155.78,1
1173.3837,-142.9,-88.0,-280.5,142.67,153.71,1
1173.5180,-152.3,-88.9,-273.7,144.85,153.78,1
1173.6518,-154.4,-92.9,-271.7,141.88,155.01,1
1173.7855,-155.5,-92.9,-273.7,143.08,157.10,1
1173.9237,-156.5,-79.2,-274.7,147.17,159.24,1
1174.0555,-160.7,-73.3,-274.7,150.62,159.09,1
1174.1885,-161.8,-72.3,-275.7,152.67,157.79,1
1174.3223,-148.1,-74.3,-279.6,149.00,153.88,1
1174.4559,-140.8,-81.1,-280.5,145.55,151.68,1
1174.5879,-134.5,-91.9,-280.5,141.17,149.77,1
1174.7226,-142.9,-78.2,-281.5,147.00,150.98,1
1174.8585,-147.1,-88.0,-273.7,144.40,152.48,1
1174.9947,-157.6,-86.0,-273.7,148.50,154.12,1
1175.1294,-163.9,-79.2,-273.7,150.11,154.94,1
1175.2653,-164.9,-79.2,-272.7,151.41,154.55,1
1175.4010,-171.2,-76.2,-273.7,154.64,152.54,1
1175.5354,-152.3,-81.1,-277.6,149.26,148.51,1
1175.6695,-149.2,-82.1,-278.6,148.56,146.93,1
1175.8022,-140.8,-87.0,-276.6,144.25,147.79,1
1175.9414,-132.4,-83.1,-284.4,140.98,150.07,1
1176.0737,-139.7,-84.1,-281.5,142.20,152.37,1
1176.2079,-156.5,-79.2,-279.6,147.24,155.74,1
1176.3410,-157.6,-80.1,-276.6,146.87,157.04,1
1176.4763,-159.7,-77.2,-274.7,148.86,156.37,1
1176.6102,-164.9,-74.3,-273.7,152.17,154.28,1
1176.7432,-161.8,-74.3,-272.7,152.20,151.62,1
1176.8780,-170.2,-89.9,-267.8,149.11,148.75,1
1177.0033,-157.6,-93.8,-270.8,144.57,146.34,1
1177.1360,-161.8,-100.7,-268.8,144.34,145.37,1
1177.2709,-163.9,-105.6,-264.9,142.95,145.86,1
1177.4054,-179.6,-99.7,-257.1,148.32,147.93,1
1177.5404,-166.0,-84.1,-275.7,149.98,149.58,1
1177.6729,-173.3,-80.1,-270.8,153.33,149.49,1
1177.8076,-175.4,-84.1,-264.9,152.03,148.36,1
1177.9454,-169.1,-85.0,-266.9,151.13,146.56,1
1178.0699,-181.7,-90.9,-260.0,152.24,143.49,1
1178.2020,-173.3,-90.9,-270.8,151.61,141.16,1
1178.3364,-171.2,-93.8,-265.9,150.34,141.48,1
1178.4721,-177.5,-93.8,-263.0,151.93,143.14,1
1178.6059,-184.9,-93.8,-258.1,152.50,145.49,1
1178.7404,-187.0,-77.2,-263.0,157.41,146.92,1
1178.8751,-179.6,-77.2,-265.9,157.29,145.80,1
1179.0104,-174.4,-81.1,-269.8,155.59,143.68,1
1179.1450,-189.1,-90.9,-260.0,154.44,143.77,1
1179.2793,-201.7,-92.9,-250.3,154.69,144.36,1
1179.4117,-185.9,-98.7,-255.2,149.67,144.12,1
1179.5465,-179.6,-110.4,-255.2,145.90,143.95,1
1179.6813,-182.8,-109.5,-250.3,145.78,143.90,1
1179.8144,-192.2,-116.3,-244.4,145.84,142.77,1
1179.9528,-182.8,-112.4,-249.3,146.33,140.10,1
1180.0872,-173.3,-117.3,-253.2,144.61,134.96,1
1180.2219,-162.8,-125.1,-260.0,142.20,128.26,1
1180.3562,-146.0,-137.8,-258.1,137.38,121.08,0
1180.4897,-142.9,-140.7,-260.0,139.03,113.74,0
1180.6213,-134.5,-130.0,-267.8,142.16,102.90,0
1180.7556,-85.1,-145.6,-272.7,126.33,94.76,0
1180.8892,-92.4,-155.4,-273.7,126.95,90.08,0
1181.0254,-74.6,-152.5,-278.6,123.27,86.99,0
1181.1588,-62.0,-152.5,-275.7,119.50,84.55,0
1181.2945,-53.6,-142.7,-279.6,119.55,81.90,0
1181.4276,-45.2,-137.8,-288.3,120.05,78.77,0
1181.5606,-36.8,-135.9,-291.3,117.78,74.45,0
1181.6940,-39.9,-129.0,-287.4,120.36,69.52,0
1181.8270,-20.0,-118.3,-295.2,116.84,63.78,0
1181.9644,-6.3,-122.2,-294.2,110.32,57.86,0
1182.0980,-2.1,-124.1,-291.3,108.60,54.10,0
1182.2302,1.1,-122.2,-295.2,107.59,53.30,0
1182.3657,-4.2,-124.1,-294.2,111.39,55.98,0
1182.4989,-15.8,-119.2,-292.2,117.73,57.66,0
1182.6318,-10.5,-108.5,-296.1,119.64,58.66,0
1182.7641,-17.9,-107.5,-302.0,125.11,57.81,0
1182.8991,-7.4,-102.6,-299.1,122.16,55.66,0
1183.0363,-5.3,-105.6,-302.0,118.79,51.55,0
1183.1682,10.5,-104.6,-301.0,111.22,48.18,0
1183.3020,3.2,-110.4,-300.0,113.69,47.13,0
1183.4374,-3.2,-109.5,-302.0,115.87,48.88,0
1183.5690,-1.1,-109.5,-300.0,114.76,51.01,0
1183.7024,-4.2,-99.7,-301.0,119.51,54.65,1
1183.8376,-2.1,-99.7,-303.0,120.76,54.10,0
1183.9733,-20.0,-100.7,-303.0,129.57,53.40,0
1184.1060,0.0,-95.8,-299.1,120.31,50.89,0
1184.2399,13.7,-97.7,-304.9,110.08,48.83,0
1184.3730,12.6,-100.7,-299.1,108.44,49.06,0
1184.5060,4.2,-105.6,-295.2,113.99,51.24,0
1184.6392,-11.6,-111.4,-298.1,120.12,54.74,0
1184.7728,5.3,-112.4,-298.1,109.44,56.97,0
1184.9084,9.5,-111.4,-297.1,106.04,57.93,0
1185.0420,12.6,-102.6,-300.0,107.00,57.26,0
1185.1754,13.7,-94.8,-305.9,114.73,53.71,0
1185.3071,24.2,-77.2,-307.9,109.79,47.97,0
1185.4404,33.6,-78.2,-302.0,101.15,45.43,0
1185.5753,27.3,-85.0,-304.9,107.78,45.99,0
1185.7060,16.8,-92.9,-303.9,109.50,50.24,0
1185.8384,16.8,-96.8,-301.0,107.12,54.19,0
1185.9760,7.4,-107.5,-300.0,112.76,57.59,0
1186.1107,7.4,-96.8,-304.9,117.09,57.41,0
1186.2425,3.2,-91.9,-305.9,124.93,56.70,0
1186.3755,-6.3,-90.9,-303.0,129.45,55.02,0
1186.5091,9.5,-98.7,-304.9,112.20,55.96,0
1186.6445,5.3,-104.6,-303.0,114.02,57.64,0
1186.7765,-7.4,-109.5,-300.0,117.79,61.11,0
1186.9138,-15.8,-114.4,-295.2,117.72,64.11,0
1187.0472,-6.3,-112.4,-295.2,112.74,66.23,0
1187.1803,-13.7,-103.6,-298.1,119.56,73.99,1
1187.3149,-16.8,-98.7,-303.9,123.91,73.11,0
1187.4480,-13.7,-103.6,-301.0,118.45,69.61,0
1187.5798,5.3,-107.5,-304.9,106.36,67.09,0
1187.7144,-11.6,-108.5,-303.0,117.58,67.33,0
1187.8480,-21.0,-120.2,-293.2,119.11,70.02,0
1187.9837,-26.3,-118.3,-295.2,118.51,72.60,0
1188.1176,-14.7,-115.3,-292.2,110.61,74.84,0
1188.2523,-24.2,-108.5,-299.1,120.26,74.87,0
1188.3840,-21.0,-105.6,-297.1,119.66,73.75,0
1188.5179,-14.7,-112.4,-299.1,111.05,71.32,0
1188.6512,6.3,-111.4,-295.2,95.67,69.34,0
1188.7858,7.4,-113.4,-295.2,96.55,68.14,0
1188.9230,-4.2,-122.2,-294.2,105.12,68.18,0
1189.0568,-7.4,-117.3,-297.1,104.16,70.25,0
1189.1903,-8.4,-114.4,-294.2,105.57,72.53,0
1189.3234,-22.1,-114.4,-294.2,113.84,74.42,0
1189.4566,-17.9,-118.3,-294.2,111.11,73.49,0
1189.5895,-9.5,-112.4,-296.1,109.56,70.90,0
1189.7215,-6.3,-116.3,-296.1,104.83,69.24,0
1189.8551,-4.2,-116.3,-296.1,104.90,68.64,0
1189.9911,-11.6,-114.4,-301.0,109.92,69.09,0
1190.1226,-16.8,-122.2,-296.1,110.75,71.55,0
1190.2568,-28.4,-120.2,-288.3,116.15,75.61,0
1190.3914,-41.0,-117.3,-295.2,122.82,80.27,0
1190.5246,-43.1,-116.3,-296.1,125.19,81.42,0
1190.6564,-43.1,-110.4,-292.2,125.57,96.30,1
1190.7913,-36.8,-111.4,-297.1,120.54,93.38,0
1190.9287,-26.3,-111.4,-298.1,113.02,92.02,0
1191.0622,-21.0,-129.0,-292.2,106.68,96.08,1
1191.1972,-43.1,-131.0,-289.3,115.68,98.17,0
1191.3309,-41.0,-130.0,-289.3,111.73,102.81,1
1191.4650,-26.3,-126.1,-290.3,98.93,105.86,1
1191.5993,-33.6,-120.2,-292.2,101.60,108.13,1
1191.7338,-43.1,-120.2,-293.2,109.89,109.27,1
1191.8668,-36.8,-114.4,-296.1,109.48,107.47,1
1192.0053,-27.3,-123.1,-290.3,99.49,103.43,1
1192.1398,-24.2,-120.2,-292.2,98.66,103.14,1
1192.2734,-39.9,-128.0,-289.3,109.19,104.90,1
1192.4077,-51.5,-129.0,-282.5,116.87,107.76,1
1192.5428,-49.4,-126.1,-293.2,114.11,109.45,1
1192.6752,-42.0,-125.1,-288.3,109.64,110.34,1
1192.8096,-45.2,-128.0,-289.3,111.32,109.98,1
1192.9465,-53.6,-120.2,-289.3,119.96,109.56,1
1193.0809,-48.3,-126.1,-293.2,117.73,106.70,1
1193.2154,-26.3,-129.0,-291.3,104.79,105.42,1
1193.3496,-29.4,-127.1,-289.3,104.06,106.80,1
1193.4825,-31.5,-130.0,-291.3,105.56,108.90,1
1193.6180,-36.8,-136.8,-291.3,106.65,109.48,1
1193.7521,-36.8,-126.1,-291.3,109.76,110.41,1
1193.8852,-39.9,-131.0,-291.3,110.36,108.78,1
1194.0229,-35.7,-120.2,-290.3,114.88,105.69,1
1194.1596,-25.2,-119.2,-297.1,112.15,98.58,1
1194.2926,0.0,-110.4,-303.0,93.64,96.21,1
1194.4273,-11.6,-119.2,-296.1,104.27,97.47,1
1194.5614,-29.4,-127.1,-293.2,112.24,101.37,1
1194.6950,-31.5,-123.1,-296.1,110.02,104.55,1
1194.8297,-24.2,-121.2,-295.2,102.15,108.22,1
1194.9684,-38.9,-114.4,-298.1,114.66,110.18,1
1195.1015,-51.5,-122.2,-290.3,119.22,111.14,1
1195.2386,-48.3,-132.9,-290.3,113.46,110.28,1
1195.3726,-27.3,-133.9,-287.4,100.79,109.21,1
1195.5059,-34.7,-139.8,-287.4,105.61,108.94,1
1195.6402,-50.4,-144.7,-282.5,111.95,110.63,1
1195.7753,-58.8,-141.7,-281.5,114.55,113.75,1
1195.9111,-59.9,-138.8,-284.4,113.83,115.07,1
1196.0443,-60.9,-135.9,-283.5,115.47,114.30,1
1196.1788,-56.7,-126.1,-288.3,117.15,111.69,1
1196.3129,-46.2,-124.1,-294.2,117.09,107.45,1
1196.4472,-24.2,-129.0,-293.2,101.90,104.18,1
1196.5815,-21.0,-132.9,-292.2,100.17,103.35,1
1196.7143,-25.2,-144.7,-286.4,104.07,103.76,1
1196.8489,-48.3,-144.7,-286.4,113.71,106.01,1
1196.9857,-37.8,-138.8,-287.4,109.21,106.73,1
1197.1183,-37.8,-127.1,-291.3,110.96,106.20,1
1197.2532,-21.0,-124.1,-294.2,103.88,103.72,1
1197.3888,-28.4,-120.2,-296.1,115.43,102.05,1
1197.5212,-45.2,-120.2,-293.2,123.38,99.25,0
1197.6544,-27.3,-122.2,-293.2,112.40,100.91,1
1197.7892,-36.8,-131.9,-288.3,115.15,103.51,1
1197.9262,-57.8,-129.0,-287.4,123.70,106.34,0
1198.0584,-52.5,-128.0,-286.4,121.57,108.13,1
1198.1924,-50.4,-126.1,-289.3,120.19,110.38,1
1198.3243,-50.4,-125.1,-291.3,121.83,110.41,1
1198.4587,-66.2,-122.2,-293.2,131.09,110.24,0
1198.5919,-64.1,-118.3,-290.3,132.61,108.63,0
1198.7254,-41.0,-121.2,-294.2,116.62,108.21,1
1198.8589,-43.1,-131.0,-291.3,113.83,109.26,1
1198.9953,-54.6,-134.9,-283.5,118.02,111.33,1
1199.1296,-56.7,-131.0,-286.4,117.69,113.63,1
1199.2631,-48.3,-125.1,-288.3,113.40,115.39,1
1199.3974,-52.5,-123.1,-290.3,115.49,114.97,1
1199.5329,-46.2,-118.3,-296.1,114.77,113.56,1
1199.6657,-54.6,-114.4,-288.3,123.08,112.15,1
1199.8008,-36.8,-122.2,-292.2,107.17,110.48,1
1199.9375,-39.9,-131.0,-293.2,108.05,110.48,1
1200.0719,-52.5,-132.9,-285.4,116.43,111.88,1
1200.2065,-64.1,-135.9,-288.3,119.22,114.61,1
1200.3406,-57.8,-129.0,-291.3,117.19,116.60,1
1200.4737,-63.0,-128.0,-286.4,120.12,117.55,1
1200.6075,-65.1,-125.1,-289.3,120.68,118.01,1
1200.7419,-60.9,-123.1,-290.3,122.18,116.76,1
1200.8751,-59.9,-120.2,-292.2,122.95,114.22,1
1201.0139,-59.9,-128.0,-291.3,121.70,113.35,1
1201.1470,-70.4,-137.8,-285.4,124.43,114.30,1
1201.2796,-70.4,-125.1,-287.4,128.97,116.40,1
1201.4148,-64.1,-128.0,-290.3,124.52,118.51,1
1201.5489,-66.2,-122.2,-292.2,124.72,121.12,1
1201.6826,-51.5,-121.2,-294.2,118.00,120.41,1
1201.8174,-56.7,-117.3,-289.3,123.94,116.94,1
1201.9550,-52.5,-114.4,-295.2,121.05,113.98,1
1202.0867,-27.3,-123.1,-295.2,104.56,112.82,1
1202.2207,-43.1,-127.1,-290.3,114.28,113.66,1
1202.3550,-66.2,-126.1,-283.5,123.05,116.67,1
1202.4893,-74.6,-126.1,-285.4,125.32,119.34,1
1202.6219,-63.0,-126.1,-291.3,119.65,120.40,1
1202.7556,-58.8,-116.3,-295.2,121.73,119.37,1
1202.8903,-66.2,-109.5,-298.1,130.74,118.93,1
1203.0269,-84.0,-105.6,-298.1,141.98,115.28,0
1203.1589,-54.6,-113.4,-295.2,124.01,112.68,1
1203.2941,-53.6,-121.2,-294.2,119.77,112.44,1
1203.4264,-67.2,-122.2,-292.2,126.25,114.64,1
1203.5591,-72.5,-126.1,-286.4,125.70,117.89,1
1203.6926,-75.6,-120.2,-290.3,126.84,120.11,1
1203.8279,-73.5,-116.3,-287.4,127.59,120.00,1
1203.9666,-74.6,-113.4,-290.3,130.65,118.79,1
1204.0995,-74.6,-112.4,-293.2,132.30,116.82,0
1204.2330,-59.9,-118.3,-292.2,120.49,114.40,1
1204.3681,-57.8,-132.9,-289.3,117.05,113.57,1
1204.5022,-62.0,-127.1,-287.4,119.96,114.17,1
1204.6360,-65.1,-121.2,-293.2,121.35,117.50,1
1204.7689,-62.0,-108.5,-295.2,119.91,120.45,1
1204.9031,-63.0,-112.4,-296.1,120.88,121.63,1
1205.0399,-77.7,-111.4,-293.2,129.69,122.01,1
1205.1733,-85.1,-110.4,-294.2,136.30,120.47,0
1205.3065,-67.2,-115.3,-294.2,124.84,117.42,1
1205.4413,-57.8,-124.1,-293.2,116.54,117.03,1
1205.5734,-60.9,-130.0,-289.3,117.44,117.69,1
1205.7079,-70.4,-131.9,-285.4,121.43,120.55,1
1205.8433,-71.4,-125.1,-286.4,121.35,122.66,1
1205.9787,-77.7,-125.1,-287.4,124.99,123.68,1
1206.1119,-65.1,-120.2,-295.2,121.19,122.17,1
1206.2469,-66.2,-120.2,-293.2,124.10,120.70,1
1206.3791,-65.1,-123.1,-296.1,121.53,118.99,1
1206.5141,-53.6,-131.0,-299.1,113.75,119.14,1
1206.6479,-66.2,-132.9,-296.1,118.86,120.02,1
1206.7821,-64.1,-132.9,-294.2,117.98,121.19,1
1206.9177,-49.4,-124.1,-299.1,111.32,122.89,1
1207.0517,-62.0,-121.2,-304.9,119.07,124.93,1
1207.1863,-58.8,-114.4,-304.9,121.22,124.93,1
1207.3189,-89.3,-116.3,-305.9,137.00,124.76,1
1207.4530,-73.5,-120.2,-307.9,129.44,121.99,1
1207.5880,-53.6,-127.1,-303.9,117.08,120.26,1
1207.7203,-59.9,-131.9,-307.9,117.65,121.76,1
1207.8552,-75.6,-137.8,-303.0,121.67,124.76,1
1207.9935,-87.2,-134.9,-296.1,126.89,127.25,1
1208.1276,-64.1,-132.9,-298.1,116.31,126.08,1
1208.2619,-67.2,-122.2,-303.9,121.63,124.29,1
1208.3958,-48.3,-123.1,-302.0,109.42,120.73,1
1208.5286,-56.7,-123.1,-300.0,120.15,118.09,1
1208.6636,-49.4,-125.1,-304.9,115.12,115.12,1
1208.7978,-28.4,-121.2,-302.0,99.11,117.15,0
1208.9322,-31.5,-125.1,-302.0,99.49,120.46,0
1209.0658,-45.2,-123.1,-298.1,106.88,122.67,0
1209.2005,-63.0,-130.0,-295.2,117.42,124.36,1
1209.3331,-54.6,-124.1,-295.2,113.52,124.72,1
1209.4675,-52.5,-123.1,-300.0,114.02,124.06,1
1209.6014,-45.2,-117.3,-298.1,112.84,122.36,1
1209.7363,-49.4,-115.3,-298.1,117.72,120.52,1
1209.8695,-43.1,-127.1,-297.1,113.73,116.97,1
1210.0069,-33.6,-131.0,-289.3,107.85,114.91,1
1210.1412,-30.5,-136.8,-292.2,102.99,116.02,1
1210.2753,-41.0,-138.8,-287.4,108.80,118.56,1
1210.4092,-59.9,-135.9,-287.4,117.35,121.77,1
1210.5433,-64.1,-135.9,-287.4,117.87,124.09,1
1210.6756,-60.9,-129.0,-292.2,117.31,124.46,1
1210.8111,-65.1,-131.0,-289.3,120.44,123.12,1
1210.9481,-68.3,-131.9,-287.4,123.79,119.12,1
1211.0807,-56.7,-133.9,-291.3,119.05,116.79,1
1211.2156,-52.5,-139.8,-287.4,116.98,115.17,1
1211.3506,-59.9,-133.9,-286.4,121.35,116.18,1
1211.4830,-72.5,-125.1,-287.4,127.99,118.43,1
1211.6169,-60.9,-121.2,-288.3,123.49,120.94,1
1211.7511,-66.2,-119.2,-289.3,126.57,120.00,1
1211.8854,-57.8,-124.1,-290.3,122.74,117.25,1
1212.0227,-58.8,-120.2,-292.2,125.59,114.50,1
1212.1571,-38.9,-127.1,-293.2,109.77,113.60,1
1212.2903,-37.8,-131.0,-291.3,108.79,114.86,1
1212.4240,-51.5,-129.0,-289.3,117.26,116.95,1
1212.5582,-76.7,-126.1,-286.4,128.74,120.03,1
1212.6907,-67.2,-125.1,-287.4,123.98,121.63,1
1212.8255,-63.0,-114.4,-294.2,123.40,120.72,1
1212.9639,-37.8,-113.4,-293.2,108.93,118.19,1
1213.0970,-47.3,-114.4,-293.2,117.31,115.53,1
1213.2320,-23.1,-116.3,-293.2,96.16,112.56,0
1213.3652,-25.2,-120.2,-296.1,99.06,113.09,1
1213.4988,-38.9,-127.1,-292.2,108.17,114.61,1
1213.6332,-43.1,-114.4,-294.2,111.48,118.48,1
1213.7678,-60.9,-104.6,-300.0,123.13,122.27,1
1213.9024,-52.5,-98.7,-302.0,116.46,122.95,1
1214.0402,-55.7,-88.9,-302.0,131.56,122.22,1
1214.1747,-64.1,-100.7,-297.1,134.21,120.52,1
1214.3094,-48.3,-104.6,-301.0,117.05,119.07,1
1214.4424,-39.9,-113.4,-300.0,108.15,118.44,1
1214.5762,-44.1,-117.3,-294.2,110.89,118.81,1
1214.7107,-56.7,-124.1,-291.3,115.67,121.63,1
1214.8443,-72.5,-117.3,-292.2,126.21,124.55,1
1214.9825,-70.4,-114.4,-294.2,124.94,125.62,1
1215.1180,-66.2,-112.4,-297.1,122.78,124.92,1
1215.2510,-68.3,-109.5,-296.1,125.56,124.39,1
1215.3851,-67.2,-108.5,-295.2,127.23,123.09,1
1215.5196,-51.5,-116.3,-293.2,113.13,120.42,1
1215.6534,-48.3,-123.1,-288.3,111.23,119.53,1
1215.7880,-59.9,-129.0,-292.2,115.02,120.61,1
1215.9258,-71.4,-131.0,-287.4,121.67,124.67,1
1216.0591,-66.2,-127.1,-289.3,118.61,127.36,1
1216.1930,-66.2,-121.2,-288.3,119.10,127.04,1
1216.3271,-57.8,-113.4,-293.2,116.81,125.09,1
1216.4599,-65.1,-120.2,-292.2,122.64,122.90,1
1216.5942,-74.6,-131.0,-289.3,123.39,120.80,1
1216.7295,-47.3,-128.0,-288.3,108.42,121.37,1
1216.8628,-55.7,-131.9,-287.4,112.14,124.80,1
1216.9877,-67.2,-128.0,-287.4,118.18,127.57,1
1217.1206,-76.7,-126.1,-288.3,121.83,129.40,1
1217.2562,-69.3,-118.3,-294.2,117.21,130.90,1
1217.3893,-80.9,-118.3,-287.4,123.41,130.66,1
1217.5239,-76.7,-121.2,-289.3,122.55,129.65,1
1217.6580,-72.5,-120.2,-289.3,124.28,126.25,1
1217.7925,-59.9,-128.0,-291.3,115.02,123.55,1
1217.9298,-64.1,-136.8,-286.4,115.28,123.23,1
1218.0641,-66.2,-137.8,-285.4,115.97,123.62,1
1218.1974,-69.3,-135.9,-282.5,120.16,124.83,1
1218.3332,-66.2,-127.1,-287.4,119.45,124.87,1
1218.4673,-72.5,-123.1,-284.4,124.61,124.06,1
1218.6000,-55.7,-124.1,-288.3,118.28,121.98,1
1218.7347,-52.5,-119.2,-295.2,120.39,119.22,1
1218.8707,-53.6,-120.2,-294.2,120.21,114.68,1
1219.0064,-26.3,-132.9,-294.2,102.18,112.49,1
1219.1411,-34.7,-132.9,-291.3,106.98,113.14,1
1219.2756,-41.0,-131.9,-285.4,108.12,116.96,1
1219.4094,-57.8,-129.0,-290.3,113.83,122.35,1
1219.5435,-54.6,-129.0,-290.3,109.55,126.85,0
1219.6767,-64.1,-121.2,-288.3,117.92,127.06,1
1219.8100,-66.2,-114.4,-293.2,123.36,124.79,1
1219.9477,-54.6,-117.3,-296.1,115.94,120.48,1
1220.0824,-34.7,-124.1,-292.2,99.73,118.72,0
1220.2149,-37.8,-131.0,-292.2,103.38,119.53,0
1220.3482,-53.6,-129.0,-291.3,108.82,122.64,1
1220.4836,-59.9,-122.2,-291.3,111.88,125.31,1
1220.6162,-58.8,-117.3,-289.3,111.43,126.74,0
1220.7498,-55.7,-117.3,-293.2,109.29,125.30,0
1220.8834,-56.7,-114.4,-295.2,113.94,122.81,1
1221.0200,-44.1,-120.2,-292.2,105.38,118.47,1
1221.1547,-25.2,-123.1,-293.2,89.91,115.04,0
1221.2884,-15.8,-131.0,-288.3,85.05,114.07,0
1221.4198,-22.1,-135.9,-287.4,91.68,115.33,0
1221.5545,-38.9,-124.1,-293.2,101.40,118.58,0
1221.6876,-29.4,-112.4,-295.2,89.44,120.28,0
1221.8214,-33.6,-117.3,-294.2,95.05,119.08,0
1221.9574,-30.5,-110.4,-299.1,101.44,115.60,1
1222.0919,-29.4,-100.7,-303.9,113.24,111.81,1
1222.2264,-17.9,-112.4,-302.0,95.37,109.11,1
1222.3592,-13.7,-117.3,-301.0,90.27,109.96,0
1222.4930,-24.2,-122.2,-299.1,100.16,112.45,1
1222.6283,-49.4,-119.2,-291.3,117.69,116.63,1
1222.7611,-56.7,-115.3,-296.1,120.12,119.89,1
1222.8959,-57.8,-116.3,-296.1,119.97,121.84,1
1223.0344,-52.5,-108.5,-299.1,122.69,121.23,1
1223.1687,-62.0,-110.4,-301.0,130.87,117.99,1
1223.3032,-54.6,-111.4,-298.1,130.13,113.97,0
1223.4363,-52.5,-112.4,-296.1,126.53,111.77,1
1223.5691,-39.9,-116.3,-297.1,116.25,112.13,1
1223.7045,-56.7,-120.2,-294.2,127.20,113.69,1
1223.8390,-68.3,-114.4,-290.3,134.26,116.42,0
1223.9743,-73.5,-116.3,-287.4,134.72,118.13,0
1224.1062,-71.4,-110.4,-293.2,135.62,118.36,0
1224.2412,-58.8,-109.5,-293.2,131.50,117.21,1
1224.3737,-68.3,-113.4,-290.3,135.37,113.53,0
1224.5104,-46.2,-120.2,-289.3,119.41,113.02,1
1224.6420,-53.6,-126.1,-289.3,120.25,114.34,1
1224.7755,-66.2,-123.1,-285.4,129.01,116.59,1
1224.9103,-72.5,-119.2,-290.3,131.58,119.69,1
1225.0476,-68.3,-118.3,-292.2,126.93,121.59,1
1225.1803,-68.3,-121.2,-291.3,126.27,120.49,1
1225.3157,-66.2,-112.4,-293.2,131.34,119.16,1
1225.4498,-72.5,-119.2,-289.3,131.15,117.52,1
1225.5820,-45.2,-119.2,-295.2,112.42,116.21,1
1225.7164,-52.5,-134.9,-286.4,114.75,116.94,1
1225.8523,-67.2,-128.0,-287.4,123.67,118.18,1
1225.9865,-66.2,-124.1,-286.4,121.57,120.80,1
1226.1198,-60.9,-122.2,-294.2,117.48,122.71,1
1226.2548,-68.3,-118.3,-290.3,122.48,123.83,1
1226.3902,-68.3,-115.3,-292.2,127.02,123.17,1
1226.5228,-72.5,-117.3,-292.2,131.37,119.89,1
1226.6568,-55.7,-119.2,-292.2,119.63,116.55,1
1226.7914,-44.1,-126.1,-293.2,111.36,115.22,1
1226.9280,-49.4,-128.0,-292.2,115.75,115.74,1
1227.0608,-59.9,-126.1,-287.4,123.07,118.79,1
1227.1954,-59.9,-122.2,-292.2,120.96,121.12,1
1227.3281,-60.9,-118.3,-289.3,124.24,121.92,1
1227.4619,-64.1,-113.4,-290.3,126.66,120.82,1
1227.5959,-57.8,-119.2,-288.3,122.43,119.06,1
1227.7285,-64.1,-122.2,-288.3,124.47,118.43,1
1227.8633,-47.3,-122.2,-289.3,114.87,119.20,1
1228.0015,-66.2,-127.1,-288.3,122.13,122.24,1
1228.1363,-80.9,-126.1,-285.4,128.46,125.09,1
1228.2713,-87.2,-122.2,-287.4,130.40,126.44,1
1228.4054,-75.6,-125.1,-287.4,125.42,125.22,1
1228.5393,-79.8,-123.1,-288.3,129.92,122.61,1
1228.6736,-69.3,-117.3,-292.2,127.30,120.48,1
1228.8080,-65.1,-121.2,-287.4,125.82,116.80,1
1228.9448,-46.2,-129.0,-287.4,115.42,112.87,1
1229.0654,-45.2,-133.9,-286.4,115.47,112.89,1
1229.1994,-73.5,-132.9,-278.6,126.74,116.28,1
1229.3332,-79.8,-136.8,-284.4,126.75,119.50,1
1229.4661,-66.2,-136.8,-281.5,118.46,120.60,1
1229.6024,-68.3,-135.9,-280.5,120.93,118.69,1
1229.7365,-66.2,-135.9,-287.4,119.65,118.36,1
1229.8701,-57.8,-129.0,-287.4,116.90,117.42,1
1230.0086,-46.2,-133.9,-287.4,108.94,116.23,1
1230.1440,-51.5,-138.8,-286.4,112.55,116.67,1
1230.2772,-69.3,-134.9,-283.5,121.91,118.74,1
1230.4114,-70.4,-130.0,-283.5,123.76,120.52,1
1230.5458,-65.1,-131.0,-287.4,119.68,121.28,1
1230.6813,-70.4,-120.2,-287.4,127.96,120.08,1
1230.8164,-70.4,-116.3,-289.3,132.75,117.99,1
1230.9555,-75.6,-121.2,-288.3,133.10,114.61,0
1231.0878,-48.3,-119.2,-295.2,118.39,112.39,1
1231.2220,-54.6,-129.0,-288.3,119.23,112.98,1
1231.3564,-65.1,-131.9,-284.4,124.31,117.83,1
1231.4893,-93.5,-131.0,-276.6,134.42,123.73,1
1231.6236,-75.6,-122.2,-287.4,127.01,126.30,1
1231.7592,-85.1,-118.3,-291.3,133.75,124.81,1
1231.8922,-80.9,-108.5,-289.3,138.68,123.02,0
1232.0288,-87.2,-113.4,-287.4,138.88,120.37,0
1232.1623,-72.5,-120.2,-289.3,130.16,117.86,1
1232.2962,-76.7,-126.1,-284.4,129.10,118.03,1
1232.4305,-85.1,-131.0,-283.5,132.13,120.79,1
1232.5646,-114.5,-128.0,-269.8,140.78,125.32,0
1232.6964,-108.2,-115.3,-283.5,141.89,128.26,1
1232.8329,-107.1,-113.4,-282.5,143.78,127.72,0
1232.9693,-106.1,-111.4,-288.3,146.30,126.06,0
1233.1012,-110.3,-109.5,-284.4,149.76,124.05,0
1233.2352,-96.6,-116.3,-284.4,141.39,121.08,0
1233.3695,-85.1,-122.2,-286.4,136.22,120.48,0
1233.5050,-94.5,-116.3,-288.3,141.80,121.15,0
1233.6396,-99.8,-109.5,-283.5,146.87,125.39,0
1233.7731,-108.2,-108.5,-285.4,147.97,129.44,0
1233.9065,-109.2,-110.4,-283.5,146.26,130.63,0
1234.0415,-107.1,-109.5,-288.3,147.27,129.01,0
1234.1750,-104.0,-111.4,-288.3,147.51,125.31,0
1234.3067,-104.0,-125.1,-280.5,143.20,123.02,0
1234.4411,-87.2,-117.3,-286.4,137.89,122.71,0
1234.5743,-87.2,-123.1,-286.4,136.25,123.83,1
1234.7085,-109.2,-119.2,-282.5,143.84,126.49,0
1234.8410,-114.5,-114.4,-281.5,146.87,128.28,0
1234.9767,-104.0,-114.4,-285.4,144.75,128.15,0
1235.1114,-99.8,-111.4,-289.3,145.94,125.94,0
1235.2441,-92.4,-107.5,-290.3,146.58,122.09,0
1235.3774,-83.0,-120.2,-287.4,138.30,117.69,0
1235.5119,-71.4,-123.1,-283.5,132.73,115.73,0
1235.6434,-75.6,-128.0,-286.4,133.47,116.60,0
1235.7771,-97.7,-126.1,-279.6,140.95,120.10,0
1235.9110,-93.5,-120.2,-284.4,140.98,123.06,0
1236.0477,-93.5,-115.3,-285.4,143.24,124.13,0
1236.1802,-93.5,-105.6,-290.3,150.02,122.22,0
1236.3136,-106.1,-116.3,-283.5,148.80,119.23,0
1236.4468,-87.2,-121.2,-287.4,141.20,117.24,0
1236.5801,-65.1,-123.1,-290.3,130.81,117.52,1
1236.7144,-73.5,-133.9,-287.4,129.77,119.47,1
1236.8495,-94.5,-129.0,-281.5,137.89,123.24,1
1236.9866,-88.2,-124.1,-287.4,138.57,125.38,1
1237.1207,-87.2,-121.2,-287.4,139.88,125.28,1
1237.2551,-76.7,-111.4,-289.3,140.91,123.72,0
1237.3868,-85.1,-115.3,-287.4,145.22,120.84,0
1237.5203,-68.3,-113.4,-288.3,138.56,116.43,0
1237.6557,-57.8,-121.2,-292.2,132.37,113.72,0
1237.7875,-67.2,-125.1,-289.3,136.27,113.87,0
1237.9251,-90.3,-125.1,-284.4,144.12,116.66,0
1238.0565,-87.2,-116.3,-289.3,146.84,119.67,0
1238.1909,-89.3,-112.4,-289.3,147.36,121.10,0
1238.3231,-95.6,-111.4,-287.4,150.57,121.24,0
1238.4567,-106.1,-114.4,-285.4,151.95,120.46,0
1238.5898,-81.9,-115.3,-292.2,146.00,117.39,0
1238.7226,-67.2,-119.2,-291.3,139.04,115.30,0
1238.8569,-73.5,-127.1,-289.3,138.74,114.70,0
1238.9943,-85.1,-124.1,-283.5,143.22,116.01,0
1239.1267,-75.6,-111.4,-288.3,145.35,117.58,0
1239.2625,-67.2,-107.5,-297.1,145.41,119.05,0
1239.3954,-77.7,-111.4,-293.2,147.10,118.57,0
1239.5274,-79.8,-107.5,-296.1,149.88,116.78,0
1239.6606,-86.1,-114.4,-285.4,148.15,113.28,0
1239.7950,-59.9,-122.2,-290.3,136.41,111.42,0
1239.9306,-63.0,-122.2,-291.3,136.24,112.23,0
1240.0652,-71.4,-130.0,-286.4,136.54,115.03,0
1240.1991,-79.8,-122.2,-288.3,140.92,118.02,0
1240.3329,-67.2,-120.2,-287.4,137.59,119.22,0
1240.4672,-71.4,-113.4,-288.3,142.10,119.29,1
1240.6014,-60.9,-105.6,-295.2,144.01,115.47,0
1240.7334,-55.7,-113.4,-292.2,138.25,111.14,0
1240.8685,-36.8,-124.1,-294.2,124.08,109.75,1
1241.0055,-33.6,-124.1,-292.2,122.14,111.06,1
1241.1380,-56.7,-129.0,-285.4,127.86,117.23,1
1241.2733,-72.5,-121.2,-286.4,132.96,124.05,1
1241.4077,-68.3,-114.4,-294.2,130.05,126.32,1
1241.5418,-63.0,-118.3,-289.3,130.62,125.06,1
1241.6752,-66.2,-110.4,-290.3,137.61,120.93,0
1241.8090,-46.2,-115.3,-293.2,125.67,116.29,1
1241.9472,-26.3,-131.9,-292.2,106.99,113.66,1
1242.0804,-42.0,-131.9,-290.3,116.73,115.94,1
1242.2156,-70.4,-129.0,-283.5,130.24,121.34,1
1242.3497,-89.3,-120.2,-281.5,139.80,125.41,1
1242.4838,-73.5,-119.2,-288.3,131.82,127.19,1
1242.6184,-81.9,-110.4,-288.3,142.57,126.75,0
1242.7521,-74.6,-110.4,-289.3,141.66,122.86,0
1242.8848,-78.8,-123.1,-285.4,140.47,119.26,0
1243.0208,-54.6,-123.1,-293.2,127.92,116.68,1
1243.1553,-63.0,-125.1,-289.3,131.21,118.60,1
1243.2887,-89.3,-130.0,-277.6,139.47,122.21,0
1243.4222,-106.1,-122.2,-279.6,144.87,126.26,0
1243.5575,-85.1,-126.1,-283.5,133.60,130.42,1
1243.6899,-91.4,-126.1,-282.5,136.50,131.39,1
1243.8245,-102.9,-116.3,-285.4,146.21,130.64,0
1243.9610,-100.8,-119.2,-284.4,145.23,126.94,0
1244.0954,-66.2,-122.2,-289.3,127.43,124.80,1
1244.2288,-70.4,-131.0,-284.4,126.11,126.30,1
1244.3630,-83.0,-137.8,-278.6,128.75,128.88,1
1244.4973,-115.5,-138.8,-269.8,139.55,132.55,1
1244.6314,-96.6,-130.0,-277.6,135.27,133.09,1
1244.7656,-93.5,-117.3,-284.4,140.45,133.27,1
1244.9007,-88.2,-117.3,-281.5,141.34,132.10,1
1245.0364,-99.8,-122.2,-285.4,145.28,127.84,0
1245.1713,-70.4,-128.0,-285.4,130.63,125.16,1
1245.3053,-57.8,-131.9,-283.5,123.76,124.72,1
1245.4382,-67.2,-136.8,-280.5,126.17,123.92,1
1245.5727,-71.4,-134.9,-285.4,131.66,124.99,1
1245.7080,-78.8,-128.0,-286.4,135.41,126.78,1
1245.8418,-73.5,-124.1,-285.4,136.57,127.98,1
1245.9787,-69.3,-122.2,-286.4,135.32,127.45,1
1246.1129,-76.7,-118.3,-285.4,140.72,126.54,1
1246.2474,-73.5,-126.1,-284.4,137.22,124.32,1
1246.3814,-66.2,-130.0,-285.4,134.12,122.53,1
1246.5156,-60.9,-130.0,-282.5,132.07,121.03,1
1246.6481,-67.2,-130.0,-284.4,134.45,122.26,1
1246.7818,-70.4,-129.0,-285.4,135.85,124.70,1
1246.9194,-72.5,-124.1,-283.5,138.96,126.97,1
1247.0537,-70.4,-114.4,-289.3,142.01,125.97,0
1247.1856,-77.7,-112.4,-288.3,147.67,124.42,0
1247.3200,-73.5,-111.4,-292.2,146.78,123.25,0
1247.4512,-58.8,-120.2,-291.3,134.79,122.49,1
1247.5854,-51.5,-128.0,-287.4,128.59,124.11,1
1247.7201,-59.9,-122.2,-290.3,134.45,124.56,1
1247.8547,-66.2,-116.3,-291.3,139.70,125.16,1
1247.9917,-66.2,-114.4,-291.3,141.28,127.24,1
1248.1235,-57.8,-106.5,-295.2,141.93,127.32,1
1248.2569,-68.3,-98.7,-296.1,149.40,127.55,0
1248.3910,-75.6,-101.6,-296.1,151.99,126.58,0
1248.5238,-48.3,-103.6,-293.2,140.21,121.96,0
1248.6567,-39.9,-110.4,-294.2,131.63,119.80,1
1248.7896,-55.7,-114.4,-295.2,138.98,121.31,0
1248.9249,-63.0,-104.6,-294.2,143.18,123.21,0
1249.0583,-52.5,-113.4,-296.1,133.86,124.21,1
1249.1909,-46.2,-103.6,-297.1,135.60,123.76,1
1249.3250,-47.3,-102.6,-300.0,138.88,122.67,0
1249.4589,-53.6,-104.6,-296.1,138.48,119.71,0
1249.5902,-25.2,-109.5,-293.2,120.06,118.71,1
1249.7253,-36.8,-114.4,-293.2,125.08,119.80,1
1249.8598,-65.1,-115.3,-292.2,137.45,122.90,1
1249.9951,-62.0,-113.4,-289.3,135.05,126.27,1
1250.1282,-62.0,-114.4,-295.2,132.33,129.53,1
1250.2632,-66.2,-106.5,-292.2,136.51,131.02,1
1250.3969,-73.5,-104.6,-289.3,143.45,130.26,1
1250.5305,-83.0,-114.4,-287.4,141.79,126.41,0
1250.6632,-51.5,-113.4,-287.4,126.62,126.37,1
1250.7981,-55.7,-125.1,-291.3,126.28,128.33,1
1250.9333,-73.5,-123.1,-287.4,132.81,130.04,1
1251.0673,-66.2,-121.2,-282.5,130.21,130.35,1
1251.2014,-67.2,-117.3,-288.3,130.90,131.15,1
1251.3336,-65.1,-117.3,-285.4,131.29,131.32,1
1251.4676,-71.4,-114.4,-286.4,136.02,130.87,1
1251.6030,-80.9,-121.2,-284.4,136.28,128.07,1
1251.7366,-52.5,-124.1,-286.4,123.43,125.13,1
1251.8703,-50.4,-126.1,-283.5,123.05,122.88,1
1252.0069,-56.7,-121.2,-285.4,128.90,122.49,1
1252.1433,-74.6,-119.2,-283.5,135.97,124.41,1
1252.2761,-57.8,-118.3,-291.3,128.08,126.35,1
1252.4099,-52.5,-117.3,-292.2,126.28,125.80,1
1252.5440,-56.7,-113.4,-290.3,130.71,124.68,1
1252.6773,-62.0,-114.4,-289.3,132.49,123.06,1
1252.8120,-37.8,-120.2,-291.3,117.30,121.10,1
1252.9498,-25.2,-127.1,-287.4,108.82,120.85,1
1253.0817,-25.2,-122.2,-291.3,109.41,121.65,1
1253.2165,-42.0,-119.2,-289.3,117.88,123.57,1
1253.3504,-18.9,-120.2,-294.2,100.59,125.41,0
1253.4822,-23.1,-110.4,-299.1,103.85,126.96,0
1253.6152,-37.8,-106.5,-298.1,119.08,126.55,1
1253.7503,-55.7,-115.3,-286.4,127.94,124.77,1
1253.8831,-34.7,-115.3,-293.2,113.43,123.93,1
1254.0200,-27.3,-120.2,-290.3,108.98,125.26,0
1254.1533,-38.9,-123.1,-292.2,113.97,126.89,1
1254.2881,-51.5,-123.1,-290.3,118.42,129.43,1
1254.4221,-38.9,-121.2,-287.4,107.16,133.11,0
1254.5547,-42.0,-117.3,-291.3,109.71,134.58,0
1254.6860,-38.9,-109.5,-295.2,115.31,132.20,0
1254.8192,-33.6,-105.6,-294.2,112.36,127.49,0
1254.9559,5.3,-113.4,-293.2,75.82,124.28,0
1255.0888,14.7,-122.2,-291.3,73.55,124.58,0
1255.2213,-13.7,-118.3,-293.2,93.92,126.39,0
1255.3538,-18.9,-119.2,-291.3,96.06,126.33,0
1255.4867,-20.0,-120.2,-291.3,97.75,127.04,0
1255.6181,-31.5,-110.4,-291.3,107.50,127.51,0
1255.7514,-34.7,-104.6,-297.1,113.75,126.68,1
1255.8870,-48.3,-113.4,-291.3,120.82,123.36,1
1256.0233,-15.8,-121.2,-292.2,96.63,120.99,0
1256.1572,-13.7,-124.1,-291.3,94.85,122.16,0
1256.2906,-24.2,-129.0,-286.4,102.26,123.76,0
1256.4230,-26.3,-122.2,-285.4,103.87,124.35,0
1256.5559,-15.8,-123.1,-291.3,94.67,123.98,0
1256.6888,-8.4,-113.4,-289.3,91.21,123.33,0
1256.8206,-16.8,-109.5,-294.2,101.88,122.54,0
1256.9570,-32.6,-112.4,-300.0,114.53,121.76,1
1257.0924,-20.0,-116.3,-295.2,104.51,120.01,0
1257.2243,-25.2,-122.2,-289.3,107.96,119.47,1
1257.3585,-29.4,-123.1,-290.3,112.40,119.29,1
1257.4939,-55.7,-124.1,-288.3,126.93,119.41,1
1257.6279,-52.5,-121.2,-290.3,122.79,120.16,1
1257.7609,-28.4,-118.3,-295.2,111.96,119.36,1
1257.8958,-33.6,-114.4,-291.3,117.24,119.96,1
1258.0209,-48.3,-118.3,-292.2,125.12,120.09,1
1258.1527,-39.9,-121.2,-289.3,119.54,119.10,1
1258.2858,-31.5,-126.1,-289.3,113.15,118.97,1
1258.4199,-30.5,-126.1,-290.3,112.39,120.41,1
1258.5550,-46.2,-129.0,-287.4,121.13,121.65,1
1258.6875,-34.7,-125.1,-292.2,114.72,122.89,1
1258.8219,-30.5,-122.2,-295.2,114.02,123.73,1
1258.9597,-32.6,-114.4,-292.2,118.83,122.26,1
1259.0928,-37.8,-111.4,-297.1,126.76,119.70,1
1259.2264,-34.7,-118.3,-300.0,122.94,117.90,1
1259.3603,-30.5,-124.1,-291.3,118.17,117.96,1
1259.4932,-39.9,-128.0,-289.3,121.52,119.20,1
1259.6277,-50.4,-120.2,-290.3,128.79,121.45,1
1259.7618,-51.5,-117.3,-293.2,129.66,124.17,1
1259.8952,-48.3,-115.3,-290.3,129.21,125.46,1
1260.0320,-48.3,-110.4,-294.2,131.93,124.38,1
1260.1676,-68.3,-119.2,-289.3,136.83,120.81,0
1260.2993,-58.8,-123.1,-288.3,131.98,120.09,1
1260.4334,-36.8,-120.2,-288.3,124.04,123.49,1
1260.5675,-56.7,-128.0,-290.3,128.74,126.74,1
1260.7026,-59.9,-119.2,-288.3,133.70,129.18,1
1260.8360,-51.5,-121.2,-290.3,130.37,131.48,1
1260.9724,-48.3,-118.3,-291.3,130.39,132.54,1
1261.1069,-51.5,-117.3,-293.2,132.53,130.89,1
1261.2410,-57.8,-123.1,-286.4,132.29,127.46,1
1261.3750,-41.0,-127.1,-289.3,123.91,125.71,1
1261.5093,-24.2,-129.0,-292.2,116.10,125.31,1
1261.6414,-34.7,-126.1,-292.2,121.64,126.01,1
1261.7754,-55.7,-125.1,-288.3,131.45,128.22,1
1261.9127,-46.2,-117.3,-291.3,129.86,128.41,1
1262.0448,-29.4,-116.3,-290.3,123.97,125.65,1
1262.1781,-31.5,-114.4,-293.2,127.32,121.45,1
1262.3116,-31.5,-117.3,-294.2,126.85,116.24,1
1262.4454,-6.3,-116.3,-294.2,115.19,113.18,1
1262.5778,2.1,-119.2,-296.1,110.96,111.58,1
1262.7119,-11.6,-118.3,-291.3,117.98,111.71,1
1262.8480,-27.3,-115.3,-295.2,128.63,115.64,1
1262.9837,-39.9,-114.4,-294.2,132.94,119.72,1
1263.1181,-35.7,-109.5,-293.2,135.04,121.66,1
1263.2526,-42.0,-104.6,-294.2,139.64,121.82,0
1263.3853,-44.1,-108.5,-296.1,139.09,118.14,0
1263.5182,-26.3,-106.5,-298.1,132.21,114.99,0
1263.6508,-18.9,-111.4,-295.2,127.21,113.49,1
1263.7834,-32.6,-118.3,-293.2,129.43,115.56,1
1263.9229,-39.9,-113.4,-298.1,135.62,122.04,1
1264.0573,-30.5,-111.4,-297.1,133.59,126.88,1
1264.1900,-28.4,-107.5,-296.1,133.26,126.57,1
1264.3228,-28.4,-107.5,-298.1,134.53,125.40,1
1264.4578,-43.1,-99.7,-295.2,142.11,123.43,0
1264.5910,-21.0,-104.6,-299.1,131.99,121.67,1
1264.7240,-22.1,-110.4,-298.1,129.98,120.60,1
1264.8593,-20.0,-105.6,-302.0,131.97,120.57,1
1264.9978,-37.8,-114.4,-294.2,133.75,122.00,1
1265.1294,-30.5,-117.3,-294.2,131.19,125.68,1
1265.2642,-41.0,-114.4,-295.2,135.65,128.86,1
1265.3981,-51.5,-110.4,-295.2,140.62,129.57,1
1265.5317,-62.0,-111.4,-289.3,141.14,127.31,1
1265.6656,-34.7,-113.4,-292.2,131.37,125.47,1
1265.8007,-41.0,-127.1,-292.2,129.31,125.27,1
1265.9358,-44.1,-124.1,-293.2,132.20,125.65,1
1266.0698,-51.5,-119.2,-291.3,135.42,126.32,1
1266.2041,-38.9,-111.4,-295.2,134.21,127.95,1
1266.3363,-42.0,-111.4,-294.2,135.86,127.54,1
1266.4707,-37.8,-101.6,-297.1,138.77,125.57,1
1266.6059,-47.3,-110.4,-297.1,136.91,120.95,0
1266.7376,-25.2,-106.5,-299.1,130.97,119.64,1
1266.8731,-30.5,-110.4,-295.2,130.64,119.13,1
1267.0106,-34.7,-110.4,-293.2,131.97,119.95,1
1267.1464,-36.8,-114.4,-294.2,130.63,123.26,1
1267.2826,-30.5,-114.4,-294.2,129.51,126.17,1
1267.4167,-32.6,-109.5,-295.2,131.36,126.18,1
1267.5495,-36.8,-109.5,-295.2,133.19,125.16,1
1267.6848,-34.7,-115.3,-296.1,128.76,122.60,1
1267.8197,-6.3,-121.2,-295.2,116.38,122.56,1
1267.9558,-23.1,-124.1,-292.2,121.51,123.09,1
1268.0907,-38.9,-117.3,-294.2,128.97,124.98,1
1268.2264,-47.3,-115.3,-295.2,132.56,126.37,1
1268.3591,-32.6,-115.3,-298.1,128.06,127.45,1
1268.4944,-37.8,-109.5,-299.1,131.18,127.58,1
1268.6284,-43.1,-106.5,-299.1,134.87,127.42,1
1268.7619,-37.8,-110.4,-294.2,128.97,125.01,1
1268.8975,-5.3,-121.2,-298.1,113.20,123.15,1
1269.0353,-17.9,-120.2,-295.2,119.36,124.84,1
1269.1684,-32.6,-121.2,-289.3,124.48,128.06,1
1269.3040,-50.4,-117.3,-291.3,130.47,129.46,1
1269.4381,-38.9,-117.3,-291.3,126.83,129.99,1
1269.5704,-34.7,-114.4,-294.2,124.93,129.41,1
1269.7050,-36.8,-113.4,-292.2,127.67,128.70,1
1269.8416,-54.6,-114.4,-291.3,132.54,127.23,1
1269.9760,-24.2,-112.4,-293.2,120.56,128.03,1
1270.1094,-31.5,-111.4,-297.1,124.46,129.62,1
1270.2443,-48.3,-122.2,-288.3,128.65,130.89,1
1270.3804,-49.4,-117.3,-291.3,128.70,131.36,1
1270.5130,-33.6,-114.4,-292.2,124.61,131.52,1
1270.6472,-33.6,-105.6,-297.1,125.80,130.27,1
1270.7815,-32.6,-103.6,-300.0,129.05,129.28,1
1270.9184,-56.7,-110.4,-293.2,135.38,126.99,1
1271.0541,-23.1,-105.6,-297.1,122.01,126.34,1
1271.1889,-26.3,-113.4,-298.1,121.35,127.32,1
1271.3219,-33.6,-111.4,-294.2,125.03,129.97,1
1271.4574,-48.3,-111.4,-293.2,129.43,131.71,1
1271.5915,-29.4,-111.4,-295.2,120.08,132.59,1
1271.7245,-32.6,-109.5,-298.1,124.21,132.34,1
1271.8581,-37.8,-109.5,-295.2,128.28,130.56,1
1271.9962,-56.7,-104.6,-294.2,135.57,126.96,1
1272.1294,-30.5,-108.5,-294.2,120.75,124.22,1
1272.2643,-15.8,-111.4,-294.2,114.08,123.62,1
1272.3988,-22.1,-110.4,-298.1,117.83,125.12,1
1272.5329,-44.1,-108.5,-297.1,129.83,126.56,1
1272.6670,-32.6,-107.5,-300.0,124.33,127.62,1
1272.8020,-29.4,-107.5,-294.2,124.61,128.17,1
1272.9375,-39.9,-102.6,-296.1,131.54,127.60,1
1273.0714,-38.9,-112.4,-295.2,128.80,127.87,1
1273.2060,-33.6,-113.4,-298.1,125.48,127.40,1
1273.3388,-14.7,-111.4,-297.1,117.15,125.27,1
1273.4736,-13.7,-109.5,-298.1,116.93,124.08,1
1273.6092,-38.9,-119.2,-293.2,125.10,125.71,1
1273.7422,-38.9,-110.4,-296.1,128.17,127.24,1
1273.8776,-27.3,-109.5,-298.1,124.91,128.25,1
1274.0159,-30.5,-104.6,-295.2,127.89,128.22,1
1274.1502,-36.8,-99.7,-299.1,133.99,126.92,1
1274.2848,-36.8,-102.6,-298.1,130.62,124.74,1
1274.4187,-10.5,-104.6,-301.0,116.58,123.94,1
1274.5516,-15.8,-117.3,-294.2,115.95,124.93,1
1274.6864,-28.4,-112.4,-299.1,125.73,126.20,1
1274.8210,-36.8,-113.4,-295.2,128.42,127.74,1
1274.9582,-29.4,-107.5,-299.1,125.91,128.71,1
1275.0909,-20.0,-102.6,-299.1,124.06,128.44,1
1275.2266,-25.2,-101.6,-299.1,128.89,127.80,1
1275.3589,-26.3,-99.7,-299.1,130.10,125.76,1
1275.4935,-17.9,-97.7,-299.1,127.41,125.26,1
1275.6274,-33.6,-104.6,-296.1,131.84,127.76,1
1275.7609,-55.7,-116.3,-293.2,134.75,129.43,1
1275.8962,-51.5,-115.3,-293.2,132.65,130.15,1
1276.0346,-47.3,-112.4,-294.2,132.75,130.20,1
1276.1677,-39.9,-103.6,-300.0,133.58,128.06,1
1276.3017,-52.5,-104.6,-294.2,139.83,125.53,1
1276.4356,-44.1,-106.5,-293.2,134.80,122.37,1
1276.5677,-33.6,-109.5,-294.2,129.87,122.86,1
1276.7020,-43.1,-113.4,-294.2,132.15,125.01,1
1276.8397,-55.7,-116.3,-292.2,135.64,125.40,1
1276.9757,-48.3,-105.6,-298.1,135.40,126.36,1
1277.1102,-30.5,-104.6,-299.1,128.04,127.68,1
1277.2450,-27.3,-100.7,-294.2,127.60,127.71,1
1277.3791,-41.0,-100.7,-298.1,134.49,128.21,1
1277.5134,-54.6,-110.4,-296.1,134.24,127.63,1
1277.6474,-29.4,-110.4,-299.1,122.49,126.98,1
1277.7801,-37.8,-119.2,-294.2,123.69,127.31,1
1277.9198,-42.0,-121.2,-293.2,125.42,128.12,1
1278.0545,-55.7,-125.1,-286.4,128.43,130.21,1
1278.1874,-37.8,-119.2,-293.2,122.27,131.98,1
1278.3221,-44.1,-114.4,-293.2,125.58,131.14,1
1278.4574,-41.0,-110.4,-294.2,125.97,129.61,1
1278.5899,-44.1,-113.4,-294.2,127.68,127.31,1
1278.7245,-18.9,-114.4,-294.2,115.32,126.32,1
1278.8598,-28.4,-109.5,-295.2,121.09,126.63,1
1278.9962,-39.9,-112.4,-296.1,126.81,126.95,1
1279.1300,-48.3,-102.6,-296.1,132.85,125.77,1
1279.2648,-35.7,-101.6,-301.0,127.59,126.99,1
1279.3973,-23.1,-98.7,-301.0,120.66,126.58,1
1279.5332,-31.5,-94.8,-298.1,128.63,126.14,1
1279.6671,-39.9,-101.6,-299.1,132.51,123.95,1
1279.8007,-23.1,-102.6,-299.1,122.87,122.84,1
1279.9388,-18.9,-105.6,-302.0,120.54,123.16,1
1280.0721,-25.2,-104.6,-297.1,123.67,124.54,1
1280.2052,-37.8,-106.5,-297.1,127.95,127.57,1
1280.3394,-29.4,-103.6,-299.1,125.03,130.68,1
1280.4740,-34.7,-105.6,-295.2,126.40,132.11,1
1280.6075,-35.7,-112.4,-295.2,126.21,131.91,1
1280.7418,-49.4,-108.5,-295.2,133.71,129.85,1
1280.8771,-32.6,-109.5,-294.2,126.11,127.85,1
1281.0137,-17.9,-105.6,-301.0,119.71,126.45,1
1281.1479,-29.4,-114.4,-292.2,123.29,127.07,1
1281.2824,-62.0,-109.5,-294.2,139.76,129.13,1
1281.4151,-80.9,-107.5,-289.3,144.80,130.32,1
1281.5496,-77.7,-110.4,-289.3,144.25,130.50,1
1281.6851,-78.8,-106.5,-290.3,146.46,128.50,0
1281.8176,-91.4,-100.7,-291.3,150.64,126.07,0
1281.9542,-79.8,-107.5,-291.3,146.35,126.17,0
1282.0878,-88.2,-104.6,-289.3,148.39,126.64,0
1282.2219,-86.1,-108.5,-288.3,147.93,128.29,0
1282.3552,-97.7,-96.8,-293.2,155.61,127.96,0
1282.4891,-106.1,-91.9,-290.3,158.70,128.52,0
1282.6208,-93.5,-90.9,-291.3,158.95,129.09,0
1282.7552,-84.0,-88.0,-294.2,157.83,129.26,0
1282.8897,-65.1,-93.8,-291.3,151.52,128.91,0
1283.0259,-69.3,-102.6,-296.1,148.46,128.40,0
1283.1587,-73.5,-103.6,-294.2,148.01,127.30,0
1283.2936,-56.7,-101.6,-294.2,144.14,125.54,0
1283.4267,-41.0,-111.4,-299.1,135.77,126.11,1
1283.5594,-30.5,-115.3,-292.2,129.16,126.59,1
1283.6937,-22.1,-113.4,-297.1,125.98,127.10,1
1283.8303,-17.9,-110.4,-296.1,123.06,126.67,1
1283.9657,-5.3,-109.5,-294.2,116.48,128.70,1
1284.1004,3.2,-106.5,-303.0,113.47,130.66,0
1284.2342,-1.1,-100.7,-303.0,117.68,131.24,1
1284.3679,-11.6,-111.4,-297.1,122.88,130.35,1
1284.5021,-8.4,-117.3,-293.2,117.80,128.10,1
1284.6364,8.4,-113.4,-295.2,109.68,126.57,0
1284.7698,5.3,-119.2,-296.1,110.49,126.65,0
1284.9037,-4.2,-117.3,-295.2,116.64,128.05,1
1285.0393,-13.7,-119.2,-294.2,121.58,127.84,1
1285.1739,-4.2,-117.3,-294.2,116.57,129.11,1
1285.3072,-2.1,-117.3,-291.3,116.79,127.65,1
1285.4408,-11.6,-114.4,-294.2,123.16,126.91,1
1285.5748,-25.2,-112.4,-295.2,129.12,126.30,1
1285.7078,3.2,-115.3,-296.1,114.06,124.15,1
1285.8432,7.4,-121.2,-298.1,110.79,123.03,1
1285.9816,3.2,-127.1,-292.2,111.97,122.32,1
1286.1146,0.0,-119.2,-296.1,115.72,122.71,1
1286.2496,6.3,-115.3,-297.1,112.40,123.21,1
1286.3836,13.7,-109.5,-298.1,110.15,122.11,1
1286.5174,7.4,-106.5,-299.1,115.73,120.71,1
1286.6515,-8.4,-103.6,-300.0,126.76,120.37,1
1286.7861,-13.7,-104.6,-295.2,127.59,119.55,1
1286.9229,0.0,-106.5,-295.2,117.11,118.96,1
1287.0568,1.1,-116.3,-297.1,114.62,119.93,1
1287.1912,-29.4,-118.3,-293.2,127.55,122.70,1
1287.3237,-31.5,-118.3,-297.1,129.50,124.45,1
1287.4583,-24.2,-109.5,-302.0,130.30,124.09,1
1287.5938,-42.0,-101.6,-302.0,139.93,119.43,0
1287.7256,-50.4,-98.7,-296.1,142.40,117.91,0
1287.8598,-32.6,-100.7,-303.0,135.51,116.46,0
1287.9965,-5.3,-107.5,-300.0,118.35,116.73,1
1288.1310,-27.3,-119.2,-293.2,124.16,118.64,1
1288.2656,-45.2,-115.3,-294.2,132.06,121.46,1
1288.4000,-36.8,-112.4,-296.1,130.79,123.13,1
1288.5346,-13.7,-114.4,-298.1,118.79,126.93,1
1288.6709,-29.4,-112.4,-297.1,128.40,126.75,1
1288.8067,-35.7,-107.5,-294.2,132.67,125.07,1
1288.9437,-49.4,-111.4,-290.3,135.23,123.77,1
1289.0758,-46.2,-120.2,-292.2,130.03,123.54,1
1289.2106,-31.5,-113.4,-299.1,127.67,125.42,1
1289.3448,-35.7,-111.4,-296.1,129.32,127.82,1
1289.4778,-27.3,-119.2,-290.3,125.12,128.50,1
1289.6120,-24.2,-110.4,-299.1,125.83,129.78,1
1289.7474,-31.5,-120.2,-292.2,126.90,129.72,1
1289.8808,-41.0,-108.5,-297.1,135.45,128.55,1
1290.0166,-48.3,-99.7,-297.1,140.10,128.10,1
1290.1514,-58.8,-102.6,-296.1,141.72,127.43,1
1290.2854,-49.4,-95.8,-302.0,141.86,125.84,0
1290.4187,-53.6,-100.7,-299.1,141.37,126.74,1
1290.5528,-53.6,-114.4,-297.1,134.99,128.75,1
1290.6854,-39.9,-110.4,-297.1,129.79,130.14,1
1290.8214,-25.2,-111.4,-300.0,124.28,132.05,1
1290.9582,-35.7,-111.4,-297.1,131.13,131.50,1
1291.0910,-47.3,-109.5,-294.2,133.62,130.23,1
1291.2250,-41.0,-111.4,-296.1,131.05,127.43,1
1291.3585,-16.8,-103.6,-300.0,123.32,125.76,1
1291.4925,4.2,-108.5,-293.2,109.40,125.37,0
1291.6244,-3.2,-116.3,-294.2,110.70,127.75,0
1291.7581,3.2,-107.5,-300.0,114.92,131.20,0
1291.8941,-7.4,-107.5,-298.1,118.34,133.96,0
1292.0288,-13.7,-102.6,-301.0,123.67,135.02,1
1292.1634,0.0,-103.6,-296.1,115.66,133.41,0
1292.2975,-3.2,-105.6,-303.0,120.31,130.11,1
1292.4311,6.3,-103.6,-301.0,115.28,125.67,1
1292.5652,7.4,-102.6,-296.1,114.95,123.56,1
1292.6994,-11.6,-112.4,-295.2,123.18,124.61,1
1292.8323,-25.2,-109.5,-295.2,129.86,128.97,1
1292.9721,-21.0,-109.5,-297.1,128.74,131.39,1
1293.1040,-6.3,-106.5,-302.0,121.85,132.71,1
1293.2377,-2.1,-103.6,-298.1,119.24,130.60,1
1293.3719,1.1,-96.8,-301.0,118.46,128.01,1
1293.5071,-4.2,-107.5,-298.1,119.49,126.23,1
1293.6419,-7.4,-105.6,-296.1,121.86,124.65,1
1293.7753,-20.0,-113.4,-301.0,124.39,125.99,1
1293.9102,-24.2,-111.4,-299.1,126.40,130.07,1
1294.0467,-31.5,-107.5,-293.2,130.19,133.87,1
1294.1812,-14.7,-109.5,-294.2,122.14,136.08,1
1294.3155,-17.9,-109.5,-299.1,124.73,134.81,1
1294.4486,-22.1,-105.6,-298.1,128.46,131.00,1
1294.5824,-24.2,-102.6,-298.1,128.99,127.26,1
1294.7164,18.9,-101.6,-300.0,102.81,127.50,0
1294.8485,13.7,-104.6,-299.1,104.76,129.33,0
1294.9855,4.2,-117.3,-292.2,106.47,131.61,0
1295.1203,-13.7,-114.4,-294.2,116.05,134.15,0
1295.2520,2.1,-107.5,-296.1,107.30,135.57,0
1295.3851,-3.2,-105.6,-297.1,111.54,134.72,0
1295.5187,4.2,-99.7,-299.1,109.34,131.71,0
1295.6510,-2.1,-107.5,-296.1,111.18,127.85,0
1295.7842,27.3,-97.7,-299.1,89.22,126.33,0
1295.9202,39.9,-100.7,-298.1,80.59,125.90,0
1296.0525,37.8,-104.6,-298.1,79.89,126.79,0
1296.1883,14.7,-108.5,-297.1,96.70,128.51,0
1296.3216,30.5,-107.5,-296.1,84.38,128.41,0
1296.4553,26.3,-93.8,-300.0,89.08,126.19,0
1296.5872,26.3,-92.9,-300.0,93.53,122.74,0
1296.7216,7.4,-100.7,-303.0,106.24,118.73,1
1296.8561,50.4,-89.9,-297.1,69.11,118.04,0
1296.9909,32.6,-95.8,-299.1,88.24,120.15,0
1297.1244,21.0,-110.4,-300.0,93.00,124.35,0
1297.2591,2.1,-110.4,-299.1,105.67,127.20,0
1297.3904,20.0,-105.6,-300.0,91.98,129.55,0
1297.5242,13.7,-100.7,-295.2,97.63,129.53,0
1297.6573,12.6,-93.8,-302.0,100.01,128.21,0
1297.7918,-9.5,-103.6,-301.0,115.08,124.64,1
1297.9275,15.8,-103.6,-299.1,97.58,122.35,0
1298.0612,16.8,-110.4,-299.1,95.57,123.15,0
1298.1947,2.1,-117.3,-296.1,103.76,124.91,0
1298.3277,0.0,-113.4,-296.1,103.88,126.43,0
1298.4607,14.7,-102.6,-298.1,91.47,127.74,0
1298.5935,33.6,-96.8,-300.0,75.66,126.88,0
1298.7255,33.6,-95.8,-301.0,75.52,125.87,0
1298.8590,21.0,-101.6,-300.0,83.45,123.00,0
1298.9962,51.5,-92.9,-295.2,58.02,121.34,0
1299.1279,45.2,-98.7,-300.0,65.09,121.53,0
1299.2623,28.4,-105.6,-299.1,80.31,124.03,0
1299.3970,2.1,-108.5,-295.2,97.62,128.36,0
1299.5300,7.4,-104.6,-297.1,89.24,131.35,0
1299.6616,7.4,-98.7,-301.0,85.00,132.96,0
1299.7962,17.9,-95.8,-300.0,77.87,131.91,0
1299.9342,9.5,-94.8,-301.0,84.02,128.86,0
1300.0661,53.6,-92.9,-295.2,48.24,127.31,0
1300.1996,49.4,-97.7,-295.2,54.36,127.39,0
1300.3330,33.6,-107.5,-292.2,70.03,128.19,0
1300.4656,27.3,-110.4,-298.1,68.69,130.64,0
1300.5987,28.4,-104.6,-296.1,64.52,133.19,0
1300.7330,22.1,-93.8,-298.1,63.04,135.13,0
1300.8669,17.9,-99.7,-303.0,69.38,137.42,0
1301.0035,-11.6,-104.6,-301.0,97.85,134.09,1
1301.1383,14.7,-101.6,-295.2,72.10,131.71,0
1301.2719,32.6,-100.7,-298.1,60.47,130.41,0
1301.4040,20.0,-105.6,-299.1,73.55,129.86,0
1301.5396,5.3,-104.6,-294.2,87.58,129.93,0
1301.6726,13.7,-100.7,-303.0,78.01,128.72,0
1301.8050,13.7,-91.9,-300.0,75.21,127.70,0
1301.9424,28.4,-88.9,-301.0,63.24,126.20,0
1302.0774,30.5,-79.2,-303.0,62.00,123.39,0
1302.2095,27.3,-91.9,-303.9,67.77,119.92,0
1302.3428,65.1,-79.2,-296.1,39.59,119.19,0
1302.4764,37.8,-87.0,-303.9,64.72,122.26,0
1302.6091,0.0,-95.8,-301.0,98.68,125.98,0
1302.7426,-17.9,-98.7,-302.0,113.61,127.75,1
1302.8780,-8.4,-95.8,-301.0,105.60,130.10,0
1303.0133,-13.7,-94.8,-304.9,110.70,130.34,0
1303.1470,-20.0,-99.7,-304.9,115.01,128.08,1
1303.2815,-25.2,-102.6,-302.0,118.48,125.64,1
1303.4138,-13.7,-105.6,-301.0,109.42,124.89,0
1303.5472,-7.4,-114.4,-296.1,102.36,125.02,0
1303.6818,-15.8,-114.4,-296.1,106.63,126.97,0
1303.8156,-33.6,-107.5,-298.1,116.42,128.99,1
1303.9525,-23.1,-110.4,-298.1,109.55,130.79,0
1304.0846,-14.7,-104.6,-300.0,104.92,130.72,0
1304.2193,-36.8,-110.4,-295.2,118.91,129.41,1
1304.3521,-47.3,-116.3,-292.2,121.49,125.20,1
1304.4868,-17.9,-117.3,-298.1,105.77,123.23,0
1304.6198,-16.8,-118.3,-296.1,103.13,123.82,0
1304.7524,-28.4,-124.1,-291.3,107.19,125.78,0
1304.8869,-36.8,-118.3,-294.2,113.43,126.82,1
1305.0119,-30.5,-114.4,-294.2,111.32,127.65,0
1305.1434,-32.6,-111.4,-297.1,111.51,127.28,0
1305.2781,-35.7,-107.5,-296.1,115.93,125.47,1
1305.4125,-48.3,-118.3,-291.3,121.26,121.67,1
1305.5470,-33.6,-111.4,-292.2,115.01,120.57,1
1305.6797,-29.4,-114.4,-297.1,110.47,120.36,1
1305.8141,-25.2,-117.3,-292.2,109.99,120.51,1
1305.9510,-46.2,-119.2,-294.2,118.43,122.25,1
1306.0841,-24.2,-110.4,-295.2,104.94,123.49,0
1306.2179,-23.1,-104.6,-299.1,104.41,123.60,0
1306.3522,-14.7,-100.7,-298.1,98.36,124.19,0
1306.4839,-29.4,-101.6,-295.2,115.47,121.58,1
1306.6180,-22.1,-102.6,-299.1,107.52,118.43,1
1306.7524,-17.9,-104.6,-299.1,105.15,117.37,1
1306.8874,-37.8,-113.4,-296.1,115.92,117.97,1
1307.0230,-49.4,-116.3,-296.1,121.85,121.89,1
1307.1576,-48.3,-106.5,-294.2,121.24,124.76,1
1307.2909,-46.2,-104.6,-294.2,121.00,124.66,1
1307.4244,-37.8,-110.4,-299.1,118.81,123.44,1
1307.5584,-55.7,-107.5,-297.1,129.33,122.46,1
1307.6912,-63.0,-110.4,-293.2,131.06,120.83,1
1307.8265,-52.5,-111.4,-295.2,124.74,121.83,1
1307.9652,-46.2,-118.3,-291.3,118.42,123.75,1
1308.0986,-55.7,-120.2,-291.3,122.09,126.58,1
1308.2338,-53.6,-115.3,-292.2,121.52,128.38,1
1308.3680,-45.2,-120.2,-291.3,116.55,127.64,1
1308.5018,-38.9,-116.3,-293.2,114.92,125.40,1
1308.6359,-44.1,-105.6,-295.2,121.51,122.34,1
1308.7706,-33.6,-106.5,-297.1,115.45,117.41,1
1308.9044,-15.8,-100.7,-299.1,103.47,115.20,1
1309.0409,-4.2,-97.7,-300.0,97.95,115.37,0
1309.1745,-28.4,-106.5,-296.1,110.50,117.60,1
1309.3076,-32.6,-112.4,-297.1,109.55,121.54,1
1309.4420,-16.8,-112.4,-299.1,95.83,125.32,0
1309.5763,-17.9,-110.4,-298.1,96.31,126.84,0
1309.7079,-27.3,-101.6,-301.0,105.03,126.66,0
1309.8421,-45.2,-108.5,-292.2,116.10,124.00,1
1309.9795,-18.9,-107.5,-297.1,95.73,123.40,0
1310.1151,-15.8,-108.5,-296.1,94.08,123.80,0
1310.2478,-33.6,-111.4,-294.2,104.41,124.69,0
1310.3808,-43.1,-109.5,-293.2,109.76,126.20,0
1310.5128,-37.8,-100.7,-298.1,112.14,126.02,1
1310.6485,-44.1,-92.9,-300.0,118.54,125.78,1
1310.7827,-36.8,-89.9,-298.1,112.80,125.58,1
1310.9195,-43.1,-102.6,-302.0,121.74,124.27,1
1311.0527,-29.4,-99.7,-299.1,109.41,122.87,1
1311.1895,-23.1,-108.5,-300.0,103.21,123.91,0
1311.3214,-28.4,-113.4,-299.1,105.13,125.56,0
1311.4554,-30.5,-111.4,-294.2,109.56,127.20,0
1311.5886,-41.0,-108.5,-294.2,117.27,127.26,1
1311.7221,-43.1,-108.5,-298.1,117.96,127.47,1
1311.8576,-36.8,-108.5,-294.2,113.81,127.14,1
1311.9952,-29.4,-108.5,-292.2,112.22,125.84,1
1312.1283,-39.9,-112.4,-297.1,117.14,123.10,1
1312.2635,-21.0,-112.4,-292.2,102.87,121.30,0
1312.3966,-12.6,-115.3,-291.3,97.16,120.85,0
1312.5284,-16.8,-123.1,-294.2,97.54,121.53,0
1312.6616,-15.8,-115.3,-294.2,97.70,122.56,0
1312.7966,-16.8,-111.4,-294.2,97.32,123.19,0
1312.9311,-11.6,-107.5,-296.1,90.98,122.98,0
1313.0647,-8.4,-106.5,-299.1,93.43,121.39,0
1313.1985,-33.6,-107.5,-297.1,112.45,117.24,1
1313.3331,-9.5,-110.4,-294.2,94.91,114.76,0
1313.4657,-8.4,-110.4,-298.1,91.53,114.50,0
1313.5989,-3.2,-111.4,-294.2,88.27,115.66,0
1313.7325,-14.7,-107.5,-292.2,94.95,117.13,0
1313.8666,-16.8,-106.5,-296.1,95.56,119.61,0
1314.0029,-15.8,-100.7,-302.0,93.00,120.71,0
1314.1362,-15.8,-98.7,-299.1,94.24,119.84,0
1314.2687,-36.8,-107.5,-297.1,114.88,115.11,1
1314.4026,-16.8,-99.7,-302.0,100.08,111.25,1
1314.5367,3.2,-103.6,-301.0,81.26,110.56,0
1314.6681,1.1,-108.5,-298.1,83.83,111.77,0
1314.8025,-7.4,-105.6,-300.0,84.54,113.61,0
1314.9397,-5.3,-106.5,-300.0,85.09,115.67,0
1315.0716,-23.1,-96.8,-300.0,99.29,116.86,0
1315.2060,-15.8,-98.7,-301.0,87.35,117.03,0
1315.3394,-15.8,-93.8,-303.0,88.68,115.10,0
1315.4736,-10.5,-96.8,-303.0,81.86,113.46,0
1315.6057,2.1,-104.6,-299.1,74.82,112.20,0
1315.7394,-7.4,-112.4,-294.2,85.60,112.91,0
1315.8735,-4.2,-101.6,-303.9,76.11,115.62,0
1316.0080,-6.3,-101.6,-300.0,76.17,117.97,0
1316.1409,-18.9,-96.8,-297.1,85.87,119.00,0
1316.2753,-15.8,-94.8,-300.0,84.92,117.46,0
1316.4067,-26.3,-95.8,-303.9,103.75,113.35,1
1316.5422,-12.6,-98.7,-302.0,90.47,110.72,0
1316.6753,-6.3,-100.7,-301.0,83.06,110.75,0
1316.8091,-23.1,-108.5,-298.1,97.10,112.68,0
1316.9453,-27.3,-108.5,-297.1,101.00,116.34,0
1317.0787,-18.9,-102.6,-296.1,93.07,119.11,0
1317.2121,-34.7,-98.7,-299.1,109.14,119.97,1
1317.3450,-35.7,-93.8,-301.0,110.73,119.49,1
1317.4801,-34.7,-100.7,-298.1,108.94,116.42,1
1317.6155,-1.1,-94.8,-297.1,72.71,112.51,0
1317.7473,9.5,-97.7,-299.1,64.84,110.57,0
1317.8817,-6.3,-106.5,-304.9,85.08,111.64,0
1318.0184,-31.5,-106.5,-299.1,104.16,114.00,1
1318.1523,-25.2,-98.7,-304.9,95.61,115.62,0
1318.2858,-9.5,-89.9,-302.0,78.08,114.57,0
1318.4201,-17.9,-89.9,-301.0,87.59,112.00,0
1318.5514,-16.8,-87.0,-302.0,97.59,110.21,1
1318.6868,-17.9,-90.9,-305.9,91.13,108.98,0
1318.8207,-1.1,-94.8,-301.0,73.18,107.82,0
1318.9567,-2.1,-99.7,-303.9,75.59,108.94,0
1319.0890,-6.3,-97.7,-293.2,77.20,110.99,0
1319.2237,-9.5,-95.8,-303.0,73.78,112.50,0
1319.3568,-7.4,-91.9,-307.9,66.59,113.18,0
1319.4885,-7.4,-82.1,-307.9,63.94,111.94,0
1319.6217,-5.3,-77.2,-304.9,74.42,109.37,0
1319.7563,-8.4,-75.3,-310.8,80.84,108.37,0
1319.8888,6.3,-76.2,-305.9,49.24,110.40,0
1320.0260,-11.6,-85.0,-306.9,84.88,113.72,0
1320.1611,-24.2,-96.8,-301.0,97.90,116.60,0
1320.2960,-49.4,-100.7,-294.2,119.53,121.49,1
1320.4299,-66.2,-97.7,-297.1,127.57,125.57,1
1320.5637,-38.9,-89.9,-301.0,104.30,126.07,0
1320.6949,-52.5,-98.7,-300.0,112.51,126.10,1
1320.8311,-43.1,-105.6,-296.1,100.35,124.69,0
1320.9671,-32.6,-101.6,-300.0,91.91,125.10,0
1321.0988,-49.4,-108.5,-294.2,107.96,125.67,0
1321.2326,-62.0,-120.2,-290.3,111.71,127.30,0
1321.3668,-68.3,-117.3,-290.3,113.95,130.52,0
1321.4995,-77.7,-110.4,-287.4,119.28,133.34,1
1321.6316,-74.6,-108.5,-289.3,117.64,133.49,0
1321.7650,-70.4,-109.5,-286.4,115.55,133.75,0
1321.9008,-105.0,-110.4,-281.5,130.28,133.20,1
1322.0346,-70.4,-113.4,-287.4,113.72,131.29,0
1322.1677,-84.0,-122.2,-278.6,119.05,129.70,1
1322.3022,-79.8,-120.2,-278.6,117.35,129.29,1
1322.4355,-100.8,-122.2,-270.8,126.79,129.81,1
1322.5694,-78.8,-109.5,-279.6,116.02,131.71,0
1322.7040,-73.5,-95.8,-282.5,119.83,131.38,1
1322.8363,-77.7,-89.9,-280.5,127.05,128.94,1
1322.9734,-87.2,-95.8,-274.7,135.99,125.75,1
1323.1061,-67.2,-96.8,-278.6,123.71,121.98,1
1323.2408,-60.9,-102.6,-270.8,119.26,121.43,1
1323.3733,-66.2,-101.6,-264.9,119.28,122.98,1
1323.5067,-65.1,-102.6,-263.0,120.83,124.53,1
1323.6406,-54.6,-95.8,-267.8,115.82,125.30,1
1323.7733,-43.1,-91.9,-273.7,107.86,126.49,0
1323.9074,-45.2,-89.9,-267.8,116.62,125.12,1
1324.0457,-49.4,-84.1,-271.7,126.31,123.00,1
1324.1784,-50.4,-88.0,-272.7,129.03,119.90,1
1324.3125,-33.6,-88.0,-283.5,113.47,118.53,1
1324.4466,-17.9,-90.9,-283.5,93.96,117.87,0
1324.5806,-26.3,-107.5,-279.6,104.00,119.76,0
1324.7120,-45.2,-108.5,-281.5,115.67,123.79,1
1324.8473,-43.1,-101.6,-282.5,112.22,126.01,1
1324.9845,-47.3,-101.6,-292.2,115.07,127.16,1
1325.1186,-34.7,-98.7,-294.2,104.81,126.87,0
1325.2520,-44.1,-90.9,-298.1,118.23,125.98,1
1325.3858,-56.7,-96.8,-297.1,127.64,122.95,1
1325.5184,-22.1,-93.8,-300.0,88.70,122.36,0
1325.6525,-14.7,-107.5,-294.2,83.06,123.75,0
1325.7854,-43.1,-111.4,-290.3,111.88,124.77,1
1325.9196,-65.1,-102.6,-294.2,128.40,125.06,1
1326.0518,-55.7,-100.7,-297.1,124.98,125.13,1
1326.1882,-54.6,-95.8,-298.1,126.09,123.72,1
1326.3223,-35.7,-98.7,-303.9,105.80,120.58,1
1326.4551,-34.7,-98.7,-302.0,107.80,117.69,1
1326.5874,-23.1,-107.5,-294.2,92.93,115.37,0
1326.7213,-20.0,-107.5,-301.0,90.09,114.53,0
1326.8537,-24.2,-116.3,-297.1,96.08,114.94,0
1326.9902,-39.9,-116.3,-293.2,113.00,116.52,1
1327.1250,-37.8,-104.6,-297.1,110.53,117.96,1
1327.2581,-25.2,-110.4,-296.1,95.51,117.22,0
1327.3900,-8.4,-104.6,-297.1,79.52,116.49,0
1327.5234,-3.2,-104.6,-303.0,70.59,115.59,0
1327.6562,-18.9,-107.5,-294.2,94.84,113.34,0
1327.7893,-16.8,-109.5,-299.1,94.18,111.31,0
1327.9245,-9.5,-112.4,-300.0,89.39,110.97,0
1328.0581,-20.0,-115.3,-292.2,97.36,111.77,1
1328.1910,-23.1,-106.5,-301.0,96.48,113.43,0
1328.3261,-14.7,-100.7,-302.0,83.52,114.89,0
1328.4592,-14.7,-95.8,-304.9,80.80,113.66,0
1328.5922,-16.8,-90.9,-304.9,92.97,112.04,0
1328.7247,-22.1,-94.8,-304.9,113.69,110.62,1
1328.8591,-34.7,-100.7,-303.9,123.75,110.72,1
1328.9965,-30.5,-108.5,-298.1,117.03,112.38,1
1329.1293,-34.7,-111.4,-300.0,117.22,115.37,1
1329.2642,-29.4,-109.5,-296.1,111.01,118.42,1
1329.3996,-39.9,-114.4,-296.1,115.54,122.01,1
1329.5322,-51.5,-114.4,-295.2,120.88,125.38,1
1329.6665,-35.7,-107.5,-297.1,111.86,125.39,1
1329.8010,-30.5,-105.6,-299.1,108.98,123.33,1
1329.9379,-31.5,-105.6,-299.1,116.46,118.80,1
1330.0707,-8.4,-102.6,-298.1,97.77,114.88,0
1330.2047,-9.5,-113.4,-298.1,101.72,113.63,1
1330.3375,-32.6,-119.2,-297.1,113.81,116.71,1
1330.4731,-38.9,-123.1,-296.1,115.32,121.07,1
1330.6073,-35.7,-117.3,-297.1,112.57,123.97,1
1330.7418,-36.8,-117.3,-299.1,113.63,122.79,1
1330.8756,-24.2,-111.4,-302.0,108.35,120.16,1
1331.0122,-35.7,-116.3,-296.1,120.01,116.10,1
1331.1464,-8.4,-120.2,-301.0,98.17,115.91,0
1331.2788,-17.9,-138.8,-299.1,102.59,118.48,0
1331.4119,-27.3,-146.6,-297.1,99.90,121.86,0
1331.5463,-37.8,-145.6,-298.1,106.25,125.33,0
1331.6779,-51.5,-140.7,-295.2,108.92,129.63,0
1331.8118,-59.9,-129.0,-303.0,114.71,131.13,0
1331.9477,-67.2,-130.0,-292.2,118.91,130.08,1
1332.0808,-60.9,-127.1,-295.2,119.64,124.72,1
1332.2145,-41.0,-121.2,-298.1,105.45,120.03,1
1332.3486,-16.8,-118.3,-293.2,86.81,117.35,0
1332.4809,-25.2,-119.2,-292.2,94.68,117.74,0
1332.6151,-34.7,-119.2,-294.2,100.80,120.04,0
1332.7480,-50.4,-118.3,-296.1,112.82,122.88,1
1332.8831,-52.5,-110.4,-289.3,116.97,124.16,1
1333.0188,-48.3,-104.6,-297.1,115.94,122.61,1
1333.1526,-53.6,-105.6,-298.1,130.24,118.90,1
1333.2871,-44.1,-108.5,-296.1,122.27,114.75,1
1333.4199,-30.5,-110.4,-296.1,113.65,112.53,1
1333.5544,-33.6,-111.4,-298.1,116.23,113.05,1
1333.6897,-25.2,-114.4,-295.2,104.42,117.35,1
1333.8234,-43.1,-112.4,-294.2,114.09,121.64,1
1333.9610,-56.7,-115.3,-292.2,122.98,123.29,1
1334.0954,-50.4,-113.4,-295.2,118.79,122.33,1
1334.2290,-36.8,-110.4,-299.1,112.99,119.35,1
1334.3632,-25.2,-108.5,-299.1,101.55,115.60,1
1334.4975,-14.7,-109.5,-298.1,97.30,113.08,0
1334.6293,-23.1,-112.4,-294.2,102.51,113.77,1
1334.7635,-24.2,-113.4,-300.0,101.58,117.65,0
1334.8973,-23.1,-102.6,-305.9,96.09,120.57,0
1335.0318,-25.2,-102.6,-304.9,100.99,121.55,0
1335.1653,-30.5,-93.8,-305.9,109.41,121.06,1
1335.3011,-29.4,-94.8,-308.8,115.46,122.66,1
1335.4351,-32.6,-99.7,-308.8,116.61,121.49,1
1335.5677,-39.9,-101.6,-305.9,121.43,123.75,1
1335.7021,-51.5,-109.5,-304.9,127.24,124.72,1
1335.8396,-63.0,-110.4,-298.1,132.65,127.98,1
1335.9754,-67.2,-106.5,-298.1,137.68,128.85,1
1336.1101,-67.2,-103.6,-299.1,139.72,129.63,1
1336.2447,-62.0,-90.9,-303.9,145.25,129.15,0
1336.3780,-60.9,-88.0,-304.9,146.26,129.56,0
1336.5112,-47.3,-93.8,-307.9,136.77,125.66,1
1336.6451,-43.1,-90.9,-309.8,133.18,124.77,1
1336.7786,-42.0,-107.5,-298.1,121.47,124.80,1
1336.9155,-53.6,-108.5,-299.1,125.79,129.05,1
1337.0498,-53.6,-101.6,-301.0,129.81,131.81,1
1337.1831,-63.0,-91.9,-303.9,142.40,133.29,1
1337.3177,-60.9,-90.9,-305.9,142.30,132.60,1
1337.4529,-64.1,-88.0,-303.0,144.19,132.14,1
1337.5856,-57.8,-99.7,-303.0,135.84,126.46,1
1337.7202,-45.2,-95.8,-307.9,131.57,123.94,1
1337.8554,-43.1,-115.3,-297.1,120.73,123.75,1
1337.9909,-53.6,-114.4,-297.1,124.53,128.75,1
1338.1248,-52.5,-103.6,-298.1,130.28,129.27,1
1338.2596,-49.4,-90.9,-301.0,137.14,126.90,1
1338.3923,-41.0,-90.9,-307.9,134.87,124.54,1
1338.5277,-37.8,-80.1,-302.0,140.37,125.14,0
1338.6608,-50.4,-88.9,-306.9,142.20,122.09,0
1338.7934,-37.8,-88.9,-306.9,133.97,122.06,1
1338.9313,-34.7,-101.6,-306.9,122.13,122.23,1
1339.0672,-30.5,-93.8,-307.9,121.05,126.65,1
1339.2002,-48.3,-92.9,-305.9,137.07,127.67,1
1339.3347,-72.5,-102.6,-296.1,143.29,129.05,1
1339.4693,-66.2,-96.8,-300.0,143.67,131.24,1
1339.6029,-64.1,-82.1,-306.9,150.91,134.73,0
1339.7365,-66.2,-93.8,-301.0,144.77,130.60,1
1339.8717,-64.1,-108.5,-295.2,136.13,124.62,1
1340.0076,-49.4,-116.3,-296.1,129.10,122.73,1
1340.1430,-44.1,-111.4,-293.2,128.26,125.81,1
1340.2774,-58.8,-108.5,-298.1,136.58,129.23,1
1340.4098,-66.2,-99.7,-296.1,142.62,131.51,1
1340.5443,-58.8,-93.8,-304.9,144.30,130.48,1
1340.6797,-63.0,-92.9,-303.0,146.72,126.45,0
1340.8135,-48.3,-106.5,-299.1,134.69,122.42,1
1340.9506,-28.4,-99.7,-303.9,128.84,121.34,1
1341.0837,-50.4,-117.3,-293.2,131.09,122.52,1
1341.2194,-66.2,-123.1,-287.4,134.61,126.94,1
1341.3521,-84.0,-116.3,-288.3,141.51,130.96,1
1341.4867,-84.0,-115.3,-292.2,142.75,132.82,1
1341.6208,-77.7,-106.5,-293.2,145.12,130.53,1
1341.7548,-47.3,-106.5,-297.1,135.75,127.33,1
1341.8901,-50.4,-108.5,-297.1,134.78,122.75,1
1342.0282,-23.1,-110.4,-301.0,121.53,121.35,1
1342.1613,-27.3,-115.3,-297.1,120.88,123.23,1
1342.2974,-42.0,-120.2,-294.2,124.80,127.02,1
1342.4315,-58.8,-121.2,-291.3,131.87,132.40,1
1342.5640,-68.3,-117.3,-291.3,136.31,135.55,1
1342.6985,-66.2,-110.4,-291.3,138.49,135.25,1
1342.8346,-66.2,-109.5,-292.2,139.30,133.83,1
1342.9714,-72.5,-117.3,-293.2,138.80,129.67,1
1343.1042,-41.0,-114.4,-292.2,127.97,127.42,1
1343.2389,-55.7,-126.1,-290.3,129.83,128.66,1
1343.3728,-73.5,-124.1,-286.4,134.22,133.86,1
1343.5070,-97.7,-127.1,-281.5,140.83,138.67,1
1343.6408,-99.8,-116.3,-284.4,145.26,142.47,1
1343.7739,-102.9,-109.5,-290.3,148.73,142.71,1
1343.9123,-97.7,-103.6,-293.2,149.11,141.46,1
1344.0471,-109.2,-112.4,-286.4,148.02,138.02,1
1344.1803,-87.2,-117.3,-284.4,141.68,135.43,1
1344.3149,-78.8,-124.1,-288.3,136.82,135.41,1
1344.4501,-77.7,-124.1,-286.4,134.76,137.20,1
1344.5827,-80.9,-128.0,-283.5,134.31,140.08,1
1344.7173,-70.4,-121.2,-287.4,132.65,142.68,1
1344.8523,-73.5,-106.5,-290.3,138.63,144.20,1
1344.9889,-87.2,-104.6,-291.3,145.14,143.95,1
1345.1225,-75.6,-114.4,-291.3,137.69,140.59,1
1345.2573,-53.6,-120.2,-292.2,126.31,138.31,1
1345.3899,-52.5,-121.2,-289.3,123.17,137.98,1
1345.5262,-51.5,-125.1,-291.3,123.38,138.67,0
1345.6590,-51.5,-121.2,-293.2,123.83,140.56,0
1345.7917,-58.8,-119.2,-291.3,126.42,142.47,0
1345.9288,-64.1,-117.3,-294.2,129.53,143.68,1
1346.0617,-66.2,-115.3,-294.2,132.35,143.70,1
1346.1943,-59.9,-110.4,-298.1,133.03,142.06,1
1346.3283,-58.8,-112.4,-296.1,131.63,139.92,1
1346.4627,-55.7,-116.3,-293.2,128.73,140.24,1
1346.5978,-65.1,-116.3,-290.3,133.11,141.87,1
1346.7304,-81.9,-112.4,-291.3,139.47,143.85,1
1346.8655,-73.5,-113.4,-291.3,136.20,145.76,1
1347.0030,-67.2,-109.5,-295.2,136.58,146.63,1
1347.1373,-72.5,-104.6,-296.1,140.88,146.86,1
1347.2717,-64.1,-107.5,-299.1,136.94,144.80,1
1347.4059,-58.8,-117.3,-294.2,130.76,140.91,1
1347.5389,-53.6,-120.2,-290.3,127.89,139.05,1
1347.6737,-56.7,-127.1,-291.3,127.79,138.92,1
1347.8084,-63.0,-123.1,-289.3,130.28,141.20,1
1347.9441,-68.3,-123.1,-289.3,132.93,144.97,1
1348.0773,-90.3,-115.3,-288.3,141.67,147.55,1
1348.2129,-96.6,-116.3,-283.5,143.81,148.25,1
1348.3458,-96.6,-120.2,-286.4,142.12,145.20,1
1348.4802,-81.9,-121.2,-285.4,136.85,139.22,1
1348.6142,-65.1,-126.1,-288.3,131.16,135.69,1
1348.7487,-60.9,-130.0,-286.4,129.02,135.32,1
1348.8840,-72.5,-130.0,-288.3,132.97,137.29,1
1349.0216,-83.0,-122.2,-291.3,136.73,142.94,1
1349.1553,-88.2,-116.3,-283.5,141.21,147.00,1
1349.2911,-95.6,-108.5,-288.3,146.09,148.47,1
1349.4250,-98.7,-112.4,-286.4,144.15,145.68,1
1349.5572,-73.5,-116.3,-289.3,134.95,139.19,1
1349.6912,-55.7,-122.2,-291.3,128.12,135.54,1
1349.8273,-55.7,-125.1,-291.3,127.06,134.94,1
1349.9625,-65.1,-127.1,-287.4,127.29,138.90,1
1350.0957,-68.3,-131.0,-289.3,125.35,145.71,0
1350.2293,-81.9,-121.2,-285.4,132.48,152.72,0
1350.3630,-97.7,-114.4,-284.4,139.80,156.90,0
1350.4945,-110.3,-110.4,-287.4,144.67,155.43,1
1350.6285,-89.3,-112.4,-291.3,138.40,150.70,1
1350.7629,-91.4,-121.2,-285.4,135.67,146.87,1
1350.8977,-78.8,-122.2,-288.3,132.51,146.29,1
1351.0328,-106.1,-130.0,-280.5,136.23,149.56,1
1351.1670,-100.8,-117.3,-285.4,135.87,158.69,0
1351.2989,-116.6,-110.4,-283.5,141.41,165.54,0
1351.4329,-121.8,-105.6,-282.5,145.05,168.77,0
1351.5659,-126.0,-100.7,-280.5,148.45,166.40,0
1351.6972,-107.1,-104.6,-286.4,143.90,159.19,0
1351.8312,-89.3,-111.4,-289.3,136.97,153.47,0
1351.9696,-90.3,-119.2,-284.4,133.27,151.66,0
1352.1010,-99.8,-124.1,-283.5,133.55,152.94,0
1352.2348,-96.6,-130.0,-281.5,130.17,158.51,0
1352.3678,-105.0,-113.4,-284.4,134.86,164.77,0
1352.5014,-119.7,-104.6,-286.4,142.39,168.22,0
1352.6327,-119.7,-100.7,-287.4,144.97,167.01,0
1352.7660,-104.0,-99.7,-289.3,140.50,163.02,0
1352.8999,-94.5,-109.5,-289.3,133.45,160.86,0
1353.0351,-92.4,-109.5,-289.3,132.44,160.21,0
1353.1676,-93.5,-115.3,-288.3,130.64,160.94,0
1353.3007,-88.2,-123.1,-286.4,123.17,164.28,0
1353.4321,-98.7,-113.4,-284.4,130.01,166.38,0
1353.5663,-102.9,-113.4,-286.4,132.84,166.43,0
1353.6994,-99.8,-110.4,-286.4,134.93,163.40,0
1353.8327,-89.3,-110.4,-289.3,131.70,158.89,0
1353.9685,-87.2,-120.2,-287.4,127.68,156.79,0
1354.1025,-89.3,-122.2,-287.4,127.46,158.02,0
1354.2360,-108.2,-125.1,-283.5,132.61,158.89,1
1354.3688,-115.5,-117.3,-283.5,136.52,160.87,0
1354.5022,-94.5,-107.5,-286.4,131.04,161.77,0
1354.6361,-96.6,-103.6,-287.4,134.70,161.12,0
1354.7673,-91.4,-97.7,-293.2,135.39,158.77,0
1354.9009,-89.3,-112.4,-295.2,130.24,155.34,0
1355.0382,-79.8,-120.2,-287.4,124.34,152.84,0
1355.1702,-88.2,-117.3,-285.4,129.16,152.48,0
1355.3021,-102.9,-125.1,-281.5,133.50,152.91,0
1355.4352,-110.3,-117.3,-284.4,137.19,155.31,0
1355.5680,-111.3,-112.4,-283.5,138.85,157.51,0
1355.7007,-112.4,-109.5,-281.5,141.05,158.54,0
1355.8345,-117.6,-100.7,-284.4,145.95,156.90,1
1355.9729,-121.8,-113.4,-278.6,142.59,154.52,1
1356.1060,-114.5,-109.5,-285.4,140.95,154.48,1
1356.2399,-119.7,-116.3,-275.7,139.11,156.76,0
1356.3727,-134.5,-115.3,-275.7,142.66,158.79,0
1356.5044,-153.4,-117.3,-267.8,145.56,159.74,1
1356.6384,-140.8,-114.4,-272.7,144.11,160.99,0
1356.7723,-145.0,-112.4,-272.7,146.49,159.54,1
1356.9052,-142.9,-109.5,-272.7,147.66,156.58,1
1357.0419,-135.5,-111.4,-275.7,147.45,152.56,1
1357.1762,-126.0,-125.1,-273.7,141.50,149.01,1
1357.3108,-128.2,-128.0,-272.7,140.52,147.94,1
1357.4446,-125.0,-126.1,-271.7,139.85,149.21,1
1357.5785,-131.3,-126.1,-271.7,141.92,151.13,1
1357.7125,-147.1,-115.3,-269.8,148.19,154.04,1
1357.8469,-143.9,-114.4,-270.8,147.89,154.94,1
1357.9832,-139.7,-106.5,-281.5,150.34,154.32,1
1358.1174,-120.8,-98.7,-284.4,150.50,151.71,1
1358.2507,-142.9,-112.4,-275.7,149.84,148.31,1
1358.3842,-140.8,-119.2,-271.7,146.87,146.63,1
1358.5181,-131.3,-120.2,-272.7,144.80,147.11,1
1358.6501,-121.8,-119.2,-281.5,143.54,149.11,1
1358.7847,-131.3,-113.4,-278.6,148.59,152.21,1
1358.9237,-145.0,-102.6,-276.6,153.44,154.80,1
1359.0553,-139.7,-96.8,-281.5,154.91,154.72,1
1359.1883,-130.3,-99.7,-282.5,152.96,152.34,1
1359.3208,-143.9,-111.4,-273.7,150.81,148.48,1
1359.4567,-125.0,-114.4,-279.6,146.00,146.49,1
1359.5890,-119.7,-126.1,-279.6,141.17,146.51,1
1359.7234,-119.7,-121.2,-280.5,141.34,148.40,1
1359.8578,-119.7,-112.4,-282.5,144.29,150.66,1
1359.9943,-134.5,-109.5,-279.6,148.01,153.20,1
1360.1279,-127.1,-101.6,-276.6,149.02,153.69,1
1360.2627,-131.3,-102.6,-282.5,148.76,152.48,1
1360.3948,-116.6,-107.5,-282.5,144.54,149.76,1
1360.5299,-104.0,-105.6,-289.3,141.74,147.79,1
1360.6638,-113.4,-113.4,-282.5,140.59,147.25,1
1360.7966,-120.8,-118.3,-275.7,140.99,148.67,1
1360.9335,-143.9,-116.3,-272.7,145.89,150.33,1
1361.0691,-142.9,-119.2,-268.8,145.89,150.08,1
1361.2016,-151.3,-120.2,-266.9,147.19,149.06,1
1361.3359,-152.3,-121.2,-260.0,147.38,146.46,1
1361.4701,-149.2,-122.2,-264.9,146.36,142.90,1
1361.6033,-126.0,-131.0,-272.7,139.82,139.77,1
1361.7372,-118.7,-133.9,-273.7,137.26,138.89,1
1361.8718,-130.3,-134.9,-264.9,139.72,140.25,1
1362.0098,-139.7,-129.0,-269.8,142.50,144.77,1
1362.1447,-142.9,-121.2,-265.9,145.68,147.61,1
1362.2793,-152.3,-118.3,-266.9,147.69,149.14,1
1362.4129,-151.3,-111.4,-271.7,149.55,147.77,1
1362.5458,-133.4,-120.2,-268.8,144.00,143.24,1
1362.6796,-127.1,-131.9,-272.7,139.42,138.75,1
1362.8143,-118.7,-139.8,-269.8,135.59,136.58,1
1362.9511,-132.4,-142.7,-263.9,138.44,137.23,1
1363.0850,-143.9,-138.8,-261.0,141.44,140.93,1
1363.2208,-138.7,-124.1,-266.9,143.60,143.85,1
1363.3537,-141.8,-120.2,-271.7,145.54,144.54,1
1363.4883,-148.1,-117.3,-268.8,148.46,143.63,1
1363.6224,-135.5,-122.2,-270.8,145.29,141.45,1
1363.7563,-136.6,-127.1,-267.8,143.77,139.12,1
1363.8916,-122.9,-131.0,-267.8,139.41,138.32,1
1364.0300,-130.3,-132.9,-263.9,140.99,140.51,1
1364.1631,-149.2,-129.0,-260.0,145.41,144.26,1
1364.2973,-150.2,-121.2,-263.9,147.85,146.91,1
1364.4314,-155.5,-117.3,-267.8,149.39,148.00,1
1364.5644,-152.3,-113.4,-272.7,150.50,147.63,1
1364.6988,-135.5,-111.4,-270.8,148.74,145.44,1
1364.8351,-132.4,-120.2,-268.8,145.09,140.97,1
1364.9719,-127.1,-131.9,-274.7,141.24,137.96,1
1365.1047,-119.7,-132.9,-271.7,139.23,137.37,1
1365.2396,-126.0,-131.0,-265.9,141.81,141.68,1
1365.3736,-154.4,-122.2,-265.9,149.79,145.82,1
1365.5077,-153.4,-112.4,-269.8,152.29,148.76,1
1365.6420,-147.1,-108.5,-274.7,152.70,148.88,1
1365.7751,-130.3,-111.4,-278.6,149.09,147.95,1
1365.9113,-141.8,-119.2,-271.7,148.69,143.84,1
1366.0493,-121.8,-125.1,-275.7,143.82,140.12,1
1366.1826,-117.6,-139.8,-267.8,139.23,138.46,1
1366.3173,-123.9,-133.9,-268.8,141.46,140.28,1
1366.4531,-143.9,-124.1,-268.8,148.28,143.50,1
1366.5858,-133.4,-121.2,-269.8,146.90,144.49,1
1366.7203,-119.7,-117.3,-278.6,146.10,143.07,1
1366.8551,-116.6,-116.3,-278.6,145.88,140.73,1
1366.9934,-125.0,-117.3,-277.6,148.38,136.73,1
1367.1263,-108.2,-120.2,-283.5,143.56,134.11,1
1367.2611,-102.9,-128.0,-284.4,140.43,133.61,1
1367.3939,-118.7,-126.1,-276.6,143.59,135.82,1
1367.5275,-126.0,-121.2,-277.6,146.26,138.86,1
1367.6616,-122.9,-115.3,-277.6,147.78,140.95,1
1367.7948,-123.9,-110.4,-279.6,149.92,141.31,1
1367.9330,-127.1,-111.4,-280.5,150.22,140.45,1
1368.0551,-123.9,-114.4,-275.7,149.75,138.12,1
1368.1878,-116.6,-120.2,-281.5,146.32,135.15,1
1368.3225,-106.1,-121.2,-282.5,142.94,134.45,1
1368.4573,-115.5,-126.1,-275.7,143.88,135.36,1
1368.5928,-111.3,-117.3,-279.6,145.87,138.08,1
1368.7255,-117.6,-119.2,-278.6,146.75,140.82,1
1368.8608,-128.2,-118.3,-273.7,147.98,143.59,1
1368.9984,-128.2,-112.4,-274.7,150.12,144.55,1
1369.1327,-128.2,-108.5,-283.5,152.87,142.29,1
1369.2673,-129.2,-125.1,-273.7,148.13,137.65,1
1369.4013,-116.6,-122.2,-280.5,146.28,136.40,1
1369.5345,-121.8,-131.9,-272.7,143.87,136.96,1
1369.6689,-119.7,-125.1,-274.7,145.32,139.77,1
1369.8038,-130.3,-124.1,-267.8,148.33,141.58,1
1369.9398,-136.6,-117.3,-267.8,151.32,142.58,1
1370.0728,-136.6,-116.3,-274.7,152.51,142.06,1
1370.2087,-123.9,-114.4,-277.6,151.95,139.32,1
1370.3417,-125.0,-122.2,-276.6,149.67,133.90,0
1370.4754,-111.3,-129.0,-278.6,145.05,130.71,1
1370.6098,-101.9,-129.0,-277.6,142.59,129.46,1
1370.7434,-104.0,-132.9,-276.6,141.75,131.73,1
1370.8789,-108.2,-125.1,-280.5,146.62,135.21,1
1371.0163,-114.5,-117.3,-278.6,150.19,138.07,1
1371.1490,-119.7,-113.4,-279.6,152.94,138.44,1
1371.2850,-107.1,-112.4,-285.4,152.84,136.19,0
1371.4180,-116.6,-111.4,-284.4,155.20,130.92,0
1371.5495,-92.4,-112.4,-289.3,150.49,127.25,0
1371.6828,-87.2,-116.3,-291.3,147.21,126.20,0
1371.8180,-89.3,-120.2,-283.5,144.97,128.06,0
1371.9521,-96.6,-121.2,-284.4,147.18,131.75,0
1372.0859,-97.7,-110.4,-292.2,151.82,132.68,0
1372.2197,-85.1,-101.6,-294.2,155.38,126.35,0
1372.3544,-64.1,-88.9,-300.0,159.24,114.88,0
1372.4862,-47.3,-82.1,-306.9,157.37,103.57,0
1372.6195,-31.5,-74.3,-311.8,157.47,96.90,0
1372.7533,-25.2,-75.3,-309.8,154.00,94.46,0
1372.8877,-20.0,-71.3,-309.8,155.30,93.25,0
1373.0239,-26.3,-70.4,-312.7,159.31,92.79,0
1373.1573,-12.6,-60.6,-313.7,163.13,89.85,0
1373.2895,-3.2,-43.0,-314.7,177.89,86.31,0
1373.4240,5.3,-35.2,-320.5,-174.96,83.62,0
1373.5574,13.7,-39.1,-318.6,178.18,82.70,0
1373.6892,1.1,-45.0,-312.7,170.30,84.05,0
1373.8245,-9.5,-61.6,-312.7,161.95,90.89,0
1373.9626,-18.9,-73.3,-308.8,153.48,99.83,0
1374.0935,-26.3,-86.0,-310.8,147.93,105.84,0
1374.2261,-46.2,-89.9,-306.9,152.48,109.96,0
1374.3595,-37.8,-88.0,-302.0,149.00,111.08,0
1374.4937,-36.8,-84.1,-304.9,152.04,109.67,0
1374.6256,-50.4,-88.9,-302.0,152.69,109.61,0
1374.7602,-50.4,-96.8,-300.0,146.62,110.73,0
1374.8942,-46.2,-101.6,-302.0,142.22,112.24,0
1375.0307,-54.6,-102.6,-296.1,143.78,114.51,0
1375.1640,-66.2,-114.4,-292.2,141.91,118.02,0
1375.2978,-88.2,-125.1,-284.4,143.56,122.92,0
1375.4293,-94.5,-118.3,-286.4,146.62,127.92,0
1375.5637,-94.5,-114.4,-289.3,148.48,129.87,0
1375.6968,-96.6,-110.4,-288.3,150.04,129.71,0
1375.8292,-101.9,-119.2,-283.5,146.55,127.24,0
1375.9669,-81.9,-128.0,-292.2,139.02,124.14,1
1376.1008,-84.0,-125.1,-283.5,140.67,123.13,0
1376.2325,-93.5,-127.1,-281.5,141.37,124.18,0
1376.3659,-91.4,-123.1,-286.4,142.81,126.83,0
1376.4993,-90.3,-113.4,-286.4,145.57,129.67,0
1376.6347,-95.6,-114.4,-286.4,146.99,130.78,0
1376.7666,-105.0,-117.3,-280.5,146.81,130.46,0
1376.9007,-105.0,-123.1,-280.5,146.39,126.39,0
1377.0384,-89.3,-121.2,-284.4,142.92,122.35,0
1377.1718,-91.4,-127.1,-281.5,141.81,121.30,0
1377.3054,-90.3,-131.0,-281.5,140.07,120.99,0
1377.4387,-101.9,-133.9,-280.5,142.98,123.57,0
1377.5706,-110.3,-126.1,-279.6,147.70,127.03,0
1377.7051,-108.2,-113.4,-283.5,151.51,130.32,0
1377.8391,-112.4,-110.4,-284.4,153.67,131.61,0
1377.9748,-111.3,-108.5,-284.4,154.24,130.11,0
1378.1084,-115.5,-116.3,-277.6,151.87,126.24,0
1378.2432,-102.9,-118.3,-284.4,148.67,123.26,0
1378.3748,-100.8,-128.0,-281.5,145.23,121.21,0
1378.5086,-104.0,-126.1,-278.6,146.00,121.86,0
1378.6418,-109.2,-123.1,-273.7,147.30,124.24,0
1378.7772,-94.5,-122.2,-284.4,144.98,126.10,0
1378.9102,-87.2,-118.3,-288.3,144.53,125.87,0
1379.0478,-86.1,-122.2,-287.4,142.63,125.94,1
1379.1825,-85.1,-120.2,-286.4,141.75,123.69,0
1379.3156,-67.2,-119.2,-291.3,137.54,121.79,0
1379.4487,-62.0,-123.1,-293.2,134.18,121.31,1
1379.5826,-74.6,-131.9,-285.4,133.41,123.16,1
1379.7159,-70.4,-132.9,-284.4,131.95,126.27,1
1379.8511,-72.5,-131.9,-285.4,132.53,128.58,1
1379.9893,-68.3,-123.1,-287.4,133.07,129.06,1
1380.1225,-66.2,-116.3,-290.3,136.42,129.15,1
1380.2575,-74.6,-114.4,-290.3,140.86,127.97,1
1380.3928,-63.0,-122.2,-294.2,133.80,126.21,1
1380.5256,-59.9,-121.2,-294.2,131.72,125.84,1
1380.6596,-62.0,-125.1,-293.2,131.84,126.54,1
1380.7945,-55.7,-135.9,-289.3,126.78,128.83,1
1380.9324,-63.0,-128.0,-286.4,131.87,129.30,1
1381.0653,-63.0,-126.1,-289.3,132.98,129.23,1
1381.1997,-64.1,-115.3,-294.2,138.24,127.63,1
1381.3330,-37.8,-113.4,-298.1,130.84,124.95,1
1381.4666,-42.0,-120.2,-294.2,130.36,122.62,1
1381.6006,-39.9,-123.1,-294.2,127.99,121.41,1
1381.7333,-39.9,-128.0,-289.3,127.42,121.52,1
1381.8686,-52.5,-128.0,-289.3,131.53,123.73,1
1381.9941,-69.3,-124.1,-290.3,138.52,127.10,1
1382.1264,-69.3,-121.2,-290.3,138.60,130.36,1
1382.2614,-55.7,-124.1,-295.2,133.70,128.88,1
1382.3956,-53.6,-126.1,-290.3,132.98,125.25,1
1382.5306,-58.8,-128.0,-290.3,134.33,119.69,1
1382.6632,-33.6,-129.0,-295.2,126.17,116.43,1
1382.7982,-34.7,-130.0,-288.3,125.30,115.90,1
1382.9357,-37.8,-128.0,-293.2,125.63,117.60,1
1383.0687,-34.7,-117.3,-292.2,128.39,119.99,1
1383.2025,-42.0,-117.3,-294.2,132.28,121.79,1
1383.3363,-36.8,-110.4,-297.1,133.97,119.91,1
1383.4696,-29.4,-110.4,-300.0,129.60,117.06,1
1383.6033,-32.6,-112.4,-296.1,130.76,113.59,0
1383.7363,-13.7,-107.5,-301.0,124.71,112.28,1
1383.8702,-23.1,-114.4,-302.0,127.03,112.60,1
1384.0079,-31.5,-119.2,-294.2,125.62,115.78,1
1384.1445,-37.8,-117.3,-297.1,128.77,121.16,1
1384.2776,-52.5,-117.3,-295.2,134.30,124.38,1
1384.4117,-51.5,-114.4,-299.1,135.18,125.44,1
1384.5461,-55.7,-116.3,-293.2,136.96,125.61,1
1384.6799,-66.2,-116.3,-291.3,138.67,122.64,0
1384.8138,-46.2,-119.2,-294.2,130.32,121.37,1
1384.9509,-46.2,-126.1,-289.3,128.73,122.40,1
1385.0840,-71.4,-126.1,-288.3,135.12,124.63,1
1385.2181,-74.6,-128.0,-280.5,136.06,127.62,1
1385.3523,-66.2,-122.2,-291.3,135.99,129.54,1
1385.4856,-63.0,-118.3,-291.3,135.91,128.91,1
1385.6197,-72.5,-123.1,-291.3,136.65,128.07,1
1385.7548,-68.3,-128.0,-291.3,134.14,128.39,1
1385.8880,-64.1,-131.0,-293.2,130.47,127.78,1
1386.0242,-66.2,-133.9,-284.4,129.91,127.78,1
1386.1586,-74.6,-141.7,-283.5,131.24,128.73,1
1386.2951,-76.7,-137.8,-280.5,133.05,130.59,1
1386.4288,-79.8,-132.9,-281.5,135.91,132.01,1
1386.5627,-79.8,-125.1,-286.4,139.35,131.31,1
1386.6954,-80.9,-124.1,-284.4,140.72,128.93,1
1386.8294,-71.4,-117.3,-287.4,141.45,126.62,1
1386.9665,-79.8,-120.2,-291.3,141.08,121.53,0
1387.0982,-62.0,-123.1,-289.3,134.98,119.01,0
1387.2321,-50.4,-127.1,-291.3,130.55,119.33,1
1387.3676,-64.1,-132.9,-287.4,132.60,122.68,1
1387.4998,-70.4,-126.1,-290.3,136.85,127.61,1
1387.6342,-69.3,-123.1,-290.3,136.66,131.81,1
1387.7687,-58.8,-122.2,-292.2,134.43,131.94,1
1387.9027,-58.8,-124.1,-288.3,133.58,129.79,1
1388.0398,-52.5,-126.1,-290.3,130.66,125.31,1
1388.1746,-33.6,-121.2,-294.2,125.67,123.26,1
1388.3074,-37.8,-122.2,-295.2,128.35,122.22,1
1388.4428,-54.6,-126.1,-289.3,131.51,124.35,1
1388.5768,-66.2,-124.1,-293.2,136.46,127.77,1
1388.7094,-64.1,-119.2,-287.4,136.93,129.10,1
1388.8445,-63.0,-119.2,-293.2,137.28,127.64,1
1388.9704,-64.1,-115.3,-290.3,137.30,125.43,1
1389.1022,-58.8,-109.5,-294.2,137.87,119.87,0
1389.2347,-34.7,-107.5,-303.0,131.23,114.52,0
1389.3680,-30.5,-111.4,-298.1,127.66,110.86,0
1389.5025,-34.7,-109.5,-300.0,129.53,111.48,0
1389.6344,-46.2,-106.5,-299.1,135.22,114.77,0
1389.7681,-46.2,-108.5,-296.1,134.61,117.06,0
1389.9017,-43.1,-105.6,-300.0,134.63,116.74,0
1390.0381,-51.5,-100.7,-300.0,140.19,114.35,0
1390.1714,-43.1,-96.8,-303.0,140.19,111.11,0
1390.3046,-39.9,-96.8,-299.1,136.41,110.67,0
1390.4365,-33.6,-108.5,-298.1,127.67,116.91,1
1390.5703,-49.4,-124.1,-290.3,127.17,127.22,1
1390.7043,-73.5,-122.2,-286.4,132.65,140.59,1
1390.8372,-107.1,-129.0,-277.6,137.62,154.20,0
1390.9749,-146.0,-118.3,-266.9,144.92,171.51,0
1391.1068,-169.1,-99.7,-261.0,151.39,-169.41,0
1391.2386,-214.3,-74.3,-246.4,160.22,-153.15,0
1391.3718,-227.9,-41.0,-247.4,167.98,-137.21,0
1391.5053,-225.8,-8.8,-250.3,175.64,-125.93,0
1391.6379,-234.2,8.8,-251.3,179.62,-119.25,0
1391.7710,-230.0,23.5,-248.3,-176.49,-115.21,0
1391.9049,-227.9,33.2,-244.4,-173.85,-112.44,0
1392.0394,-229.0,40.1,-248.3,-171.97,-108.71,0
1392.1732,-217.4,59.6,-251.3,-166.90,-101.94,0
1392.3067,-205.9,76.2,-257.1,-162.15,-92.19,0
1392.4399,-196.4,103.6,-256.1,-155.48,-83.09,0
1392.5717,-183.8,113.4,-255.2,-152.00,-75.27,0
1392.7062,-161.8,122.2,-259.1,-147.34,-68.95,0
1392.8395,-148.1,122.2,-265.9,-146.42,-65.28,0
1392.9753,-135.5,119.2,-277.6,-145.87,-62.92,0
1393.1090,-147.1,119.2,-275.7,-149.64,-60.52,0
1393.2436,-143.9,126.1,-273.7,-147.05,-56.73,0
1393.3751,-136.6,130.0,-267.8,-144.56,-54.33,0
1393.5086,-131.3,126.1,-274.7,-144.79,-52.73,0
1393.6418,-127.1,136.8,-269.8,-139.01,-53.20,0
1393.7770,-148.1,140.7,-262.0,-142.94,-57.68,0
1393.9098,-156.5,129.0,-260.0,-146.18,-61.55,0
1394.0476,-155.5,121.2,-265.9,-149.23,-68.35,1
1394.1822,-158.6,113.4,-267.8,-152.80,-67.69,0
1394.3153,-138.7,117.3,-274.7,-147.83,-64.77,0
1394.4483,-134.5,125.1,-271.7,-145.70,-62.85,0
1394.5811,-142.9,122.2,-270.8,-148.53,-62.11,0
1394.7128,-149.2,126.1,-267.8,-149.22,-63.70,0
1394.8483,-164.9,127.1,-258.1,-149.52,-67.41,0
1394.9854,-172.3,118.3,-257.1,-152.36,-72.57,0
1395.1174,-180.7,107.5,-258.1,-155.87,-76.43,0
1395.2513,-173.3,104.6,-266.9,-155.25,-79.33,0
1395.3858,-179.6,97.7,-263.9,-159.23,-81.68,0
1395.5187,-182.8,83.1,-265.9,-166.06,-79.30,0
1395.6500,-184.9,85.0,-269.8,-165.59,-75.73,0
1395.7834,-170.2,96.8,-266.9,-160.20,-74.35,0
1395.9215,-172.3,99.7,-266.9,-158.29,-76.38,0
1396.0534,-174.4,103.6,-260.0,-154.57,-81.57,0
1396.1875,-167.0,92.9,-269.8,-156.69,-84.87,0
1396.3209,-164.9,100.7,-268.8,-153.92,-84.05,0
1396.4534,-164.9,95.8,-269.8,-156.63,-82.56,0
1396.5865,-172.3,106.5,-265.9,-155.32,-78.07,0
1396.7203,-170.2,113.4,-264.9,-153.76,-73.29,0
1396.8540,-157.6,117.3,-266.9,-151.31,-70.35,0
1396.9908,-155.5,120.2,-267.8,-149.72,-69.31,0
1397.1244,-163.9,126.1,-259.1,-148.50,-71.16,0
1397.2580,-177.5,117.3,-262.0,-153.15,-74.96,0
1397.3895,-176.5,117.3,-263.0,-151.84,-90.02,1
1397.5250,-161.8,118.3,-267.8,-153.01,-88.54,0
1397.6582,-162.8,114.4,-267.8,-154.55,-85.52,0
1397.7901,-150.2,121.2,-269.8,-151.52,-80.32,0
1397.9276,-135.5,129.0,-271.7,-147.42,-74.14,0
1398.0490,-129.2,132.9,-273.7,-145.54,-70.65,0
1398.1800,-133.4,137.8,-264.9,-144.25,-69.61,0
1398.3123,-139.7,140.7,-266.9,-145.17,-72.31,0
1398.4457,-150.2,128.0,-265.9,-151.65,-73.92,0
1398.5800,-148.1,120.2,-268.8,-153.81,-73.83,0
1398.7114,-143.9,124.1,-264.9,-152.77,-71.75,0
1398.8450,-133.4,124.1,-271.7,-151.96,-67.76,0
1398.9825,-128.2,129.0,-273.7,-148.96,-64.46,0
1399.1165,-123.9,131.0,-275.7,-147.35,-63.24,0
1399.2501,-128.2,132.9,-269.8,-147.76,-63.78,0
1399.3831,-131.3,128.0,-267.8,-149.76,-66.39,0
1399.5150,-142.9,119.2,-272.7,-154.56,-68.95,0
1399.6494,-142.9,119.2,-274.7,-155.26,-69.47,0
1399.7829,-139.7,121.2,-271.7,-153.81,-68.24,0
1399.9195,-130.3,123.1,-278.6,-152.15,-62.55,0
1400.0521,-118.7,131.9,-268.8,-146.22,-57.15,0
1400.1880,-100.8,138.8,-274.7,-139.94,-53.13,0
1400.3213,-108.2,144.7,-275.7,-139.48,-52.61,0
1400.4537,-111.3,143.7,-269.8,-141.72,-54.08,0
1400.5869,-113.4,135.9,-276.6,-144.97,-56.43,0
1400.7216,-115.5,131.0,-278.6,-147.22,-59.13,0
1400.8537,-126.0,128.0,-275.7,-149.69,-97.99,1
1400.9917,-122.9,129.0,-274.7,-156.83,-96.91,0
1401.1252,-119.7,131.9,-277.6,-155.05,-94.42,0
1401.2582,-105.0,140.7,-277.6,-149.14,-91.73,0
1401.3914,-96.6,139.8,-277.6,-148.28,-93.43,0
1401.5251,-118.7,140.7,-272.7,-150.78,-96.61,0
1401.6583,-112.4,134.9,-281.5,-151.24,-97.46,0
1401.7912,-105.0,134.9,-278.6,-149.96,-96.56,0
1401.9276,-100.8,132.9,-280.5,-152.60,-94.98,0
1402.0611,-104.0,125.1,-284.4,-159.25,-92.21,0
1402.1935,-97.7,123.1,-286.4,-157.96,-88.93,0
1402.3266,-70.4,126.1,-288.3,-149.05,-87.68,0
1402.4596,-73.5,130.0,-287.4,-147.48,-88.31,0
1402.5913,-88.2,134.9,-285.4,-149.96,-89.46,0
1402.7249,-83.0,129.0,-284.4,-151.55,-90.03,0
1402.8598,-81.9,130.0,-287.4,-151.50,-90.18,0
1402.9940,-81.9,119.2,-289.3,-156.15,-90.23,0
1403.1275,-91.4,121.2,-287.4,-157.83,-90.92,0
1403.2615,-85.1,121.2,-292.2,-159.12,-89.70,0
1403.3956,-85.1,128.0,-285.4,-154.72,-87.86,0
1403.5274,-83.0,131.9,-284.4,-151.91,-86.01,0
1403.6605,-77.7,132.9,-284.4,-151.38,-86.28,0
1403.7944,-76.7,137.8,-286.4,-148.46,-86.29,0
1403.9307,-92.4,119.2,-284.4,-159.80,-88.81,0
1404.0626,-96.6,123.1,-290.3,-160.13,-89.96,0
1404.1961,-88.2,113.4,-288.3,-164.26,-88.93,0
1404.3281,-93.5,109.5,-290.3,-168.50,-135.37,1
1404.4623,-86.1,114.4,-295.2,-172.28,-131.71,0
1404.5955,-79.8,110.4,-293.2,-176.41,-130.63,0
1404.7274,-79.8,105.6,-296.1,176.97,-131.97,0
1404.8613,-95.6,113.4,-291.3,-169.29,-134.80,0
1404.9977,-94.5,115.3,-288.3,-162.00,-138.59,0
1405.1296,-99.8,113.4,-287.4,-162.84,-139.67,0
1405.2637,-90.3,118.3,-288.3,-156.18,-144.80,1
1405.3980,-85.1,123.1,-288.3,-140.37,-141.94,1
1405.5334,-87.2,130.0,-284.4,-138.13,-139.51,1
1405.6663,-71.4,128.0,-287.4,-128.37,-135.88,1
1405.8012,-73.5,131.9,-287.4,-129.83,-134.83,1
1405.9380,-76.7,137.8,-283.5,-129.16,-127.03,1
1406.0711,-99.8,135.9,-277.6,-140.58,-132.14,1
1406.2048,-98.7,131.9,-282.5,-137.40,-135.26,1
1406.3392,-98.7,123.1,-285.4,-140.83,-137.16,1
1406.4722,-115.5,128.0,-283.5,-145.36,-137.57,1
1406.6061,-92.4,135.9,-280.5,-130.54,-135.64,1
1406.7405,-106.1,138.8,-279.6,-136.50,-136.26,1
1406.8735,-99.8,139.8,-274.7,-130.46,-136.03,1
1407.0101,-100.8,140.7,-270.8,-130.70,-136.84,1
1407.1461,-114.5,140.7,-268.8,-136.06,-139.43,1
1407.2792,-110.3,131.0,-281.5,-133.55,-141.32,1
1407.4133,-114.5,130.0,-277.6,-134.26,-141.90,1
1407.5477,-114.5,129.0,-277.6,-137.49,-140.48,1
1407.6814,-111.3,131.9,-276.6,-137.24,-137.80,1
1407.8164,-100.8,135.9,-277.6,-131.38,-135.08,1
1407.9525,-97.7,137.8,-278.6,-130.50,-134.26,1
1408.0855,-101.9,140.7,-275.7,-130.60,-135.37,1
1408.2213,-119.7,135.9,-270.8,-138.06,-139.06,1
1408.3555,-123.9,132.9,-270.8,-137.88,-141.54,1
1408.4883,-121.8,131.0,-277.6,-137.66,-141.60,1
1408.6226,-121.8,133.9,-272.7,-137.20,-139.63,1
1408.7580,-119.7,134.9,-276.6,-138.13,-135.99,1
1408.8913,-101.9,139.8,-274.7,-130.95,-131.95,1
1409.0278,-101.9,138.8,-277.6,-133.45,-130.72,1
1409.1623,-101.9,140.7,-277.6,-132.08,-130.15,1
1409.2961,-112.4,133.9,-276.6,-139.24,-131.98,1
1409.4303,-102.9,130.0,-283.5,-135.80,-133.18,1
1409.5643,-107.1,121.2,-284.4,-143.25,-134.29,1
1409.6969,-113.4,123.1,-280.5,-144.02,-133.93,1
1409.8331,-107.1,131.9,-277.6,-136.90,-131.91,1
1409.9705,-98.7,138.8,-278.6,-131.65,-129.35,1
1410.1031,-101.9,137.8,-280.5,-134.66,-128.34,1
1410.2382,-101.9,144.7,-274.7,-130.19,-128.07,1
1410.3737,-122.9,143.7,-267.8,-139.03,-130.86,1
1410.5061,-112.4,136.8,-275.7,-136.34,-132.54,1
1410.6401,-102.9,129.0,-280.5,-137.34,-133.03,1
1410.7747,-109.2,126.1,-280.5,-142.54,-131.21,1
1410.9102,-114.5,126.1,-280.5,-147.51,-128.98,0
1411.0440,-97.7,134.9,-278.6,-136.95,-127.27,1
1411.1788,-94.5,135.9,-281.5,-133.15,-128.27,1
1411.3128,-83.0,138.8,-281.5,-122.72,-128.56,1
1411.4466,-100.8,136.8,-281.5,-134.34,-131.54,1
1411.5806,-105.0,132.9,-278.6,-134.75,-133.14,1
1411.7150,-102.9,125.1,-280.5,-139.55,-133.97,1
1411.8482,-112.4,130.0,-280.5,-140.40,-132.94,1
1411.9851,-106.1,136.8,-276.6,-134.61,-129.69,1
1412.1195,-90.3,141.7,-282.5,-125.87,-127.17,1
1412.2530,-83.0,137.8,-280.5,-124.29,-127.14,1
1412.3871,-80.9,139.8,-283.5,-120.50,-126.99,1
1412.5222,-87.2,135.9,-282.5,-125.38,-129.31,1
1412.6543,-90.3,131.0,-287.4,-128.14,-131.37,1
1412.7889,-98.7,120.2,-286.4,-138.28,-133.37,1
1412.9259,-83.0,131.0,-285.4,-122.18,-131.22,1
1413.0614,-84.0,133.9,-282.5,-126.37,-127.75,1
1413.1960,-71.4,139.8,-279.6,-119.22,-124.61,1
1413.3302,-59.9,145.6,-282.5,-104.42,-124.96,0
1413.4619,-49.4,156.4,-277.6,-94.68,-126.99,0
1413.5963,-92.4,143.7,-278.6,-123.58,-129.59,1
1413.7304,-83.0,141.7,-280.5,-118.98,-130.62,1
1413.8652,-79.8,127.1,-282.5,-122.09,-130.75,1
1414.0010,-68.3,131.9,-286.4,-111.09,-128.91,0
1414.1358,-73.5,129.0,-285.4,-118.83,-126.77,1
1414.2701,-65.1,137.8,-288.3,-112.62,-124.03,1
1414.4028,-54.6,137.8,-281.5,-108.24,-123.08,1
1414.5374,-56.7,139.8,-284.4,-105.41,-123.65,0
1414.6715,-74.6,133.9,-285.4,-120.92,-126.35,1
1414.8045,-68.3,127.1,-285.4,-115.75,-127.61,1
1414.9420,-66.2,123.1,-288.3,-118.23,-128.35,1
1415.0765,-68.3,131.0,-290.3,-114.99,-126.77,1
1415.2108,-70.4,131.9,-288.3,-117.06,-124.46,1
1415.3452,-52.5,132.9,-285.4,-106.52,-120.40,1
1415.4797,-53.6,133.9,-287.4,-112.36,-119.53,1
1415.6120,-55.7,135.9,-285.4,-111.72,-120.45,1
1415.7485,-78.8,126.1,-287.4,-134.42,-122.89,1
1415.8836,-74.6,127.1,-287.4,-131.16,-123.71,1
1416.0192,-78.8,121.2,-290.3,-139.95,-124.09,0
1416.1528,-72.5,125.1,-289.3,-135.08,-121.91,1
1416.2886,-75.6,125.1,-292.2,-139.96,-119.64,0
1416.4201,-62.0,127.1,-284.4,-130.43,-117.93,1
1416.5542,-59.9,132.9,-291.3,-127.44,-118.39,1
1416.6884,-68.3,141.7,-282.5,-128.46,-120.45,1
1416.8228,-81.9,137.8,-283.5,-133.70,-123.13,1
1416.9583,-75.6,136.8,-288.3,-129.41,-124.13,1
1417.0925,-75.6,128.0,-283.5,-134.83,-124.70,1
1417.2248,-74.6,128.0,-287.4,-138.46,-122.96,0
1417.3583,-81.9,131.9,-285.4,-140.09,-120.99,0
1417.4913,-66.2,133.9,-287.4,-132.29,-118.59,1
1417.6254,-60.9,130.0,-289.3,-131.80,-118.93,1
1417.7588,-46.2,130.0,-293.2,-116.93,-119.08,1
1417.8934,-76.7,128.0,-290.3,-138.09,-122.58,0
1418.0305,-70.4,127.1,-289.3,-133.49,-124.24,1
1418.1634,-70.4,120.2,-291.3,-139.25,-124.80,1
1418.2983,-58.8,119.2,-294.2,-133.39,-122.62,1
1418.4334,-56.7,125.1,-293.2,-131.19,-120.25,1
1418.5661,-42.0,130.0,-289.3,-119.66,-117.43,1
1418.7004,-52.5,135.9,-287.4,-124.79,-116.98,1
1418.8354,-46.2,134.9,-287.4,-121.80,-118.48,1
1418.9722,-49.4,131.9,-289.3,-124.69,-120.09,1
1419.1049,-48.3,134.9,-288.3,-123.43,-120.17,1
1419.2397,-53.6,126.1,-288.3,-133.75,-120.56,1
1419.3725,-59.9,120.2,-296.1,-141.99,-117.66,0
1419.5074,-45.2,125.1,-295.2,-134.14,-114.68,0
1419.6404,-35.7,118.3,-291.3,-132.65,-112.90,0
1419.7721,-37.8,120.2,-294.2,-134.78,-112.92,0
1419.9089,-35.7,128.0,-291.3,-130.18,-113.68,0
1420.0436,-56.7,128.0,-289.3,-139.37,-117.19,0
1420.1753,-55.7,127.1,-296.1,-136.70,-118.90,0
1420.3087,-39.9,119.2,-290.3,-132.31,-119.21,1
1420.4430,-39.9,125.1,-294.2,-129.04,-117.98,1
1420.5767,-37.8,131.9,-291.3,-125.44,-116.95,1
1420.7111,-30.5,133.9,-289.3,-117.53,-116.11,1
1420.8463,-33.6,137.8,-290.3,-119.80,-117.11,1
1420.9819,-27.3,139.8,-286.4,-112.55,-119.17,1
1421.1162,-54.6,133.9,-287.4,-130.76,-122.84,1
1421.2504,-53.6,136.8,-289.3,-128.49,-125.23,1
1421.3842,-47.3,123.1,-290.3,-132.33,-125.39,1
1421.5172,-48.3,124.1,-295.2,-132.85,-123.60,1
1421.6529,-53.6,130.0,-295.2,-134.45,-121.75,1
1421.7873,-41.0,132.9,-288.3,-127.50,-118.97,1
1421.9234,-38.9,131.0,-287.4,-128.09,-118.81,1
1422.0563,-36.8,141.7,-287.4,-120.26,-119.71,1
1422.1919,-60.9,132.9,-285.4,-136.77,-123.20,1
1422.3248,-54.6,130.0,-289.3,-134.19,-124.76,1
1422.4594,-51.5,124.1,-292.2,-138.17,-125.43,1
1422.5935,-58.8,126.1,-293.2,-140.60,-124.10,0
1422.7261,-64.1,127.1,-290.3,-141.92,-121.23,0
1422.8603,-38.9,130.0,-293.2,-129.78,-118.40,1
1422.9979,-39.9,131.9,-292.2,-130.74,-118.32,1
1423.1306,-44.1,127.1,-290.3,-132.98,-118.63,1
1423.2665,-63.0,129.0,-288.3,-141.18,-121.29,0
1423.3997,-53.6,132.9,-289.3,-134.52,-122.85,1
1423.5341,-53.6,121.2,-292.2,-139.86,-123.80,0
1423.6659,-46.2,120.2,-292.2,-134.40,-122.35,1
1423.8004,-52.5,126.1,-293.2,-137.96,-120.56,0
1423.9373,-46.2,130.0,-288.3,-132.49,-117.63,1
1424.0693,-44.1,130.0,-287.4,-131.92,-117.38,1
1424.2035,-33.6,135.9,-286.4,-122.08,-118.44,1
1424.3395,-53.6,130.0,-291.3,-135.71,-122.36,1
1424.4717,-46.2,132.9,-284.4,-128.86,-124.65,1
1424.6058,-49.4,128.0,-289.3,-133.56,-126.83,1
1424.7403,-63.0,124.1,-292.2,-142.20,-126.60,0
1424.8732,-72.5,127.1,-288.3,-146.28,-124.66,0
1425.0088,-51.5,133.9,-286.4,-134.23,-120.35,1
1425.1433,-38.9,136.8,-290.3,-127.50,-119.24,1
1425.2780,-22.1,140.7,-286.4,-113.96,-119.47,1
1425.4118,-48.3,131.0,-290.3,-133.43,-122.37,1
1425.5460,-43.1,135.9,-287.4,-128.82,-125.61,1
1425.6802,-52.5,124.1,-295.2,-142.20,-128.64,1
1425.8141,-55.7,121.2,-295.2,-141.00,-126.97,1
1425.9514,-46.2,124.1,-289.3,-134.61,-123.01,1
1426.0861,-27.3,135.9,-289.3,-121.31,-117.62,1
1426.2197,-14.7,136.8,-295.2,-114.80,-115.78,1
1426.3524,-13.7,139.8,-288.3,-112.45,-117.87,1
1426.4876,-50.4,131.9,-294.2,-135.65,-124.13,1
1426.6202,-47.3,132.9,-290.3,-133.05,-126.93,1
1426.7550,-56.7,126.1,-293.2,-141.45,-127.06,1
1426.8903,-34.7,122.2,-291.3,-133.38,-124.14,1
1427.0270,-36.8,124.1,-291.3,-134.01,-122.34,1
1427.1618,-31.5,136.8,-290.3,-126.18,-118.24,1
1427.2968,-12.6,137.8,-288.3,-116.42,-115.97,1
1427.4296,-8.4,136.8,-288.3,-113.83,-117.00,1
1427.5633,-39.9,136.8,-289.3,-131.79,-122.63,1
1427.6973,-45.2,135.9,-288.3,-134.23,-127.61,1
1427.8306,-60.9,129.0,-288.3,-143.92,-129.56,1
1427.9686,-47.3,131.0,-288.3,-137.16,-126.72,1
1428.1043,-51.5,131.9,-284.4,-138.30,-123.63,1
1428.2372,-30.5,135.9,-290.3,-128.46,-119.09,1
1428.3715,-25.2,135.9,-289.3,-124.99,-117.96,1
1428.5061,-10.5,137.8,-287.4,-120.01,-120.21,1
1428.6410,-42.0,138.8,-290.3,-134.75,-124.76,1
1428.7739,-47.3,137.8,-287.4,-135.49,-128.47,1
1428.9097,-53.6,131.9,-287.4,-141.76,-130.54,1
1429.0469,-46.2,123.1,-294.2,-144.04,-129.54,1
1429.1809,-41.0,133.9,-293.2,-137.17,-127.03,1
1429.3155,-37.8,129.0,-290.3,-137.04,-123.83,1
1429.4497,-33.6,130.0,-289.3,-135.34,-123.73,1
1429.5826,-27.3,135.9,-293.2,-132.94,-125.15,1
1429.7192,-41.0,118.3,-294.2,-147.47,-128.43,0
1429.8534,-44.1,119.2,-298.1,-148.99,-129.66,0
1429.9887,-47.3,105.6,-296.1,-158.71,-128.91,0
1430.1226,-23.1,115.3,-301.0,-147.35,-125.32,0
1430.2569,-25.2,111.4,-301.0,-148.78,-121.49,0
1430.3888,-14.7,111.4,-300.0,-142.59,-116.81,0
1430.5225,-2.1,115.3,-296.1,-135.55,-116.98,0
1430.6554,2.1,115.3,-296.1,-134.42,-120.15,1
1430.7897,-9.5,109.5,-297.1,-146.27,-123.96,0
1430.9260,-24.2,111.4,-298.1,-152.32,-127.57,0
1431.0599,-34.7,98.7,-304.9,-164.66,-128.89,0
1431.1920,-20.0,97.7,-298.1,-160.31,-126.25,0
1431.3272,-26.3,105.6,-305.9,-157.40,-122.92,0
1431.4603,-8.4,104.6,-300.0,-148.60,-119.24,0
1431.5916,-8.4,103.6,-300.0,-150.48,-119.13,0
1431.7253,-14.7,110.4,-299.1,-148.89,-119.86,0
1431.8608,-24.2,102.6,-299.1,-157.69,-121.60,0
1431.9951,-25.2,106.5,-303.9,-156.34,-122.55,0
1432.1289,-28.4,104.6,-299.1,-159.81,-123.09,0
1432.2628,-26.3,101.6,-299.1,-158.50,-121.51,0
1432.3946,-33.6,113.4,-299.1,-154.27,-121.19,0
1432.5265,-25.2,117.3,-296.1,-148.15,-120.56,0
1432.6595,-24.2,121.2,-295.2,-146.83,-122.88,0
1432.7930,-35.7,129.0,-290.3,-146.48,-125.92,0
1432.9293,-57.8,132.9,-289.3,-148.00,-130.93,0
1433.0611,-54.6,131.0,-291.3,-148.35,-135.52,1
1433.1958,-54.6,128.0,-291.3,-152.08,-137.80,1
1433.3287,-60.9,123.1,-290.3,-154.18,-137.03,0
1433.4632,-57.8,129.0,-291.3,-150.42,-135.92,1
1433.5972,-48.3,132.9,-289.3,-144.78,-134.10,1
1433.7301,-39.9,133.9,-287.4,-141.52,-134.29,1
1433.8655,-46.2,137.8,-285.4,-140.80,-135.79,1
1434.0041,-64.1,130.0,-288.3,-149.73,-140.78,1
1434.1371,-58.8,134.9,-284.4,-143.92,-143.24,1
1434.2723,-54.6,134.9,-287.4,-144.78,-144.60,1
1434.4065,-70.4,120.2,-294.2,-158.23,-142.87,0
1434.5403,-78.8,118.3,-289.3,-159.34,-140.15,0
1434.6734,-66.2,127.1,-290.3,-152.40,-138.91,1
1434.8080,-56.7,127.1,-290.3,-148.96,-140.09,1
1434.9435,-71.4,134.9,-285.4,-148.14,-142.76,1
1435.0775,-80.9,136.8,-281.5,-148.29,-147.45,1
1435.2120,-76.7,131.0,-283.5,-147.51,-150.96,1
1435.3446,-84.0,133.9,-285.4,-148.88,-153.09,1
1435.4791,-96.6,126.1,-280.5,-155.06,-154.62,1
1435.6145,-105.0,131.0,-279.6,-152.97,-153.88,1
1435.7469,-107.1,137.8,-277.6,-149.92,-152.50,1
1435.8823,-80.9,144.7,-271.7,-138.76,-150.50,1
1436.0189,-89.3,146.6,-276.6,-139.85,-153.73,1
1436.1528,-89.3,146.6,-275.7,-140.60,-156.59,0
1436.2865,-101.9,137.8,-278.6,-146.31,-159.92,1
1436.4211,-99.8,135.9,-280.5,-146.63,-162.67,0
1436.5527,-106.1,127.1,-283.5,-150.53,-163.81,1
1436.6883,-115.5,136.8,-277.6,-150.01,-165.11,0
1436.8216,-135.5,137.8,-269.8,-150.75,-170.55,0
1436.9552,-140.8,139.8,-263.0,-147.60,-179.78,0
1437.0874,-156.5,129.0,-264.9,-150.89,169.36,0
1437.2219,-159.7,110.4,-269.8,-154.94,159.67,0
1437.3548,-188.0,79.2,-268.8,-167.43,148.27,0
1437.4868,-203.8,58.6,-262.0,-172.46,136.18,0
1437.6199,-205.9,28.3,-262.0,-178.62,124.29,0
1437.7544,-215.3,6.8,-263.9,177.64,113.56,0
1437.8868,-211.1,-16.6,-259.1,172.01,104.84,0
1438.0223,-200.6,-30.3,-269.8,167.30,100.34,0
1438.1557,-194.3,-45.0,-269.8,160.58,99.72,0
1438.2893,-200.6,-47.9,-266.9,158.83,101.42,0
1438.4226,-199.6,-53.8,-265.9,156.15,103.67,0
1438.5558,-206.9,-47.9,-262.0,157.87,106.86,0
1438.6874,-214.3,-32.3,-255.2,162.74,111.84,0
1438.8225,-224.8,-15.6,-252.2,167.93,116.51,0
1438.9585,-226.9,-9.8,-247.4,170.49,118.57,0
1439.0902,-223.7,-12.7,-250.3,169.64,116.86,0
1439.2241,-213.2,-23.5,-257.1,166.24,111.61,0
1439.3587,-199.6,-39.1,-265.9,161.81,103.77,0
1439.4915,-177.5,-56.7,-277.6,155.79,93.98,0
1439.6230,-160.7,-75.3,-273.7,149.55,84.06,0
1439.7567,-140.8,-94.8,-281.5,139.58,76.22,0
1439.8917,-136.6,-105.6,-277.6,136.86,73.65,0
1440.0249,-150.2,-90.9,-275.7,147.18,78.43,1
1440.1600,-157.6,-86.0,-273.7,150.26,80.33,0
1440.2938,-160.7,-78.2,-276.6,152.73,82.26,0
1440.4262,-150.2,-75.3,-282.5,152.47,81.89,0
1440.5593,-141.8,-73.3,-283.5,152.93,78.33,0
1440.6926,-129.2,-82.1,-289.3,147.79,74.87,0
1440.8265,-134.5,-90.9,-281.5,146.03,71.62,0
1440.9625,-129.2,-98.7,-282.5,141.52,70.56,0
1441.0943,-135.5,-96.8,-278.6,143.63,72.73,0
1441.2281,-149.2,-103.6,-273.7,141.98,76.90,0
1441.3600,-155.5,-88.9,-278.6,146.68,82.23,0
1441.4944,-161.8,-77.2,-275.7,150.05,88.13,0
1441.6272,-166.0,-62.6,-279.6,155.62,92.32,0
1441.7592,-176.5,-58.6,-277.6,158.94,93.02,0
1441.8930,-174.4,-58.6,-271.7,160.84,90.55,0
1442.0305,-187.0,-77.2,-264.9,158.29,85.74,0
1442.1624,-168.1,-74.3,-272.7,157.43,84.74,0
1442.2961,-160.7,-82.1,-276.6,151.75,83.55,0
1442.4296,-172.3,-91.9,-263.0,150.98,83.97,0
1442.5640,-162.8,-83.1,-270.8,151.59,86.52,0
1442.6960,-173.3,-84.1,-267.8,152.75,88.87,0
1442.8301,-177.5,-68.4,-275.7,157.90,91.60,0
1442.9663,-167.0,-66.5,-277.6,158.99,89.80,0
1443.1007,-160.7,-61.6,-280.5,164.21,86.17,0
1443.2344,-170.2,-74.3,-275.7,161.62,95.65,1
1443.3687,-151.3,-70.4,-283.5,160.25,94.78,0
1443.5012,-161.8,-80.1,-279.6,157.21,93.71,0
1443.6356,-173.3,-88.9,-269.8,154.00,95.80,0
1443.7686,-198.5,-96.8,-248.3,152.97,102.21,0
1443.9014,-191.2,-78.2,-264.9,155.35,107.76,0
1444.0361,-176.5,-71.3,-272.7,154.80,108.40,0
1444.1718,-176.5,-70.4,-272.7,158.17,104.26,0
1444.3039,-179.6,-70.4,-270.8,163.04,99.68,0
1444.4372,-171.2,-88.9,-265.9,156.31,95.71,0
1444.5704,-145.0,-85.0,-283.5,154.39,92.17,0
1444.7030,-137.6,-91.9,-277.6,149.63,88.93,0
1444.8374,-153.4,-101.6,-270.8,150.59,89.21,0
1444.9753,-167.0,-102.6,-265.9,153.65,94.07,0
1445.1072,-162.8,-88.9,-270.8,156.66,97.78,0
1445.2420,-153.4,-79.2,-284.4,160.53,99.47,0
1445.3752,-150.2,-68.4,-282.5,168.38,97.30,0
1445.5089,-148.1,-63.5,-286.4,175.04,94.82,0
1445.6407,-166.0,-74.3,-268.8,170.98,91.31,0
1445.7752,-140.8,-78.2,-289.3,169.51,89.07,0
1445.9096,-137.6,-88.0,-280.5,161.68,87.84,0
1446.0440,-148.1,-101.6,-276.6,155.56,89.23,0
1446.1774,-149.2,-88.9,-280.5,158.66,93.71,0
1446.3122,-156.5,-86.0,-278.6,160.36,121.87,1
1446.4451,-148.1,-64.5,-288.3,163.78,125.70,0
1446.5783,-151.3,-61.6,-281.5,167.25,125.30,0
1446.7118,-151.3,-55.7,-284.4,175.67,123.10,0
1446.8479,-163.9,-55.7,-278.6,174.77,127.40,0
1446.9831,-146.0,-41.0,-288.3,-178.08,132.28,0
1447.1150,-163.9,-38.1,-283.5,177.99,137.86,0
1447.2489,-190.1,-36.2,-272.7,174.78,143.40,0
1447.3822,-183.8,-29.3,-277.6,171.70,151.29,0
1447.5154,-197.5,-16.6,-269.8,173.87,162.40,1
1447.6493,-191.2,4.9,-271.7,179.20,171.72,1
1447.7821,-203.8,9.8,-268.8,179.87,174.46,1
1447.9213,-185.9,21.5,-270.8,-173.58,175.36,1
1448.0559,-191.2,4.9,-275.7,178.59,173.66,1
1448.1893,-194.3,3.9,-275.7,-179.93,172.38,1
1448.3241,-188.0,-9.8,-273.7,172.19,171.78,1
1448.4595,-196.4,-13.7,-269.8,168.64,174.05,1
1448.5919,-201.7,2.0,-266.9,173.77,177.34,1
1448.7265,-191.2,8.8,-276.6,175.88,-178.85,1
1448.8617,-190.1,17.6,-277.6,179.38,-177.83,1
1448.9972,-202.7,16.6,-263.0,-179.12,179.96,1
1449.1311,-209.0,8.8,-267.8,179.65,176.22,1
1449.2659,-205.9,-2.0,-266.9,176.52,173.46,1
1449.3983,-206.9,-14.7,-263.0,173.20,171.14,1
1449.5323,-216.4,-15.6,-260.0,172.88,169.92,1
1449.6663,-209.0,-12.7,-261.0,172.84,172.94,1
1449.8012,-213.2,-2.9,-259.1,176.14,177.02,1
1449.9368,-205.9,14.7,-264.9,-178.25,-179.23,1
1450.0708,-203.8,15.6,-268.8,-177.31,-179.24,1
1450.2047,-200.6,22.5,-265.9,-171.92,179.39,1
1450.3376,-205.9,12.7,-263.0,-175.18,176.42,1
1450.4724,-192.2,8.8,-269.8,-174.44,174.60,1
1450.6076,-196.4,4.9,-268.8,-177.01,173.42,1
1450.7403,-199.6,-4.9,-264.9,176.77,175.66,1
1450.8751,-190.1,5.9,-272.7,179.31,179.35,1
1451.0126,-183.8,11.7,-279.6,-178.65,-178.71,1
1451.1471,-196.4,12.7,-274.7,-177.45,-178.78,1
1451.2815,-199.6,9.8,-266.9,-177.83,179.73,1
1451.4154,-195.4,10.8,-273.7,-175.70,176.95,1
1451.5493,-211.1,-10.8,-266.9,177.17,172.40,1
1451.6831,-190.1,0.0,-277.6,-177.77,170.14,1
1451.8175,-197.5,-22.5,-271.7,171.75,170.21,1
1451.9530,-194.3,-20.5,-270.8,169.99,173.52,1
1452.0879,-198.5,-8.8,-270.8,175.56,174.35,1
1452.2235,-181.7,-2.9,-274.7,177.89,175.41,1
1452.3559,-194.3,-7.8,-269.8,177.56,174.60,1
1452.4907,-190.1,1.0,-272.7,-175.62,171.62,1
1452.6248,-203.8,-18.6,-263.0,177.76,165.51,1
1452.7584,-167.0,-30.3,-283.5,174.43,161.16,1
1452.8948,-170.2,-43.0,-280.5,168.71,157.56,1
1453.0322,-184.9,-52.8,-271.7,164.87,156.36,1
1453.1650,-169.1,-59.6,-278.6,158.29,158.60,1
1453.2994,-164.9,-42.0,-282.5,164.45,162.96,1
1453.4334,-152.3,-28.3,-289.3,170.65,167.29,1
1453.5657,-184.9,-22.5,-270.8,175.69,168.51,1
1453.7001,-187.0,-12.7,-273.7,-177.32,167.43,0
1453.8363,-183.8,-16.6,-275.7,-178.34,165.49,0
1453.9708,-158.6,-12.7,-288.3,-173.84,164.57,0
1454.1030,-159.7,-26.4,-287.4,175.73,162.98,1
1454.2376,-162.8,-39.1,-286.4,164.69,164.31,1
1454.3713,-177.5,-38.1,-274.7,165.77,167.35,1
1454.5054,-168.1,-32.3,-284.4,166.64,170.58,1
1454.6394,-175.4,-16.6,-276.6,175.31,172.45,1
1454.7737,-183.8,-10.8,-275.7,179.54,172.22,1
1454.9099,-188.0,-11.7,-269.8,179.66,170.16,1
1455.0452,-184.9,-24.4,-270.8,175.17,167.76,1
1455.1800,-163.9,-24.4,-284.4,174.22,166.64,1
1455.3132,-172.3,-42.0,-284.4,163.64,167.50,1
1455.4471,-170.2,-37.1,-276.6,164.50,171.83,1
1455.5812,-170.2,-22.5,-282.5,172.69,173.92,1
1455.7141,-167.0,-4.9,-282.5,-177.50,176.87,1
1455.8504,-185.9,-16.6,-272.7,176.25,176.01,1
1455.9886,-174.4,-11.7,-278.6,179.74,173.19,1
1456.1218,-175.4,-24.4,-276.6,176.28,168.47,1
1456.2568,-169.1,-30.3,-280.5,176.07,164.22,1
1456.3909,-164.9,-48.9,-276.6,165.05,161.94,1
1456.5247,-176.5,-45.0,-278.6,167.78,165.18,1
1456.6589,-191.2,-36.2,-272.7,173.22,168.91,1
1456.7937,-162.8,-10.8,-287.4,-173.53,172.50,1
1456.9305,-179.6,-3.9,-278.6,-173.86,174.22,1
1457.0647,-183.8,-2.0,-276.6,-172.48,173.41,1
1457.1994,-183.8,-18.6,-271.7,-178.26,169.15,1
1457.3324,-168.1,-17.6,-283.5,-175.03,165.34,0
1457.4660,-178.6,-40.1,-276.6,174.49,162.71,1
1457.6019,-196.4,-45.0,-267.8,171.14,163.94,1
1457.7342,-208.0,-37.1,-259.1,173.91,166.53,1
1457.8705,-183.8,-30.3,-268.8,176.38,166.48,1
1458.0089,-180.7,-28.3,-279.6,178.42,163.26,0
1458.1418,-181.7,-33.2,-275.7,179.67,159.68,0
1458.2753,-193.3,-43.0,-271.7,177.01,155.78,0
1458.4085,-157.6,-49.8,-284.4,174.63,152.83,0
1458.5421,-164.9,-52.8,-282.5,173.71,152.20,0
1458.6748,-169.1,-50.8,-281.5,173.99,152.73,0
1458.8083,-180.7,-51.8,-272.7,172.97,156.74,0
1458.9454,-180.7,-34.2,-278.6,177.02,164.01,1
1459.0786,-191.2,-28.3,-269.8,175.29,170.36,1
1459.2127,-200.6,-26.4,-266.9,175.10,174.08,1
1459.3470,-200.6,-13.7,-265.9,179.81,175.35,1
1459.4801,-199.6,-29.3,-270.8,174.61,172.49,1
1459.6147,-174.4,-20.5,-276.6,-179.73,169.82,1
1459.7506,-179.6,-30.3,-273.7,175.59,168.38,1
1459.8849,-193.3,-29.3,-270.8,175.26,171.57,1
1460.0225,-195.4,-18.6,-267.8,176.91,177.35,1
1460.1569,-188.0,-2.0,-278.6,-178.05,-176.94,1
1460.2912,-194.3,8.8,-269.8,-174.77,-174.26,1
1460.4253,-199.6,12.7,-265.9,-172.26,-174.44,1
1460.5592,-211.1,3.9,-259.1,-176.19,-177.11,1
1460.6920,-184.9,2.0,-273.7,-175.57,-179.53,1
1460.8274,-199.6,-9.8,-266.9,178.80,179.25,1
1460.9642,-209.0,-14.7,-260.0,176.31,-178.63,1
1461.0971,-208.0,0.0,-260.0,-179.89,-174.87,1
1461.2323,-198.5,11.7,-264.9,-175.93,-170.39,1
1461.3680,-204.8,15.6,-268.8,-174.75,-167.47,1
1461.5002,-208.0,24.4,-261.0,-171.68,-167.69,1
1461.6344,-201.7,27.4,-266.9,-170.09,-168.02,1
1461.7691,-215.3,14.7,-258.1,-175.13,-169.50,1
1461.9037,-190.1,19.5,-271.7,-170.74,-170.52,1
1462.0408,-198.5,17.6,-269.8,-172.83,-172.42,1
1462.1753,-209.0,12.7,-263.9,-175.84,-171.46,1
1462.3084,-213.2,17.6,-258.1,-173.65,-170.22,1
1462.4422,-208.0,23.5,-266.9,-172.04,-168.81,1
1462.5761,-211.1,21.5,-257.1,-173.08,-167.54,1
1462.7089,-215.3,23.5,-255.2,-173.10,-167.33,1
1462.8438,-218.5,27.4,-251.3,-172.43,-166.88,1
1462.9822,-227.9,8.8,-247.4,-178.55,-169.04,1
1463.1147,-215.3,2.9,-258.1,-179.43,-172.39,1
1463.2495,-229.0,-6.8,-252.2,178.97,-177.83,1
1463.3836,-219.5,-17.6,-254.2,177.05,177.04,1
1463.5171,-212.2,-20.5,-264.9,177.31,175.72,1
1463.6512,-211.1,-19.5,-260.0,177.84,175.96,1
1463.7859,-211.1,-16.6,-261.0,179.29,177.24,1
1463.9216,-209.0,-11.7,-260.0,-179.21,177.84,1
1464.0564,-204.8,-3.9,-263.9,-175.78,178.64,1
1464.1906,-216.4,-12.7,-253.2,-178.73,175.19,1
1464.3245,-191.2,-16.6,-273.7,-177.27,172.14,1
1464.4575,-192.2,-27.4,-267.8,177.96,170.93,1
1464.5930,-189.1,-19.5,-274.7,179.54,173.34,1
1464.7270,-200.6,-16.6,-273.7,179.87,177.30,1
1464.8606,-192.2,2.9,-274.7,-172.45,-177.24,1
1464.9995,-194.3,12.7,-270.8,-171.46,-174.20,1
1465.1349,-204.8,16.6,-263.0,-170.37,-173.47,1
1465.2679,-210.1,14.7,-265.9,-170.56,-175.33,1
1465.4021,-199.6,6.8,-272.7,-172.03,-179.72,1
1465.5363,-200.6,-11.7,-267.8,-178.12,175.70,1
1465.6703,-205.9,-24.4,-265.9,176.94,175.29,1
1465.8063,-206.9,-17.6,-264.9,178.70,-179.85,1
1465.9445,-205.9,-2.0,-269.8,-175.93,-175.08,1
1466.0768,-206.9,12.7,-261.0,-171.14,-171.06,1
1466.2117,-206.9,16.6,-261.0,-170.06,-171.08,1
1466.3461,-209.0,20.5,-262.0,-168.27,-172.93,1
1466.4793,-215.3,-5.9,-261.0,-175.63,-177.94,1
1466.6134,-196.4,1.0,-267.8,-171.38,178.75,1
1466.7492,-204.8,-14.7,-263.0,-177.47,177.06,1
1466.8841,-211.1,-8.8,-264.9,-176.38,179.96,1
1467.0090,-205.9,4.9,-264.9,-171.86,-175.87,1
1467.1435,-191.2,25.4,-269.8,-163.42,-170.53,1
1467.2773,-206.9,31.3,-260.0,-164.58,-167.99,1
1467.4116,-216.4,36.2,-253.2,-164.03,-167.08,1
1467.5463,-222.7,28.3,-251.3,-166.76,-170.70,1
1467.6787,-210.1,13.7,-262.0,-168.04,-175.24,1
1467.8161,-206.9,3.9,-261.0,-171.08,-179.41,1
1467.9538,-218.5,-13.7,-253.2,-178.24,-179.51,1
1468.0872,-212.2,-5.9,-259.1,-176.05,-174.04,1
1468.2224,-206.9,11.7,-260.0,-170.70,-170.27,1
1468.3582,-205.9,27.4,-266.9,-165.80,-166.44,1
1468.4911,-209.0,33.2,-259.1,-164.68,-164.61,1
1468.6254,-226.9,36.2,-245.4,-165.66,-162.76,1
1468.7598,-225.8,32.3,-252.2,-166.25,-164.64,1
1468.8947,-213.2,29.3,-261.0,-166.10,-166.22,1
1469.0302,-219.5,19.5,-259.1,-169.42,-167.86,1
1469.1646,-208.0,24.4,-263.0,-166.16,-167.40,1
1469.2978,-222.7,24.4,-254.2,-167.73,-166.90,1
1469.4332,-213.2,27.4,-259.1,-166.26,-164.66,1
1469.5672,-215.3,29.3,-259.1,-166.14,-164.95,1
1469.6997,-195.4,36.2,-268.8,-159.84,-167.35,1
1469.8360,-213.2,19.5,-264.9,-165.69,-173.91,1
1469.9743,-194.3,13.7,-269.8,-164.38,179.85,0
1470.1061,-195.4,-13.7,-263.0,-174.35,175.39,1
1470.2414,-206.9,-22.5,-266.9,-178.34,175.43,1
1470.3756,-202.7,0.0,-270.8,-171.34,-179.99,1
1470.5090,-204.8,12.7,-267.8,-167.69,-174.38,1
1470.6431,-203.8,24.4,-266.9,-165.40,-170.50,1
1470.7777,-208.0,28.3,-262.0,-164.13,-169.82,1
1470.9121,-188.0,21.5,-276.6,-162.75,-173.50,1
1471.0487,-170.2,13.7,-289.3,-160.22,-178.57,0
1471.1822,-177.5,3.9,-281.5,-165.71,178.13,0
1471.3140,-188.0,-16.6,-275.7,-175.31,178.57,1
1471.4484,-179.6,2.0,-278.6,-167.87,-177.30,1
1471.5838,-191.2,8.8,-276.6,-166.14,-175.05,1
1471.7162,-191.2,16.6,-268.8,-163.83,-173.82,1
1471.8526,-206.9,15.6,-265.9,-165.41,-173.78,1
1471.9902,-187.0,25.4,-273.7,-158.48,-175.89,0
1472.1231,-191.2,9.8,-278.6,-163.17,177.77,0
1472.2566,-185.9,-4.9,-276.6,-168.08,174.13,0
1472.3901,-189.1,-16.6,-275.7,-173.60,174.96,1
1472.5229,-189.1,-15.6,-276.6,-175.04,179.14,1
1472.6583,-191.2,-11.7,-273.7,-173.95,-177.98,1
1472.7925,-184.9,-2.0,-276.6,-169.87,-174.92,1
1472.9283,-204.8,11.7,-266.9,-167.13,-174.27,1
1473.0631,-199.6,11.7,-267.8,-164.37,-177.49,1
1473.1988,-217.4,-12.7,-255.2,-173.61,176.41,1
1473.3316,-189.1,-14.7,-276.6,-171.43,172.89,0
1473.4653,-180.7,-18.6,-279.6,-172.52,172.41,0
1473.5985,-191.2,-28.3,-272.7,-178.32,174.85,1
1473.7319,-188.0,-9.8,-272.7,-172.35,-178.12,1
1473.8688,-198.5,3.9,-268.8,-169.38,-171.53,1
1473.9937,-194.3,14.7,-271.7,-167.94,-168.94,1
1474.1256,-192.2,19.5,-270.8,-164.15,-169.61,1
1474.2599,-192.2,28.3,-276.6,-160.66,-174.02,1
1474.3944,-187.0,7.8,-275.7,-165.46,-179.02,1
1474.5291,-182.8,6.8,-281.5,-165.09,178.21,0
1474.6610,-191.2,-12.7,-272.7,-173.92,177.66,1
1474.7965,-182.8,-8.8,-278.6,-172.87,-178.36,1
1474.9335,-189.1,-3.9,-276.6,-172.29,-173.20,1
1475.0666,-190.1,10.8,-276.6,-167.20,-168.94,1
1475.2017,-204.8,15.6,-265.9,-166.84,-167.94,1
1475.3374,-193.3,28.3,-267.8,-159.69,-169.72,1
1475.4701,-203.8,9.8,-264.9,-166.94,-174.01,1
1475.6042,-189.1,7.8,-272.7,-165.79,-176.66,1
1475.7388,-196.4,-2.9,-268.8,-171.85,-177.24,1
1475.8748,-199.6,-7.8,-266.9,-174.68,-173.96,1
1476.0102,-214.3,4.9,-262.0,-171.80,-169.99,1
1476.1445,-201.7,17.6,-266.9,-166.21,-166.94,1
1476.2781,-198.5,23.5,-271.7,-164.40,-165.82,1
1476.4120,-209.0,23.5,-263.0,-166.04,-165.41,1
1476.5462,-208.0,10.8,-264.9,-168.91,-168.92,1
1476.6792,-188.0,1.0,-276.6,-169.46,-173.41,1
1476.8152,-185.9,4.9,-277.6,-167.14,-175.50,1
1476.9529,-188.0,-3.9,-275.7,-171.28,-175.82,1
1477.0861,-175.4,4.9,-281.5,-166.39,-172.48,1
1477.2214,-182.8,10.8,-274.7,-165.47,-169.65,1
1477.3558,-178.6,21.5,-282.5,-159.62,-166.92,1
1477.4896,-184.9,28.3,-276.6,-159.26,-167.10,1
1477.6237,-182.8,30.3,-276.6,-155.78,-169.70,1
1477.7586,-187.0,14.7,-272.7,-162.08,-172.69,1
1477.8934,-182.8,13.7,-275.7,-161.25,-174.53,1
1478.0303,-184.9,2.0,-278.6,-166.58,-175.71,1
1478.1647,-185.9,-4.9,-276.6,-169.80,-175.42,1
1478.2984,-168.1,3.9,-285.4,-166.11,-171.61,1
1478.4326,-172.3,8.8,-283.5,-166.23,-166.70,1
1478.5679,-183.8,15.6,-272.7,-166.98,-163.92,1
1478.7008,-196.4,6.8,-266.9,-171.57,-163.95,1
1478.8369,-185.9,5.9,-275.7,-171.12,-165.90,1
1478.9743,-191.2,-6.8,-277.6,-176.29,-169.78,1
1479.1085,-195.4,-19.5,-273.7,177.56,-173.41,1
1479.2430,-176.5,-31.3,-275.7,173.11,-176.75,1
1479.3773,-183.8,-35.2,-277.6,171.36,-174.13,1
1479.5107,-191.2,-23.5,-271.7,175.56,-170.90,1
1479.6445,-192.2,-7.8,-271.7,-178.06,-168.45,1
1479.7793,-188.0,-5.9,-273.7,-176.10,-168.54,1
1479.9131,-174.4,7.8,-283.5,-169.11,-169.10,1
1480.0504,-191.2,-9.8,-271.7,-178.89,-172.15,1
1480.1860,-176.5,-16.6,-280.5,178.89,-175.03,1
1480.3191,-185.9,-28.3,-273.7,174.32,-177.03,1
1480.4535,-193.3,-35.2,-270.8,172.59,-176.97,1
1480.5875,-191.2,-23.5,-272.7,176.22,-174.79,1
1480.7223,-191.2,-16.6,-268.8,178.40,-171.69,1
1480.8578,-202.7,-2.9,-269.8,-176.97,-168.45,1
1480.9959,-204.8,2.9,-268.8,-175.51,-167.32,1
1481.1289,-197.5,7.8,-272.7,-172.86,-168.66,1
1481.2647,-191.2,-5.9,-271.7,-179.02,-170.79,1
1481.3989,-200.6,-14.7,-269.8,178.30,-172.29,1
1481.5319,-197.5,-22.5,-267.8,175.36,-173.11,1
1481.6660,-204.8,-19.5,-266.9,176.60,-170.92,1
1481.8022,-199.6,-6.8,-266.9,-179.89,-166.23,1
1481.9384,-201.7,-1.0,-269.8,-178.16,-162.60,0
1482.0718,-203.8,10.8,-265.9,-174.98,-161.12,1
1482.2066,-212.2,16.6,-261.0,-171.68,-162.24,1
1482.3406,-201.7,10.8,-269.8,-172.54,-167.33,1
1482.4747,-195.4,-6.8,-273.7,-178.17,-170.98,1
1482.6086,-202.7,-11.7,-266.9,179.69,-172.86,1
1482.7413,-195.4,-13.7,-269.8,179.66,-172.37,1
1482.8779,-196.4,-3.9,-274.7,-176.55,-168.73,1
1483.0154,-200.6,11.7,-271.7,-171.78,-164.37,1
1483.1480,-204.8,15.6,-267.8,-171.38,-161.48,1
1483.2830,-204.8,16.6,-263.9,-171.10,-160.97,1
1483.4183,-201.7,21.5,-270.8,-168.66,-161.85,1
1483.5505,-208.0,10.8,-265.9,-172.47,-164.80,1
1483.6848,-191.2,3.9,-272.7,-173.66,-167.72,1
1483.8206,-198.5,-10.8,-270.8,179.96,-169.57,1
1483.9560,-202.7,-16.6,-263.9,176.95,-169.23,1
1484.0900,-225.8,-10.8,-256.1,179.10,-167.05,1
1484.2248,-206.9,-1.0,-265.9,-177.05,-165.02,1
1484.3575,-216.4,9.8,-261.0,-174.01,-163.47,1
1484.4929,-217.4,14.7,-253.2,-172.31,-163.17,1
1484.6269,-211.1,12.7,-259.1,-172.80,-164.05,1
1484.7598,-215.3,9.8,-260.0,-173.77,-164.71,1
1484.8954,-214.3,6.8,-261.0,-174.85,-165.67,1
1485.0338,-225.8,-3.9,-250.3,-178.44,-165.56,1
1485.1667,-220.6,8.8,-255.2,-174.75,-163.95,1
1485.3017,-217.4,13.7,-257.1,-173.04,-162.49,1
1485.4359,-219.5,13.7,-258.1,-172.94,-161.13,1
1485.5711,-211.1,17.6,-263.9,-171.90,-161.73,1
1485.7037,-222.7,18.6,-252.2,-171.81,-162.36,1
1485.8387,-213.2,15.6,-256.1,-172.09,-165.31,1
1485.9759,-217.4,1.0,-258.1,-176.39,-168.26,1
1486.1102,-214.3,-7.8,-261.0,-178.79,-170.06,1
1486.2448,-214.3,-6.8,-262.0,-179.69,-169.88,1
1486.3787,-219.5,-8.8,-256.1,179.80,-166.51,1
1486.5117,-225.8,-2.0,-249.3,-178.20,-165.19,1
1486.6452,-221.6,6.8,-253.2,-175.48,-163.95,1
1486.7792,-220.6,4.9,-254.2,-175.67,-164.65,1
1486.9129,-212.2,14.7,-259.1,-171.18,-167.34,1
1487.0486,-212.2,-2.9,-260.0,-176.41,-173.76,1
1487.1847,-210.1,-21.5,-263.0,178.71,-179.64,1
1487.3178,-201.7,-36.2,-264.9,174.45,175.89,1
1487.4526,-205.9,-41.0,-263.9,173.10,175.74,1
1487.5868,-199.6,-26.4,-267.8,178.33,179.80,1
1487.7209,-204.8,-9.8,-263.0,-176.34,-177.42,1
1487.8572,-209.0,-6.8,-263.0,-175.10,-175.73,1
1487.9958,-206.9,-7.8,-265.9,-176.00,-176.09,1
1488.1290,-204.8,-3.9,-263.9,-173.99,-178.11,1
1488.2631,-212.2,-14.7,-266.9,-177.68,178.60,1
1488.3973,-202.7,-16.6,-268.8,-177.53,175.26,1
1488.5300,-209.0,-31.3,-260.0,177.59,170.78,1
1488.6642,-210.1,-44.0,-261.0,174.44,168.87,1
1488.7996,-191.2,-31.3,-268.8,178.07,172.92,1
1488.9354,-220.6,-22.5,-252.2,-179.67,177.63,1
1489.0701,-223.7,-6.8,-251.3,-175.03,-179.64,1
1489.2048,-220.6,-9.8,-256.1,-175.21,-179.51,1
1489.3393,-202.7,-6.8,-264.9,-173.35,177.78,1
1489.4734,-211.1,-24.4,-261.0,-178.45,172.53,1
1489.6073,-203.8,-29.3,-263.0,-179.27,167.55,1
1489.7399,-199.6,-41.0,-269.8,176.97,164.73,1
1489.8775,-206.9,-51.8,-263.0,174.03,163.74,1
1490.0146,-198.5,-55.7,-259.1,172.24,163.90,1
1490.1476,-215.3,-54.7,-245.4,173.22,161.98,1
1490.2826,-197.5,-64.5,-260.0,171.22,154.44,0
1490.4172,-169.1,-79.2,-269.8,166.08,142.15,0
1490.5486,-143.9,-88.9,-283.5,162.75,130.69,0
1490.6820,-120.8,-96.8,-289.3,157.94,120.40,0
1490.8156,-112.4,-101.6,-286.4,155.52,111.92,0
1490.9506,-99.8,-105.6,-290.3,152.63,102.24,0
1491.0842,-79.8,-98.7,-301.0,150.76,90.74,0
1491.2181,-46.2,-95.8,-303.9,140.98,76.74,0
1491.3513,-13.7,-97.7,-307.9,125.84,67.21,0
1491.4843,2.1,-94.8,-300.0,117.63,61.96,0
1491.6174,-2.1,-96.8,-301.0,117.97,58.35,0
1491.7509,20.0,-94.8,-300.0,110.87,54.55,0
1491.8830,12.6,-78.2,-308.8,117.82,46.05,0
1492.0204,25.2,-55.7,-309.8,114.30,36.54,0
1492.1537,29.4,-45.0,-306.9,111.66,26.78,0
1492.2859,32.6,-21.5,-312.7,109.92,20.29,0
1492.4192,59.9,-10.8,-313.7,76.62,16.44,0
1492.5540,52.5,6.8,-313.7,76.92,11.85,0
1492.6868,56.7,28.3,-312.7,31.45,6.56,0
1492.8189,63.0,37.1,-309.8,7.59,0.35,1
1492.9562,86.1,46.9,-302.0,-3.49,-2.22,1
1493.0785,77.7,37.1,-303.9,8.81,-2.41,1
1493.2112,62.0,31.3,-311.8,29.49,-0.37,0
1493.3446,65.1,22.5,-307.9,33.85,4.19,0
1493.4783,67.2,17.6,-307.9,42.34,9.04,0
1493.6129,63.0,14.7,-312.7,48.61,11.19,0
1493.7447,51.5,25.4,-312.7,75.66,9.08,0
1493.8785,45.2,33.2,-314.7,50.91,3.13,0
1494.0153,60.9,38.1,-308.8,16.40,-1.87,0
1494.1485,62.0,42.0,-308.8,11.90,-3.63,0
1494.2820,56.7,42.0,-308.8,13.96,-4.29,0
1494.4150,48.3,42.0,-308.8,12.60,-3.67,0
1494.5468,65.1,50.8,-307.9,-13.28,-3.70,1
1494.6824,49.4,58.6,-306.9,-36.54,-4.50,0
1494.8162,41.0,62.6,-306.9,-62.54,-7.34,0
1494.9504,35.7,73.3,-303.9,-76.81,-12.55,0
1495.0839,31.5,80.1,-306.9,-73.91,-17.74,0
1495.2187,31.5,75.3,-307.9,-61.88,-18.98,0
1495.3522,48.3,73.3,-303.0,-36.77,-18.20,0
1495.4843,31.5,65.5,-307.9,-76.67,-17.29,0
1495.6176,18.9,53.8,-310.8,173.70,-15.76,0
1495.7522,29.4,75.3,-310.8,-90.21,-18.27,0
1495.8850,36.8,93.8,-299.1,-71.31,-23.10,0
1496.0200,15.8,105.6,-303.9,-95.14,-29.56,0
1496.1536,2.1,121.2,-296.1,-97.54,-36.16,0
1496.2868,2.1,113.4,-302.0,-93.36,-41.05,0
1496.4199,-12.6,114.4,-299.1,-107.21,-42.91,0
1496.5529,-18.9,104.6,-298.1,-119.95,-41.88,0
1496.6845,-8.4,104.6,-304.9,-114.69,-36.89,0
1496.8184,0.0,106.5,-304.9,-104.57,-33.22,0
1496.9538,8.4,110.4,-301.0,-98.30,-32.14,0
1497.0869,7.4,115.3,-296.1,-97.09,-34.24,0
1497.2194,-9.5,129.0,-291.3,-106.31,-40.28,0
1497.3540,-17.9,128.0,-295.2,-107.75,-46.52,0
1497.4869,-16.8,122.2,-293.2,-107.25,-47.41,0
1497.6185,-16.8,115.3,-296.1,-110.64,-50.04,1
1497.7537,-17.9,110.4,-295.2,-116.57,-47.92,0
1497.8904,-6.3,117.3,-298.1,-101.94,-46.92,0
1498.0249,-3.2,123.1,-294.2,-99.73,-47.02,0
1498.1586,-13.7,123.1,-292.2,-106.48,-49.29,0
1498.2923,-23.1,132.9,-292.2,-109.34,-51.68,0
1498.4247,-41.0,132.9,-290.3,-117.08,-57.55,0
1498.5580,-36.8,129.0,-296.1,-108.92,-60.12,0
1498.6911,-21.0,139.8,-289.3,-98.32,-60.40,0
1498.8235,-35.7,125.1,-286.4,-114.48,-58.75,0
1498.9583,-25.2,140.7,-287.4,-101.34,-56.17,0
1499.0915,-23.1,141.7,-288.3,-99.35,-55.93,0
1499.2236,-24.2,142.7,-286.4,-100.49,-57.05,0
1499.3570,-31.5,144.7,-285.4,-106.39,-58.95,0
1499.4914,-57.8,144.7,-283.5,-118.57,-63.40,0
1499.6242,-46.2,135.9,-288.3,-110.65,-65.45,0
1499.7564,-42.0,129.0,-291.3,-111.64,-63.62,0
1499.8911,-54.6,114.4,-295.2,-130.92,-61.88,0
1500.0286,-43.1,122.2,-297.1,-123.85,-57.66,0
1500.1604,-41.0,129.0,-294.2,-120.08,-57.11,0
1500.2943,-33.6,135.9,-289.3,-111.50,-57.08,0
1500.4274,-49.4,141.7,-286.4,-117.55,-60.07,0
1500.5614,-71.4,153.4,-281.5,-122.03,-67.21,0
1500.6930,-79.8,141.7,-284.4,-126.23,-72.57,0
1500.8266,-69.3,140.7,-285.4,-120.75,-72.24,0
1500.9627,-67.2,131.9,-286.4,-125.36,-78.92,1
1501.0972,-51.5,136.8,-288.3,-118.23,-73.78,0
1501.2309,-45.2,137.8,-288.3,-115.82,-70.44,0
1501.3641,-52.5,136.8,-289.3,-120.39,-68.38,0
1501.4960,-54.6,135.9,-288.3,-123.76,-68.17,0
1501.6306,-52.5,141.7,-288.3,-119.92,-71.30,0
1501.7635,-42.0,148.6,-284.4,-108.16,-76.17,0
1501.8969,-58.8,141.7,-284.4,-118.83,-73.99,0
1502.0337,-71.4,137.8,-284.4,-128.32,-74.29,0
1502.1685,-56.7,146.6,-280.5,-119.48,-70.86,0
1502.3003,-43.1,143.7,-287.4,-114.87,-67.66,0
1502.4336,-45.2,148.6,-285.4,-115.44,-67.25,0
1502.5669,-57.8,150.5,-277.6,-120.72,-69.84,0
1502.7007,-75.6,145.6,-278.6,-128.12,-75.39,0
1502.8329,-62.0,135.9,-282.5,-124.12,-77.40,0
1502.9697,-65.1,142.7,-282.5,-125.41,-75.71,0
1503.1030,-76.7,132.9,-283.5,-135.42,-72.46,0
1503.2373,-54.6,140.7,-287.4,-121.27,-68.68,0
1503.3706,-34.7,138.8,-285.4,-112.40,-67.32,0
1503.5039,-62.0,141.7,-286.4,-125.89,-69.62,0
1503.6357,-77.7,143.7,-281.5,-128.66,-72.07,0
1503.7699,-78.8,149.5,-281.5,-127.84,-76.11,0
1503.9049,-72.5,142.7,-278.6,-125.54,-74.76,0
1504.0399,-75.6,135.9,-285.4,-131.39,-73.31,0
1504.1736,-81.9,125.1,-290.3,-140.05,-69.62,0
1504.3093,-68.3,130.0,-293.2,-132.33,-65.42,0
1504.4407,-49.4,131.9,-289.3,-123.58,-62.30,0
1504.5739,-63.0,130.0,-288.3,-131.35,-62.88,0
1504.7072,-75.6,133.9,-282.5,-133.42,-65.55,0
1504.8415,-83.0,130.0,-282.5,-135.07,-70.40,0
1504.9777,-80.9,129.0,-285.4,-133.15,-73.41,0
1505.1110,-90.3,128.0,-282.5,-138.12,-73.54,0
1505.2431,-94.5,116.3,-284.4,-146.71,-71.30,0
1505.3762,-79.8,121.2,-290.3,-139.11,-67.20,0
1505.5091,-49.4,125.1,-293.2,-122.43,-65.23,0
1505.6420,-45.2,129.0,-294.2,-118.04,-66.82,0
1505.7743,-63.0,134.9,-283.5,-124.61,-70.32,0
1505.9094,-69.3,135.9,-283.5,-122.06,-75.06,0
1506.0465,-55.7,131.0,-289.3,-118.10,-75.10,0
1506.1788,-60.9,126.1,-291.3,-123.56,-73.05,0
1506.3126,-66.2,125.1,-291.3,-126.78,-69.58,0
1506.4469,-39.9,125.1,-296.1,-109.27,-64.70,0
1506.5784,-31.5,131.0,-288.3,-105.54,-62.34,0
1506.7118,-34.7,131.0,-288.3,-108.81,-62.01,0
1506.8453,-57.8,141.7,-283.5,-116.35,-63.99,0
1506.9817,-53.6,141.7,-286.4,-113.66,-67.83,0
1507.1152,-43.1,130.0,-289.3,-109.75,-67.71,0
1507.2493,-55.7,126.1,-291.3,-121.10,-66.58,0
1507.3808,-58.8,116.3,-294.2,-130.27,-64.09,0
1507.5138,-38.9,132.9,-294.2,-112.28,-61.04,0
1507.6467,-31.5,131.9,-295.2,-108.82,-59.86,0
1507.7801,-46.2,131.9,-293.2,-118.82,-61.04,0
1507.9123,-54.6,133.9,-286.4,-123.28,-63.13,0
1508.0487,-53.6,132.9,-285.4,-121.65,-66.67,0
1508.1821,-54.6,128.0,-293.2,-124.59,-78.80,1
1508.3153,-59.9,128.0,-290.3,-128.04,-77.93,0
1508.4485,-50.4,124.1,-295.2,-127.97,-75.05,0
1508.5829,-34.7,126.1,-290.3,-119.84,-71.40,0
1508.7142,-24.2,131.0,-293.2,-112.63,-68.16,0
1508.8491,-33.6,135.9,-291.3,-117.38,-71.27,0
1508.9727,-44.1,136.8,-283.5,-118.38,-75.71,0
1509.1055,-48.3,122.2,-290.3,-123.75,-79.80,0
1509.2390,-32.6,127.1,-288.3,-111.68,-79.27,0
1509.3722,-43.1,127.1,-298.1,-119.24,-78.80,0
1509.5056,-39.9,127.1,-294.2,-116.24,-75.50,0
1509.6385,-17.9,131.9,-292.2,-104.25,-73.64,0
1509.7715,-14.7,128.0,-291.3,-103.71,-73.67,0
1509.9065,-34.7,131.9,-292.2,-115.51,-77.91,0
1510.0421,-46.2,147.6,-286.4,-114.22,-83.57,0
1510.1768,-45.2,133.9,-293.2,-114.53,-87.44,0
1510.3100,-45.2,130.0,-289.3,-116.79,-86.36,0
1510.4417,-45.2,128.0,-294.2,-120.73,-83.69,0
1510.5747,-32.6,131.0,-291.3,-113.45,-80.37,0
1510.7091,-16.8,135.9,-291.3,-103.36,-79.56,0
1510.8438,-24.2,135.9,-292.2,-108.83,-80.92,0
1510.9801,-44.1,138.8,-289.3,-119.44,-84.33,0
1511.1118,-47.3,141.7,-288.3,-117.23,-89.06,0
1511.2461,-50.4,134.9,-294.2,-118.26,-92.43,0
1511.3780,-49.4,134.9,-289.3,-119.72,-92.17,0
1511.5117,-67.2,130.0,-286.4,-129.64,-90.23,0
1511.6447,-36.8,132.9,-292.2,-112.83,-85.45,0
1511.7773,-16.8,137.8,-287.4,-102.40,-82.49,0
1511.9128,-23.1,146.6,-286.4,-106.82,-81.53,0
1512.0503,-38.9,145.6,-283.5,-114.58,-84.06,0
1512.1822,-37.8,148.6,-283.5,-111.17,-87.97,0
1512.3168,-46.2,143.7,-285.4,-116.05,-89.65,0
1512.4500,-49.4,141.7,-284.4,-119.94,-87.84,0
1512.5835,-68.3,136.8,-284.4,-130.42,-84.67,0
1512.7156,-47.3,131.9,-290.3,-123.30,-78.90,0
1512.8504,-24.2,131.0,-290.3,-112.06,-77.27,0
1512.9875,-35.7,135.9,-288.3,-119.09,-78.81,0
1513.1195,-63.0,142.7,-284.4,-125.45,-83.42,0
1513.2535,-59.9,144.7,-285.4,-122.76,-89.50,0
1513.3880,-63.0,139.8,-288.3,-123.49,-92.12,0
1513.5196,-60.9,139.8,-282.5,-123.88,-91.78,0
1513.6529,-78.8,136.8,-285.4,-132.19,-88.93,0
1513.7865,-39.9,136.8,-291.3,-118.06,-82.31,0
1513.9234,-28.4,134.9,-288.3,-114.42,-79.48,0
1514.0558,-46.2,136.8,-288.3,-121.86,-79.08,0
1514.1893,-53.6,149.5,-284.4,-119.57,-82.45,0
1514.3213,-57.8,148.6,-281.5,-119.21,-87.60,0
1514.4557,-44.1,143.7,-285.4,-114.65,-88.72,0
1514.5888,-56.7,141.7,-286.4,-121.20,-88.01,0
1514.7232,-69.3,137.8,-286.4,-126.41,-84.65,0
1514.8573,-37.8,135.9,-290.3,-113.97,-77.65,0
1514.9939,-6.3,131.9,-290.3,-100.21,-72.09,0
1515.1274,-9.5,138.8,-288.3,-102.46,-70.61,0
1515.2600,-37.8,140.7,-285.4,-116.71,-74.39,0
1515.3934,-46.2,133.9,-286.4,-120.23,-81.05,0
1515.5276,-41.0,137.8,-286.4,-116.95,-82.96,0
1515.6591,-54.6,133.9,-287.4,-124.65,-82.40,0
1515.7931,-63.0,132.9,-287.4,-126.86,-78.24,0
1515.9306,-25.2,131.0,-288.3,-109.14,-73.99,0
1516.0652,-12.6,127.1,-296.1,-103.59,-72.98,0
1516.1978,-31.5,132.9,-292.2,-114.71,-74.85,0
1516.3313,-43.1,138.8,-285.4,-117.83,-79.59,0
1516.4647,-63.0,131.9,-288.3,-127.49,-84.68,0
1516.5977,-60.9,129.0,-284.4,-128.10,-85.87,0
1516.7310,-67.2,127.1,-290.3,-133.19,-84.70,0
1516.8666,-74.6,126.1,-289.3,-136.09,-80.50,0
1517.0027,-41.0,131.0,-290.3,-118.57,-76.78,0
1517.1358,-28.4,133.9,-289.3,-113.11,-75.62,0
1517.2692,-46.2,136.8,-288.3,-121.18,-77.16,0
1517.4008,-46.2,140.7,-286.4,-119.08,-80.34,0
1517.5342,-42.0,135.9,-290.3,-118.30,-82.73,0
1517.6686,-44.1,127.1,-289.3,-121.98,-81.70,0
1517.8018,-46.2,128.0,-292.2,-125.94,-80.54,0
1517.9385,-71.4,116.3,-288.3,-139.43,-78.07,0
1518.0706,-38.9,125.1,-288.3,-119.27,-74.86,0
1518.2053,-25.2,122.2,-293.2,-112.05,-75.26,0
1518.3374,-39.9,135.9,-291.3,-117.22,-77.19,0
1518.4717,-44.1,138.8,-282.5,-117.32,-80.54,0
1518.6048,-48.3,136.8,-288.3,-118.58,-84.20,0
1518.7374,-39.9,133.9,-290.3,-114.27,-84.93,0
1518.8729,-48.3,136.8,-288.3,-118.61,-84.18,0
1519.0108,-52.5,136.8,-289.3,-118.55,-81.94,0
1519.1426,-25.2,134.9,-289.3,-105.26,-77.54,0
1519.2786,-9.5,131.9,-292.2,-99.26,-72.70,0
1519.4118,-20.0,134.9,-293.2,-106.78,-70.73,0
1519.5454,-32.6,143.7,-285.4,-110.38,-70.93,0
1519.6772,-30.5,139.8,-283.5,-109.49,-73.38,0
1519.8135,-26.3,132.9,-292.2,-108.25,-75.25,0
1519.9501,-38.9,131.9,-292.2,-115.19,-75.39,0
1520.0825,-32.6,128.0,-290.3,-116.97,-72.72,0
1520.2163,-21.0,130.0,-291.3,-109.78,-68.21,0
1520.3508,-13.7,130.0,-290.3,-103.32,-66.73,0
1520.4822,-15.8,132.9,-290.3,-105.20,-67.09,0
1520.6151,-26.3,131.9,-292.2,-113.30,-69.17,0
1520.7486,-34.7,141.7,-284.4,-114.07,-73.20,0
1520.8845,-49.4,134.9,-291.3,-121.26,-78.11,0
1521.0203,-48.3,132.9,-291.3,-121.06,-80.33,0
1521.1537,-46.2,130.0,-292.2,-121.44,-79.01,0
1521.2871,-34.7,140.7,-286.4,-113.53,-75.29,0
1521.4204,-30.5,133.9,-284.4,-114.55,-72.56,0
1521.5535,-28.4,128.0,-291.3,-115.03,-70.83,0
1521.6866,-43.1,132.9,-293.2,-122.94,-73.12,0
1521.8203,-46.2,139.8,-287.4,-121.22,-77.38,0
1521.9565,-49.4,130.0,-291.3,-124.90,-81.19,0
1522.0900,-63.0,131.0,-291.3,-129.48,-82.57,0
1522.2236,-56.7,132.9,-286.4,-127.60,-80.74,0
1522.3571,-59.9,132.9,-285.4,-128.59,-76.76,0
1522.4916,-44.1,132.9,-288.3,-122.36,-73.25,0
1522.6232,-45.2,137.8,-286.4,-121.14,-71.70,0
1522.7573,-50.4,134.9,-289.3,-125.17,-72.45,0
1522.8927,-54.6,138.8,-285.4,-124.92,-76.68,0
1523.0291,-66.2,131.9,-289.3,-130.74,-82.21,0
1523.1632,-66.2,130.0,-289.3,-130.57,-83.72,0
1523.2972,-66.2,131.9,-287.4,-129.76,-82.95,0
1523.4286,-41.0,137.8,-286.4,-115.71,-79.99,0
1523.5631,-35.7,139.8,-288.3,-112.92,-78.56,0
1523.6962,-46.2,142.7,-288.3,-117.68,-79.01,0
1523.8295,-60.9,138.8,-283.5,-124.21,-81.54,0
1523.9659,-55.7,140.7,-284.4,-119.34,-85.41,0
1524.0994,-67.2,137.8,-281.5,-124.10,-88.71,0
1524.2328,-71.4,135.9,-282.5,-126.39,-89.03,0
1524.3646,-77.7,141.7,-282.5,-127.61,-86.42,0
1524.4984,-48.3,146.6,-277.6,-112.99,-82.88,0
1524.6327,-45.2,143.7,-286.4,-113.58,-81.12,0
1524.7658,-46.2,147.6,-284.4,-115.02,-80.98,0
1524.9014,-67.2,143.7,-282.5,-122.32,-82.02,0
1525.0390,-53.6,134.9,-290.3,-118.13,-83.96,0
1525.1725,-45.2,138.8,-289.3,-113.16,-82.37,0
1525.3063,-44.1,134.9,-289.3,-115.87,-81.15,0
1525.4395,-51.5,137.8,-289.3,-116.44,-79.92,0
1525.5711,-23.1,150.5,-283.5,-102.21,-75.04,0
1525.7056,-14.7,131.9,-293.2,-104.78,-70.45,0
1525.8395,-26.3,137.8,-289.3,-111.72,-69.95,0
1525.9753,-39.9,143.7,-287.4,-115.43,-74.35,0
1526.1075,-39.9,140.7,-290.3,-114.45,-80.41,0
1526.2418,-47.3,140.7,-290.3,-117.37,-84.04,0
1526.3734,-64.1,136.8,-284.4,-126.30,-83.82,0
1526.5073,-62.0,132.9,-285.4,-130.02,-79.20,0
1526.6405,-49.4,144.7,-286.4,-122.20,-75.30,0
1526.7749,-42.0,136.8,-288.3,-122.03,-73.77,0
1526.9078,-43.1,143.7,-284.4,-121.58,-74.37,0
1527.0436,-56.7,146.6,-283.5,-125.69,-77.49,0
1527.1770,-74.6,138.8,-282.5,-134.39,-81.78,0
1527.3101,-85.1,137.8,-287.4,-137.93,-83.69,0
1527.4434,-84.0,136.8,-285.4,-139.03,-83.16,0
1527.5765,-74.6,138.8,-283.5,-133.87,-78.82,0
1527.7097,-49.4,149.5,-284.4,-123.01,-74.73,0
1527.8435,-58.8,150.5,-283.5,-125.45,-80.27,1
1527.9801,-69.3,151.5,-278.6,-130.67,-81.72,0
1528.1138,-70.4,163.2,-271.7,-126.96,-86.24,0
1528.2465,-75.6,151.5,-277.6,-131.74,-90.54,0
1528.3811,-88.2,147.6,-274.7,-136.16,-91.28,0
1528.5142,-84.0,144.7,-279.6,-137.78,-88.01,0
1528.6456,-69.3,145.6,-282.5,-131.45,-81.94,0
1528.7793,-30.5,146.6,-280.5,-118.02,-77.39,0
1528.9159,-47.3,142.7,-283.5,-125.61,-77.24,0
1529.0511,-63.0,157.4,-269.8,-124.95,-80.64,0
1529.1848,-55.7,160.3,-273.7,-120.51,-85.09,0
1529.3185,-57.8,154.4,-277.6,-122.71,-87.21,0
1529.4528,-55.7,152.5,-279.6,-121.58,-84.68,0
1529.5848,-39.9,163.2,-277.6,-112.25,-79.31,0
1529.7187,-10.5,147.6,-282.5,-103.96,-73.82,0
1529.8538,0.0,130.0,-291.3,-103.48,-70.05,0
1529.9893,-12.6,124.1,-291.3,-115.02,-69.74,0
1530.1221,-23.1,125.1,-291.3,-122.30,-71.00,0
1530.2560,-24.2,120.2,-298.1,-124.57,-72.51,0
1530.3874,-15.8,116.3,-298.1,-121.61,-72.35,0
1530.5215,-15.8,117.3,-302.0,-121.84,-70.47,0
1530.6547,-9.5,109.5,-299.1,-123.25,-67.15,0
1530.7884,-14.7,115.3,-299.1,-123.67,-65.19,0
1530.9209,-2.1,118.3,-292.2,-114.72,-66.50,0
1531.0586,-9.5,129.0,-291.3,-116.67,-69.44,0
1531.1918,-37.8,131.9,-291.3,-128.27,-72.82,0
1531.3239,-44.1,131.9,-291.3,-130.74,-77.36,0
1531.4573,-36.8,124.1,-288.3,-131.24,-78.15,0
1531.5917,-36.8,118.3,-297.1,-134.52,-76.69,0
1531.7232,-45.2,118.3,-295.2,-138.06,-74.01,0
1531.8569,-48.3,124.1,-292.2,-135.64,-73.74,0
1531.9935,-34.7,131.9,-291.3,-125.46,-74.48,0
1532.1266,-33.6,131.9,-289.3,-123.79,-77.29,0
1532.2600,-54.6,131.0,-283.5,-132.65,-81.54,0
1532.3930,-60.9,128.0,-289.3,-136.68,-84.35,0
1532.5247,-48.3,125.1,-294.2,-132.95,-83.24,0
1532.6590,-42.0,125.1,-289.3,-130.74,-81.07,0
1532.7920,-53.6,127.1,-293.2,-135.05,-80.14,0
1532.9277,-44.1,132.9,-289.3,-128.80,-77.77,0
1533.0599,-35.7,131.0,-288.3,-127.01,-74.65,0
1533.1947,-23.1,129.0,-293.2,-123.41,-87.20,1
1533.3290,-35.7,131.9,-292.2,-128.44,-89.55,0
1533.4613,-38.9,136.8,-287.4,-126.23,-94.85,0
1533.5945,-48.3,135.9,-290.3,-130.51,-99.75,0
1533.7290,-50.4,131.9,-288.3,-131.81,-101.14,0
1533.8614,-50.4,130.0,-285.4,-133.62,-99.47,0
1533.9982,-53.6,135.9,-287.4,-131.53,-96.46,0
1534.1314,-37.8,137.8,-284.4,-125.08,-95.14,0
1534.2671,-33.6,139.8,-287.4,-121.19,-94.54,0
1534.3995,-41.0,144.7,-283.5,-124.23,-95.46,0
1534.5327,-37.8,152.5,-281.5,-118.18,-98.05,0
1534.6640,-53.6,136.8,-288.3,-128.46,-100.55,0
1534.7983,-52.5,132.9,-291.3,-132.00,-100.37,0
1534.9340,-51.5,125.1,-291.3,-135.91,-97.87,0
1535.0651,-38.9,127.1,-291.3,-132.35,-92.79,0
1535.1975,-43.1,132.9,-287.4,-131.18,-90.67,0
1535.3327,-34.7,131.0,-288.3,-127.53,-90.74,0
1535.4658,-38.9,135.9,-289.3,-126.43,-92.28,0
1535.5975,-30.5,143.7,-283.5,-120.67,-94.17,0
1535.7322,-38.9,135.9,-293.2,-126.47,-97.60,0
1535.8680,-50.4,129.0,-285.4,-132.47,-100.26,0
1536.0026,-49.4,129.0,-288.3,-134.02,-100.56,0
1536.1362,-46.2,138.8,-288.3,-128.34,-99.22,0
1536.2700,-43.1,133.9,-289.3,-128.61,-96.79,0
1536.4031,-22.1,136.8,-288.3,-118.24,-91.82,0
1536.5362,-13.7,132.9,-289.3,-116.49,-103.25,1
1536.6708,-24.2,140.7,-288.3,-121.32,-109.87,1
1536.8034,-35.7,145.6,-287.4,-124.61,-117.02,1
1536.9430,-55.7,129.0,-288.3,-136.66,-117.65,0
1537.0764,-57.8,133.9,-288.3,-136.22,-118.11,0
1537.2087,-64.1,131.9,-288.3,-137.10,-115.35,0
1537.3424,-31.5,137.8,-287.4,-120.83,-112.17,1
1537.4778,-30.5,130.0,-289.3,-124.16,-111.75,1
1537.6101,-24.2,134.9,-288.3,-121.01,-111.99,1
1537.7454,-20.0,141.7,-286.4,-115.08,-112.63,1
1537.8808,-20.0,137.8,-289.3,-118.04,-116.19,1
1538.0179,-35.7,133.9,-285.4,-126.47,-119.62,1
1538.1517,-48.3,131.9,-290.3,-133.40,-122.04,1
1538.2872,-41.0,132.9,-289.3,-126.53,-119.62,1
1538.4196,-16.8,135.9,-290.3,-116.11,-115.23,1
1538.5450,-17.9,131.9,-288.3,-118.69,-112.65,1
1538.6793,-18.9,133.9,-286.4,-119.58,-112.06,1
1538.8140,-28.4,137.8,-284.4,-121.84,-115.26,1
1538.9499,-33.6,143.7,-281.5,-121.61,-119.99,1
1539.0842,-43.1,138.8,-286.4,-127.18,-121.77,1
1539.2189,-49.4,132.9,-284.4,-133.01,-122.28,1
1539.3518,-35.7,134.9,-288.3,-127.11,-119.31,1
1539.4872,-24.2,133.9,-287.4,-124.00,-116.46,1
1539.6226,-34.7,128.0,-296.1,-132.21,-116.39,0
1539.7541,-35.7,137.8,-287.4,-129.24,-118.34,1
1539.8895,-43.1,137.8,-284.4,-131.55,-122.29,1
1540.0275,-47.3,136.8,-292.2,-133.65,-126.96,1
1540.1614,-50.4,128.0,-290.3,-137.21,-130.22,1
1540.2959,-49.4,128.0,-287.4,-137.11,-130.01,1
1540.4302,-37.8,126.1,-294.2,-136.25,-126.30,1
1540.5626,-23.1,126.1,-290.3,-128.95,-122.12,1
1540.6982,-8.4,126.1,-295.2,-120.40,-118.83,1
1540.8335,-2.1,129.0,-293.2,-115.39,-117.27,1
1540.9693,6.3,138.8,-283.5,-108.05,-117.37,1
1541.1024,-1.1,122.2,-293.2,-114.65,-119.28,1
1541.2385,14.7,116.3,-292.2,-104.83,-119.39,1
1541.3711,10.5,120.2,-292.2,-106.73,-119.80,1
1541.5056,4.2,106.5,-301.0,-123.59,-120.77,1
1541.6399,17.9,112.4,-295.2,-102.53,-119.11,0
1541.7744,31.5,110.4,-296.1,-90.09,-116.54,0
1541.9073,14.7,108.5,-296.1,-117.75,-116.63,1
1542.0435,-12.6,126.1,-290.3,-123.68,-122.77,1
1542.1783,-36.8,136.8,-290.3,-129.65,-131.03,1
1542.3125,-33.6,126.1,-291.3,-132.32,-133.80,1
1542.4468,-41.0,123.1,-295.2,-139.07,-134.03,1
1542.5808,-27.3,112.4,-298.1,-137.45,-129.77,1
1542.7140,-4.2,110.4,-300.0,-123.40,-123.78,1
1542.8486,0.0,108.5,-300.0,-121.72,-120.30,1
1542.9858,-5.3,110.4,-301.0,-126.24,-119.89,1
1543.1189,-20.0,125.1,-295.2,-126.62,-125.71,1
1543.2539,-29.4,119.2,-293.2,-129.40,-132.58,1
1543.3892,-45.2,128.0,-288.3,-131.02,-136.08,1
1543.5220,-47.3,121.2,-290.3,-137.56,-133.98,1
1543.6564,-21.0,126.1,-292.2,-123.37,-128.52,1
1543.7912,-7.4,127.1,-292.2,-115.36,-124.25,1
1543.9296,-6.3,134.9,-284.4,-110.73,-121.89,1
1544.0624,-11.6,138.8,-286.4,-110.96,-123.69,1
1544.1972,-23.1,142.7,-284.4,-114.84,-129.54,1
1544.3307,-38.9,129.0,-290.3,-126.46,-134.15,1
1544.4660,-51.5,127.1,-290.3,-134.97,-136.71,1
1544.6001,-57.8,126.1,-291.3,-140.39,-135.88,1
1544.7332,-41.0,113.4,-294.2,-138.29,-130.50,1
1544.8686,-36.8,120.2,-290.3,-134.52,-125.74,1
1544.9943,-37.8,122.2,-287.4,-132.86,-124.20,1
1545.1268,-57.8,147.6,-276.6,-128.11,-130.77,1
1545.2616,-79.8,144.7,-273.7,-134.91,-140.06,1
1545.3960,-93.5,143.7,-279.6,-139.03,-144.68,1
1545.5312,-92.4,132.9,-277.6,-141.34,-145.22,1
1545.6639,-66.2,135.9,-282.5,-132.32,-140.38,1
1545.7989,-51.5,131.0,-283.5,-129.69,-133.24,1
1545.9366,-42.0,135.9,-288.3,-126.54,-126.28,1
1546.0699,-52.5,136.8,-286.4,-130.13,-124.95,1
1546.2035,-37.8,137.8,-281.5,-122.56,-130.52,1
1546.3381,-59.9,131.9,-290.3,-133.24,-138.54,1
1546.4716,-67.2,129.0,-286.4,-136.45,-142.72,1
1546.6070,-79.8,125.1,-286.4,-142.43,-142.37,1
1546.7410,-45.2,119.2,-293.2,-131.21,-135.73,1
1546.8749,-32.6,122.2,-295.2,-127.65,-128.57,1
1547.0114,-31.5,127.1,-296.1,-125.47,-123.66,1
1547.1471,-28.4,130.0,-289.3,-121.86,-125.91,1
1547.2802,-28.4,126.1,-293.2,-120.91,-132.62,1
1547.4144,-50.4,131.9,-297.1,-128.70,-138.64,1
1547.5488,-48.3,125.1,-293.2,-129.79,-141.99,1
1547.6828,-41.0,119.2,-296.1,-126.97,-140.01,1
1547.8174,-48.3,112.4,-298.1,-137.43,-134.93,1
1547.9555,-7.4,117.3,-301.0,-104.16,-129.54,0
1548.0881,5.3,124.1,-292.2,-97.40,-127.54,0
1548.2223,11.6,129.0,-294.2,-92.73,-127.97,0
1548.3556,-29.4,130.0,-290.3,-116.54,-130.61,1
1548.4890,-15.8,128.0,-293.2,-106.30,-133.74,0
1548.6224,-30.5,126.1,-293.2,-120.77,-136.64,0
1548.7566,-56.7,120.2,-291.3,-136.28,-136.51,1
1548.8904,-55.7,127.1,-291.3,-134.34,-134.38,1
1549.0275,-43.1,126.1,-294.2,-128.05,-131.74,1
1549.1620,-39.9,124.1,-291.3,-127.09,-130.16,1
1549.2959,-41.0,127.1,-285.4,-125.51,-130.61,1
1549.4301,-46.2,137.8,-287.4,-123.85,-134.01,1
1549.5641,-37.8,134.9,-289.3,-118.55,-137.47,0
1549.6960,-53.6,131.9,-289.3,-125.67,-139.72,1
1549.8325,-55.7,128.0,-288.3,-128.08,-139.51,1
1549.9707,-50.4,134.9,-291.3,-123.41,-136.65,1
1550.1034,-27.3,126.1,-289.3,-112.11,-133.97,0
1550.2374,-17.9,130.0,-290.3,-106.50,-132.30,0
1550.3721,-32.6,129.0,-292.2,-116.88,-132.59,0
1550.5035,-37.8,131.0,-288.3,-119.67,-134.39,1
1550.6380,-27.3,121.2,-294.2,-116.84,-136.40,0
1550.7716,-38.9,120.2,-291.3,-122.11,-136.99,1
1550.9066,-37.8,120.2,-297.1,-123.75,-135.95,1
1551.0431,-29.4,116.3,-293.2,-120.26,-133.95,1
1551.1779,-26.3,117.3,-297.1,-118.36,-131.81,1
1551.3107,-23.1,119.2,-295.2,-115.79,-130.01,1
1551.4462,-21.0,122.2,-293.2,-113.84,-130.62,0
1551.5793,-26.3,127.1,-291.3,-114.83,-133.16,0
1551.7127,-34.7,121.2,-293.2,-119.67,-137.68,0
1551.8457,-35.7,123.1,-294.2,-115.11,-142.40,0
1551.9704,-49.4,120.2,-287.4,-123.18,-145.43,0
1552.1039,-47.3,120.2,-297.1,-124.38,-145.51,0
1552.2358,-30.5,120.2,-300.0,-116.87,-141.76,0
1552.3692,-29.4,118.3,-299.1,-117.49,-138.79,0
1552.5037,-10.5,118.3,-294.2,-103.10,-137.83,0
1552.6366,-16.8,120.2,-293.2,-106.47,-141.00,0
1552.7691,-26.3,129.0,-291.3,-110.34,-145.21,0
1552.9034,-48.3,116.3,-294.2,-125.03,-149.46,0
1553.0405,-48.3,125.1,-292.2,-122.30,-151.22,0
1553.1726,-53.6,115.3,-294.2,-130.47,-151.62,0
1553.3061,-58.8,112.4,-295.2,-134.57,-150.22,0
1553.4393,-57.8,120.2,-291.3,-131.09,-148.27,0
1553.5732,-44.1,117.3,-295.2,-125.60,-146.34,0
1553.7074,-52.5,116.3,-289.3,-130.11,-146.73,0
1553.8414,-51.5,129.0,-291.3,-123.07,-148.71,0
1553.9766,-58.8,131.0,-290.3,-124.04,-153.46,0
1554.1095,-64.1,123.1,-290.3,-128.92,-157.62,0
1554.2429,-83.0,118.3,-287.4,-139.52,-160.97,0
1554.3745,-93.5,115.3,-288.3,-144.03,-159.33,1
1554.5093,-68.3,113.4,-296.1,-135.57,-153.71,0
1554.6438,-50.4,121.2,-296.1,-125.52,-147.59,0
1554.7768,-52.5,125.1,-294.2,-126.70,-144.99,0
1554.9099,-52.5,128.0,-289.3,-122.21,-147.61,0
1555.0447,-66.2,125.1,-286.4,-129.07,-154.48,0
1555.1793,-72.5,128.0,-283.5,-129.70,-157.65,0
1555.3110,-83.0,123.1,-285.4,-137.63,-157.89,0
1555.4443,-78.8,111.4,-287.4,-139.91,-156.30,0
1555.5774,-59.9,119.2,-293.2,-128.79,-152.79,0
1555.7100,-59.9,119.2,-287.4,-129.42,-149.37,0
1555.8439,-67.2,122.2,-289.3,-132.52,-147.12,1
1555.9816,-66.2,132.9,-288.3,-128.73,-149.63,0
1556.1134,-84.0,122.2,-289.3,-136.87,-155.36,0
1556.2486,-77.7,127.1,-289.3,-131.69,-160.43,0
1556.3820,-102.9,112.4,-290.3,-144.89,-163.15,0
1556.5157,-86.1,110.4,-294.2,-143.74,-161.61,0
1556.6476,-86.1,109.5,-291.3,-143.12,-157.40,1
1556.7814,-78.8,109.5,-295.2,-144.37,-153.44,1
1556.9169,-88.2,117.3,-291.3,-144.02,-152.60,1
1557.0526,-87.2,118.3,-285.4,-142.57,-154.58,1
1557.1871,-112.4,98.7,-285.4,-157.96,-161.41,1
1557.3227,-117.6,102.6,-283.5,-155.96,-165.97,1
1557.4557,-109.2,92.9,-287.4,-159.56,-167.42,1
1557.5900,-106.1,88.9,-297.1,-161.12,-165.22,1
1557.7246,-98.7,92.9,-290.3,-154.51,-162.51,1
1557.8597,-86.1,104.6,-291.3,-146.87,-160.15,1
1557.9984,-99.8,109.5,-290.3,-148.31,-162.30,1
1558.1329,-114.5,113.4,-282.5,-148.71,-166.36,0
1558.2658,-121.8,97.7,-286.4,-156.06,-169.38,1
1558.3996,-123.9,97.7,-285.4,-157.40,-170.75,1
1558.5337,-132.4,93.8,-285.4,-160.78,-170.99,1
1558.6661,-118.7,92.9,-288.3,-158.71,-166.17,1
1558.8010,-105.0,102.6,-288.3,-151.91,-159.85,1
1558.9394,-85.1,112.4,-291.3,-141.46,-154.50,1
1559.0729,-92.4,113.4,-289.3,-143.26,-154.40,1
1559.2083,-87.2,120.2,-283.5,-137.93,-158.60,0
1559.3420,-99.8,103.6,-290.3,-148.60,-162.57,1
1559.4756,-104.0,101.6,-288.3,-149.42,-164.22,1
1559.6100,-99.8,94.8,-293.2,-152.44,-163.75,1
1559.7450,-88.2,97.7,-293.2,-148.32,-159.65,1
1559.8785,-85.1,96.8,-296.1,-148.18,-156.55,1
1560.0043,-78.8,101.6,-296.1,-143.88,-153.26,1
1560.1389,-80.9,107.5,-288.3,-141.48,-152.80,1
1560.2715,-84.0,109.5,-290.3,-140.36,-156.01,0
1560.4037,-97.7,107.5,-289.3,-145.38,-159.75,1
1560.5373,-106.1,107.5,-288.3,-148.06,-161.51,1
1560.6714,-107.1,97.7,-289.3,-152.10,-161.80,1
1560.8048,-90.3,100.7,-297.1,-146.42,-158.80,1
1560.9423,-94.5,108.5,-291.3,-145.25,-155.83,1
1561.0783,-92.4,102.6,-293.2,-147.09,-153.11,1
1561.2116,-93.5,107.5,-287.4,-145.87,-153.26,1
1561.3461,-97.7,110.4,-289.3,-145.85,-155.54,1
1561.4807,-111.3,103.6,-287.4,-151.58,-160.30,1
1561.6150,-114.5,96.8,-287.4,-156.30,-163.89,1
1561.7493,-129.2,87.0,-287.4,-162.79,-165.35,1
1561.8846,-132.4,84.1,-288.3,-164.39,-164.22,1
1562.0194,-123.9,95.8,-289.3,-158.82,-162.34,1
1562.1542,-116.6,102.6,-289.3,-153.27,-158.69,1
1562.2884,-113.4,103.6,-286.4,-151.65,-158.41,1
1562.4214,-117.6,106.5,-280.5,-150.25,-161.09,1
1562.5557,-133.4,90.9,-285.4,-160.66,-164.57,1
1562.6909,-126.0,88.9,-287.4,-160.06,-164.51,1
1562.8245,-136.6,85.0,-286.4,-164.22,-164.42,1
1562.9610,-119.7,89.9,-291.3,-159.99,-161.40,1
1563.0958,-117.6,88.9,-288.3,-159.82,-159.21,1
1563.2300,-118.7,95.8,-295.2,-157.05,-156.40,1
1563.3649,-116.6,99.7,-286.4,-154.91,-156.55,1
1563.4992,-119.7,99.7,-284.4,-153.33,-157.38,1
1563.6319,-113.4,95.8,-292.2,-154.66,-160.36,1
1563.7656,-115.5,88.0,-287.4,-157.38,-161.98,1
1563.9007,-132.4,91.9,-285.4,-159.89,-164.09,1
1564.0371,-138.7,91.9,-283.5,-161.02,-163.95,1
1564.1716,-123.9,95.8,-291.3,-156.65,-160.08,1
1564.3081,-98.7,99.7,-289.3,-148.96,-154.35,1
1564.4408,-99.8,104.6,-288.3,-147.86,-152.22,1
1564.5748,-109.2,110.4,-282.5,-145.03,-153.78,1
1564.7090,-97.7,101.6,-293.2,-144.92,-158.77,1
1564.8434,-109.2,97.7,-291.3,-148.81,-162.64,1
1564.9818,-129.2,79.2,-286.4,-162.48,-167.09,1
1565.1163,-126.0,80.1,-292.2,-161.98,-165.50,1
1565.2499,-102.9,92.9,-289.3,-148.49,-159.66,1
1565.3838,-100.8,97.7,-290.3,-147.22,-154.90,1
1565.5183,-106.1,104.6,-289.3,-146.09,-154.36,1
1565.6508,-96.6,114.4,-284.4,-135.49,-158.10,0
1565.7843,-100.8,99.7,-288.3,-142.32,-162.20,0
1565.9224,-112.4,95.8,-289.3,-146.85,-164.39,0
1566.0543,-115.5,95.8,-286.4,-148.09,-164.99,0
1566.1880,-95.6,90.9,-298.1,-144.80,-163.31,0
1566.3218,-94.5,101.6,-294.2,-138.97,-161.54,0
1566.4561,-91.4,102.6,-292.2,-137.66,-158.69,0
1566.5878,-96.6,108.5,-286.4,-137.58,-157.71,0
1566.7214,-87.2,111.4,-287.4,-131.42,-159.88,0
1566.8556,-96.6,102.6,-294.2,-139.38,-163.55,0
1566.9917,-106.1,99.7,-286.4,-144.10,-164.43,0
1567.1234,-115.5,88.0,-286.4,-152.16,-165.24,1
1567.2587,-100.8,97.7,-287.4,-143.74,-163.65,0
1567.3922,-100.8,102.6,-291.3,-141.67,-161.81,0
1567.5267,-104.0,105.6,-285.4,-142.69,-159.24,0
1567.6600,-117.6,101.6,-290.3,-147.38,-158.94,1
1567.7929,-115.5,118.3,-282.5,-138.87,-161.86,0
1567.9293,-118.7,102.6,-288.3,-145.68,-166.03,0
1568.0641,-134.5,95.8,-282.5,-153.08,-167.85,1
1568.1969,-156.5,83.1,-282.5,-161.76,-167.64,1
1568.3314,-134.5,90.9,-286.4,-155.01,-163.19,1
1568.4659,-121.8,92.9,-290.3,-152.99,-158.55,1
1568.6006,-115.5,104.6,-289.3,-146.62,-153.16,1
1568.7351,-110.3,109.5,-286.4,-144.60,-149.79,1
1568.8702,-106.1,119.2,-285.4,-138.04,-150.46,1
1569.0060,-99.8,105.6,-291.3,-140.09,-156.69,0
1569.1408,-102.9,96.8,-289.3,-145.42,-161.32,0
1569.2744,-119.7,84.1,-290.3,-154.51,-163.99,1
1569.4073,-111.3,82.1,-296.1,-152.02,-162.61,1
1569.5424,-90.3,88.9,-297.1,-140.03,-159.69,0
1569.6769,-84.0,91.9,-302.0,-135.18,-155.96,0
1569.8093,-87.2,96.8,-297.1,-135.44,-154.12,0
1569.9458,-93.5,103.6,-290.3,-135.23,-157.37,0
1570.0770,-106.1,90.9,-295.2,-146.66,-163.86,0
1570.2099,-112.4,77.2,-295.2,-152.62,-168.84,0
1570.3434,-128.2,74.3,-294.2,-159.52,-171.62,1
1570.4781,-123.9,68.4,-298.1,-162.30,-170.49,1
1570.6106,-108.2,75.3,-296.1,-154.69,-166.57,1
1570.7461,-109.2,80.1,-291.3,-153.19,-163.14,1
1570.8813,-111.3,89.9,-292.2,-150.33,-161.75,1
1571.0161,-117.6,85.0,-291.3,-152.68,-163.38,1
1571.1496,-105.0,81.1,-296.1,-150.37,-167.68,0
1571.2845,-102.9,67.4,-300.0,-158.11,-171.38,1
1571.4184,-117.6,65.5,-293.2,-162.26,-173.50,1
1571.5517,-128.2,64.5,-296.1,-163.79,-173.81,1
1571.6859,-106.1,67.4,-301.0,-158.21,-170.43,1
1571.8235,-97.7,75.3,-301.0,-152.43,-165.35,1
1571.9596,-105.0,79.2,-294.2,-152.67,-161.99,1
1572.0938,-112.4,86.0,-291.3,-148.28,-163.15,1
1572.2286,-95.6,89.9,-297.1,-137.88,-168.42,0
1572.3618,-91.4,71.3,-303.9,-147.40,-173.03,0
1572.4950,-116.6,60.6,-298.1,-162.76,-175.97,1
1572.6290,-126.0,53.8,-293.2,-169.12,-176.81,1
1572.7618,-101.9,65.5,-300.0,-156.39,-171.14,1
1572.8990,-92.4,79.2,-297.1,-147.96,-165.24,0
1573.0353,-99.8,77.2,-297.1,-154.69,-160.65,1
1573.1684,-118.7,88.9,-287.4,-152.14,-160.24,1
1573.3036,-109.2,90.9,-290.3,-146.49,-164.46,0
1573.4383,-102.9,75.3,-293.2,-151.88,-170.19,0
1573.5698,-101.9,65.5,-299.1,-158.45,-173.62,0
1573.7036,-117.6,55.7,-297.1,-168.26,-176.18,1
1573.8386,-104.0,60.6,-302.0,-162.18,-174.14,1
1573.9775,-112.4,69.4,-299.1,-156.29,-171.58,0
1574.1107,-111.3,74.3,-299.1,-155.64,-169.04,1
1574.2456,-117.6,81.1,-288.3,-153.96,-168.36,1
1574.3785,-123.9,79.2,-290.3,-154.66,-170.46,0
1574.5132,-113.4,67.4,-296.1,-158.28,-175.46,0
1574.6462,-111.3,61.6,-301.0,-162.58,-177.98,0
1574.7779,-118.7,45.9,-296.1,-172.74,-179.87,1
1574.9133,-139.7,43.0,-296.1,-177.16,-179.71,1
1575.0496,-118.7,48.9,-299.1,-170.78,-175.91,1
1575.1837,-126.0,68.4,-294.2,-160.69,-172.73,1
1575.3171,-121.8,66.5,-291.3,-161.19,-170.85,1
1575.4515,-132.4,72.3,-287.4,-158.62,-172.55,1
1575.5870,-117.6,70.4,-294.2,-154.21,-177.17,0
1575.7187,-119.7,51.8,-298.1,-168.99,178.96,1
1575.8538,-127.1,34.2,-291.3,-179.03,175.34,1
1575.9912,-135.5,28.3,-295.2,176.62,174.06,1
1576.1268,-118.7,28.3,-301.0,175.85,177.82,1
1576.2614,-112.4,43.0,-300.0,-174.43,-177.84,1
1576.3955,-120.8,51.8,-297.1,-169.92,-173.54,1
1576.5284,-125.0,65.5,-288.3,-160.74,-172.56,1
1576.6637,-112.4,79.2,-293.2,-147.38,-174.37,0
1576.7968,-108.2,73.3,-296.1,-146.75,-177.96,0
1576.9306,-110.3,64.5,-300.0,-154.67,-179.17,0
1577.0643,-125.0,60.6,-298.1,-163.47,179.50,0
1577.1989,-122.9,53.8,-296.1,-167.09,-178.56,1
1577.3316,-125.0,49.8,-301.0,-170.03,-175.45,1
1577.4663,-120.8,54.7,-294.2,-165.99,-172.79,1
1577.6007,-131.3,62.6,-293.2,-163.27,-171.18,1
1577.7368,-113.4,77.2,-297.1,-148.85,-172.47,0
1577.8698,-126.0,72.3,-292.2,-153.83,-174.36,0
1578.0068,-112.4,71.3,-303.0,-147.83,-175.78,0
1578.1405,-108.2,63.5,-300.0,-154.65,-176.29,0
1578.2738,-117.6,56.7,-299.1,-165.74,-174.59,1
1578.4081,-143.9,59.6,-291.3,-169.54,-171.18,1
1578.5429,-115.5,67.4,-295.2,-159.85,-167.44,1
1578.6756,-112.4,79.2,-291.3,-150.85,-163.48,1
1578.8119,-107.1,89.9,-293.2,-142.33,-162.09,0
1578.9484,-105.0,94.8,-291.3,-141.77,-163.20,0
1579.0806,-91.4,81.1,-303.9,-139.65,-164.48,0
1579.2145,-106.1,85.0,-292.2,-145.07,-165.41,0
1579.3491,-108.2,80.1,-297.1,-148.00,-165.64,0
1579.4807,-112.4,80.1,-297.1,-148.91,-163.55,1
1579.6149,-106.1,78.2,-294.2,-149.14,-160.17,1
1579.7495,-98.7,92.9,-295.2,-139.70,-154.41,1
1579.8843,-87.2,97.7,-297.1,-134.49,-150.23,0
1580.0220,-89.3,100.7,-296.1,-132.10,-150.39,0
1580.1554,-88.2,89.9,-296.1,-137.24,-154.66,0
1580.2884,-94.5,84.1,-297.1,-142.48,-159.02,0
1580.4223,-112.4,74.3,-290.3,-154.32,-163.61,1
1580.5566,-132.4,66.5,-292.2,-163.55,-165.75,1
1580.6893,-128.2,71.3,-292.2,-158.84,-164.91,1
1580.8245,-135.5,75.3,-288.3,-158.06,-162.27,1
1580.9634,-126.0,86.0,-288.3,-151.38,-159.73,1
1581.0953,-140.8,90.9,-284.4,-151.29,-161.06,1
1581.2292,-146.0,87.0,-283.5,-152.87,-164.94,1
1581.3638,-137.6,77.2,-291.3,-154.69,-168.76,1
1581.4992,-146.0,72.3,-289.3,-158.42,-171.00,1
1581.6322,-157.6,68.4,-281.5,-162.75,-171.98,1
1581.7669,-157.6,72.3,-286.4,-159.64,-169.71,1
1581.9020,-138.7,77.2,-284.4,-154.09,-166.07,1
1582.0383,-134.5,89.9,-289.3,-148.76,-161.64,1
1582.1718,-131.3,91.9,-286.4,-147.79,-159.42,1
1582.3061,-126.0,98.7,-286.4,-140.77,-160.02,0
1582.4383,-126.0,92.9,-293.2,-143.51,-163.96,0
1582.5712,-120.8,89.9,-288.3,-140.50,-167.01,0
1582.7042,-139.7,79.2,-287.4,-150.94,-168.88,0
1582.8364,-135.5,74.3,-291.3,-152.73,-168.25,0
1582.9741,-127.1,74.3,-291.3,-151.90,-163.62,1
1583.1073,-116.6,95.8,-291.3,-141.12,-158.42,0
1583.2391,-117.6,100.7,-284.4,-140.01,-154.34,1
1583.3735,-113.4,109.5,-285.4,-132.23,-154.71,0
1583.5073,-143.9,109.5,-282.5,-140.96,-162.04,0
1583.6415,-138.7,92.9,-283.5,-141.18,-168.41,0
1583.7733,-136.6,87.0,-283.5,-143.22,-170.29,0
1583.9077,-138.7,84.1,-282.5,-147.22,-170.11,0
1584.0453,-140.8,84.1,-286.4,-149.86,-166.43,0
1584.1783,-147.1,98.7,-286.4,-147.60,-160.75,1
1584.3129,-143.9,109.5,-279.6,-144.66,-155.52,1
1584.4472,-147.1,107.5,-274.7,-145.04,-154.44,1
1584.5800,-132.4,119.2,-274.7,-136.89,-154.38,0
1584.7147,-132.4,113.4,-282.5,-139.31,-155.90,0
1584.8482,-141.8,101.6,-275.7,-146.34,-156.34,1
1584.9849,-145.0,95.8,-274.7,-149.95,-156.54,1
1585.1178,-133.4,96.8,-287.4,-146.31,-154.12,1
1585.2537,-119.7,106.5,-281.5,-139.78,-147.99,1
1585.3864,-105.0,114.4,-285.4,-134.91,-141.60,1
1585.5213,-110.3,117.3,-285.4,-136.38,-138.25,1
1585.6557,-100.8,123.1,-282.5,-128.66,-138.66,1
1585.7908,-92.4,112.4,-289.3,-126.51,-141.28,1
1585.9292,-93.5,114.4,-287.4,-125.97,-143.54,0
1586.0602,-106.1,105.6,-290.3,-135.32,-143.78,1
1586.1933,-88.2,110.4,-288.3,-124.87,-141.42,0
1586.3281,-92.4,115.3,-286.4,-127.50,-138.96,1
1586.4624,-81.9,119.2,-290.3,-119.64,-137.83,0
1586.5953,-79.8,120.2,-286.4,-119.16,-137.50,0
1586.7275,-86.1,118.3,-292.2,-123.04,-138.29,0
1586.8608,-75.6,123.1,-287.4,-112.75,-138.79,0
1586.9978,-81.9,112.4,-290.3,-121.13,-140.75,0
1587.1296,-77.7,116.3,-295.2,-116.97,-142.04,0
1587.2635,-90.3,114.4,-297.1,-123.17,-142.78,0
1587.3979,-93.5,102.6,-294.2,-130.71,-143.64,1
1587.5301,-88.2,103.6,-301.0,-128.21,-143.62,0
1587.6631,-92.4,115.3,-291.3,-126.40,-139.42,1
1587.7979,-68.3,121.2,-291.3,-114.85,-134.90,0
1587.9348,-63.0,119.2,-289.3,-115.09,-133.52,0
1588.0670,-78.8,123.1,-290.3,-120.71,-134.93,1
1588.2015,-84.0,116.3,-289.3,-124.90,-137.81,1
1588.3342,-77.7,112.4,-293.2,-120.75,-139.05,0
1588.4685,-84.0,114.4,-289.3,-123.95,-139.87,0
1588.6017,-99.8,106.5,-293.2,-137.19,-138.49,1
1588.7361,-87.2,111.4,-291.3,-131.76,-132.29,1
1588.8710,-78.8,121.2,-294.2,-127.27,-125.63,1
1589.0072,-58.8,125.1,-290.3,-117.34,-118.87,1
1589.1414,-55.7,135.9,-286.4,-112.62,-116.37,1
1589.2749,-51.5,134.9,-286.4,-112.47,-117.47,1
1589.4092,-47.3,120.2,-293.2,-112.75,-118.27,1
1589.5443,-56.7,126.1,-293.2,-117.64,-116.21,1
1589.6772,-48.3,126.1,-293.2,-114.61,-114.19,1
1589.8121,-51.5,117.3,-293.2,-120.15,-111.82,1
1589.9492,-46.2,119.2,-291.3,-116.81,-107.56,1
1590.0825,-29.4,119.2,-296.1,-107.50,-102.89,1
1590.2161,-20.0,123.1,-290.3,-102.58,-100.77,1
1590.3504,-23.1,124.1,-291.3,-103.93,-100.27,1
1590.4832,-13.7,124.1,-297.1,-95.04,-101.46,1
1590.6167,-7.4,117.3,-295.2,-89.60,-102.91,1
1590.7508,-16.8,118.3,-292.2,-95.72,-104.16,1
1590.8842,-26.3,109.5,-296.1,-105.15,-105.00,1
1591.0221,-13.7,109.5,-301.0,-93.69,-104.05,1
1591.1578,-7.4,112.4,-299.1,-89.50,-102.49,1
1591.2912,-5.3,115.3,-301.0,-90.31,-100.85,1
1591.4256,-7.4,116.3,-299.1,-90.33,-100.68,1
1591.5598,-3.2,126.1,-294.2,-88.46,-101.47,1
1591.6932,-21.0,120.2,-290.3,-100.68,-103.34,1
1591.8277,-24.2,126.1,-292.2,-102.80,-105.11,1
1591.9648,-32.6,129.0,-290.3,-106.48,-106.17,1
1592.0978,-28.4,130.0,-290.3,-106.03,-102.64,1
1592.2337,-32.6,138.8,-290.3,-107.77,-100.44,1
1592.3678,-23.1,143.7,-283.5,-102.61,-97.75,1
1592.5006,-25.2,142.7,-285.4,-105.17,-97.96,1
1592.6348,-33.6,144.7,-283.5,-107.39,-98.36,1
1592.7700,-47.3,143.7,-287.4,-114.16,-100.12,1
1592.9029,-35.7,151.5,-283.5,-106.12,-102.39,1
1593.0408,-60.9,155.4,-277.6,-114.15,-104.62,1
1593.1751,-55.7,146.6,-281.5,-114.17,-102.73,1
1593.3090,-46.2,147.6,-280.5,-113.44,-99.92,1
1593.4432,-44.1,155.4,-278.6,-110.29,-96.99,1
1593.5771,-44.1,158.3,-273.7,-110.01,-96.42,1
1593.7098,-37.8,155.4,-274.7,-105.55,-96.84,1
1593.8441,-15.8,160.3,-274.7,-97.08,-94.15,1
1593.9823,-31.5,165.2,-273.7,-103.64,-96.86,1
1594.1146,-46.2,174.0,-267.8,-107.28,-100.53,1
1594.2496,-63.0,172.0,-267.8,-113.04,-104.59,1
1594.3832,-38.9,167.1,-273.7,-104.49,-101.08,1
1594.5173,-45.2,174.9,-272.7,-106.97,-97.35,1
1594.6500,-31.5,175.9,-263.9,-103.59,-93.64,1
1594.7849,-49.4,169.1,-270.8,-110.24,-95.34,1
1594.9243,-17.9,187.7,-263.9,-97.63,-93.73,1
1595.0572,-47.3,181.8,-266.9,-107.06,-97.40,1
1595.1923,-49.4,180.8,-263.9,-107.97,-98.01,1
1595.3269,-52.5,161.3,-272.7,-111.01,-97.82,1
1595.4605,-22.1,160.3,-275.7,-100.96,-92.51,1
1595.5948,-32.6,167.1,-273.7,-104.76,-89.98,1
1595.7293,-28.4,172.0,-270.8,-103.82,-86.65,0
1595.8615,-42.0,163.2,-277.6,-110.36,-88.07,0
1595.9999,-2.1,169.1,-274.7,-94.17,-85.26,1
1596.1345,-24.2,164.2,-274.7,-103.90,-85.88,0
1596.2668,-24.2,168.1,-273.7,-103.30,-85.98,0
1596.4000,-12.6,164.2,-276.6,-97.63,-86.80,1
1596.5353,8.4,160.3,-282.5,-89.88,-84.16,1
1596.6676,3.2,160.3,-275.7,-93.65,-81.59,1
1596.8018,12.6,159.3,-274.7,-91.16,-77.42,1
1596.9403,3.2,156.4,-276.6,-94.97,-77.24,0
1597.0724,0.0,155.4,-274.7,-92.93,-76.64,0
1597.2052,6.3,161.3,-276.6,-92.16,-76.44,0
1597.3387,-1.1,157.4,-278.6,-95.31,-77.52,0
1597.4718,-8.4,164.2,-274.7,-98.55,-79.26,0
1597.6048,-24.2,159.3,-281.5,-104.98,-81.02,0
1597.7380,8.4,154.4,-277.6,-91.16,-76.93,1
1597.8742,2.1,166.2,-272.7,-94.53,-76.09,0
1598.0100,3.2,173.0,-269.8,-95.41,-73.34,0
1598.1450,3.2,163.2,-270.8,-95.07,-75.57,0
1598.2784,25.2,169.1,-266.9,-86.49,-74.92,1
1598.4110,1.1,164.2,-273.7,-96.39,-76.23,0
1598.5446,-3.2,174.0,-270.8,-97.64,-77.69,0
1598.6791,-13.7,162.2,-277.6,-102.11,-80.29,0
1598.8122,7.4,151.5,-277.6,-94.12,-77.20,0
1598.9495,-4.2,163.2,-275.7,-99.13,-76.30,0
1599.0807,-3.2,151.5,-282.5,-99.49,-73.08,0
1599.2151,15.8,164.2,-274.7,-91.66,-71.44,0
1599.3476,9.5,147.6,-282.5,-94.15,-73.77,0
1599.4814,0.0,157.4,-280.5,-97.67,-73.79,0
1599.6146,18.9,155.4,-275.7,-89.95,-73.09,0
1599.7485,7.4,165.2,-271.7,-92.81,-73.40,0
1599.8825,15.8,140.7,-287.4,-93.02,-71.36,0
1600.0202,27.3,144.7,-282.5,-87.66,-67.76,0
1600.1524,31.5,142.7,-283.5,-86.69,-61.70,0
1600.2872,39.9,144.7,-279.6,-83.77,-57.23,0
1600.4203,38.9,140.7,-278.6,-84.43,-57.33,0
1600.5516,44.1,151.5,-276.6,-81.82,-60.34,0
1600.6850,41.0,143.7,-284.4,-83.02,-59.55,0
1600.8211,41.0,144.7,-283.5,-84.05,-57.87,0
1600.9554,28.4,135.9,-287.4,-90.64,-57.18,0
1601.0878,42.0,131.0,-286.4,-82.26,-54.15,0
1601.2219,41.0,125.1,-288.3,-84.44,-50.47,0
1601.3563,46.2,133.9,-285.4,-83.24,-46.87,0
1601.4883,39.9,122.2,-293.2,-87.22,-49.10,0
1601.6213,47.3,144.7,-278.6,-81.64,-51.61,0
1601.7549,43.1,136.8,-283.5,-83.29,-51.15,0
1601.8898,52.5,140.7,-280.5,-79.77,-51.61,0
1602.0252,36.8,135.9,-283.5,-86.12,-51.79,0
1602.1586,31.5,131.0,-283.5,-86.49,-48.43,0
1602.2911,36.8,137.8,-283.5,-85.25,-48.50,0
1602.4255,28.4,131.9,-289.3,-89.58,-46.66,0
1602.5590,32.6,125.1,-291.3,-89.15,-45.97,0
1602.6907,28.4,113.4,-296.1,-90.76,-48.21,0
1602.8259,33.6,116.3,-293.2,-86.86,-48.77,0
1602.9639,39.9,114.4,-292.2,-84.21,-47.81,0
1603.0958,26.3,116.3,-292.2,-92.98,-47.10,0
1603.2300,20.0,107.5,-296.1,-97.36,-46.87,0
1603.3634,31.5,108.5,-293.2,-89.63,-46.37,0
1603.4977,32.6,114.4,-297.1,-89.42,-43.35,0
1603.6293,22.1,114.4,-296.1,-96.57,-41.54,0
1603.7632,15.8,106.5,-299.1,-101.40,-41.97,0
1603.8983,23.1,99.7,-298.1,-94.85,-43.04,0
1604.0349,21.0,107.5,-299.1,-97.27,-45.36,0
1604.1685,11.6,115.3,-295.2,-102.79,-49.26,0
1604.3022,5.3,107.5,-300.0,-108.38,-50.74,0
1604.4336,-10.5,117.3,-297.1,-113.27,-51.70,0
1604.5681,-7.4,116.3,-297.1,-111.81,-49.15,0
1604.7013,-13.7,121.2,-299.1,-113.99,-45.39,0
1604.8360,-5.3,131.0,-289.3,-106.81,-42.92,0
1604.9714,-10.5,133.9,-292.2,-109.12,-44.85,0
1605.1047,8.4,138.8,-283.5,-99.06,-47.33,0
1605.2382,2.1,140.7,-283.5,-102.13,-49.48,0
1605.3700,0.0,145.6,-280.5,-101.99,-50.47,0
1605.5037,8.4,145.6,-285.4,-98.98,-48.22,0
1605.6384,-2.1,147.6,-281.5,-104.21,-47.86,0
1605.7699,7.4,131.0,-289.3,-103.91,-45.32,0
1605.9036,-15.8,147.6,-286.4,-109.21,-45.82,0
1606.0400,1.1,145.6,-281.5,-103.80,-47.81,0
1606.1732,4.2,145.6,-283.5,-102.59,-49.89,0
1606.3070,4.2,150.5,-282.5,-102.45,-50.76,0
1606.4405,-1.1,161.3,-277.6,-102.46,-52.96,0
1606.5739,-16.8,173.0,-268.8,-106.64,-53.58,0
1606.7083,-11.6,162.2,-274.7,-106.58,-50.57,0
1606.8435,-3.2,154.4,-280.5,-104.93,-47.52,0
1606.9797,-9.5,147.6,-285.4,-109.60,-44.00,0
1607.1120,-18.9,141.7,-281.5,-113.11,-40.87,0
1607.2469,-20.0,132.9,-286.4,-115.10,-36.60,0
1607.3802,-18.9,140.7,-288.3,-113.30,-33.95,0
1607.5124,-33.6,134.9,-287.4,-118.58,-34.09,0
1607.6455,-37.8,129.0,-291.3,-122.12,-34.25,0
1607.7800,-43.1,128.0,-290.3,-123.82,-32.75,0
1607.9135,-44.1,123.1,-293.2,-125.25,-31.14,0
1608.0513,-29.4,117.3,-296.1,-122.64,-29.17,0
1608.1850,-23.1,117.3,-294.2,-120.25,-29.54,0
1608.3181,-15.8,123.1,-290.3,-116.14,-33.73,0
1608.4513,-18.9,139.8,-283.5,-113.19,-42.30,0
1608.5843,-10.5,157.4,-276.6,-107.46,-52.74,0
1608.7162,-7.4,179.8,-269.8,-103.00,-60.65,0
1608.8515,-14.7,187.7,-259.1,-103.01,-65.86,0
1608.9888,-12.6,205.2,-243.5,-99.94,-69.14,0
1609.1205,-28.4,214.0,-237.6,-103.11,-71.38,0
1609.2545,-29.4,218.9,-234.7,-102.59,-77.33,0
1609.3890,-48.3,216.0,-237.6,-107.16,-77.38,0
1609.5205,-34.7,216.0,-237.6,-103.96,-75.86,0
1609.6535,-28.4,210.1,-236.6,-103.23,-72.40,0
1609.7875,-18.9,207.2,-241.5,-101.10,-66.39,0
1609.9255,2.1,202.3,-253.2,-97.26,-56.97,0
1610.0576,22.1,175.9,-266.9,-93.71,-45.94,0
1610.1914,39.9,156.4,-275.7,-89.99,-35.09,0
1610.3250,44.1,132.9,-286.4,-89.58,-24.80,0
1610.4580,35.7,102.6,-297.1,-95.98,-17.86,0
1610.5912,12.6,82.1,-310.8,-110.08,-12.72,0
1610.7248,3.2,65.5,-313.7,-116.13,-3.58,0
1610.8569,-3.2,39.1,-316.6,-122.74,5.37,0
1610.9953,-10.5,16.6,-312.7,-130.55,13.67,0
1611.1262,-25.2,8.8,-315.7,-142.32,15.26,0
1611.2583,-39.9,6.8,-314.7,-143.53,10.25,1
1611.3927,-34.7,13.7,-317.6,-142.64,10.54,0
1611.5272,-24.2,30.3,-315.7,-129.95,11.71,0
1611.6579,-24.2,21.5,-313.7,-135.50,10.03,0
1611.7901,-16.8,21.5,-311.8,-134.72,6.46,0
1611.9275,1.1,38.1,-311.8,-123.27,2.61,0
1612.0596,8.4,41.0,-315.7,-120.78,0.68,0
1612.1914,21.0,34.2,-315.7,-115.49,2.97,0
1612.3248,31.5,22.5,-316.6,-112.47,4.61,0
1612.4583,42.0,2.0,-321.5,-114.41,6.05,0
1612.5909,49.4,-2.9,-323.5,-107.86,5.54,0
1612.7241,69.3,-5.9,-321.5,-96.65,1.37,0
1612.8578,73.5,-2.9,-317.6,-96.10,-0.73,0
1612.9925,84.0,-5.9,-317.6,-77.42,0.01,0
1613.1261,102.9,-3.9,-314.7,-61.51,-0.16,0
1613.2596,102.9,1.0,-320.5,-61.74,1.06,0
1613.3924,111.3,4.9,-313.7,-56.07,2.94,0
1613.5248,109.2,7.8,-308.8,-56.79,3.61,0
1613.6576,107.1,19.5,-303.9,-61.94,2.23,0
1613.7910,86.1,25.4,-303.9,-73.37,2.35,0
1613.9272,97.7,30.3,-288.3,-64.72,1.41,0
1614.0594,93.5,45.0,-268.8,-67.72,-8.18,0
1614.1940,118.7,73.3,-232.7,-55.29,-20.28,0
1614.3258,129.2,118.3,-197.6,-56.68,-29.15,0
1614.4593,161.8,164.2,-166.4,-54.15,-37.96,0
1614.5925,184.9,205.2,-160.5,-54.20,-50.89,1
1614.7278,162.8,240.4,-159.5,-60.63,-64.62,1
1614.8612,116.6,282.5,-145.9,-69.98,-78.43,1
1614.9993,77.7,304.0,-118.6,-76.43,-90.07,1
1615.1337,43.1,308.8,-105.9,-82.04,-99.93,0
1615.2670,15.8,306.9,-99.0,-86.45,-109.19,0
1615.4005,-1.1,289.3,-97.1,-89.87,-120.78,0
1615.5341,-38.9,279.5,-92.2,-97.27,-134.59,0
1615.6656,-85.1,259.0,-102.9,-106.50,-147.65,0
1615.7989,-137.6,230.7,-141.0,-117.27,-160.47,0
1615.9349,-184.9,208.2,-158.6,-126.39,-167.56,0
1616.0683,-220.6,182.8,-171.2,-134.10,-171.55,0
1616.2014,-232.1,157.4,-182.0,-138.81,-175.38,0
1616.3361,-227.9,118.3,-201.5,-142.67,176.98,0
1616.4690,-211.1,102.6,-222.0,-141.04,169.48,0
1616.6006,-185.9,89.9,-223.0,-140.31,166.54,0
1616.7344,-154.4,86.0,-235.6,-136.82,161.43,0
1616.8693,-154.4,79.2,-234.7,-139.40,159.67,0
1617.0039,-154.4,80.1,-237.6,-139.10,157.24,0
1617.1374,-148.1,76.2,-237.6,-139.05,156.95,0
1617.2715,-135.5,79.2,-237.6,-136.37,159.27,0
1617.4040,-137.6,78.2,-238.6,-137.55,162.06,0
1617.5371,-155.5,80.1,-236.6,-141.00,163.30,0
1617.6705,-160.7,81.1,-231.7,-141.88,168.69,0
1617.8023,-160.7,97.7,-229.8,-138.87,175.51,0
1617.9383,-160.7,101.6,-226.9,-137.40,-175.93,0
1618.0715,-148.1,126.1,-224.9,-130.71,-167.32,0
1618.2036,-158.6,139.8,-220.0,-131.49,-159.45,0
1618.3373,-156.5,140.7,-220.0,-132.54,-148.58,0
1618.4721,-140.8,151.5,-223.9,-128.59,-135.48,1
1618.6062,-112.4,158.3,-232.7,-122.19,-124.31,1
1618.7395,-77.7,166.2,-238.6,-111.99,-113.01,1
1618.8747,-62.0,163.2,-242.5,-108.12,-105.91,1
1619.0131,-38.9,160.3,-251.3,-101.32,-98.01,1
1619.1462,-27.3,153.4,-254.2,-99.68,-91.16,1
1619.2812,-32.6,159.3,-259.1,-103.39,-84.29,0
1619.4146,-37.8,162.2,-260.0,-106.32,-84.86,0
1619.5474,-32.6,168.1,-254.2,-102.61,-86.81,0
1619.6809,-32.6,169.1,-253.2,-102.91,-88.67,1
1619.8154,-20.0,172.0,-260.0,-98.17,-88.35,1
1619.9511,-28.4,173.0,-256.1,-102.34,-90.33,1
1620.0853,-3.2,170.1,-262.0,-93.42,-90.49,1
1620.2196,4.2,156.4,-273.7,-91.48,-85.40,1
1620.3525,10.5,172.0,-262.0,-87.99,-90.02,1
1620.4880,-12.6,175.9,-255.2,-95.24,-93.48,1
1620.6232,-28.4,177.9,-260.0,-100.28,-99.16,1
1620.7555,-36.8,177.9,-260.0,-101.10,-103.06,1
1620.8904,-54.6,175.9,-259.1,-108.86,-108.55,1
1621.0281,-47.3,181.8,-261.0,-103.73,-112.54,1
1621.1624,-42.0,170.1,-269.8,-102.34,-116.41,1
1621.2969,-50.4,164.2,-271.7,-104.83,-115.77,1
1621.4311,-56.7,176.9,-262.0,-107.32,-113.93,1
1621.5635,-63.0,186.7,-256.1,-108.96,-113.66,1
1621.6988,-62.0,174.0,-263.0,-109.82,-115.56,1
1621.8337,-60.9,167.1,-266.9,-108.17,-116.26,1
1621.9696,-60.9,169.1,-265.9,-109.04,-117.39,1
1622.1041,-64.1,166.2,-267.8,-109.54,-120.75,1
1622.2399,-77.7,166.2,-267.8,-114.71,-123.68,1
1622.3724,-91.4,151.5,-270.8,-120.64,-125.17,1
1622.5074,-85.1,159.3,-264.9,-117.50,-122.79,1
1622.6416,-77.7,163.2,-268.8,-114.72,-119.44,1
1622.7768,-76.7,166.2,-269.8,-114.16,-117.67,1
1622.9100,-80.9,158.3,-272.7,-117.27,-118.28,1
1623.0473,-68.3,158.3,-267.8,-112.96,-119.35,1
1623.1813,-81.9,157.4,-271.7,-117.41,-119.40,1
1623.3155,-75.6,158.3,-267.8,-116.89,-119.78,1
1623.4497,-86.1,149.5,-271.7,-122.12,-120.10,1
1623.5836,-74.6,137.8,-278.6,-120.57,-118.72,1
1623.7167,-73.5,145.6,-277.6,-117.80,-117.07,1
1623.8511,-56.7,161.3,-273.7,-108.46,-115.81,1
1623.9881,-46.2,163.2,-270.8,-103.54,-115.99,1
1624.1212,-39.9,155.4,-274.7,-99.95,-116.65,0
1624.2553,-29.4,151.5,-279.6,-95.13,-117.11,0
1624.3897,-31.5,150.5,-280.5,-95.95,-118.11,0
1624.5215,-41.0,161.3,-276.6,-99.31,-118.71,0
1624.6546,-47.3,150.5,-277.6,-102.35,-119.33,0
1624.7880,-43.1,150.5,-278.6,-99.89,-118.14,0
1624.9260,-39.9,151.5,-283.5,-99.27,-113.37,1
1625.0603,-31.5,161.3,-273.7,-96.47,-110.68,1
1625.1949,-28.4,145.6,-281.5,-97.00,-110.10,1
1625.3280,-32.6,140.7,-285.4,-97.29,-113.92,0
1625.4627,-34.7,143.7,-278.6,-98.13,-116.95,0
1625.5960,-50.4,153.4,-273.7,-103.61,-120.15,0
1625.7281,-50.4,147.6,-279.6,-102.54,-122.28,0
1625.8620,-30.5,149.5,-283.5,-94.85,-121.00,0
1625.9868,-29.4,162.2,-277.6,-95.48,-119.08,0
1626.1182,-29.4,163.2,-270.8,-96.00,-117.86,0
1626.2522,-25.2,155.4,-278.6,-92.62,-117.67,0
1626.3855,-3.2,162.2,-278.6,-84.06,-115.97,0
1626.5199,-22.1,151.5,-282.5,-91.09,-117.39,0
1626.6519,-16.8,150.5,-282.5,-90.16,-118.29,0
1626.7855,-33.6,141.7,-283.5,-99.61,-119.36,0
1626.9191,-29.4,140.7,-285.4,-97.43,-119.06,0
1627.0559,-28.4,146.6,-285.4,-96.92,-117.91,0
1627.1893,-18.9,141.7,-281.5,-94.55,-115.14,0
1627.3226,-41.0,141.7,-284.4,-109.24,-113.69,1
1627.4559,-64.1,146.6,-279.6,-117.39,-116.14,1
1627.5898,-86.1,137.8,-279.6,-127.08,-119.78,1
1627.7238,-76.7,141.7,-284.4,-121.50,-123.04,1
1627.8570,-66.2,128.0,-287.4,-119.93,-123.61,1
1627.9960,-54.6,117.3,-299.1,-114.77,-122.59,1
1628.1317,-46.2,118.3,-292.2,-111.52,-120.12,1
1628.2648,-37.8,123.1,-295.2,-105.23,-117.69,1
1628.3991,-27.3,123.1,-290.3,-99.14,-116.12,0
1628.5325,-16.8,133.9,-292.2,-87.78,-118.08,0
1628.6658,-42.0,128.0,-286.4,-104.99,-122.76,0
1628.7995,-47.3,131.0,-293.2,-104.45,-127.94,0
1628.9368,-62.0,127.1,-288.3,-112.54,-131.39,0
1629.0679,-51.5,119.2,-292.2,-104.82,-131.74,0
1629.2019,-46.2,131.9,-290.3,-103.08,-127.87,0
1629.3353,-34.7,130.0,-288.3,-97.52,-123.47,0
1629.4673,-37.8,136.8,-286.4,-100.19,-120.34,0
1629.6007,-30.5,145.6,-284.4,-93.62,-121.57,0
1629.7366,-35.7,153.4,-283.5,-95.18,-124.50,0
1629.8703,-35.7,150.5,-280.5,-93.83,-126.37,0
1630.0062,-47.3,149.5,-282.5,-99.55,-126.04,0
1630.1398,-31.5,141.7,-287.4,-89.42,-123.98,0
1630.2743,-36.8,139.8,-288.3,-94.99,-120.09,0
1630.4063,-23.1,155.4,-285.4,-88.49,-116.62,0
1630.5400,-26.3,148.6,-282.5,-90.87,-114.58,0
1630.6733,-32.6,143.7,-282.5,-93.94,-116.39,0
1630.8082,-63.0,149.5,-277.6,-109.40,-117.38,1
1630.9471,-44.1,147.6,-281.5,-97.56,-121.04,0
1631.0782,-54.6,145.6,-283.5,-101.05,-121.97,0
1631.2107,-53.6,138.8,-284.4,-100.08,-121.89,0
1631.3455,-24.2,125.1,-293.2,-82.29,-121.37,0
1631.4788,-14.7,131.0,-291.3,-79.62,-119.02,0
1631.6118,-28.4,135.9,-288.3,-88.64,-116.18,0
1631.7443,-24.2,138.8,-284.4,-85.78,-117.52,0
1631.8792,-5.3,145.6,-287.4,-77.20,-119.53,0
1632.0154,-11.6,146.6,-283.5,-79.11,-119.75,0
1632.1475,-15.8,138.8,-289.3,-80.59,-119.62,0
1632.2814,-3.2,136.8,-287.4,-75.40,-116.61,0
1632.4158,-16.8,127.1,-286.4,-87.31,-112.94,0
1632.5472,-32.6,131.0,-286.4,-97.24,-108.74,1
1632.6817,-37.8,143.7,-282.5,-104.48,-107.51,1
1632.8165,-66.2,133.9,-285.4,-118.37,-112.17,1
1632.9549,-50.4,148.6,-280.5,-104.53,-113.88,1
1633.0884,-60.9,157.4,-279.6,-106.13,-117.11,1
1633.2238,-42.0,164.2,-278.6,-97.01,-119.56,0
1633.3569,-56.7,151.5,-282.5,-103.94,-122.77,0
1633.4899,-56.7,141.7,-281.5,-102.72,-123.81,0
1633.6230,-55.7,149.5,-281.5,-103.68,-122.11,0
1633.7565,-53.6,156.4,-277.6,-103.12,-120.57,0
1633.8890,-66.2,155.4,-274.7,-108.12,-121.29,1
1634.0260,-54.6,150.5,-280.5,-101.69,-123.28,0
1634.1594,-38.9,160.3,-276.6,-94.57,-122.09,0
1634.2924,-57.8,156.4,-276.6,-101.12,-124.21,0
1634.4256,-51.5,174.9,-271.7,-98.03,-125.05,0
1634.5600,-50.4,163.2,-273.7,-98.50,-126.17,0
1634.6914,-34.7,166.2,-277.6,-93.88,-120.94,0
1634.8254,-50.4,176.9,-266.9,-100.91,-118.98,0
1634.9620,-49.4,174.0,-268.8,-102.18,-116.58,1
1635.0954,-55.7,168.1,-270.8,-103.42,-117.04,1
1635.2287,-27.3,165.2,-266.9,-89.77,-116.16,0
1635.3622,-34.7,175.9,-265.9,-93.65,-117.02,0
1635.4961,-37.8,174.0,-270.8,-94.28,-117.97,0
1635.6290,-33.6,174.0,-271.7,-92.98,-116.74,0
1635.7624,-30.5,156.4,-275.7,-91.51,-115.82,0
1635.8960,-24.2,161.3,-279.6,-89.95,-112.72,0
1636.0310,-36.8,155.4,-275.7,-97.66,-110.93,1
1636.1669,-39.9,158.3,-276.6,-100.68,-108.71,1
1636.3016,-32.6,159.3,-276.6,-97.36,-108.09,1
1636.4343,-32.6,164.2,-274.7,-96.41,-107.55,1
1636.5672,-52.5,157.4,-274.7,-105.90,-109.04,1
1636.7021,-44.1,154.4,-275.7,-100.95,-110.18,1
1636.8366,-49.4,149.5,-278.6,-104.21,-111.38,1
1636.9742,-42.0,144.7,-283.5,-100.87,-109.12,1
1637.1069,-50.4,136.8,-289.3,-110.52,-106.37,1
1637.2425,-30.5,137.8,-289.3,-98.69,-104.68,1
1637.3754,-42.0,144.7,-283.5,-105.30,-103.48,1
1637.5106,-42.0,140.7,-289.3,-105.92,-105.06,1
1637.6446,-49.4,143.7,-285.4,-109.08,-107.77,1
1637.7786,-65.1,139.8,-287.4,-116.10,-110.72,1
1637.9134,-68.3,131.0,-290.3,-121.79,-113.91,1
1638.0517,-91.4,103.6,-289.3,-145.92,-119.01,0
1638.1839,-75.6,96.8,-300.0,-137.51,-118.92,0
1638.3171,-56.7,106.5,-296.1,-120.14,-115.58,1
1638.4513,-42.0,118.3,-295.2,-105.87,-111.93,1
1638.5839,-38.9,119.2,-295.2,-103.87,-110.46,1
1638.7187,-28.4,125.1,-295.2,-94.62,-110.44,0
1638.8535,-46.2,127.1,-292.2,-105.98,-112.52,1
1638.9901,-41.0,128.0,-293.2,-101.25,-113.00,1
1639.1229,-36.8,130.0,-287.4,-99.16,-113.28,1
1639.2580,-49.4,128.0,-291.3,-106.16,-113.03,1
1639.3930,-48.3,124.1,-292.2,-109.08,-112.92,1
1639.5272,-43.1,123.1,-296.1,-103.78,-113.42,1
1639.6612,-47.3,120.2,-294.2,-105.59,-113.27,1
1639.7943,-46.2,133.9,-293.2,-100.52,-116.24,0
1639.9328,-42.0,133.9,-291.3,-98.88,-119.88,0
1640.0665,-50.4,119.2,-295.2,-102.67,-121.87,0
1640.1986,-56.7,121.2,-293.2,-107.01,-122.66,0
1640.3322,-60.9,117.3,-296.1,-112.46,-122.27,1
1640.4676,-62.0,115.3,-292.2,-117.73,-119.99,1
1640.6000,-62.0,127.1,-295.2,-113.64,-117.78,1
1640.7347,-52.5,129.0,-290.3,-108.89,-114.86,1
1640.8694,-44.1,136.8,-284.4,-106.05,-112.43,1
1641.0059,-39.9,143.7,-283.5,-104.85,-111.62,1
1641.1392,-72.5,141.7,-280.5,-120.61,-113.93,1
1641.2747,-63.0,131.0,-288.3,-120.36,-116.26,1
1641.4088,-70.4,125.1,-293.2,-126.26,-117.66,1
1641.5427,-69.3,122.2,-294.2,-125.45,-115.92,1
1641.6769,-63.0,123.1,-289.3,-124.44,-113.78,1
1641.8114,-52.5,127.1,-293.2,-114.89,-111.50,1
1641.9482,-43.1,129.0,-292.2,-110.46,-110.26,1
1642.0691,-47.3,131.0,-289.3,-113.15,-109.88,1
1642.2036,-51.5,127.1,-292.2,-116.45,-111.77,1
1642.3361,-51.5,128.0,-290.3,-114.27,-114.34,1
1642.4710,-57.8,124.1,-291.3,-115.98,-116.25,1
1642.6063,-63.0,124.1,-290.3,-118.00,-117.04,1
1642.7383,-50.4,121.2,-293.2,-113.94,-113.90,1
1642.8732,-42.0,125.1,-288.3,-110.84,-110.45,1
1643.0119,-28.4,126.1,-295.2,-102.10,-107.57,1
1643.1467,-25.2,131.9,-288.3,-100.37,-106.84,1
1643.2803,-42.0,133.9,-291.3,-113.34,-108.43,1
1643.4146,-65.1,128.0,-293.2,-127.32,-111.55,0
1643.5484,-62.0,121.2,-288.3,-127.13,-113.66,1
1643.6825,-58.8,115.3,-299.1,-125.68,-115.06,1
1643.8172,-47.3,113.4,-290.3,-115.79,-114.81,1
1643.9551,-45.2,118.3,-297.1,-113.21,-113.33,1
1644.0883,-31.5,124.1,-294.2,-100.07,-112.13,1
1644.2226,-29.4,126.1,-291.3,-99.17,-112.18,1
1644.3569,-33.6,131.9,-296.1,-98.89,-113.38,1
1644.4901,-46.2,123.1,-295.2,-109.91,-116.38,1
1644.6242,-48.3,118.3,-297.1,-108.18,-118.93,1
1644.7597,-51.5,118.3,-294.2,-108.82,-119.93,1
1644.8931,-51.5,112.4,-297.1,-111.08,-118.39,1
1645.0302,-47.3,115.3,-296.1,-113.44,-114.77,1
1645.1648,-36.8,119.2,-295.2,-103.15,-112.59,1
1645.2990,-46.2,122.2,-296.1,-111.59,-111.39,1
1645.4331,-38.9,130.0,-289.3,-105.36,-111.59,1
1645.5671,-41.0,126.1,-293.2,-108.29,-112.96,1
1645.7011,-57.8,125.1,-297.1,-117.96,-115.25,1
1645.8365,-59.9,120.2,-293.2,-120.80,-117.80,1
1645.9747,-70.4,120.2,-289.3,-128.42,-118.67,1
1646.1078,-66.2,119.2,-293.2,-127.76,-116.81,1
1646.2431,-69.3,116.3,-292.2,-130.09,-115.62,1
1646.3784,-55.7,126.1,-291.3,-119.45,-114.87,1
1646.5110,-55.7,136.8,-287.4,-114.60,-114.97,1
1646.6450,-64.1,133.9,-285.4,-120.20,-115.17,1
1646.7796,-65.1,132.9,-285.4,-122.31,-114.78,1
1646.9141,-67.2,127.1,-288.3,-125.11,-115.12,1
1647.0505,-79.8,124.1,-282.5,-134.30,-115.34,0
1647.1841,-81.9,128.0,-284.4,-133.14,-114.76,0
1647.3165,-80.9,131.9,-285.4,-131.81,-113.02,0
1647.4509,-66.2,134.9,-288.3,-121.92,-111.40,1
1647.5849,-49.4,142.7,-283.5,-110.47,-110.67,1
1647.7177,-48.3,144.7,-284.4,-109.38,-111.89,1
1647.8524,-52.5,132.9,-290.3,-114.93,-114.23,1
1647.9782,-54.6,128.0,-293.2,-115.00,-115.74,1
1648.1106,-58.8,125.1,-289.3,-117.18,-116.84,1
1648.2458,-70.4,124.1,-296.1,-124.54,-117.17,1
1648.3803,-57.8,123.1,-294.2,-120.52,-115.56,1
1648.5154,-70.4,127.1,-290.3,-126.73,-113.23,1
1648.6481,-53.6,130.0,-291.3,-116.08,-111.30,1
1648.7828,-38.9,132.9,-289.3,-109.64,-110.74,1
1648.9174,-41.0,135.9,-287.4,-106.09,-111.48,1
1649.0537,-57.8,134.9,-289.3,-115.81,-113.02,1
1649.1876,-55.7,129.0,-292.2,-117.73,-115.27,1
1649.3221,-59.9,119.2,-292.2,-124.02,-116.81,1
1649.4551,-67.2,123.1,-294.2,-125.31,-116.10,1
1649.5887,-66.2,128.0,-291.3,-123.12,-114.39,1
1649.7227,-55.7,130.0,-291.3,-116.35,-112.04,1
1649.8562,-43.1,134.9,-288.3,-105.47,-111.20,1
1649.9951,-29.4,132.9,-290.3,-92.52,-112.88,0
1650.1297,-52.5,134.9,-292.2,-107.89,-114.75,1
1650.2628,-36.8,139.8,-292.2,-93.58,-115.67,0
1650.3961,-50.4,125.1,-291.3,-106.32,-117.65,1
1650.5307,-77.7,115.3,-294.2,-126.81,-119.63,1
1650.6647,-75.6,121.2,-290.3,-123.99,-118.03,1
1650.7990,-65.1,127.1,-292.2,-116.55,-114.99,1
1650.9369,-65.1,132.9,-289.3,-117.83,-111.79,1
1651.0688,-87.2,125.1,-292.2,-132.30,-112.41,0
1651.2029,-71.4,131.9,-291.3,-123.00,-114.26,1
1651.3372,-71.4,129.0,-293.2,-119.25,-116.26,1
1651.4704,-44.1,128.0,-294.2,-99.89,-118.17,0
1651.6037,-60.9,112.4,-301.0,-117.49,-119.50,1
1651.7388,-43.1,121.2,-305.9,-97.80,-117.41,0
1651.8711,-65.1,115.3,-304.9,-119.84,-116.53,1
1651.9962,-42.0,123.1,-298.1,-98.34,-115.08,0
1652.1297,-34.7,131.0,-299.1,-93.32,-114.32,0
1652.2625,-44.1,132.9,-298.1,-96.42,-114.76,0
1652.3957,-46.2,136.8,-292.2,-98.67,-116.24,0
1652.5291,-44.1,133.9,-289.3,-97.07,-117.59,0
1652.6621,-67.2,135.9,-291.3,-112.02,-119.21,1
1652.7961,-79.8,131.9,-292.2,-120.95,-117.84,1
1652.9344,-65.1,127.1,-295.2,-113.35,-115.18,1
1653.0688,-50.4,131.0,-295.2,-103.72,-113.40,1
1653.2022,-50.4,131.9,-296.1,-103.89,-112.70,1
1653.3374,-55.7,135.9,-293.2,-101.36,-114.24,1
1653.4715,-72.5,133.9,-289.3,-113.16,-118.07,1
1653.6041,-72.5,131.9,-295.2,-112.31,-120.05,1
1653.7390,-78.8,121.2,-293.2,-120.09,-121.11,1
1653.8749,-72.5,116.3,-295.2,-118.48,-118.80,1
1654.0113,-66.2,132.9,-291.3,-109.05,-115.61,1
1654.1462,-47.3,133.9,-287.4,-98.99,-113.44,1
1654.2811,-50.4,135.9,-285.4,-103.48,-113.04,1
1654.4151,-44.1,139.8,-283.5,-97.98,-114.33,0
1654.5483,-59.9,128.0,-289.3,-110.27,-117.97,1
1654.6825,-75.6,123.1,-295.2,-119.86,-121.68,1
1654.8153,-80.9,115.3,-294.2,-126.29,-123.91,1
1654.9547,-84.0,119.2,-296.1,-131.40,-121.62,1
1655.0865,-80.9,123.1,-293.2,-126.32,-119.91,1
1655.2197,-55.7,123.1,-296.1,-110.32,-118.24,1
1655.3542,-65.1,125.1,-292.2,-117.80,-118.34,1
1655.4896,-66.2,134.9,-285.4,-116.02,-121.05,1
1655.6220,-62.0,129.0,-290.3,-110.49,-123.80,1
1655.7567,-69.3,117.3,-292.2,-120.78,-124.66,1
1655.8915,-70.4,112.4,-298.1,-127.14,-123.83,1
1656.0278,-62.0,121.2,-294.2,-118.29,-121.68,1
1656.1611,-59.9,129.0,-292.2,-115.53,-120.20,1
1656.2962,-70.4,131.0,-284.4,-120.12,-119.85,1
1656.4288,-64.1,129.0,-288.3,-115.26,-121.53,1
1656.5631,-75.6,125.1,-289.3,-121.86,-122.95,1
1656.6967,-66.2,130.0,-290.3,-115.24,-124.38,1
1656.8312,-79.8,113.4,-295.2,-129.40,-126.15,1
1656.9683,-80.9,111.4,-290.3,-130.25,-126.06,1
1657.0889,-65.1,116.3,-295.2,-116.38,-124.89,1
1657.2231,-54.6,123.1,-292.2,-107.55,-122.70,0
1657.3544,-46.2,122.2,-291.3,-101.82,-120.92,0
1657.4881,-56.7,122.2,-295.2,-110.02,-120.89,1
1657.6216,-56.7,126.1,-291.3,-109.28,-123.50,1
1657.7557,-67.2,116.3,-292.2,-115.31,-127.23,1
1657.8889,-78.8,106.5,-293.2,-126.09,-130.15,1
1658.0275,-87.2,106.5,-292.2,-130.37,-129.46,1
1658.1629,-80.9,112.4,-295.2,-126.36,-125.67,1
1658.2965,-66.2,117.3,-293.2,-115.56,-123.22,1
1658.4310,-58.8,120.2,-297.1,-110.88,-121.47,1
1658.5653,-50.4,120.2,-292.2,-98.42,-121.44,0
1658.6983,-68.3,123.1,-291.3,-112.89,-124.53,1
1658.8328,-70.4,119.2,-289.3,-112.72,-126.93,1
1658.9709,-73.5,115.3,-297.1,-116.54,-127.84,1
1659.1040,-60.9,122.2,-294.2,-106.73,-125.22,0
1659.2391,-62.0,130.0,-290.3,-107.88,-121.68,1
1659.3733,-55.7,128.0,-290.3,-106.44,-117.77,1
1659.5067,-54.6,137.8,-289.3,-104.32,-117.46,1
1659.6408,-52.5,137.8,-290.3,-102.85,-120.16,0
1659.7763,-48.3,127.1,-293.2,-98.24,-122.57,0
1659.9087,-62.0,124.1,-295.2,-107.53,-122.98,0
1660.0446,-59.9,121.2,-289.3,-110.65,-120.11,1
1660.1790,-59.9,123.1,-294.2,-111.56,-116.20,1
1660.3133,-50.4,127.1,-291.3,-103.96,-115.36,1
1660.4477,-36.8,128.0,-295.2,-93.61,-115.41,0
1660.5807,-47.3,131.9,-287.4,-97.37,-116.82,0
1660.7126,-51.5,128.0,-292.2,-100.47,-119.68,0
1660.8476,-50.4,113.4,-290.3,-100.53,-121.99,0
1660.9847,-63.0,109.5,-301.0,-115.15,-124.11,1
1661.1175,-64.1,111.4,-291.3,-112.16,-122.51,1
1661.2528,-62.0,120.2,-299.1,-111.68,-119.79,1
1661.3886,-55.7,113.4,-296.1,-109.54,-118.14,1
1661.5230,-47.3,117.3,-297.1,-103.26,-119.07,0
1661.6548,-50.4,114.4,-293.2,-107.91,-119.81,1
1661.7894,-66.2,110.4,-293.2,-124.13,-121.60,1
1661.9296,-78.8,102.6,-292.2,-135.07,-123.88,1
1662.0615,-96.6,105.6,-297.1,-141.20,-125.33,0
1662.1946,-68.3,117.3,-292.2,-121.05,-122.45,1
1662.3292,-75.6,131.0,-288.3,-124.42,-120.12,1
1662.4632,-98.7,135.9,-278.6,-131.09,-120.13,1
1662.5977,-92.4,137.8,-278.6,-127.14,-120.70,1
1662.7324,-95.6,139.8,-275.7,-128.20,-122.09,1
1662.8658,-80.9,131.0,-288.3,-123.59,-123.56,1
1663.0034,-87.2,120.2,-288.3,-132.47,-123.78,1
1663.1380,-62.0,116.3,-300.0,-121.33,-121.78,1
1663.2716,-75.6,122.2,-291.3,-127.87,-118.68,1
1663.4060,-67.2,129.0,-290.3,-124.19,-115.11,1
1663.5415,-55.7,128.0,-289.3,-120.77,-114.53,1
1663.6743,-66.2,126.1,-287.4,-126.83,-116.75,1
1663.8098,-79.8,131.9,-286.4,-129.39,-120.74,1
1663.9479,-98.7,125.1,-283.5,-138.79,-124.22,1
1664.0813,-106.1,117.3,-282.5,-142.76,-124.99,0
1664.2142,-108.2,119.2,-284.4,-143.42,-123.36,0
1664.3475,-93.5,123.1,-287.4,-136.06,-121.53,1
1664.4807,-94.5,130.0,-285.4,-134.98,-119.33,0
1664.6154,-97.7,131.9,-285.4,-135.35,-119.71,0
1664.7488,-93.5,128.0,-280.5,-134.88,-121.35,1
1664.8819,-99.8,125.1,-284.4,-138.49,-123.07,0
1665.0195,-112.4,120.2,-284.4,-142.41,-125.40,0
1665.1520,-109.2,114.4,-281.5,-143.33,-125.50,0
1665.2856,-112.4,119.2,-282.5,-142.68,-123.27,0
1665.4190,-107.1,120.2,-283.5,-140.96,-121.18,0
1665.5524,-100.8,131.0,-278.6,-135.78,-119.01,0
1665.6866,-101.9,134.9,-278.6,-132.68,-119.42,1
1665.8201,-100.8,133.9,-279.6,-131.73,-122.44,1
1665.9589,-99.8,120.2,-284.4,-136.01,-124.99,1
1666.0934,-113.4,116.3,-281.5,-141.40,-127.48,1
1666.2275,-114.5,117.3,-282.5,-141.18,-127.72,1
1666.3622,-102.9,124.1,-285.4,-134.34,-125.15,1
1666.4967,-95.6,122.2,-283.5,-133.44,-122.98,1
1666.6298,-79.8,119.2,-287.4,-128.85,-122.11,1
1666.7655,-80.9,124.1,-290.3,-124.91,-124.01,1
1666.9010,-98.7,113.4,-290.3,-136.26,-127.98,1
1667.0367,-109.2,103.6,-286.4,-145.28,-131.77,1
1667.1705,-113.4,92.9,-294.2,-150.41,-131.77,0
1667.3052,-109.2,95.8,-292.2,-150.89,-128.07,0
1667.4370,-98.7,102.6,-290.3,-144.64,-124.70,0
1667.5701,-93.5,111.4,-290.3,-139.16,-121.87,0
1667.7035,-100.8,116.3,-286.4,-138.03,-123.33,1
1667.8380,-104.0,112.4,-281.5,-138.31,-127.92,1
1667.9763,-115.5,101.6,-284.4,-143.67,-133.67,1
1668.1083,-118.7,93.8,-283.5,-147.69,-136.98,1
1668.2416,-125.0,91.9,-286.4,-150.83,-136.77,1
1668.3774,-134.5,102.6,-281.5,-148.37,-134.63,1
1668.5115,-116.6,109.5,-282.5,-139.53,-132.14,1
1668.6436,-112.4,113.4,-283.5,-137.49,-131.33,1
1668.7783,-117.6,115.3,-284.4,-137.43,-133.83,1
1668.9145,-125.0,107.5,-279.6,-141.47,-139.01,1
1669.0506,-126.0,98.7,-282.5,-146.38,-141.97,1
1669.1854,-127.1,86.0,-287.4,-153.11,-141.69,1
1669.3205,-112.4,92.9,-292.2,-145.84,-138.94,1
1669.4543,-110.3,98.7,-290.3,-140.96,-137.55,1
1669.5885,-107.1,106.5,-291.3,-136.44,-133.93,1
1669.7232,-104.0,115.3,-291.3,-131.54,-132.62,1
1669.8562,-100.8,112.4,-280.5,-131.79,-134.52,1
1669.9821,-100.8,109.5,-290.3,-133.83,-137.55,1
1670.1148,-130.3,95.8,-280.5,-149.12,-140.70,1
1670.2494,-116.6,90.9,-287.4,-148.08,-139.95,1
1670.3824,-99.8,111.4,-289.3,-130.39,-137.40,1
1670.5180,-112.4,118.3,-281.5,-134.76,-134.58,1
1670.6520,-125.0,112.4,-280.5,-142.16,-132.16,1
1670.7854,-116.6,122.2,-276.6,-133.55,-132.10,1
1670.9203,-136.6,122.2,-270.8,-140.64,-133.58,1
1671.0461,-125.0,110.4,-278.6,-140.64,-135.98,1
1671.1787,-151.3,98.7,-276.6,-152.65,-138.97,1
1671.3133,-159.7,88.9,-274.7,-158.11,-138.88,0
1671.4466,-143.9,98.7,-280.5,-150.28,-135.93,1
1671.5803,-132.4,113.4,-275.7,-142.38,-133.14,1
1671.7146,-126.0,115.3,-281.5,-140.34,-131.73,1
1671.8492,-134.5,126.1,-270.8,-137.55,-132.05,1
1671.9875,-132.4,121.2,-271.7,-137.29,-133.95,1
1672.1220,-138.7,119.2,-277.6,-140.34,-136.00,1
1672.2565,-141.8,113.4,-276.6,-144.24,-136.27,1
1672.3908,-129.2,121.2,-279.6,-139.40,-132.35,1
1672.5240,-129.2,126.1,-273.7,-139.17,-128.18,1
1672.6578,-126.0,129.0,-276.6,-139.04,-125.34,1
1672.7920,-102.9,126.1,-278.6,-130.34,-124.64,1
1672.9288,-115.5,125.1,-278.6,-137.74,-127.88,1
1673.0619,-131.3,110.4,-277.6,-146.95,-131.72,0
1673.1968,-126.0,106.5,-284.4,-145.79,-131.98,1
1673.3296,-97.7,109.5,-288.3,-134.26,-128.61,1
1673.4640,-104.0,117.3,-284.4,-135.64,-124.26,1
1673.5982,-81.9,131.0,-283.5,-121.76,-119.85,1
1673.7317,-68.3,138.8,-278.6,-113.95,-116.14,1
1673.8666,-66.2,146.6,-283.5,-109.74,-115.93,1
1674.0052,-74.6,141.7,-278.6,-116.19,-116.26,1
1674.1382,-67.2,132.9,-288.3,-115.32,-114.30,1
1674.2721,-59.9,128.0,-290.3,-113.42,-112.41,1
1674.4066,-60.9,132.9,-289.3,-111.53,-109.45,1
1674.5397,-39.9,141.7,-287.4,-100.65,-104.11,1
1674.6740,-20.0,145.6,-283.5,-90.56,-98.60,1
1674.8099,-8.4,146.6,-278.6,-87.43,-94.94,1
1674.9456,-9.5,150.5,-278.6,-88.25,-94.78,1
1675.0786,-8.4,153.4,-283.5,-86.23,-93.44,1
1675.2134,-4.2,143.7,-288.3,-84.48,-90.59,1
1675.3475,-7.4,134.9,-289.3,-89.13,-88.76,1
1675.4818,-17.9,126.1,-293.2,-100.96,-85.86,0
1675.6147,-20.0,129.0,-298.1,-109.42,-81.96,0
1675.7465,-48.3,127.1,-294.2,-127.23,-80.10,0
1675.8801,-37.8,122.2,-293.2,-126.84,-75.60,0
1676.0163,-27.3,122.2,-299.1,-121.96,-71.01,0
1676.1477,-15.8,114.4,-297.1,-121.80,-65.41,0
1676.2819,-6.3,119.2,-294.2,-112.25,-66.30,0
1676.4163,3.2,121.2,-294.2,-104.45,-64.50,0
1676.5492,11.6,112.4,-297.1,-100.27,-61.34,0
1676.6812,26.3,105.6,-298.1,-93.85,-56.84,0
1676.8151,14.7,106.5,-301.0,-104.37,-57.73,0
1676.9522,17.9,104.6,-298.1,-100.31,-56.47,0
1677.0842,21.0,106.5,-298.1,-98.60,-54.80,0
1677.2182,30.5,105.6,-300.0,-86.26,-54.21,0
1677.3514,39.9,104.6,-296.1,-73.39,-56.82,0
1677.4841,43.1,110.4,-295.2,-72.64,-57.13,0
1677.6172,38.9,101.6,-301.0,-73.60,-55.70,0
1677.7509,47.3,95.8,-304.9,-66.26,-53.01,1
1677.8831,58.8,89.9,-297.1,-54.77,-49.91,1
1678.0201,60.9,84.1,-298.1,-51.42,-47.82,1
1678.1546,56.7,88.0,-300.0,-61.95,-49.43,1
1678.2892,33.6,89.9,-298.1,-76.79,-54.54,0
1678.4211,38.9,98.7,-299.1,-66.84,-59.19,1
1678.5569,34.7,88.0,-303.0,-69.19,-59.83,1
1678.6909,34.7,85.0,-303.0,-71.67,-56.28,0
1678.8230,34.7,84.1,-301.0,-74.86,-51.34,0
1678.9594,53.6,83.1,-302.0,-55.94,-47.04,1
1679.0951,63.0,81.1,-298.1,-46.36,-47.57,1
1679.2282,69.3,84.1,-298.1,-42.19,-52.00,1
1679.3627,41.0,81.1,-297.1,-55.39,-58.01,1
1679.4975,51.5,88.0,-300.0,-50.16,-59.89,1
1679.6310,50.4,85.0,-304.9,-47.57,-59.89,1
1679.7653,51.5,90.9,-300.0,-59.51,-57.73,1
1679.8999,55.7,93.8,-298.1,-59.25,-55.31,1
1680.0371,55.7,94.8,-293.2,-62.71,-55.48,1
1680.1712,55.7,99.7,-296.1,-63.45,-57.24,1
1680.3058,48.3,112.4,-294.2,-66.75,-62.07,1
1680.4388,38.9,107.5,-296.1,-70.83,-65.95,1
1680.5732,37.8,105.6,-295.2,-69.08,-65.42,1
1680.7084,38.9,102.6,-301.0,-66.18,-62.33,1
1680.8414,54.6,104.6,-293.2,-59.99,-57.51,1
1680.9790,51.5,98.7,-298.1,-62.72,-54.42,1
1681.1134,44.1,94.8,-297.1,-72.17,-54.63,0
1681.2464,45.2,105.6,-295.2,-76.79,-57.64,0
1681.3797,29.4,111.4,-296.1,-89.04,-60.93,0
1681.5136,36.8,107.5,-293.2,-77.89,-61.50,0
1681.6466,43.1,104.6,-296.1,-74.00,-59.97,1
1681.7804,54.6,92.9,-298.1,-63.70,-55.46,1
1681.9153,69.3,93.8,-294.2,-56.36,-51.74,1
1682.0527,62.0,86.0,-292.2,-59.89,-49.03,1
1682.1857,58.8,88.0,-300.0,-63.16,-51.30,1
1682.3197,74.6,105.6,-288.3,-52.45,-55.62,1
1682.4538,72.5,108.5,-289.3,-51.99,-57.84,1
1682.5864,69.3,100.7,-288.3,-51.57,-56.89,1
1682.7208,60.9,97.7,-296.1,-53.12,-53.87,1
1682.8568,67.2,93.8,-300.0,-53.46,-49.27,1
1682.9927,73.5,84.1,-293.2,-47.49,-45.30,1
1683.1272,74.6,87.0,-297.1,-52.28,-44.08,1
1683.2622,76.7,94.8,-292.2,-53.44,-47.52,1
1683.3962,69.3,105.6,-289.3,-55.98,-54.00,1
1683.5305,65.1,101.6,-292.2,-51.47,-56.57,1
1683.6645,77.7,94.8,-294.2,-43.08,-54.96,1
1683.7982,66.2,80.1,-302.0,-46.52,-50.64,1
1683.9350,63.0,79.2,-303.0,-54.57,-47.91,1
1684.0693,67.2,80.1,-295.2,-51.61,-47.90,1
1684.2026,55.7,89.9,-300.0,-69.18,-50.81,0
1684.3361,42.0,97.7,-298.1,-79.83,-55.70,0
1684.4715,39.9,92.9,-303.0,-78.11,-57.54,0
1684.6033,43.1,84.1,-301.0,-68.28,-56.45,1
1684.7381,36.8,75.3,-305.9,-64.28,-53.49,1
1684.8729,48.3,80.1,-306.9,-60.63,-50.28,1
1685.0096,49.4,75.3,-305.9,-64.98,-49.07,0
1685.1431,45.2,77.2,-303.0,-70.03,-49.98,0
1685.2769,43.1,88.0,-303.9,-71.53,-51.97,0
1685.4087,23.1,87.0,-302.0,-101.85,-56.27,0
1685.5431,22.1,81.1,-302.0,-99.61,-57.52,0
1685.6761,23.1,69.4,-312.7,-112.89,-57.03,0
1685.8079,24.2,62.6,-310.8,-118.01,-53.48,0
1685.9457,51.5,80.1,-305.9,-63.36,-49.35,1
1686.0676,67.2,77.2,-304.9,-45.51,-49.41,1
1686.1994,74.6,93.8,-299.1,-49.10,-50.88,1
1686.3327,75.6,96.8,-292.2,-48.84,-52.37,1
1686.4673,65.1,86.0,-300.0,-48.80,-54.41,1
1686.6034,66.2,82.1,-301.0,-43.89,-54.92,1
1686.7360,63.0,75.3,-303.0,-38.28,-52.95,1
1686.8708,74.6,70.4,-301.0,-32.67,-48.55,0
1687.0081,73.5,73.3,-296.1,-47.77,-45.63,1
1687.1423,69.3,72.3,-297.1,-54.64,-45.20,1
1687.2768,73.5,80.1,-296.1,-56.83,-45.56,1
1687.4105,93.5,80.1,-286.4,-43.24,-45.02,1
1687.5436,76.7,65.5,-304.9,-43.45,-45.17,1
1687.6772,76.7,67.4,-299.1,-38.37,-46.04,1
1687.8115,76.7,58.6,-303.0,-28.54,-45.25,0
1687.9474,76.7,60.6,-298.1,-40.85,-42.49,1
1688.0806,75.6,58.6,-305.9,-56.39,-40.53,0
1688.2152,77.7,56.7,-300.0,-48.36,-38.92,1
1688.3483,76.7,58.6,-303.0,-51.41,-39.71,1
1688.4832,92.4,68.4,-288.3,-37.44,-40.50,1
1688.6173,77.7,63.5,-303.0,-54.50,-42.59,1
1688.7512,69.3,60.6,-300.0,-52.20,-45.22,1
1688.8862,72.5,58.6,-306.9,-30.12,-44.69,1
1689.0239,89.3,56.7,-297.1,-24.67,-41.59,0
1689.1560,77.7,66.5,-298.1,-63.13,-42.70,0
1689.2912,79.8,67.4,-303.0,-57.82,-44.21,1
1689.4254,75.6,80.1,-301.0,-72.36,-47.97,0
1689.5569,67.2,90.9,-299.1,-76.14,-51.75,0
1689.6904,52.5,101.6,-293.2,-89.76,-55.88,0
1689.8253,57.8,104.6,-293.2,-78.16,-58.49,0
1689.9598,54.6,97.7,-294.2,-81.89,-59.25,0
1690.0922,46.2,96.8,-300.0,-108.23,-58.58,0
1690.2259,35.7,87.0,-303.9,-135.08,-56.10,0
1690.3603,46.2,86.0,-302.0,-111.44,-54.49,0
1690.4921,60.9,88.9,-301.0,-81.20,-54.64,0
1690.6252,52.5,95.8,-303.0,-91.97,-54.98,0
1690.7591,66.2,92.9,-296.1,-60.86,-56.34,1
1690.8946,66.2,88.9,-298.1,-49.09,-58.29,1
1691.0301,60.9,89.9,-298.1,-52.18,-59.61,1
1691.1646,59.9,83.1,-299.1,-67.15,-55.82,1
1691.2983,79.8,75.3,-300.0,-32.73,-48.19,0
1691.4328,73.5,59.6,-303.0,-30.12,-43.28,1
1691.5669,79.8,51.8,-300.0,-8.69,-41.37,0
1691.6988,86.1,56.7,-298.1,-24.36,-41.62,0
1691.8326,60.9,73.3,-303.0,-102.55,-45.11,0
1691.9697,54.6,68.4,-303.0,-121.95,-46.36,0
1692.1019,59.9,62.6,-311.8,-141.54,-45.13,0
1692.2368,49.4,57.7,-306.9,-147.46,-43.31,0
1692.3701,51.5,69.4,-306.9,-112.25,-42.17,0
1692.5026,42.0,72.3,-303.9,-124.43,-43.53,0
1692.6356,42.0,71.3,-306.9,-128.49,-45.40,0
1692.7694,44.1,86.0,-304.9,-113.88,-45.65,0
1692.9012,33.6,70.4,-310.8,-141.23,-45.04,0
1693.0376,37.8,60.6,-309.8,-152.18,-42.06,0
1693.1712,42.0,49.8,-310.8,-158.17,-35.58,0
1693.3045,54.6,32.3,-308.8,-162.57,-26.94,0
1693.4366,55.7,15.6,-310.8,171.22,-19.61,0
1693.5693,64.1,-5.9,-311.8,133.10,-12.12,0
1693.7024,52.5,-19.5,-314.7,150.24,-2.25,0
1693.8345,38.9,-24.4,-315.7,173.06,7.08,0
1693.9716,22.1,-21.5,-318.6,-159.81,15.74,0
1694.1040,-5.3,-34.2,-316.6,-165.38,26.35,0
1694.2376,-47.3,-53.8,-314.7,-173.60,41.15,0
1694.3712,-74.6,-66.5,-306.9,-174.25,57.52,0
1694.5049,-83.0,-58.6,-309.8,-166.68,70.64,0
1694.6375,-97.7,-62.6,-303.9,-168.33,80.87,0
1694.7708,-110.3,-53.8,-302.0,-164.43,88.65,0
1694.9046,-119.7,-53.8,-299.1,-166.22,100.12,1
1695.0395,-139.7,-49.8,-295.2,-168.30,107.15,0
1695.1740,-163.9,-47.9,-284.4,-171.75,115.25,0
1695.3071,-180.7,-39.1,-278.6,-169.43,119.52,0
1695.4402,-180.7,-22.5,-276.6,-163.69,121.21,0
1695.5721,-187.0,-25.4,-275.7,-164.71,121.97,0
1695.7066,-173.3,-16.6,-285.4,-158.32,121.33,0
1695.8400,-168.1,-28.3,-283.5,-162.16,120.44,0
1695.9743,-148.1,-23.5,-297.1,-154.03,120.75,0
1696.1062,-151.3,-21.5,-291.3,-155.49,122.32,0
1696.2411,-169.1,-27.4,-284.4,-162.03,124.89,0
1696.3729,-169.1,-2.0,-286.4,-153.07,129.11,0
1696.5069,-189.1,-18.6,-275.7,-164.60,129.93,0
1696.6400,-184.9,-20.5,-278.6,-164.56,129.04,0
1696.7747,-178.6,-21.5,-279.6,-164.05,127.67,0
1696.9072,-183.8,-33.2,-277.6,-169.74,126.14,0
1697.0429,-162.8,-32.3,-283.5,-166.56,123.77,0
1697.1764,-151.3,-45.0,-289.3,-171.84,118.70,0
1697.3098,-150.2,-73.3,-282.5,171.77,115.37,0
1697.4431,-143.9,-82.1,-281.5,165.53,113.49,0
1697.5762,-129.2,-95.8,-283.5,156.53,111.15,0
1697.7096,-138.7,-94.8,-281.5,160.56,111.16,0
1697.8430,-141.8,-88.9,-276.6,165.78,108.32,0
1697.9795,-132.4,-99.7,-282.5,163.36,101.62,0
1698.1127,-94.5,-101.6,-292.2,160.67,88.79,0
1698.2452,-58.8,-106.5,-298.1,154.11,72.20,0
1698.3781,-16.8,-106.5,-299.1,140.45,72.01,1
1698.5127,9.5,-99.7,-303.0,133.59,58.21,0
1698.6443,45.2,-75.3,-305.9,127.80,43.71,0
1698.7782,56.7,-52.8,-311.8,150.34,30.77,0
1698.9132,60.9,-24.4,-313.7,-175.52,19.91,0
1699.0465,72.5,-13.7,-308.8,157.41,8.97,0
1699.1803,84.0,2.9,-305.9,25.36,-1.01,0
1699.3139,98.7,19.5,-302.0,-4.57,-7.77,1
1699.4476,95.6,34.2,-301.0,-24.32,-15.18,1
1699.5818,91.4,44.0,-303.0,-38.16,-19.39,0
1699.7159,77.7,52.8,-302.0,-73.92,-23.00,0
1699.8495,77.7,62.6,-299.1,-81.97,-25.95,0
1699.9861,73.5,68.4,-299.1,-74.37,-32.45,0
1700.1180,68.3,68.4,-303.0,-93.60,-33.16,0
1700.2519,72.5,67.4,-302.0,-82.25,-34.53,0
1700.3837,74.6,62.6,-301.0,-52.52,-35.87,0
1700.5183,70.4,50.8,-299.1,6.93,-34.50,0
1700.6518,76.7,45.9,-303.0,32.26,-33.18,0
1700.7838,73.5,51.8,-306.9,-79.35,-32.05,0
1700.9178,71.4,46.9,-306.9,-101.75,-30.62,0
1701.0549,74.6,42.0,-303.9,24.99,-29.97,0
1701.1867,69.3,51.8,-302.0,-128.99,-32.29,0
1701.3203,51.5,70.4,-304.9,-125.36,-35.79,0
1701.4537,41.0,82.1,-304.9,-132.18,-43.69,0
1701.5876,21.0,84.1,-302.0,-149.82,-51.35,0
1701.7208,18.9,97.7,-301.0,-136.49,-54.65,0
1701.8544,13.7,99.7,-299.1,-139.47,-54.60,0
1701.9882,15.8,94.8,-301.0,-140.82,-50.82,0
1702.1214,29.4,97.7,-301.0,-122.04,-48.09,0
1702.2554,38.9,99.7,-296.1,-106.44,-47.38,0
1702.3885,37.8,104.6,-296.1,-112.65,-49.37,0
1702.5209,24.2,100.7,-301.0,-126.21,-54.08,0
1702.6548,26.3,106.5,-300.0,-111.52,-57.01,0
1702.7882,28.4,104.6,-298.1,-110.13,-56.56,0
1702.9206,29.4,106.5,-297.1,-113.05,-73.17,1
1703.0585,43.1,87.0,-299.1,-98.67,-66.51,0
1703.1933,39.9,92.9,-299.1,-104.18,-62.67,0
1703.3253,56.7,90.9,-302.0,-82.68,-59.92,0
1703.4589,47.3,91.9,-300.0,-95.67,-59.28,0
1703.5922,47.3,89.9,-297.1,-93.75,-61.81,0
1703.7267,42.0,89.9,-296.1,-100.83,-64.09,0
1703.8590,37.8,74.3,-307.9,-153.09,-64.15,0
1703.9948,28.4,60.6,-307.9,167.09,-61.72,0
1704.1285,37.8,61.6,-309.8,175.06,-59.73,0
1704.2618,38.9,76.2,-303.0,-130.52,-59.86,0
1704.3950,47.3,87.0,-301.0,-93.13,-61.81,0
1704.5287,41.0,93.8,-300.0,-102.77,-63.44,0
1704.6601,46.2,103.6,-291.3,-90.57,-66.16,0
1704.7950,41.0,111.4,-296.1,-91.51,-70.78,0
1704.9301,45.2,116.3,-290.3,-79.92,-74.78,1
1705.0630,44.1,120.2,-289.3,-81.67,-75.86,1
1705.1978,29.4,125.1,-296.1,-104.00,-73.07,0
1705.3327,34.7,120.2,-290.3,-105.01,-69.24,0
1705.4642,42.0,109.5,-289.3,-102.12,-66.35,0
1705.5974,46.2,109.5,-290.3,-96.10,-65.93,0
1705.7311,60.9,122.2,-287.4,-78.67,-70.06,1
1705.8678,60.9,118.3,-284.4,-74.41,-72.85,1
1706.0035,55.7,116.3,-289.3,-76.19,-68.64,1
1706.1383,56.7,112.4,-291.3,-70.17,-68.38,1
1706.2734,55.7,102.6,-295.2,-75.54,-66.10,1
1706.4076,78.8,97.7,-294.2,-53.42,-60.23,1
1706.5418,74.6,88.9,-295.2,-54.72,-57.43,1
1706.6762,71.4,89.9,-297.1,-61.12,-58.29,1
1706.8095,65.1,98.7,-294.2,-64.88,-62.72,1
1706.9454,64.1,108.5,-290.3,-62.00,-66.79,1
1707.0800,68.3,106.5,-291.3,-53.05,-69.64,0
1707.2126,52.5,99.7,-295.2,-61.89,-69.29,1
1707.3472,67.2,103.6,-293.2,-56.79,-64.93,1
1707.4822,71.4,103.6,-295.2,-59.76,-61.63,1
1707.6154,70.4,101.6,-290.3,-60.85,-59.19,1
1707.7506,70.4,105.6,-289.3,-64.15,-60.83,1
1707.8852,62.0,113.4,-286.4,-64.87,-65.15,1
1708.0199,62.0,115.3,-293.2,-62.22,-69.25,1
1708.1538,52.5,111.4,-288.3,-63.43,-71.25,1
1708.2891,44.1,107.5,-293.2,-79.02,-69.83,1
1708.4219,53.6,98.7,-296.1,-68.17,-64.95,1
1708.5556,73.5,101.6,-292.2,-53.91,-62.26,1
1708.6898,80.9,103.6,-286.4,-54.02,-60.38,1
1708.8226,65.1,110.4,-288.3,-66.37,-62.53,1
1708.9603,65.1,103.6,-292.2,-59.54,-66.41,1
1709.0827,56.7,105.6,-292.2,-61.37,-68.31,1
1709.2152,54.6,103.6,-295.2,-62.81,-68.22,1
1709.3497,51.5,99.7,-297.1,-63.51,-64.45,1
1709.4848,71.4,97.7,-293.2,-51.63,-58.08,1
1709.6199,84.0,89.9,-293.2,-44.98,-53.95,1
1709.7527,72.5,91.9,-294.2,-53.78,-54.21,1
1709.8876,83.0,93.8,-295.2,-44.49,-58.21,1
1710.0250,72.5,100.7,-293.2,-48.38,-64.37,0
1710.1593,55.7,98.7,-294.2,-60.94,-65.86,1
1710.2939,49.4,86.0,-304.9,-65.63,-65.08,1
1710.4282,42.0,65.5,-306.9,-95.81,-60.35,0
1710.5602,67.2,75.3,-303.9,-42.91,-55.56,1
1710.6956,76.7,78.2,-300.0,-40.58,-55.02,1
1710.8313,84.0,91.9,-297.1,-40.55,-59.10,0
1710.9660,60.9,93.8,-300.0,-56.83,-63.80,1
1711.1006,54.6,96.8,-299.1,-56.91,-67.30,1
1711.2368,53.6,93.8,-303.0,-52.64,-68.45,0
1711.3685,45.2,85.0,-303.9,-55.58,-68.48,1
1711.5033,37.8,91.9,-305.9,-76.28,-67.20,1
1711.6375,47.3,98.7,-303.0,-68.26,-65.15,1
1711.7728,57.8,111.4,-293.2,-63.12,-64.86,1
1711.9068,48.3,112.4,-298.1,-70.70,-67.22,1
1712.0440,21.0,110.4,-298.1,-94.03,-69.21,0
1712.1772,24.2,108.5,-298.1,-89.37,-70.38,0
1712.3106,29.4,115.3,-301.0,-83.95,-70.00,1
1712.4449,36.8,109.5,-300.0,-79.66,-68.61,1
1712.5790,47.3,103.6,-294.2,-71.20,-65.87,1
1712.7120,59.9,100.7,-299.1,-61.41,-62.72,1
1712.8466,71.4,100.7,-296.1,-55.32,-61.56,1
1712.9846,68.3,95.8,-300.0,-56.43,-63.67,1
1713.1178,46.2,89.9,-303.9,-66.88,-68.58,1
1713.2535,39.9,80.1,-305.9,-62.70,-71.45,1
1713.3889,35.7,77.2,-302.0,-69.38,-71.51,1
1713.5218,33.6,88.0,-295.2,-75.59,-68.19,1
1713.6561,46.2,99.7,-295.2,-67.89,-63.99,1
1713.7907,69.3,103.6,-285.4,-56.22,-61.24,1
1713.9286,66.2,112.4,-283.5,-62.38,-61.59,1
1714.0614,52.5,110.4,-288.3,-69.53,-63.68,1
1714.1956,58.8,108.5,-292.2,-62.06,-65.10,1
1714.3288,54.6,102.6,-291.3,-61.39,-65.72,1
1714.4642,48.3,103.6,-290.3,-71.31,-64.44,1
1714.5984,41.0,106.5,-292.2,-82.06,-59.71,0
1714.7307,66.2,101.6,-290.3,-65.18,-54.32,1
1714.8656,71.4,100.7,-291.3,-61.87,-52.26,1
1714.9910,68.3,100.7,-294.2,-64.76,-53.22,1
1715.1237,45.2,102.6,-296.1,-78.64,-57.51,0
1715.2577,53.6,100.7,-294.2,-69.23,-60.08,1
1715.3923,54.6,96.8,-296.1,-70.12,-59.40,1
1715.5277,58.8,96.8,-298.1,-68.32,-56.10,1
1715.6605,59.9,83.1,-298.1,-62.14,-50.91,1
1715.7953,93.5,74.3,-300.0,-34.78,-46.00,1
1715.9330,87.2,77.2,-296.1,-42.38,-45.53,1
1716.0662,84.0,76.2,-291.3,-45.30,-47.56,1
1716.1999,78.8,87.0,-294.2,-51.82,-49.41,1
1716.3342,76.7,83.1,-298.1,-49.97,-51.17,1
1716.4672,64.1,80.1,-303.0,-61.62,-52.29,1
1716.6021,79.8,84.1,-292.2,-52.60,-49.78,1
1716.7362,80.9,80.1,-294.2,-49.82,-48.00,1
1716.8695,89.3,78.2,-293.2,-43.63,-46.58,1
1717.0084,78.8,87.0,-298.1,-53.95,-49.58,1
1717.1437,84.0,96.8,-291.3,-49.96,-54.79,1
1717.2767,83.0,100.7,-293.2,-47.67,-59.31,1
1717.4109,74.6,102.6,-293.2,-48.15,-62.05,1
1717.5456,67.2,100.7,-293.2,-51.78,-61.61,1
1717.6796,74.6,95.8,-293.2,-46.88,-57.12,1
1717.8145,87.2,92.9,-291.3,-43.56,-53.58,1
1717.9512,86.1,102.6,-291.3,-50.59,-53.48,1
1718.0831,79.8,106.5,-289.3,-53.07,-56.47,1
1718.2180,69.3,102.6,-294.2,-54.11,-59.18,1
1718.3523,65.1,93.8,-297.1,-51.26,-60.03,1
1718.4856,63.0,97.7,-297.1,-54.39,-59.59,1
1718.6199,73.5,97.7,-293.2,-52.76,-57.21,1
1718.7555,78.8,98.7,-295.2,-50.88,-54.96,1
1718.8889,73.5,88.0,-293.2,-51.39,-52.47,1
1719.0268,86.1,100.7,-290.3,-48.09,-53.33,1
1719.1609,76.7,101.6,-290.3,-48.49,-56.56,1
1719.2951,93.5,98.7,-286.4,-38.17,-58.16,0
1719.4283,77.7,92.9,-297.1,-40.96,-58.58,0
1719.5612,76.7,93.8,-289.3,-44.43,-57.24,1
1719.6944,75.6,86.0,-293.2,-42.05,-54.42,1
1719.8286,89.3,96.8,-289.3,-41.95,-52.57,1
1719.9655,85.1,102.6,-285.4,-48.94,-54.24,1
1720.0988,68.3,116.3,-285.4,-59.66,-57.48,1
1720.2340,56.7,118.3,-287.4,-63.47,-61.39,1
1720.3695,50.4,112.4,-292.2,-66.16,-62.85,1
1720.5022,49.4,104.6,-293.2,-67.17,-62.15,1
1720.6364,75.6,91.9,-296.1,-42.68,-58.40,0
1720.7700,79.8,92.9,-292.2,-42.63,-54.75,1
1720.9052,85.1,85.0,-291.3,-40.27,-50.96,1
1721.0408,80.9,94.8,-291.3,-47.46,-51.91,1
1721.1754,72.5,98.7,-293.2,-53.01,-55.50,1
1721.3083,76.7,108.5,-289.3,-51.08,-58.20,1
1721.4438,68.3,102.6,-294.2,-54.37,-58.00,1
1721.5780,59.9,93.8,-299.1,-56.81,-57.05,1
1721.7108,76.7,94.8,-291.3,-49.08,-53.57,1
1721.8459,66.2,90.9,-296.1,-57.49,-50.11,1
1721.9844,74.6,91.9,-297.1,-54.19,-47.44,1
1722.1172,66.2,99.7,-294.2,-60.70,-49.26,1
1722.2523,67.2,100.7,-298.1,-58.38,-52.12,1
1722.3868,78.8,93.8,-297.1,-45.61,-54.15,1
1722.5218,55.7,87.0,-303.0,-59.10,-53.40,1
1722.6546,65.1,87.0,-300.0,-54.10,-52.29,1
1722.7893,72.5,86.0,-298.1,-51.44,-49.06,1
1722.9246,63.0,82.1,-299.1,-60.05,-45.32,1
1723.0620,78.8,90.9,-301.0,-57.38,-44.47,1
1723.1961,72.5,101.6,-301.0,-66.41,-48.26,0
1723.3296,63.0,108.5,-302.0,-69.02,-53.31,0
1723.4618,62.0,112.4,-303.0,-68.72,-55.53,1
1723.5955,45.2,112.4,-305.9,-79.27,-54.94,0
1723.7287,48.3,109.5,-302.0,-79.92,-53.20,0
1723.8619,49.4,102.6,-295.2,-79.31,-50.93,0
1723.9999,59.9,101.6,-293.2,-71.41,-50.10,0
1724.1348,48.3,112.4,-288.3,-80.44,-52.46,0
1724.2672,42.0,112.4,-296.1,-82.36,-55.16,0
1724.4005,48.3,110.4,-297.1,-74.75,-58.84,0
1724.5341,44.1,103.6,-300.0,-78.58,-57.84,0
1724.6666,41.0,102.6,-299.1,-81.97,-54.90,0
1724.8005,37.8,90.9,-304.9,-87.36,-48.83,0
1724.9376,52.5,84.1,-304.9,-75.94,-43.20,0
1725.0687,56.7,90.9,-297.1,-74.42,-44.12,0
1725.2024,65.1,104.6,-289.3,-70.29,-48.57,0
1725.3360,58.8,96.8,-296.1,-72.04,-50.51,0
1725.4695,51.5,89.9,-299.1,-77.34,-50.15,0
1725.6014,58.8,88.0,-301.0,-73.96,-48.99,0
1725.7358,60.9,74.3,-302.0,-72.41,-45.58,0
1725.8712,60.9,63.5,-304.9,-71.16,-40.85,0
1726.0075,67.2,63.5,-303.9,-70.13,-37.58,0
1726.1411,63.0,63.5,-305.9,-75.86,-37.50,0
1726.2760,50.4,60.6,-307.9,-91.94,-40.78,0
1726.4079,67.2,58.6,-300.0,-58.12,-45.73,1
1726.5428,38.9,62.6,-309.8,-106.40,-47.61,0
1726.6760,36.8,54.7,-308.8,-118.85,-47.73,0
1726.8094,34.7,52.8,-307.9,-112.69,-44.15,0
1726.9467,60.9,57.7,-305.9,-63.74,-41.09,0
1727.0803,72.5,62.6,-302.0,-54.52,-42.37,1
1727.2134,67.2,69.4,-300.0,-57.96,-46.06,1
1727.3494,63.0,75.3,-302.0,-59.37,-50.09,1
1727.4835,59.9,67.4,-303.0,-57.94,-52.80,1
1727.6159,50.4,66.5,-303.9,-69.86,-52.39,0
1727.7498,66.2,71.3,-299.1,-62.12,-49.53,1
1727.8865,60.9,83.1,-301.0,-70.31,-48.11,0
1728.0222,66.2,77.2,-297.1,-66.07,-45.93,0
1728.1561,53.6,86.0,-298.1,-79.79,-48.88,0
1728.2902,41.0,88.9,-302.0,-86.92,-54.05,0
1728.4228,53.6,86.0,-299.1,-70.51,-57.93,1
1728.5570,48.3,85.0,-301.0,-78.81,-57.90,0
1728.6905,42.0,79.2,-304.9,-79.98,-55.00,0
1728.8242,52.5,70.4,-300.0,-63.02,-51.87,1
1728.9621,66.2,74.3,-300.0,-52.76,-51.38,1
1729.0949,62.0,74.3,-297.1,-57.27,-53.33,1
1729.2298,62.0,82.1,-297.1,-54.08,-60.57,1
1729.3628,32.6,87.0,-303.9,-76.98,-68.58,1
1729.4983,28.4,87.0,-302.0,-78.71,-76.04,1
1729.6324,15.8,88.9,-301.0,-95.60,-80.01,0
1729.7649,1.1,95.8,-300.0,-109.74,-79.96,0
1729.8991,7.4,102.6,-300.0,-97.08,-81.58,0
1730.0375,6.3,113.4,-291.3,-96.99,-85.24,1
1730.1711,-25.2,114.4,-295.2,-116.87,-91.79,0
1730.3047,-43.1,126.1,-292.2,-121.55,-101.06,0
1730.4378,-57.8,120.2,-283.5,-125.47,-110.10,0
1730.5704,-64.1,119.2,-283.5,-126.87,-116.76,1
1730.7046,-70.4,124.1,-285.4,-124.68,-117.36,1
1730.8395,-45.2,122.2,-287.4,-114.36,-114.11,1
1730.9755,-38.9,123.1,-292.2,-109.91,-112.99,1
1731.1102,-37.8,130.0,-287.4,-107.27,-112.55,1
1731.2449,-44.1,133.9,-286.4,-106.93,-116.43,1
1731.3789,-57.8,131.0,-288.3,-112.27,-122.55,1
1731.5121,-56.7,123.1,-290.3,-108.84,-129.98,0
1731.6449,-79.8,120.2,-287.4,-120.86,-133.48,1
1731.7791,-68.3,117.3,-294.2,-115.54,-134.44,0
1731.9120,-77.7,122.2,-289.3,-118.96,-132.73,1
1732.0492,-64.1,123.1,-289.3,-113.38,-128.58,0
1732.1838,-75.6,131.9,-283.5,-118.98,-125.43,1
1732.3173,-66.2,130.0,-287.4,-115.61,-128.61,1
1732.4518,-78.8,121.2,-291.3,-124.26,-131.14,1
1732.5860,-92.4,113.4,-288.3,-132.54,-133.23,1
1732.7198,-102.9,113.4,-285.4,-136.32,-133.84,1
1732.8551,-98.7,114.4,-287.4,-135.54,-131.28,1
1732.9925,-90.3,119.2,-291.3,-129.48,-128.14,1
1733.1262,-90.3,121.2,-280.5,-129.83,-126.54,1
1733.2622,-101.9,123.1,-284.4,-132.41,-126.94,1
1733.3962,-92.4,114.4,-287.4,-129.90,-129.08,1
1733.5295,-91.4,109.5,-292.2,-129.20,-133.13,1
1733.6636,-106.1,104.6,-287.4,-137.38,-136.20,1
1733.7989,-111.3,107.5,-288.3,-138.30,-136.75,1
1733.9349,-111.3,118.3,-286.4,-133.05,-134.47,1
1734.0695,-89.3,118.3,-288.3,-127.39,-131.36,1
1734.2041,-104.0,127.1,-282.5,-130.64,-129.82,1
1734.3385,-100.8,131.0,-280.5,-129.52,-131.86,1
1734.4730,-120.8,129.0,-275.7,-135.97,-135.01,1
1734.6071,-122.9,113.4,-277.6,-140.32,-138.34,1
1734.7403,-117.6,114.4,-279.6,-139.15,-138.18,1
1734.8749,-108.2,115.3,-279.6,-136.34,-135.95,1
1735.0117,-102.9,124.1,-282.5,-131.84,-132.97,1
1735.1447,-104.0,131.9,-275.7,-129.82,-131.16,1
1735.2799,-113.4,135.9,-275.7,-131.73,-131.75,1
1735.4152,-104.0,130.0,-280.5,-129.43,-134.33,1
1735.5480,-112.4,121.2,-277.6,-134.42,-137.15,1
1735.6825,-122.9,119.2,-280.5,-137.45,-139.38,1
1735.8170,-129.2,119.2,-277.6,-138.14,-139.52,1
1735.9541,-116.6,120.2,-278.6,-133.77,-137.58,1
1736.0890,-99.8,121.2,-280.5,-128.60,-134.39,1
1736.2238,-109.2,133.9,-274.7,-127.92,-134.20,1
1736.3569,-105.0,136.8,-273.7,-125.79,-135.86,1
1736.4909,-131.3,121.2,-274.7,-138.58,-139.41,1
1736.6250,-122.9,117.3,-279.6,-137.13,-142.82,1
1736.7586,-139.7,109.5,-274.7,-144.44,-144.13,1
1736.8935,-112.4,111.4,-284.4,-134.47,-141.98,1
1737.0194,-107.1,120.2,-281.5,-130.81,-138.86,1
1737.1536,-100.8,122.2,-281.5,-128.86,-135.67,1
1737.2875,-105.0,121.2,-280.5,-131.55,-135.33,1
1737.4218,-93.5,129.0,-278.6,-124.84,-136.18,1
1737.5569,-112.4,116.3,-280.5,-136.01,-137.79,1
1737.6896,-117.6,115.3,-278.6,-138.03,-139.20,1
1737.8242,-127.1,111.4,-279.6,-141.91,-138.49,1
1737.9624,-112.4,113.4,-283.5,-139.07,-135.98,1
1738.0955,-111.3,116.3,-278.6,-138.90,-132.60,1
1738.2295,-111.3,121.2,-278.6,-138.22,-129.96,1
1738.3635,-115.5,121.2,-275.7,-138.20,-130.34,1
1738.4967,-111.3,125.1,-284.4,-136.82,-133.29,1
1738.6324,-120.8,120.2,-278.6,-138.83,-136.49,1
1738.7666,-111.3,121.2,-282.5,-135.39,-137.19,1
1738.9004,-118.7,111.4,-284.4,-140.79,-136.70,1
1739.0364,-101.9,118.3,-287.4,-134.00,-134.23,1
1739.1721,-113.4,132.9,-277.6,-132.52,-131.34,1
1739.3052,-111.3,131.9,-275.7,-131.15,-129.99,1
1739.4396,-109.2,134.9,-275.7,-129.45,-130.58,1
1739.5738,-117.6,137.8,-275.7,-131.34,-132.46,1
1739.7072,-120.8,129.0,-278.6,-133.59,-135.16,1
1739.8424,-137.6,119.2,-276.6,-140.45,-136.59,1
1739.9800,-130.3,115.3,-280.5,-139.93,-135.33,1
1740.1129,-131.3,128.0,-276.6,-136.38,-132.93,1
1740.2488,-134.5,133.9,-272.7,-135.25,-130.43,1
1740.3831,-123.9,142.7,-267.8,-129.92,-130.46,1
1740.5159,-120.8,147.6,-268.8,-125.38,-131.08,1
1740.6502,-136.6,148.6,-262.0,-129.76,-133.67,1
1740.7855,-129.2,150.5,-263.0,-127.11,-134.72,1
1740.9189,-127.1,136.8,-270.8,-131.33,-134.50,1
1741.0562,-108.2,147.6,-273.7,-121.83,-130.24,1
1741.1907,-120.8,148.6,-264.9,-127.30,-128.67,1
1741.3251,-136.6,147.6,-263.0,-131.12,-130.68,1
1741.4593,-140.8,141.7,-258.1,-133.36,-133.85,1
1741.5933,-141.8,144.7,-264.9,-132.24,-132.57,1
1741.7261,-152.3,145.6,-255.2,-134.33,-133.20,1
1741.8620,-143.9,142.7,-255.2,-132.89,-133.81,1
1741.9992,-138.7,132.9,-267.8,-134.60,-133.12,1
1742.1318,-122.9,123.1,-273.7,-132.85,-131.35,1
1742.2669,-120.8,135.9,-273.7,-129.51,-128.88,1
1742.4022,-112.4,136.8,-274.7,-126.82,-127.61,1
1742.5345,-112.4,132.9,-274.7,-127.66,-128.27,1
1742.6686,-107.1,133.9,-277.6,-123.77,-130.02,1
1742.8033,-127.1,131.9,-270.8,-130.39,-133.84,1
1742.9403,-110.3,127.1,-274.7,-124.77,-136.35,1
1743.0750,-109.2,127.1,-282.5,-125.02,-136.99,1
1743.2097,-100.8,121.2,-284.4,-123.50,-135.15,1
1743.3425,-110.3,129.0,-276.6,-125.83,-132.42,1
1743.4781,-101.9,132.9,-280.5,-121.57,-130.35,1
1743.6122,-99.8,134.9,-277.6,-121.49,-129.74,1
1743.7455,-104.0,134.9,-271.7,-121.66,-130.69,1
1743.8812,-106.1,131.0,-278.6,-124.16,-132.32,1
1744.0071,-105.0,126.1,-278.6,-124.68,-133.23,1
1744.1395,-108.2,127.1,-278.6,-126.60,-133.79,1
1744.2750,-113.4,120.2,-283.5,-130.28,-132.55,1
1744.4093,-111.3,126.1,-278.6,-128.30,-130.53,1
1744.5446,-101.9,127.1,-279.6,-123.71,-129.51,1
1744.6773,-105.0,131.9,-278.6,-124.23,-129.47,1
1744.8118,-119.7,128.0,-274.7,-129.45,-130.36,1
1744.9495,-117.6,132.9,-272.7,-127.22,-132.50,1
1745.0829,-113.4,130.0,-278.6,-124.02,-135.15,1
1745.2170,-114.5,127.1,-273.7,-125.59,-136.80,1
1745.3513,-119.7,118.3,-280.5,-128.86,-135.85,1
1745.4847,-105.0,121.2,-279.6,-123.62,-132.35,1
1745.6185,-106.1,131.9,-273.7,-121.93,-130.13,1
1745.7526,-104.0,130.0,-275.7,-121.57,-128.62,1
1745.8870,-106.1,131.9,-276.6,-123.42,-129.18,1
1746.0259,-105.0,125.1,-275.7,-122.04,-132.02,1
1746.1592,-111.3,131.9,-280.5,-121.19,-134.70,1
1746.2922,-114.5,125.1,-280.5,-123.48,-135.72,1
1746.4268,-106.1,117.3,-283.5,-121.86,-134.59,1
1746.5611,-104.0,119.2,-281.5,-120.66,-132.22,1
1746.6948,-95.6,127.1,-286.4,-115.06,-130.69,0
1746.8298,-96.6,120.2,-280.5,-116.42,-129.98,1
1746.9678,-108.2,120.2,-278.6,-121.32,-130.98,1
1747.1013,-108.2,124.1,-279.6,-120.37,-133.51,1
1747.2353,-115.5,116.3,-281.5,-122.47,-135.96,1
1747.3696,-122.9,113.4,-274.7,-127.10,-136.33,1
1747.5026,-125.0,107.5,-283.5,-129.14,-134.52,1
1747.6368,-126.0,117.3,-279.6,-127.50,-130.86,1
1747.7724,-117.6,117.3,-279.6,-124.51,-128.48,1
1747.9069,-126.0,122.2,-272.7,-126.07,-127.48,1
1748.0447,-125.0,121.2,-274.7,-123.73,-130.16,1
1748.1791,-137.6,113.4,-273.7,-129.64,-135.00,1
1748.3133,-140.8,107.5,-275.7,-129.38,-139.42,1
1748.4475,-147.1,96.8,-276.6,-134.77,-142.38,1
1748.5817,-140.8,95.8,-281.5,-131.89,-142.86,1
1748.7144,-150.2,104.6,-273.7,-134.47,-140.59,1
1748.8519,-135.5,115.3,-273.7,-127.47,-137.65,1
1748.9753,-131.3,124.1,-275.7,-123.82,-136.14,1
1749.1077,-132.4,125.1,-273.7,-123.51,-136.09,1
1749.2432,-150.2,120.2,-266.9,-131.89,-137.44,1
1749.3790,-145.0,120.2,-269.8,-128.45,-139.09,1
1749.5130,-146.0,118.3,-266.9,-130.06,-139.34,1
1749.6458,-133.4,121.2,-272.7,-124.12,-137.72,1
1749.7807,-135.5,129.0,-261.0,-124.74,-134.56,1
1749.9183,-128.2,137.8,-264.9,-120.95,-130.98,1
1750.0539,-114.5,142.7,-266.9,-116.38,-128.77,1
1750.1889,-114.5,142.7,-265.9,-116.31,-128.10,1
1750.3235,-132.4,130.0,-264.9,-126.82,-129.33,1
1750.4574,-129.2,125.1,-270.8,-125.96,-131.51,1
1750.5917,-136.6,113.4,-270.8,-132.31,-133.18,1
1750.7264,-129.2,113.4,-270.8,-129.17,-131.48,1
1750.8598,-137.6,124.1,-264.9,-131.15,-128.69,1
1750.9965,-129.2,126.1,-266.9,-128.63,-127.06,1
1751.1312,-118.7,125.1,-269.8,-123.54,-126.83,1
1751.2650,-117.6,130.0,-269.8,-118.61,-128.28,1
1751.3997,-145.0,119.2,-271.7,-130.95,-131.65,1
1751.5350,-145.0,119.2,-268.8,-130.00,-134.13,1
1751.6677,-156.5,107.5,-264.9,-137.95,-134.95,1
1751.8021,-157.6,112.4,-264.9,-138.06,-132.66,1
1751.9393,-163.9,112.4,-260.0,-139.90,-128.92,1
1752.0727,-147.1,122.2,-269.8,-132.30,-125.98,1
1752.2066,-136.6,121.2,-266.9,-128.36,-125.05,1
1752.3409,-146.0,130.0,-263.9,-129.48,-126.23,1
1752.4743,-156.5,128.0,-258.1,-133.34,-127.86,1
1752.6080,-149.2,123.1,-263.0,-130.99,-128.56,1
1752.7423,-148.1,124.1,-264.9,-131.82,-129.16,1
1752.8772,-153.4,121.2,-257.1,-134.66,-127.35,1
1753.0133,-150.2,128.0,-262.0,-134.82,-124.36,1
1753.1490,-139.7,133.9,-261.0,-129.79,-121.01,1
1753.2822,-120.8,139.8,-265.9,-121.15,-119.33,1
1753.4165,-123.9,142.7,-263.9,-120.65,-120.54,1
1753.5512,-135.5,136.8,-263.9,-125.85,-123.81,1
1753.6853,-136.6,131.0,-264.9,-125.39,-126.60,1
1753.8215,-149.2,121.2,-266.9,-131.60,-128.73,1
1753.9583,-159.7,115.3,-266.9,-137.41,-129.00,1
1754.0913,-151.3,122.2,-264.9,-132.87,-127.58,1
1754.2271,-153.4,125.1,-264.9,-132.37,-127.15,1
1754.3611,-151.3,121.2,-269.8,-131.68,-127.30,1
1754.4943,-145.0,127.1,-265.9,-128.55,-127.84,1
1754.6284,-153.4,129.0,-263.9,-131.15,-128.49,1
1754.7638,-153.4,120.2,-263.0,-132.58,-129.10,1
1754.8974,-152.3,117.3,-265.9,-132.79,-129.71,1
1755.0353,-153.4,113.4,-267.8,-135.90,-128.44,1
1755.1695,-138.7,120.2,-272.7,-130.50,-125.47,1
1755.3038,-133.4,126.1,-264.9,-127.30,-123.00,1
1755.4382,-135.5,131.0,-270.8,-126.70,-121.96,1
1755.5724,-134.5,134.9,-265.9,-126.75,-122.42,1
1755.7055,-138.7,125.1,-265.9,-132.55,-122.53,1
1755.8396,-129.2,115.3,-270.8,-131.83,-121.88,1
1755.9757,-128.2,110.4,-280.5,-134.37,-120.68,1
1756.1089,-131.3,92.9,-280.5,-142.12,-117.77,0
1756.2432,-147.1,95.8,-283.5,-147.61,-113.46,0
1756.3778,-153.4,106.5,-277.6,-144.72,-110.47,0
1756.5093,-157.6,113.4,-277.6,-142.88,-109.90,0
1756.6425,-162.8,118.3,-271.7,-140.29,-113.34,0
1756.7762,-172.3,125.1,-254.2,-139.85,-119.44,0
1756.9096,-185.9,130.0,-251.3,-140.16,-125.70,1
1757.0442,-188.0,123.1,-250.3,-141.61,-129.61,1
1757.1785,-184.9,121.2,-254.2,-142.55,-129.53,1
1757.3114,-164.9,136.8,-255.2,-134.67,-125.27,1
1757.4455,-147.1,145.6,-260.0,-129.31,-121.58,1
1757.5797,-143.9,155.4,-251.3,-128.23,-117.40,1
1757.7143,-145.0,158.3,-246.4,-127.50,-117.68,1
1757.8475,-134.5,160.3,-253.2,-126.59,-118.88,1
1757.9829,-158.6,152.5,-247.4,-134.46,-119.30,0
1758.1162,-148.1,146.6,-252.2,-133.19,-117.87,0
1758.2489,-137.6,148.6,-263.9,-131.81,-113.79,0
1758.3824,-122.9,147.6,-264.9,-131.18,-107.23,0
1758.5168,-108.2,159.3,-262.0,-125.90,-100.09,0
1758.6484,-102.9,166.2,-257.1,-124.59,-95.05,0
1758.7824,-93.5,166.2,-260.0,-122.74,-94.29,0
1758.9162,-90.3,171.0,-262.0,-121.75,-95.19,0
1759.0508,-101.9,151.5,-269.8,-133.90,-96.13,0
1759.1837,-107.1,144.7,-269.8,-137.71,-95.86,0
1759.3170,-104.0,140.7,-272.7,-139.04,-95.15,0
1759.4488,-92.4,141.7,-277.6,-134.50,-94.20,0
1759.5820,-94.5,141.7,-275.7,-135.04,-94.56,0
1759.7153,-99.8,145.6,-268.8,-134.34,-95.43,0
1759.8493,-102.9,146.6,-272.7,-132.79,-99.61,0
1759.9838,-101.9,151.5,-262.0,-129.25,-104.84,0
1760.1169,-132.4,140.7,-260.0,-139.35,-110.74,0
1760.2504,-126.0,141.7,-266.9,-135.74,-115.37,0
1760.3825,-132.4,135.9,-270.8,-139.82,-116.66,0
1760.5163,-131.3,135.9,-270.8,-140.02,-114.26,0
1760.6508,-143.9,146.6,-259.1,-139.74,-113.43,0
1760.7824,-141.8,142.7,-255.2,-139.99,-111.82,0
1760.9160,-139.7,150.5,-255.2,-137.22,-112.35,0
1761.0526,-141.8,154.4,-255.2,-137.54,-115.24,0
1761.1846,-164.9,147.6,-249.3,-143.89,-118.04,0
1761.3169,-147.1,144.7,-261.0,-140.36,-118.73,1
1761.4520,-149.2,136.8,-261.0,-144.51,-115.94,0
1761.5852,-155.5,133.9,-258.1,-149.78,-110.79,0
1761.7182,-140.8,145.6,-263.9,-144.10,-104.52,0
1761.8534,-128.2,148.6,-262.0,-141.60,-101.33,0
1761.9912,-129.2,146.6,-260.0,-141.71,-101.89,0
1762.1234,-127.1,146.6,-263.0,-143.26,-106.15,0
1762.2582,-127.1,131.9,-266.9,-147.14,-109.94,0
1762.3913,-131.3,130.0,-270.8,-149.50,-109.39,0
1762.5234,-110.3,122.2,-280.5,-148.46,-106.85,0
1762.6565,-104.0,134.9,-279.6,-142.77,-102.76,0
1762.7912,-92.4,144.7,-275.7,-136.43,-98.53,0
1762.9269,-88.2,151.5,-274.7,-134.36,-94.30,0
1763.0610,-70.4,157.4,-273.7,-126.68,-94.59,0
1763.1948,-85.1,157.4,-270.8,-132.99,-95.26,0
1763.3278,-95.6,132.9,-278.6,-143.35,-95.62,0
1763.4612,-84.0,131.0,-278.6,-141.85,-94.25,0
1763.5945,-63.0,132.9,-284.4,-136.74,-91.41,0
1763.7281,-75.6,127.1,-285.4,-143.11,-86.48,0
1763.8621,-56.7,132.9,-285.4,-134.01,-82.46,0
1763.9997,-45.2,143.7,-282.5,-127.81,-79.90,0
1764.1350,-63.0,134.9,-281.5,-136.52,-82.05,0
1764.2678,-64.1,149.5,-276.6,-131.26,-83.52,0
1764.4025,-90.3,146.6,-269.8,-138.31,-85.66,0
1764.5355,-57.8,151.5,-279.6,-127.04,-85.96,0
1764.6675,-58.8,138.8,-282.5,-132.30,-85.76,0
1764.8013,-65.1,130.0,-284.4,-139.30,-84.35,0
1764.9396,-57.8,137.8,-286.4,-134.46,-80.91,0
1765.0718,-54.6,140.7,-279.6,-131.45,-78.83,0
1765.2059,-45.2,138.8,-280.5,-128.43,-83.82,1
1765.3405,-38.9,146.6,-277.6,-124.78,-84.69,0
1765.4729,-57.8,154.4,-270.8,-128.93,-86.94,0
1765.6062,-66.2,147.6,-282.5,-135.02,-89.08,0
1765.7398,-55.7,143.7,-274.7,-133.45,-90.16,0
1765.8733,-53.6,143.7,-276.6,-132.52,-89.13,0
1766.0092,-66.2,139.8,-277.6,-137.16,-85.45,0
1766.1430,-49.4,143.7,-277.6,-129.11,-79.21,0
1766.2764,-23.1,144.7,-279.6,-120.10,-72.16,0
1766.4081,-18.9,140.7,-282.5,-119.42,-68.50,0
1766.5426,-35.7,136.8,-283.5,-127.90,-68.61,0
1766.6771,-60.9,134.9,-282.5,-136.59,-70.81,0
1766.8111,-45.2,131.9,-285.4,-132.99,-69.97,0
1766.9476,-34.7,124.1,-284.4,-133.15,-67.21,0
1767.0823,-36.8,120.2,-290.3,-133.57,-63.08,0
1767.2144,-32.6,123.1,-289.3,-129.65,-59.19,0
1767.3477,-11.6,126.1,-293.2,-121.46,-54.20,0
1767.4811,-5.3,126.1,-288.3,-118.26,-52.38,0
1767.6143,-13.7,131.0,-284.4,-120.18,-53.59,0
1767.7474,-25.2,127.1,-292.2,-128.33,-57.16,0
1767.8827,-13.7,119.2,-290.3,-125.07,-56.66,0
1768.0174,-15.8,108.5,-295.2,-130.64,-54.32,0
1768.1523,-14.7,109.5,-294.2,-129.02,-50.79,0
1768.2860,2.1,111.4,-291.3,-121.30,-48.00,0
1768.4176,-8.4,105.6,-295.2,-127.98,-46.08,0
1768.5513,5.3,109.5,-295.2,-119.29,-48.85,0
1768.6859,-3.2,116.3,-292.2,-125.35,-54.36,0
1768.8197,-6.3,117.3,-292.2,-124.23,-57.98,0
1768.9550,8.4,110.4,-289.3,-119.60,-56.20,0
1769.0872,8.4,107.5,-292.2,-121.19,-52.15,0
1769.2232,-16.8,102.6,-297.1,-131.89,-47.48,0
1769.3551,-7.4,107.5,-293.2,-126.13,-45.47,0
1769.4889,1.1,106.5,-296.1,-121.05,-45.17,0
1769.6220,-9.5,113.4,-286.4,-124.96,-47.52,0
1769.7545,-36.8,109.5,-290.3,-135.63,-51.10,0
1769.8898,-29.4,110.4,-291.3,-132.56,-52.09,0
1770.0262,-28.4,102.6,-298.1,-136.22,-51.29,0
1770.1579,-27.3,91.9,-300.0,-141.01,-49.48,0
1770.2914,-21.0,96.8,-297.1,-133.96,-47.51,0
1770.4246,-14.7,100.7,-292.2,-128.73,-46.46,0
1770.5574,-6.3,99.7,-293.2,-123.90,-47.12,0
1770.6894,-11.6,101.6,-291.3,-124.34,-47.94,0
1770.8239,-13.7,98.7,-291.3,-128.01,-48.46,0
1770.9607,-9.5,97.7,-294.2,-124.61,-48.91,0
1771.0929,-17.9,90.9,-292.2,-133.43,-48.99,0
1771.2271,-24.2,84.1,-291.3,-135.47,-46.34,0
1771.3618,-16.8,87.0,-293.2,-131.00,-44.44,0
1771.4933,-12.6,85.0,-284.4,-129.73,-43.37,0
1771.6265,-17.9,91.9,-283.5,-130.39,-45.38,0
1771.7600,-26.3,99.7,-279.6,-133.20,-47.64,0
1771.8949,-33.6,91.9,-281.5,-137.91,-50.95,0
1772.0307,-15.8,91.9,-279.6,-130.29,-51.37,0
1772.1641,-15.8,85.0,-284.4,-136.12,-48.81,0
1772.2978,-13.7,82.1,-283.5,-136.50,-44.15,0
1772.4309,1.1,81.1,-282.5,-126.35,-40.11,0
1772.5642,9.5,78.2,-284.4,-120.97,-39.49,0
1772.6974,13.7,81.1,-279.6,-115.70,-42.79,0
1772.8301,-6.3,90.9,-276.6,-124.30,-46.63,0
1772.9664,9.5,98.7,-278.6,-109.58,-49.88,0
1773.0997,4.2,93.8,-276.6,-116.77,-50.28,0
1773.2320,-5.3,90.9,-276.6,-125.79,-47.35,0
1773.3655,-5.3,90.9,-277.6,-123.43,-43.29,0
1773.4998,14.7,85.0,-275.7,-110.11,-42.18,0
1773.6312,12.6,93.8,-276.6,-108.80,-43.39,0
1773.7650,9.5,103.6,-271.7,-105.54,-46.36,0
1773.9006,-8.4,103.6,-269.8,-116.24,-42.23,0
1774.0370,3.2,97.7,-274.7,-110.60,-43.82,0
1774.1706,6.3,91.9,-277.6,-109.38,-43.20,0
1774.3044,5.3,84.1,-276.6,-111.78,-40.15,0
1774.4361,10.5,92.9,-276.6,-108.50,-36.95,0
1774.5710,5.3,86.0,-281.5,-115.55,-33.12,0
1774.7040,7.4,100.7,-273.7,-108.10,-34.85,0
1774.8369,-15.8,105.6,-271.7,-118.56,-32.84,0
1774.9748,-32.6,110.4,-273.7,-124.17,-36.84,0
1775.1076,-20.0,100.7,-272.7,-121.34,-36.25,0
1775.2406,-10.5,88.9,-274.7,-121.23,-34.61,0
1775.3730,2.1,89.9,-275.7,-113.60,-30.27,0
1775.5065,4.2,108.5,-273.7,-107.01,-30.27,0
1775.6408,0.0,111.4,-275.7,-110.26,-30.51,0
1775.7726,0.0,105.6,-273.7,-112.55,-32.72,0
1775.9079,-4.2,103.6,-273.7,-115.54,-33.81,0
1776.0457,-5.3,112.4,-268.8,-114.20,-38.18,0
1776.1787,-8.4,104.6,-274.7,-118.13,-39.50,0
1776.3122,-7.4,99.7,-280.5,-121.17,-39.21,0
1776.4455,-1.1,99.7,-276.6,-117.95,-35.40,0
1776.5773,16.8,106.5,-276.6,-104.13,-32.84,0
1776.7119,7.4,107.5,-274.7,-110.35,-30.46,0
1776.8467,7.4,107.5,-276.6,-108.79,-31.20,0
1776.9825,0.0,115.3,-272.7,-110.59,-34.95,0
1777.1159,17.9,119.2,-274.7,-98.82,-37.79,0
1777.2505,11.6,116.3,-270.8,-102.16,-37.93,0
1777.3824,18.9,102.6,-277.6,-102.46,-34.74,0
1777.5160,7.4,95.8,-282.5,-110.34,-30.77,0
1777.6491,31.5,95.8,-280.5,-95.68,-29.71,0
1777.7818,14.7,94.8,-281.5,-105.18,-29.69,0
1777.9160,10.5,109.5,-282.5,-106.36,-31.11,0
1778.0527,-10.5,105.6,-279.6,-120.47,-33.24,0
1778.1840,0.0,95.8,-285.4,-116.84,-33.69,0
1778.3188,-8.4,84.1,-291.3,-128.50,-32.73,0
1778.4520,-4.2,89.9,-286.4,-125.64,-31.41,0
1778.5849,-1.1,97.7,-289.3,-114.96,-31.08,0
1778.7169,17.9,103.6,-282.5,-102.81,-31.04,0
1778.8516,5.3,103.6,-280.5,-110.58,-32.36,0
1778.9878,-3.2,113.4,-283.5,-114.36,-34.96,0
1779.1199,-46.2,107.5,-280.5,-132.11,-39.64,0
1779.2541,0.0,114.4,-284.4,-108.53,-41.90,0
1779.3886,3.2,108.5,-283.5,-107.63,-40.96,0
1779.5201,7.4,103.6,-286.4,-105.99,-37.79,0
1779.6533,13.7,99.7,-287.4,-101.28,-35.78,0
1779.7871,27.3,101.6,-286.4,-90.85,-35.52,0
1779.9232,32.6,106.5,-283.5,-86.64,-36.86,0
1780.0572,22.1,116.3,-281.5,-89.47,-51.06,1
1780.1922,23.1,112.4,-282.5,-91.18,-54.20,0
1780.3242,27.3,101.6,-287.4,-86.92,-56.21,0
1780.4588,31.5,102.6,-283.5,-81.20,-56.50,0
1780.5918,28.4,102.6,-282.5,-81.66,-54.58,0
1780.7236,39.9,105.6,-280.5,-73.92,-52.18,0
1780.8577,49.4,101.6,-276.6,-65.68,-54.27,1
1780.9824,55.7,107.5,-278.6,-64.40,-57.34,1
1781.1144,36.8,114.4,-272.7,-76.74,-59.59,0
1781.2472,27.3,116.3,-275.7,-80.44,-62.03,0
1781.3807,30.5,109.5,-279.6,-76.35,-64.95,1
1781.5159,31.5,112.4,-279.6,-76.68,-66.06,1
1781.6487,29.4,108.5,-276.6,-79.29,-65.96,1
1781.7835,38.9,110.4,-273.7,-71.15,-63.90,1
1781.9189,50.4,107.5,-280.5,-65.01,-61.45,1
1782.0542,56.7,117.3,-277.6,-65.33,-61.30,1
1782.1880,47.3,119.2,-278.6,-71.55,-63.07,1
1782.3225,46.2,119.2,-280.5,-70.16,-65.57,1
1782.4552,45.2,114.4,-281.5,-69.53,-65.86,1
1782.5907,47.3,109.5,-282.5,-68.52,-64.35,1
1782.7247,43.1,99.7,-291.3,-67.46,-61.57,1
1782.8577,55.7,107.5,-290.3,-63.57,-59.28,1
1782.9832,59.9,99.7,-289.3,-61.04,-58.72,1
1783.1172,71.4,95.8,-290.3,-54.73,-59.18,1
1783.2514,52.5,96.8,-290.3,-61.59,-60.89,1
1783.3842,53.6,109.5,-286.4,-64.36,-64.31,1
1783.5192,47.3,106.5,-288.3,-67.82,-66.06,1
1783.6543,48.3,98.7,-292.2,-64.28,-64.59,1
1783.7872,47.3,92.9,-293.2,-63.55,-60.99,1
1783.9247,47.3,88.0,-293.2,-63.79,-57.42,1
1784.0594,53.6,90.9,-295.2,-63.24,-56.99,1
1784.1937,46.2,96.8,-294.2,-68.57,-60.38,1
1784.3284,52.5,99.7,-291.3,-67.35,-63.54,1
1784.4631,36.8,97.7,-294.2,-76.83,-66.60,1
1784.5959,37.8,99.7,-293.2,-76.84,-68.75,1
1784.7297,39.9,90.9,-297.1,-74.64,-68.72,1
1784.8647,44.1,88.9,-296.1,-71.79,-65.29,1
1785.0011,49.4,87.0,-296.1,-68.13,-61.59,1
1785.1343,54.6,90.9,-293.2,-66.33,-59.61,1
1785.2700,45.2,91.9,-303.0,-75.12,-61.32,1
1785.4028,44.1,91.9,-296.1,-71.97,-65.03,1
1785.5378,42.0,90.9,-297.1,-71.87,-67.33,1
1785.6720,47.3,88.9,-299.1,-67.04,-66.81,1
1785.8062,44.1,80.1,-303.0,-67.15,-64.64,1
1785.9434,50.4,87.0,-301.0,-64.47,-63.60,1
1786.0777,51.5,76.2,-298.1,-60.87,-63.45,1
1786.2111,58.8,83.1,-299.1,-57.32,-64.27,1
1786.3453,51.5,83.1,-301.0,-59.24,-66.03,1
1786.4794,41.0,84.1,-303.0,-66.04,-68.79,1
1786.6121,45.2,86.0,-303.9,-63.35,-70.77,1
1786.7470,42.0,88.9,-300.0,-66.22,-72.02,1
1786.8831,37.8,87.0,-299.1,-69.03,-70.24,1
1787.0188,42.0,91.9,-304.9,-70.39,-67.77,1
1787.1534,37.8,85.0,-305.9,-72.93,-65.67,1
1787.2888,46.2,93.8,-300.0,-66.79,-66.65,1
1787.4228,57.8,105.6,-296.1,-65.88,-70.53,1
1787.5570,38.9,106.5,-300.0,-76.12,-73.78,1
1787.6913,23.1,94.8,-306.9,-84.47,-74.31,1
1787.8244,38.9,86.0,-305.9,-72.27,-70.76,1
1787.9608,28.4,80.1,-303.0,-78.70,-67.58,1
1788.0956,54.6,78.2,-297.1,-58.75,-65.11,1
1788.2293,50.4,85.0,-298.1,-62.70,-64.50,1
1788.3639,48.3,89.9,-298.1,-64.66,-66.61,1
1788.4994,31.5,88.0,-305.9,-72.47,-68.06,1
1788.6317,44.1,86.0,-303.0,-62.51,-68.85,1
1788.7668,46.2,79.2,-302.0,-58.69,-69.16,1
1788.9015,32.6,84.1,-302.0,-67.14,-67.47,1
1789.0372,37.8,90.9,-300.0,-69.02,-65.96,1
1789.1707,49.4,92.9,-302.0,-63.58,-63.18,1
1789.3052,57.8,97.7,-296.1,-61.43,-62.61,1
1789.4396,44.1,90.9,-298.1,-66.13,-63.16,1
1789.5737,38.9,84.1,-296.1,-66.59,-64.82,1
1789.7079,41.0,85.0,-302.0,-66.29,-65.69,1
1789.8424,70.4,94.8,-293.2,-51.78,-67.16,0
1789.9778,60.9,91.9,-293.2,-59.25,-65.91,1
1790.1119,45.2,90.9,-297.1,-69.78,-63.23,1
1790.2464,56.7,88.9,-295.2,-64.15,-60.54,1
1790.3791,48.3,97.7,-297.1,-73.51,-61.09,1
1790.5139,30.5,102.6,-298.1,-90.14,-64.67,0
1790.6483,12.6,104.6,-298.1,-101.02,-68.27,0
1790.7802,18.9,103.6,-296.1,-96.86,-68.68,0
1790.9139,30.5,103.6,-296.1,-87.42,-67.25,0
1791.0505,57.8,101.6,-292.2,-72.25,-63.85,1
1791.1849,44.1,95.8,-300.0,-81.57,-62.16,0
1791.3185,33.6,97.7,-297.1,-87.81,-61.20,0
1791.4518,39.9,106.5,-291.3,-82.79,-63.29,0
1791.5839,25.2,106.5,-295.2,-91.36,-67.64,0
1791.7194,42.0,107.5,-295.2,-77.46,-71.29,1
1791.8540,38.9,104.6,-291.3,-78.85,-72.71,1
1791.9896,30.5,110.4,-295.2,-85.06,-72.60,1
1792.1244,26.3,114.4,-301.0,-87.51,-70.03,0
1792.2591,39.9,113.4,-293.2,-79.88,-66.63,1
1792.3914,43.1,108.5,-290.3,-80.63,-65.02,0
1792.5250,39.9,116.3,-289.3,-84.78,-67.44,0
1792.6583,21.0,111.4,-296.1,-96.01,-71.10,0
1792.7926,14.7,114.4,-297.1,-99.44,-75.15,0
1792.9275,12.6,108.5,-302.0,-102.81,-77.03,0
1793.0614,35.7,112.4,-296.1,-88.28,-74.77,1
1793.1959,23.1,110.4,-297.1,-98.38,-71.81,0
1793.3290,38.9,109.5,-296.1,-87.31,-69.49,0
1793.4625,38.9,115.3,-292.2,-86.22,-70.64,0
1793.5958,31.5,118.3,-293.2,-91.06,-73.00,0
1793.7278,38.9,119.2,-290.3,-84.87,-75.89,1
1793.8647,20.0,118.3,-292.2,-95.29,-77.52,0
1794.0010,16.8,118.3,-293.2,-97.96,-76.82,0
1794.1329,22.1,115.3,-290.3,-95.37,-73.83,0
1794.2673,33.6,109.5,-292.2,-90.49,-71.17,0
1794.4018,23.1,110.4,-296.1,-98.18,-69.86,0
1794.5334,20.0,117.3,-289.3,-95.47,-71.15,0
1794.6665,9.5,118.3,-291.3,-100.73,-75.32,0
1794.8001,22.1,120.2,-283.5,-92.77,-78.63,1
1794.9392,15.8,116.3,-286.4,-98.94,-80.05,0
1795.0717,7.4,117.3,-285.4,-104.31,-77.50,0
1795.2058,6.3,114.4,-289.3,-106.17,-73.09,0
1795.3393,21.0,112.4,-293.2,-99.53,-70.05,0
1795.4736,21.0,106.5,-291.3,-99.53,-69.20,0
1795.6067,36.8,115.3,-287.4,-89.56,-68.82,0
1795.7408,31.5,107.5,-284.4,-92.48,-69.70,0
1795.8734,34.7,106.5,-285.4,-90.33,-70.49,0
1796.0100,41.0,105.6,-290.3,-86.78,-70.05,0
1796.1435,38.9,98.7,-293.2,-87.79,-66.31,0
1796.2759,42.0,89.9,-295.2,-88.57,-62.67,0
1796.4091,49.4,87.0,-293.2,-82.54,-61.17,0
1796.5433,46.2,97.7,-291.3,-85.70,-62.52,0
1796.6747,31.5,98.7,-290.3,-93.82,-64.17,0
1796.8088,29.4,107.5,-291.3,-96.48,-67.90,0
1796.9459,34.7,102.6,-289.3,-90.89,-69.34,0
1797.0781,38.9,99.7,-292.2,-88.32,-68.87,0
1797.2107,44.1,95.8,-291.3,-89.11,-65.63,0
1797.3441,39.9,88.0,-296.1,-90.59,-63.85,0
1797.4777,47.3,86.0,-298.1,-82.41,-63.20,0
1797.6106,54.6,86.0,-297.1,-75.75,-64.93,1
1797.7450,42.0,96.8,-298.1,-86.60,-69.78,0
1797.8788,43.1,100.7,-298.1,-83.62,-72.86,1
1798.0158,44.1,101.6,-300.0,-83.42,-72.12,1
1798.1500,49.4,96.8,-299.1,-75.88,-68.60,1
1798.2846,60.9,94.8,-301.0,-71.14,-63.81,1
1798.4174,65.1,91.9,-299.1,-70.02,-60.02,1
1798.5520,65.1,92.9,-301.0,-72.81,-58.85,1
1798.6873,60.9,93.8,-298.1,-81.30,-62.04,0
1798.8195,44.1,94.8,-301.0,-89.27,-66.53,0
1798.9573,57.8,97.7,-301.0,-75.14,-67.18,1
1799.0895,52.5,84.1,-303.0,-80.18,-65.96,1
1799.2247,59.9,83.1,-300.0,-73.91,-63.36,1
1799.3592,65.1,79.2,-301.0,-71.29,-61.50,1
1799.4941,50.4,84.1,-300.0,-84.81,-60.24,0
1799.6257,57.8,88.9,-295.2,-83.38,-60.40,0
1799.7610,50.4,89.9,-299.1,-89.95,-63.01,0
1799.8950,51.5,86.0,-295.2,-83.89,-65.20,0
1800.0297,65.1,79.2,-296.1,-66.43,-63.69,1
1800.1632,74.6,72.3,-298.1,-56.59,-60.84,1
1800.2989,90.3,79.2,-292.2,-48.61,-61.14,1
1800.4313,78.8,77.2,-291.3,-54.59,-60.95,1
1800.5654,77.7,85.0,-283.5,-55.59,-63.51,1
1800.6997,65.1,88.9,-289.3,-61.49,-67.91,1
1800.8343,83.0,95.8,-282.5,-52.17,-70.68,0
1800.9714,76.7,86.0,-284.4,-50.30,-70.54,0
1801.1049,66.2,76.2,-291.3,-58.12,-66.63,1
1801.2380,70.4,78.2,-286.4,-54.43,-64.10,1
1801.3724,78.8,77.2,-285.4,-49.30,-62.83,1
1801.5061,68.3,78.2,-286.4,-57.78,-63.37,1
1801.6400,59.9,84.1,-286.4,-65.10,-66.09,1
1801.7731,71.4,91.9,-277.6,-56.07,-67.79,1
1801.9074,51.5,93.8,-282.5,-70.38,-68.86,1
1802.0458,63.0,87.0,-281.5,-59.56,-66.68,1
1802.1793,58.8,88.0,-284.4,-64.24,-64.66,1
1802.3142,60.9,83.1,-279.6,-62.25,-63.21,1
1802.4496,56.7,90.9,-280.5,-65.91,-63.82,1
1802.5825,57.8,101.6,-272.7,-65.88,-67.27,1
1802.7175,72.5,108.5,-263.9,-55.20,-70.48,0
1802.8511,56.7,113.4,-268.8,-64.66,-72.60,1
1802.9894,53.6,103.6,-271.7,-65.90,-71.37,1
1803.1222,59.9,103.6,-269.8,-61.37,-68.59,1
1803.2575,66.2,97.7,-266.9,-59.90,-65.69,1
1803.3905,60.9,103.6,-267.8,-65.74,-64.96,1
1803.5253,65.1,107.5,-256.1,-65.95,-66.33,1
1803.6594,63.0,106.5,-262.0,-61.36,-69.49,1
1803.7926,58.8,104.6,-260.0,-62.86,-70.48,1
1803.9310,70.4,97.7,-263.9,-53.15,-70.37,0
1804.0632,59.9,95.8,-264.9,-61.86,-67.41,1
1804.1962,64.1,87.0,-267.8,-61.66,-64.22,1
1804.3308,69.3,91.9,-263.9,-61.27,-62.69,1
1804.4653,62.0,99.7,-263.9,-70.87,-65.23,1
1804.5990,59.9,109.5,-264.9,-69.30,-68.71,1
1804.7332,62.0,114.4,-264.9,-67.54,-71.49,1
1804.8684,60.9,105.6,-270.8,-66.97,-69.72,1
1805.0056,56.7,92.9,-276.6,-69.41,-65.44,1
1805.1397,77.7,92.9,-275.7,-54.02,-62.72,1
1805.2742,79.8,91.9,-275.7,-54.33,-61.22,1
1805.4071,79.8,99.7,-276.6,-55.69,-63.86,1
1805.5418,45.2,102.6,-284.4,-79.80,-68.95,1
1805.6772,57.8,88.9,-284.4,-63.73,-71.19,1
1805.8105,51.5,92.9,-289.3,-69.12,-70.68,1
1805.9494,66.2,86.0,-284.4,-55.81,-66.82,1
1806.0814,69.3,91.9,-286.4,-58.64,-63.63,1
1806.2158,65.1,85.0,-284.4,-65.66,-60.22,1
1806.3505,69.3,88.9,-287.4,-57.80,-62.28,1
1806.4852,53.6,94.8,-292.2,-74.44,-64.83,1
1806.6178,58.8,94.8,-286.4,-64.22,-67.91,1
1806.7518,51.5,95.8,-289.3,-63.76,-70.79,1
1806.8871,71.4,99.7,-287.4,-52.43,-69.41,0
1807.0229,57.8,104.6,-289.3,-66.97,-67.86,1
1807.1575,73.5,99.7,-278.6,-57.49,-65.16,1
1807.2930,74.6,102.6,-284.4,-57.14,-64.21,1
1807.4254,86.1,103.6,-280.5,-54.65,-64.74,1
1807.5595,68.3,103.6,-288.3,-62.67,-67.25,1
1807.6939,58.8,110.4,-288.3,-71.48,-70.84,1
1807.8287,45.2,102.6,-293.2,-79.14,-72.97,1
1807.9669,62.0,106.5,-293.2,-68.27,-71.53,1
1808.0993,76.7,102.6,-291.3,-58.26,-68.52,1
1808.2327,72.5,98.7,-293.2,-61.88,-65.50,1
1808.3690,65.1,94.8,-291.3,-66.23,-65.66,1
1808.5032,35.7,106.5,-296.1,-89.91,-70.61,0
1808.6347,54.6,116.3,-293.2,-73.44,-73.92,1
1808.7695,53.6,118.3,-293.2,-74.07,-74.12,1
1808.9057,51.5,102.6,-293.2,-69.28,-72.26,1
1809.0420,58.8,98.7,-299.1,-69.35,-66.80,1
1809.1768,81.9,88.9,-299.1,-52.22,-62.42,1
1809.3116,68.3,82.1,-300.0,-59.27,-60.57,1
1809.4467,77.7,88.9,-295.2,-56.58,-61.89,1
1809.5795,56.7,85.0,-302.0,-69.41,-65.81,1
1809.7141,62.0,94.8,-300.0,-65.24,-70.64,1
1809.8488,41.0,89.9,-305.9,-83.56,-74.91,1
1809.9878,31.5,103.6,-302.0,-93.57,-77.25,0
1810.1214,31.5,111.4,-300.0,-90.55,-74.97,0
1810.2553,45.2,111.4,-297.1,-81.54,-72.58,1
1810.3883,65.1,118.3,-293.2,-71.87,-71.09,1
1810.5222,57.8,130.0,-287.4,-77.48,-72.01,1
1810.6563,35.7,120.2,-292.2,-89.68,-74.16,0
1810.7884,31.5,122.2,-300.0,-91.36,-77.38,1
1810.9268,26.3,112.4,-302.0,-93.01,-78.09,1
1811.0601,57.8,106.5,-299.1,-73.46,-71.95,1
1811.1934,53.6,90.9,-300.0,-75.12,-67.82,1
1811.3280,60.9,86.0,-301.0,-65.04,-64.22,1
1811.4627,62.0,81.1,-298.1,-66.66,-64.76,1
1811.5963,63.0,92.9,-297.1,-65.64,-69.05,1
1811.7306,59.9,95.8,-290.3,-65.82,-71.89,1
1811.8653,58.8,92.9,-297.1,-66.01,-72.17,1
1812.0023,56.7,78.2,-303.0,-60.78,-69.26,1
1812.1365,62.0,73.3,-302.0,-56.25,-65.23,1
1812.2710,70.4,65.5,-300.0,-48.87,-64.04,0
1812.4027,60.9,85.0,-302.0,-63.55,-66.14,1
1812.5373,56.7,86.0,-298.1,-63.28,-70.31,1
1812.6728,39.9,88.0,-298.1,-74.71,-75.12,1
1812.8054,47.3,89.9,-291.3,-65.66,-78.70,1
1812.9442,51.5,78.2,-299.1,-57.59,-79.35,0
1813.0754,47.3,72.3,-293.2,-59.73,-76.53,0
1813.2096,44.1,77.2,-301.0,-65.07,-77.50,1
1813.3453,47.3,84.1,-292.2,-66.62,-78.59,1
1813.4798,33.6,85.0,-299.1,-81.04,-82.69,1
1813.6123,10.5,98.7,-293.2,-99.08,-92.99,1
1813.7480,-9.5,103.6,-289.3,-108.53,-105.93,1
1813.8828,-15.8,108.5,-287.4,-104.32,-114.84,1
1814.0198,-39.9,94.8,-291.3,-129.85,-120.48,1
1814.1544,-34.7,99.7,-291.3,-128.05,-120.42,1
1814.2904,-64.1,106.5,-287.4,-141.62,-119.80,0
1814.4220,-58.8,106.5,-282.5,-137.11,-121.04,0
1814.5550,-66.2,112.4,-283.5,-134.38,-125.73,1
1814.6895,-66.2,117.3,-283.5,-133.05,-132.33,1
1814.8236,-83.0,106.5,-285.4,-139.09,-140.24,1
1814.9619,-62.0,121.2,-282.5,-117.89,-146.17,0
1815.0953,-93.5,94.8,-289.3,-149.78,-149.85,1
1815.2284,-85.1,83.1,-296.1,-155.57,-149.76,1
1815.3642,-102.9,90.9,-293.2,-155.61,-147.71,1
1815.4983,-95.6,112.4,-290.3,-143.76,-144.67,1
1815.6305,-109.2,126.1,-283.5,-141.97,-144.01,1
1815.7653,-119.7,128.0,-284.4,-143.77,-148.66,1
1815.9013,-132.4,116.3,-279.6,-149.22,-155.29,1
1816.0358,-127.1,114.4,-282.5,-146.47,-159.91,1
1816.1696,-134.5,102.6,-284.4,-155.97,-160.23,1
1816.3044,-136.6,104.6,-281.5,-154.27,-156.49,1
1816.4394,-122.9,115.3,-283.5,-146.48,-153.73,1
1816.5725,-126.0,128.0,-281.5,-142.78,-153.15,1
1816.7071,-131.3,118.3,-282.5,-146.00,-154.80,1
1816.8418,-154.4,113.4,-275.7,-152.72,-160.47,1
1816.9788,-152.3,104.6,-276.6,-153.73,-165.71,1
1817.1133,-155.5,98.7,-283.5,-157.19,-168.92,1
1817.2482,-166.0,88.0,-284.4,-162.49,-166.65,1
1817.3812,-162.8,105.6,-280.5,-155.19,-163.23,1
1817.5150,-143.9,117.3,-275.7,-148.35,-158.18,1
1817.6489,-140.8,123.1,-272.7,-146.22,-156.47,1
1817.7823,-135.5,130.0,-272.7,-143.32,-157.78,1
1817.9171,-163.9,118.3,-268.8,-152.21,-161.74,1
1818.0549,-157.6,111.4,-272.7,-151.91,-165.68,1
1818.1880,-163.9,96.8,-276.6,-158.78,-167.23,1
1818.3226,-143.9,99.7,-283.5,-155.20,-164.00,1
1818.4573,-135.5,117.3,-280.5,-147.39,-159.47,1
1818.5913,-131.3,125.1,-279.6,-143.26,-155.66,1
1818.7255,-125.0,126.1,-277.6,-141.50,-155.75,1
1818.8601,-122.9,120.2,-279.6,-143.20,-157.33,1
1818.9968,-128.2,109.5,-285.4,-147.23,-160.52,1
1819.1311,-139.7,101.6,-286.4,-152.96,-164.15,1
1819.2652,-134.5,105.6,-282.5,-149.57,-163.66,1
1819.3983,-126.0,110.4,-281.5,-145.56,-160.70,0
1819.5319,-122.9,115.3,-279.6,-143.03,-156.36,1
1819.6672,-112.4,129.0,-280.5,-135.14,-153.33,0
1819.7994,-91.4,140.7,-278.6,-122.60,-154.44,0
1819.9360,-126.0,132.9,-272.7,-136.16,-158.57,0
1820.0698,-125.0,125.1,-275.7,-137.78,-162.32,0
1820.2029,-132.4,107.5,-280.5,-146.95,-164.40,0
1820.3365,-136.6,103.6,-278.6,-150.62,-161.87,1
1820.4713,-140.8,115.3,-273.7,-147.47,-160.50,1
1820.6040,-132.4,122.2,-266.9,-143.75,-157.83,1
1820.7378,-138.7,129.0,-267.8,-142.65,-156.18,1
1820.8726,-138.7,132.9,-263.9,-142.85,-158.62,0
1821.0082,-148.1,118.3,-265.9,-146.69,-162.09,0
1821.1417,-142.9,118.3,-270.8,-144.57,-164.51,0
1821.2762,-149.2,110.4,-266.9,-149.76,-163.62,1
1821.4091,-147.1,117.3,-262.0,-147.45,-160.15,1
1821.5437,-131.3,131.0,-262.0,-139.79,-155.33,0
1821.6767,-128.2,139.8,-260.0,-137.63,-151.66,1
1821.8115,-137.6,145.6,-251.3,-137.54,-151.74,1
1821.9470,-139.7,142.7,-251.3,-138.47,-155.35,0
1822.0806,-142.9,131.0,-250.3,-142.22,-158.72,0
1822.2135,-160.7,124.1,-253.2,-147.86,-160.75,1
1822.3476,-147.1,130.0,-257.1,-143.26,-159.25,0
1822.4807,-149.2,138.8,-244.4,-141.75,-155.96,1
1822.6135,-138.7,133.9,-249.3,-141.50,-152.25,1
1822.7484,-132.4,145.6,-248.3,-137.79,-149.36,1
1822.8847,-119.7,148.6,-251.3,-135.21,-148.94,1
1823.0200,-127.1,137.8,-254.2,-139.05,-151.38,1
1823.1550,-136.6,131.9,-254.2,-142.90,-155.56,1
1823.2898,-150.2,114.4,-254.2,-150.33,-156.70,1
1823.4240,-123.9,123.1,-255.2,-143.91,-152.91,1
1823.5584,-130.3,129.0,-258.1,-143.90,-148.55,1
1823.6927,-119.7,139.8,-258.1,-138.17,-145.25,1
1823.8258,-116.6,131.9,-258.1,-139.10,-145.17,1
1823.9633,-130.3,128.0,-260.0,-143.41,-148.51,1
1824.0980,-115.5,120.2,-268.8,-139.92,-151.96,1
1824.2315,-119.7,111.4,-269.8,-145.87,-154.61,1
1824.3662,-127.1,104.6,-275.7,-150.11,-152.18,1
1824.5018,-134.5,109.5,-266.9,-149.06,-147.93,1
1824.6343,-121.8,118.3,-270.8,-143.38,-144.72,1
1824.7691,-115.5,127.1,-272.7,-140.65,-145.70,1
1824.9040,-116.6,117.3,-276.6,-145.11,-149.78,1
1825.0386,-135.5,90.9,-278.6,-158.96,-155.53,1
1825.1721,-137.6,87.0,-281.5,-161.31,-157.95,1
1825.3069,-137.6,82.1,-282.5,-163.60,-156.24,1
1825.4411,-127.1,107.5,-277.6,-152.52,-149.15,1
1825.5751,-126.0,112.4,-276.6,-149.17,-143.08,1
1825.7092,-101.9,124.1,-282.5,-138.01,-140.80,1
1825.8437,-107.1,128.0,-277.6,-137.11,-143.91,1
1825.9790,-115.5,123.1,-277.6,-141.03,-147.98,1
1826.1132,-112.4,117.3,-282.5,-140.60,-151.28,1
1826.2477,-110.3,110.4,-291.3,-143.72,-153.78,1
1826.3806,-119.7,96.8,-284.4,-152.63,-152.73,1
1826.5156,-115.5,105.6,-284.4,-146.72,-149.48,1
1826.6511,-106.1,115.3,-283.5,-140.46,-146.70,1
1826.7835,-98.7,121.2,-283.5,-136.84,-145.32,1
1826.9184,-108.2,125.1,-280.5,-136.38,-147.59,1
1827.0560,-133.4,109.5,-276.6,-148.26,-151.79,1
1827.1915,-125.0,107.5,-280.5,-145.72,-156.25,1
1827.3260,-122.9,93.8,-285.4,-150.96,-159.09,1
1827.4608,-128.2,89.9,-286.4,-154.11,-157.56,1
1827.5934,-131.3,100.7,-283.5,-150.61,-155.05,1
1827.7288,-118.7,107.5,-282.5,-145.47,-151.43,1
1827.8634,-129.2,113.4,-279.6,-146.40,-150.90,1
1827.9992,-119.7,104.6,-283.5,-146.30,-153.85,1
1828.1338,-132.4,96.8,-281.5,-152.12,-157.39,1
1828.2698,-138.7,94.8,-282.5,-154.47,-161.17,1
1828.4022,-123.9,74.3,-291.3,-159.39,-163.50,1
1828.5368,-119.7,75.3,-290.3,-156.36,-162.49,1
1828.6710,-129.2,81.1,-288.3,-157.08,-160.47,1
1828.8048,-131.3,95.8,-280.5,-151.65,-159.17,1
1828.9437,-136.6,87.0,-283.5,-153.84,-161.50,1
1829.0756,-161.8,70.4,-276.6,-166.49,-165.98,1
1829.2088,-151.3,65.5,-283.5,-165.94,-170.51,1
1829.3430,-127.1,56.7,-289.3,-167.96,-173.52,1
1829.4774,-143.9,48.9,-287.4,-174.05,-176.20,1
1829.6098,-152.3,51.8,-279.6,-172.58,-177.28,1
1829.7453,-143.9,53.8,-280.5,-170.22,-175.91,1
1829.8814,-154.4,63.5,-274.7,-167.32,-175.68,1
1830.0166,-146.0,54.7,-278.6,-169.23,-177.31,1
1830.1511,-171.2,37.1,-268.8,-178.17,177.46,1
1830.2862,-157.6,20.5,-272.7,175.08,172.71,1
1830.4207,-159.7,7.8,-271.7,170.03,170.44,1
1830.5551,-162.8,0.0,-270.8,167.73,171.51,1
1830.6896,-170.2,-5.9,-270.8,167.59,171.91,1
1830.8226,-166.0,-3.9,-276.6,168.93,172.55,1
1830.9621,-163.9,-5.9,-275.7,168.47,168.45,1
1831.0941,-171.2,-19.5,-281.5,165.04,161.34,1
1831.2273,-189.1,-35.2,-271.7,161.84,154.74,1
1831.3618,-177.5,-41.0,-281.5,157.57,151.38,1
1831.4973,-184.9,-45.0,-271.7,156.39,150.53,1
1831.6301,-192.2,-35.2,-264.9,159.67,151.12,1
1831.7650,-203.8,-29.3,-262.0,163.76,151.42,1
1831.8997,-200.6,-15.6,-263.0,167.90,152.46,0
1832.0350,-185.9,-10.8,-267.8,169.03,149.92,0
1832.1687,-188.0,-26.4,-266.9,163.97,144.15,0
1832.3026,-190.1,-51.8,-263.0,155.87,138.50,0
1832.4340,-182.8,-51.8,-263.0,154.78,135.16,0
1832.5695,-180.7,-62.6,-257.1,151.84,134.60,0
1832.7027,-182.8,-51.8,-258.1,155.64,138.64,0
1832.8365,-188.0,-34.2,-256.1,161.95,143.81,0
1832.9717,-189.1,-16.6,-256.1,166.55,151.93,1
1833.1060,-180.7,2.0,-257.1,171.80,158.82,1
1833.2404,-199.6,22.5,-244.4,179.15,165.89,1
1833.3733,-188.0,27.4,-251.3,179.67,171.29,1
1833.5081,-174.4,28.3,-258.1,178.43,177.06,1
1833.6447,-169.1,40.1,-255.2,-178.75,-177.67,1
1833.7775,-169.1,37.1,-259.1,-179.87,-173.34,1
1833.9125,-164.9,47.9,-261.0,-175.87,-170.87,1
1834.0498,-162.8,38.1,-262.0,-179.64,-171.71,1
1834.1843,-160.7,34.2,-265.9,178.71,-176.36,1
1834.3190,-182.8,25.4,-263.0,176.23,176.38,1
1834.4534,-190.1,6.8,-261.0,172.56,168.47,1
1834.5860,-181.7,-5.9,-264.9,168.53,164.06,1
1834.7221,-175.4,-10.8,-269.8,165.69,162.28,1
1834.8567,-182.8,-16.6,-264.9,165.63,162.31,1
1834.9932,-183.8,2.0,-266.9,174.19,162.55,1
1835.1261,-174.4,0.0,-271.7,173.70,162.01,1
1835.2617,-164.9,2.0,-270.8,174.90,159.83,0
1835.3933,-155.5,-14.7,-278.6,168.02,155.03,1
1835.5280,-170.2,-30.3,-275.7,163.05,148.95,1
1835.6622,-154.4,-57.7,-279.6,152.24,143.14,1
1835.7959,-146.0,-67.4,-278.6,147.24,141.40,1
1835.9336,-147.1,-64.5,-281.5,149.41,142.87,1
1836.0682,-145.0,-65.5,-282.5,150.01,144.65,1
1836.2014,-155.5,-73.3,-282.5,149.35,146.16,1
1836.3375,-167.0,-76.2,-283.5,151.49,145.89,1
1836.4716,-170.2,-89.9,-277.6,148.16,142.24,1
1836.6039,-146.0,-103.6,-290.3,139.10,137.35,1
1836.7388,-143.9,-114.4,-288.3,135.26,134.40,1
1836.8748,-149.2,-113.4,-293.2,136.28,135.29,1
1837.0102,-171.2,-91.9,-286.4,147.65,137.65,1
1837.1446,-194.3,-84.1,-274.7,153.72,139.71,1
1837.2796,-199.6,-76.2,-272.7,155.41,140.65,1
1837.4134,-180.7,-63.5,-272.7,155.72,138.41,0
1837.5465,-167.0,-79.2,-271.7,148.12,132.75,0
1837.6795,-154.4,-86.0,-271.7,144.62,127.54,0
1837.8117,-161.8,-97.7,-263.0,143.94,125.49,0
1837.9497,-162.8,-89.9,-260.0,147.33,127.16,0
1838.0832,-163.9,-80.1,-263.9,150.22,129.74,0
1838.2156,-171.2,-78.2,-257.1,151.42,131.52,0
1838.3493,-167.0,-70.4,-262.0,151.78,131.96,0
1838.4838,-181.7,-77.2,-256.1,153.14,129.05,0
1838.6168,-149.2,-75.3,-265.9,145.82,125.10,0
1838.7492,-159.7,-87.0,-265.9,144.77,123.00,0
1838.8837,-163.9,-82.1,-255.2,146.97,125.70,0
1839.0213,-180.7,-64.5,-255.2,154.67,130.89,0
1839.1534,-184.9,-52.8,-253.2,158.47,135.37,0
1839.2872,-164.9,-47.9,-262.0,156.84,135.21,0
1839.4204,-169.1,-49.8,-263.9,157.47,131.69,0
1839.5528,-157.6,-57.7,-263.0,153.23,127.79,0
1839.6860,-147.1,-64.5,-266.9,148.07,125.92,0
1839.8196,-153.4,-72.3,-262.0,146.98,126.31,0
1839.9545,-161.8,-61.6,-259.1,151.58,129.20,0
1840.0881,-153.4,-56.7,-266.9,151.86,131.67,0
1840.2215,-162.8,-49.8,-269.8,155.98,132.28,0
1840.3532,-163.9,-45.0,-267.8,158.55,132.47,1
1840.4882,-154.4,-55.7,-270.8,153.02,128.84,0
1840.6227,-134.5,-69.4,-273.7,142.01,124.10,0
1840.7561,-128.2,-83.1,-274.7,136.21,121.76,1
1840.8895,-128.2,-75.3,-275.7,137.81,124.58,1
1841.0269,-143.9,-65.5,-273.7,147.11,130.05,0
1841.1615,-151.3,-55.7,-276.6,150.11,137.18,1
1841.2946,-159.7,-48.9,-274.7,153.99,139.85,1
1841.4288,-152.3,-46.9,-279.6,153.85,137.88,0
1841.5620,-147.1,-64.5,-276.6,144.50,134.10,1
1841.6955,-143.9,-83.1,-268.8,138.80,130.56,1
1841.8302,-150.2,-88.9,-271.7,138.51,130.23,1
1841.9699,-150.2,-86.0,-269.8,140.62,132.06,1
1842.1026,-156.5,-80.1,-268.8,144.24,133.53,1
1842.2388,-155.5,-69.4,-270.8,147.23,134.95,1
1842.3731,-155.5,-71.3,-269.8,147.22,134.00,1
1842.5061,-157.6,-80.1,-267.8,145.94,131.65,1
1842.6403,-149.2,-93.8,-267.8,139.48,127.77,1
1842.7756,-147.1,-105.6,-262.0,136.59,126.40,1
1842.9087,-142.9,-93.8,-270.8,136.62,129.95,1
1843.0456,-155.5,-87.0,-270.8,141.76,134.22,1
1843.1801,-161.8,-78.2,-269.8,145.68,138.23,1
1843.3133,-161.8,-67.4,-269.8,149.85,138.98,1
1843.4460,-156.5,-70.4,-272.7,148.77,138.05,1
1843.5802,-157.6,-79.2,-271.7,145.45,133.70,1
1843.7148,-149.2,-98.7,-261.0,139.04,129.66,1
1843.8493,-157.6,-102.6,-258.1,139.79,130.59,1
1843.9876,-158.6,-89.9,-263.9,143.21,135.31,1
1844.1218,-161.8,-76.2,-261.0,147.43,140.02,1
1844.2554,-179.6,-71.3,-261.0,152.68,143.11,1
1844.3911,-184.9,-61.6,-258.1,156.56,144.05,1
1844.5250,-183.8,-68.4,-257.1,154.38,141.99,1
1844.6578,-164.9,-80.1,-263.0,146.77,139.34,1
1844.7923,-171.2,-88.0,-259.1,146.08,138.25,1
1844.9304,-171.2,-73.3,-263.0,150.93,142.67,1
1845.0636,-177.5,-58.6,-259.1,156.37,147.28,1
1845.1985,-188.0,-44.0,-255.2,161.71,152.04,1
1845.3328,-179.6,-43.0,-263.0,161.89,152.70,1
1845.4668,-171.2,-44.0,-264.9,161.14,150.60,1
1845.6009,-163.9,-60.6,-266.9,152.95,146.45,1
1845.7355,-167.0,-71.3,-265.9,150.13,144.12,1
1845.8689,-171.2,-76.2,-264.9,148.93,145.61,1
1846.0054,-183.8,-60.6,-257.1,157.02,148.67,1
1846.1397,-183.8,-44.0,-264.9,164.55,151.01,1
1846.2734,-181.7,-38.1,-264.9,165.56,151.72,1
1846.4078,-181.7,-40.1,-263.9,166.43,152.16,1
1846.5431,-189.1,-46.9,-259.1,165.10,149.84,0
1846.6744,-187.0,-42.0,-264.9,167.65,148.83,0
1846.8077,-184.9,-53.8,-256.1,161.80,148.73,1
1846.9448,-193.3,-61.6,-254.2,159.92,150.73,1
1847.0781,-176.5,-40.1,-263.9,167.03,153.05,1
1847.2118,-171.2,-31.3,-272.7,171.22,152.93,0
1847.3449,-161.8,-42.0,-272.7,164.33,152.41,1
1847.4778,-167.0,-49.8,-273.7,161.87,151.83,1
1847.6122,-172.3,-46.9,-264.9,164.68,151.45,1
1847.7462,-164.9,-44.0,-269.8,166.53,150.42,0
1847.8778,-162.8,-48.9,-271.7,162.92,151.28,1
1848.0156,-159.7,-49.8,-271.7,161.52,153.16,1
1848.1494,-168.1,-44.0,-266.9,165.39,154.53,1
1848.2838,-167.0,-42.0,-270.8,167.33,155.25,1
1848.4164,-163.9,-47.9,-270.8,163.45,154.91,1
1848.5512,-159.7,-40.1,-271.7,167.06,154.53,1
1848.6864,-160.7,-35.2,-273.7,172.21,154.56,0
1848.8184,-162.8,-40.1,-272.7,171.50,152.16,0
1848.9548,-156.5,-37.1,-273.7,171.81,152.31,0
1849.0886,-155.5,-52.8,-273.7,160.97,153.51,1
1849.2230,-159.7,-45.0,-278.6,163.37,157.12,1
1849.3573,-172.3,-45.9,-272.7,165.72,157.08,1
1849.4917,-175.4,-43.0,-265.9,168.05,156.82,1
1849.6244,-169.1,-39.1,-270.8,170.31,156.97,1
1849.7582,-162.8,-29.3,-272.7,173.72,158.34,0
1849.8922,-170.2,-41.0,-266.9,169.56,155.09,1
1850.0281,-179.6,-46.9,-263.9,168.86,153.68,0
1850.1616,-178.6,-61.6,-267.8,163.16,153.28,1
1850.2970,-173.3,-46.9,-266.9,168.18,156.03,1
1850.4297,-179.6,-47.9,-264.9,169.36,157.36,1
1850.5641,-182.8,-49.8,-261.0,169.04,157.49,1
1850.6987,-177.5,-45.9,-266.9,171.00,157.47,1
1850.8333,-169.1,-35.2,-274.7,175.78,158.39,0
1850.9705,-174.4,-51.8,-266.9,169.73,155.40,1
1851.1047,-172.3,-69.4,-274.7,163.59,153.43,1
1851.2384,-163.9,-74.3,-276.6,160.66,153.24,1
1851.3740,-167.0,-73.3,-277.6,162.49,155.40,1
1851.5081,-178.6,-78.2,-272.7,163.08,156.04,1
1851.6408,-196.4,-87.0,-272.7,162.08,156.35,1
1851.7756,-185.9,-88.0,-278.6,162.73,155.89,1
1851.9115,-188.0,-76.2,-291.3,167.86,155.80,1
1852.0479,-200.6,-100.7,-285.4,162.17,152.46,1
1852.1828,-204.8,-123.1,-287.4,156.85,150.33,1
1852.3172,-201.7,-131.9,-289.3,153.89,150.19,1
1852.4510,-223.7,-118.3,-287.4,159.34,152.98,1
1852.5852,-235.3,-116.3,-285.4,159.93,152.63,1
1852.7198,-230.0,-117.3,-284.4,158.85,151.79,1
1852.8548,-237.4,-119.2,-279.6,159.04,149.67,1
1852.9922,-238.4,-108.5,-282.5,161.71,149.49,1
1853.1264,-239.5,-117.3,-267.8,159.04,146.89,1
1853.2603,-236.3,-117.3,-264.9,158.15,146.17,1
1853.3946,-234.2,-120.2,-261.0,156.73,146.06,1
1853.5296,-241.6,-95.8,-258.1,162.06,149.39,1
1853.6625,-251.0,-84.1,-250.3,165.21,150.46,1
1853.7972,-255.3,-72.3,-235.6,167.40,150.37,0
1853.9341,-243.7,-62.6,-237.6,168.95,149.38,0
1854.0675,-234.2,-45.9,-238.6,172.83,151.04,0
1854.2010,-227.9,-48.9,-237.6,171.18,148.55,0
1854.3344,-216.4,-51.8,-229.8,169.23,147.34,0
1854.4662,-211.1,-57.7,-225.9,166.72,146.26,0
1854.6010,-201.7,-45.9,-228.8,169.52,146.73,0
1854.7342,-190.1,-45.9,-231.7,170.27,145.50,0
1854.8679,-190.1,-49.8,-226.9,169.13,143.46,0
1855.0059,-176.5,-56.7,-236.6,166.85,140.51,0
1855.1381,-162.8,-52.8,-240.5,168.28,139.83,0
1855.2700,-168.1,-58.6,-238.6,166.15,136.93,0
1855.4032,-150.2,-64.5,-247.4,162.59,131.90,0
1855.5367,-146.0,-76.2,-250.3,157.79,128.62,0
1855.6710,-133.4,-88.0,-255.2,152.70,128.17,0
1855.8028,-132.4,-81.1,-255.2,155.43,127.79,0
1855.9406,-131.3,-81.1,-261.0,156.98,126.13,0
1856.0719,-126.0,-88.0,-265.9,154.66,122.10,0
1856.2050,-123.9,-91.9,-269.8,154.50,116.83,0
1856.3386,-110.3,-99.7,-272.7,149.50,111.23,0
1856.4723,-106.1,-114.4,-268.8,143.61,105.29,0
1856.6038,-90.3,-111.4,-273.7,140.62,101.56,0
1856.7384,-80.9,-110.4,-276.6,138.53,101.20,0
1856.8721,-69.3,-94.8,-286.4,143.42,102.48,0
1857.0074,-68.3,-94.8,-289.3,145.74,99.53,0
1857.1399,-62.0,-92.9,-287.4,145.75,95.21,0
1857.2749,-54.6,-97.7,-288.3,140.98,89.64,0
1857.4079,-41.0,-96.8,-290.3,136.44,85.60,0
1857.5399,-30.5,-89.9,-292.2,134.25,82.97,0
1857.6732,-20.0,-102.6,-291.3,123.55,80.17,0
1857.8077,-12.6,-100.7,-291.3,119.85,78.69,0
1857.9427,-14.7,-101.6,-290.3,121.28,76.88,0
1858.0745,-1.1,-99.7,-293.2,110.05,75.29,0
1858.2083,-2.1,-91.9,-296.1,113.75,77.78,1
1858.3429,-8.4,-96.8,-298.1,116.85,78.61,0
1858.4760,-22.1,-98.7,-295.2,127.16,79.37,0
1858.6089,-26.3,-88.0,-293.2,133.61,78.15,0
1858.7411,-17.9,-89.9,-296.1,129.56,76.43,0
1858.8764,-16.8,-97.7,-293.2,123.76,73.80,0
1859.0126,-15.8,-101.6,-287.4,121.03,73.75,0
1859.1447,-17.9,-101.6,-287.4,122.14,75.19,0
1859.2786,-22.1,-95.8,-290.3,127.28,76.63,0
1859.4129,-25.2,-92.9,-285.4,132.48,77.19,0
1859.5444,-24.2,-94.8,-288.3,131.43,76.54,0
1859.6779,-22.1,-91.9,-285.4,133.36,75.00,0
1859.8116,-15.8,-84.1,-291.3,136.05,74.51,0
1859.9485,-18.9,-87.0,-281.5,136.08,72.82,0
1860.0809,-21.0,-92.9,-290.3,134.91,71.70,0
1860.2150,-24.2,-96.8,-281.5,133.99,71.18,0
1860.3485,-25.2,-95.8,-284.4,134.56,71.29,0
1860.4814,-21.0,-90.9,-282.5,134.12,73.69,0
1860.6147,-23.1,-96.8,-285.4,132.62,74.72,0
1860.7482,-15.8,-90.9,-287.4,131.25,73.09,0
1860.8803,-9.5,-96.8,-285.4,128.01,71.80,0
1861.0178,-6.3,-88.9,-287.4,129.27,67.94,0
1861.1512,16.8,-88.0,-289.3,116.08,64.49,0
1861.2837,24.2,-94.8,-282.5,104.99,62.54,0
1861.4168,30.5,-96.8,-284.4,100.16,62.42,0
1861.5512,20.0,-103.6,-281.5,105.93,62.73,0
1861.6842,30.5,-87.0,-290.3,106.73,70.74,1
1861.8174,24.2,-87.0,-285.4,112.14,70.25,0
1861.9549,24.2,-84.1,-286.4,116.94,71.26,0
1862.0870,24.2,-67.4,-295.2,143.03,69.27,0
1862.2188,33.6,-57.7,-298.1,157.50,68.00,0
1862.3522,37.8,-61.6,-298.1,116.82,67.76,0
1862.4858,50.4,-66.5,-293.2,58.04,66.62,1
1862.6194,64.1,-74.3,-288.3,39.23,69.59,0
1862.7526,64.1,-71.3,-294.2,28.51,70.18,0
1862.8867,54.6,-81.1,-292.2,59.31,68.51,1
1863.0226,65.1,-74.3,-291.3,37.07,68.63,0
1863.1560,56.7,-86.0,-290.3,65.09,69.58,1
1863.2908,52.5,-92.9,-290.3,69.65,70.36,1
1863.4248,46.2,-103.6,-285.4,75.36,73.02,1
1863.5576,41.0,-109.5,-286.4,81.12,76.03,1
1863.6931,17.9,-116.3,-283.5,100.16,80.39,0
1863.8266,18.9,-112.4,-288.3,102.15,80.17,0
1863.9626,7.4,-114.4,-289.3,114.82,79.02,0
1864.0947,11.6,-110.4,-284.4,112.66,76.84,0
1864.2292,13.7,-106.5,-288.3,113.34,75.79,0
1864.3613,17.9,-109.5,-284.4,108.64,72.33,0
1864.4952,20.0,-114.4,-280.5,103.54,70.18,0
1864.6283,30.5,-119.2,-275.7,92.51,69.26,0
1864.7619,13.7,-119.2,-280.5,105.27,70.90,0
1864.8958,14.7,-111.4,-280.5,107.06,71.57,0
1865.0334,8.4,-105.6,-285.4,111.36,70.27,0
1865.1652,23.1,-100.7,-283.5,100.01,67.28,0
1865.3000,18.9,-99.7,-284.4,109.65,65.31,0
1865.4332,6.3,-107.5,-281.5,115.81,63.30,0
1865.5646,5.3,-112.4,-284.4,115.72,63.96,0
1865.6981,1.1,-112.4,-280.5,116.86,66.69,0
1865.8330,-17.9,-116.3,-280.5,124.83,68.28,0
1865.9684,-28.4,-107.5,-283.5,130.82,69.96,0
1866.1021,-32.6,-103.6,-279.6,133.33,70.39,0
1866.2358,-2.1,-95.8,-294.2,119.07,68.60,0
1866.3676,16.8,-88.9,-291.3,100.85,67.04,0
1866.4997,15.8,-79.2,-288.3,107.33,65.30,0
1866.6330,28.4,-85.0,-293.2,93.39,64.21,0
1866.7670,26.3,-87.0,-294.2,90.63,64.41,0
1866.9007,34.7,-89.9,-292.2,83.57,65.50,0
1867.0365,29.4,-96.8,-289.3,88.42,72.77,1
1867.1716,21.0,-97.7,-288.3,94.83,75.02,0
1867.3040,29.4,-91.9,-297.1,84.87,76.89,1
1867.4377,35.7,-79.2,-295.2,77.15,76.19,1
1867.5731,31.5,-82.1,-298.1,89.76,73.48,0
1867.7068,33.6,-81.1,-303.0,88.04,71.63,0
1867.8405,30.5,-75.3,-300.0,90.35,71.01,0
1867.9789,36.8,-79.2,-298.1,83.60,73.05,1
1868.1121,18.9,-82.1,-294.2,104.57,75.97,0
1868.2463,20.0,-86.0,-300.0,98.56,78.75,0
1868.3795,15.8,-83.1,-299.1,102.36,79.57,0
1868.5122,25.2,-74.3,-303.0,92.68,81.22,1
1868.6464,11.6,-76.2,-304.9,125.44,79.77,0
1868.7801,13.7,-77.2,-307.9,119.23,77.81,0
1868.9122,16.8,-83.1,-301.0,113.55,77.22,0
1869.0488,0.0,-77.2,-307.9,132.14,78.93,0
1869.1823,-8.4,-87.0,-305.9,133.18,81.93,0
1869.3142,-4.2,-86.0,-300.0,128.82,83.83,0
1869.4476,-1.1,-80.1,-303.9,132.75,83.64,0
1869.5823,9.5,-67.4,-308.8,133.68,82.07,0
1869.7155,7.4,-69.4,-312.7,138.78,79.90,0
1869.8477,-3.2,-62.6,-316.6,147.82,76.87,0
1869.9855,15.8,-65.5,-313.7,126.46,73.80,0
1870.1205,14.7,-71.3,-313.7,123.73,74.75,0
1870.2526,3.2,-65.5,-315.7,136.23,76.36,0
1870.3858,4.2,-55.7,-314.7,146.94,77.01,0
1870.5193,4.2,-57.7,-316.6,146.50,75.24,0
1870.6522,13.7,-51.8,-319.6,146.26,71.82,0
1870.7854,21.0,-54.7,-319.6,129.53,67.88,0
1870.9230,8.4,-59.6,-315.7,139.18,64.79,0
1871.0553,20.0,-62.6,-314.7,125.18,62.18,0
1871.1884,23.1,-65.5,-313.7,113.62,60.40,0
1871.3219,32.6,-61.6,-312.7,103.99,58.00,0
1871.4536,31.5,-64.5,-310.8,105.38,55.51,0
1871.5868,34.7,-46.9,-316.6,109.77,49.06,0
1871.7216,50.4,-22.5,-314.7,63.20,39.34,0
1871.8553,70.4,2.9,-306.9,-20.39,13.38,1
1871.9922,59.9,32.3,-302.0,-67.09,9.41,0
1872.1259,72.5,35.2,-300.0,-45.90,9.33,0
1872.2607,53.6,36.2,-300.0,-89.10,11.91,0
1872.3925,51.5,30.3,-301.0,-89.56,12.40,0
1872.5262,63.0,25.4,-300.0,-64.87,15.72,0
1872.6598,74.6,3.9,-296.1,-17.36,19.34,0
1872.7924,66.2,-2.9,-293.2,-6.87,23.56,0
1872.9298,73.5,-20.5,-289.3,20.38,27.73,1
1873.0617,66.2,-31.3,-289.3,42.68,34.88,1
1873.1945,49.4,-41.0,-293.2,79.04,39.34,0
1873.3294,58.8,-43.0,-289.3,62.92,40.11,0
1873.4625,62.0,-37.1,-288.3,39.26,39.89,1
1873.5965,79.8,-29.3,-287.4,14.34,38.96,0
1873.7287,69.3,-24.4,-289.3,5.28,41.87,0
1873.8641,83.0,-34.2,-285.4,11.94,44.91,0
1874.0012,83.0,-23.5,-294.2,-0.45,45.02,0
1874.1335,89.3,-10.8,-292.2,-12.10,45.04,0
1874.2677,108.2,-22.5,-288.3,-1.24,47.18,0
1874.4022,100.8,-33.2,-291.3,4.87,49.23,0
1874.5340,94.5,-21.5,-297.1,-4.34,48.77,0
1874.6671,90.3,-10.8,-298.1,-14.70,47.95,0
1874.8011,93.5,-3.9,-297.1,-19.34,47.53,0
1874.9375,91.4,-2.9,-294.2,-20.76,45.25,0
1875.0712,92.4,0.0,-298.1,-22.72,44.29,0
1875.2050,91.4,-2.0,-294.2,-21.60,44.37,0
1875.3368,91.4,5.9,-292.2,-25.26,44.47,0
1875.4712,93.5,2.0,-297.1,-23.16,44.54,0
1875.6044,92.4,-1.0,-296.1,-21.93,44.65,0
1875.7383,99.8,1.0,-295.2,-21.38,44.70,0
1875.8708,92.4,0.0,-293.2,-22.22,44.80,0
1876.0074,94.5,2.0,-294.2,-22.21,44.87,0
1876.1410,91.4,2.0,-295.2,-22.76,44.95,0
1876.2739,98.7,-2.0,-296.1,-19.75,45.04,0
1876.4072,95.6,-5.9,-293.2,-18.26,45.13,0
1876.5416,93.5,2.9,-298.1,-22.91,45.29,0
1876.6749,98.7,-2.9,-296.1,-19.22,45.37,0
1876.8085,96.6,-3.9,-293.2,-18.88,45.45,0
1876.9454,97.7,-2.0,-293.2,-19.28,21.02,1
1877.0798,93.5,0.0,-289.3,-27.37,21.10,0
1877.2134,96.6,0.0,-293.2,-26.85,21.18,0
1877.3468,98.7,-1.0,-300.0,-26.51,21.22,0
1877.4787,96.6,-2.0,-295.2,-26.11,21.29,0
1877.6133,93.5,-1.0,-299.1,-27.70,21.37,0
1877.7467,95.6,2.0,-291.3,-27.80,21.43,0
1877.8786,97.7,-1.0,-297.1,-26.32,21.50,0
1878.0154,91.4,2.9,-297.1,-29.80,21.54,0
1878.1504,97.7,0.0,-296.1,-26.58,21.63,0
1878.2819,97.7,2.0,-295.2,-27.47,21.71,0
1878.4151,93.5,1.0,-295.2,-28.13,21.79,0
1878.5486,95.6,0.0,-298.1,-27.35,21.86,0
1878.6831,91.4,-2.0,-296.1,-27.12,21.93,0
1878.8156,94.5,0.0,-300.0,-27.68,22.06,0
1878.9522,95.6,-2.0,-297.1,-26.11,22.14,0
1879.0858,90.3,-1.0,-298.1,-28.05,22.22,0
1879.2190,91.4,0.0,-293.2,-27.84,22.30,0
1879.3525,94.5,-2.0,-295.2,-26.29,22.37,0
1879.4863,97.7,-2.9,-299.1,-25.56,22.49,0
1879.6179,97.7,-1.0,-302.0,-26.43,22.56,0
1879.7530,94.5,-1.0,-295.2,-26.61,22.64,0
1879.8869,94.5,0.0,-295.2,-27.17,22.72,0
1880.0221,95.6,0.0,-297.1,-26.46,22.91,0
1880.1559,89.3,0.0,-295.2,-28.03,23.00,0
1880.2908,95.6,-1.0,-297.1,-26.04,23.08,0
1880.4223,94.5,0.0,-297.1,-26.94,-6.85,1
1880.5566,94.5,2.9,-297.1,-33.97,-6.81,0
1880.6899,91.4,-2.9,-299.1,-31.96,-6.74,0
1880.8231,96.6,-1.0,-295.2,-30.61,-6.67,0
1880.9582,93.5,0.0,-292.2,-32.06,-6.59,0
1881.0918,91.4,2.9,-291.3,-34.39,-6.51,0
1881.2259,96.6,-1.0,-301.0,-31.37,-6.42,0
1881.3595,94.5,0.0,-297.1,-32.25,-6.35,0
1881.4925,92.4,1.0,-299.1,-33.82,-6.28,0
1881.6254,93.5,-2.9,-298.1,-31.02,-6.20,0
1881.7578,94.5,-1.0,-298.1,-31.71,-6.11,0
1881.8923,95.6,0.0,-299.1,-31.81,-5.96,0
1882.0273,91.4,-2.0,-296.1,-31.90,-5.88,0
1882.1594,94.5,-2.9,-297.1,-30.29,-5.80,0
1882.2936,90.3,-1.0,-298.1,-33.02,-5.71,0
1882.4279,97.7,1.0,-295.2,-31.02,-5.63,0
1882.5594,93.5,0.0,-295.2,-31.86,-5.56,0
1882.6929,93.5,-1.0,-298.1,-31.70,-5.47,0
1882.8266,95.6,-4.9,-298.1,-28.81,-5.38,0
1882.9615,91.4,1.0,-296.1,-27.73,1.57,0
1883.0942,95.6,1.0,-298.1,-26.69,1.65,0
1883.2282,97.7,1.0,-299.1,-26.48,1.74,0
1883.3616,95.6,1.0,-294.2,-26.61,1.82,0
1883.4945,93.5,-1.0,-296.1,-26.35,1.93,0
1883.6277,92.4,2.0,-297.1,-28.42,2.00,0
1883.7612,95.6,-2.0,-294.2,-25.03,2.08,0
1883.8934,94.5,0.0,-292.2,-26.27,-16.70,1
1884.0312,95.6,-2.9,-295.2,-24.47,-19.75,1
1884.1658,95.6,0.0,-298.1,-26.26,-21.55,1
1884.2992,93.5,-2.9,-299.1,-24.81,-22.20,1
1884.4336,95.6,3.9,-301.0,-28.82,-23.34,1
1884.5689,92.4,1.0,-299.1,-27.60,-23.93,1
1884.7014,92.4,-1.0,-302.0,-26.57,-24.21,1
1884.8359,96.6,0.0,-295.2,-24.82,-24.21,1
1884.9723,92.4,0.0,-300.0,-27.13,-24.44,1
1885.1056,93.5,0.0,-303.0,-27.01,-24.61,1
1885.2408,95.6,1.0,-301.0,-26.64,-24.70,1
1885.3754,90.3,0.0,-300.0,-27.74,-24.86,1
1885.5104,94.5,3.9,-296.1,-28.22,-25.03,1
1885.6446,97.7,-1.0,-296.1,-23.97,-24.89,1
1885.7790,94.5,1.0,-295.2,-25.99,-24.89,1
1885.9137,94.5,-2.0,-297.1,-24.23,-24.77,1
1886.0485,93.5,0.0,-294.2,-23.76,-24.56,1
1886.1836,93.5,-2.0,-296.1,-22.59,-24.37,1
1886.3180,90.3,-2.0,-299.1,-23.64,-24.26,1
1886.4511,96.6,-2.0,-298.1,-21.82,-24.09,1
1886.5859,90.3,0.0,-299.1,-25.08,-24.15,1
1886.7210,92.4,1.0,-296.1,-24.79,-24.11,1
1886.8543,94.5,-4.9,-299.1,-20.47,-23.88,1
1886.9924,96.6,-2.9,-297.1,-20.54,-23.63,1
1887.1266,93.5,0.0,-299.1,-23.65,-23.53,1
1887.2609,95.6,1.0,-299.1,-23.65,-23.46,1
1887.3952,92.4,-1.0,-294.2,-22.84,-23.36,1
1887.5293,94.5,-2.9,-299.1,-21.38,-23.21,1
1887.6622,93.5,-1.0,-301.0,-23.12,-23.12,1
1887.7905,95.6,2.0,-300.0,-24.33,-23.09,1
1887.9233,97.7,4.9,-295.2,-24.78,-23.05,1
1888.0573,95.6,0.0,-300.0,-22.57,-22.95,1
1888.1910,95.6,-2.9,-297.1,-20.44,-22.83,1
1888.3267,94.5,1.0,-299.1,-23.45,-22.77,1
1888.4605,93.5,-1.0,-295.2,-22.14,-22.67,1
1888.5931,93.5,1.0,-294.2,-23.31,-22.58,1
1888.7283,94.5,-2.0,-298.1,-21.47,-22.47,1
1888.8639,91.4,2.0,-301.0,-25.40,-22.46,1
1889.0010,93.5,-1.0,-298.1,-20.32,-22.06,1
1889.1336,92.4,-1.0,-294.2,-20.24,-21.95,1
1889.2680,93.5,-3.9,-300.0,-18.76,-21.79,1
1889.4019,92.4,-1.0,-298.1,-20.68,-21.68,1
1889.5362,92.4,-2.0,-298.1,-20.13,-21.56,1
1889.6707,90.3,1.0,-297.1,-22.43,-21.50,1
1889.8037,96.6,3.9,-300.0,-22.57,-21.45,1
1889.9413,89.3,-1.0,-298.1,-20.63,-21.30,1
1890.0755,92.4,-2.0,-297.1,-19.13,-21.18,1
1890.2091,91.4,-2.9,-296.1,-18.59,-21.05,1
1890.3437,97.7,0.0,-294.2,-18.91,-20.93,1
1890.4791,93.5,0.0,-297.1,-20.05,-20.84,1
1890.6118,95.6,1.0,-296.1,-20.06,-20.74,1
1890.7467,93.5,-1.0,-300.0,-19.64,-20.64,1
1890.8815,91.4,-1.0,-295.2,-19.65,-20.55,1
1891.0180,93.5,0.0,-297.1,-19.42,-20.40,1
1891.1517,92.4,2.0,-299.1,-21.00,-20.33,1
1891.2864,92.4,-2.9,-295.2,-17.71,-20.20,1
1891.4192,99.8,-1.0,-302.0,-17.93,-20.09,1
1891.5529,91.4,1.0,-298.1,-20.67,-20.01,1
1891.6869,94.5,-1.0,-301.0,-18.95,-19.93,1
1891.8200,92.4,2.0,-297.1,-20.83,-19.85,1
1891.9589,93.5,0.0,-295.2,-19.00,-19.76,1
1892.0808,92.4,0.0,-298.1,-19.50,-19.67,1
1892.2134,93.5,-1.0,-297.1,-18.59,-19.58,1
1892.3479,94.5,-1.0,-299.1,-18.50,-19.47,1
1892.4829,94.5,-1.0,-297.1,-18.30,-19.37,1
1892.6183,97.7,-2.0,-296.1,-16.97,-19.27,1
1892.7512,89.3,0.0,-300.0,-20.03,-19.20,1
1892.8861,93.5,1.0,-298.1,-19.59,-19.12,1
1893.0111,93.5,-4.9,-298.1,-15.86,-18.99,1
1893.1464,92.4,3.9,-299.1,-21.29,-18.94,1
1893.2823,91.4,-2.0,-297.1,-17.90,-18.84,1
1893.4165,89.3,2.0,-296.1,-20.57,-18.78,1
1893.5511,94.5,0.0,-301.0,-18.60,-18.69,1
1893.6852,94.5,-2.9,-293.2,-16.37,-18.59,1
1893.8199,94.5,0.0,-296.1,-18.20,-18.50,1
1893.9580,93.5,0.0,-293.2,-17.93,-18.42,1
1894.0900,97.7,-2.0,-299.1,-16.36,-18.32,1
1894.2251,94.5,1.0,-297.1,-18.52,-18.24,1
1894.3592,93.5,-1.0,-299.1,-17.68,-18.15,1
1894.4922,92.4,-1.0,-297.1,-17.76,-18.07,1
1894.6265,94.5,-2.0,-297.1,-16.77,-17.97,1
1894.7618,99.8,-2.9,-299.1,-15.40,-17.85,1
1894.8954,97.7,-3.9,-298.1,-15.08,-17.72,1
1895.0329,94.5,-2.9,-298.1,-15.82,-17.61,1
1895.1678,94.5,-2.9,-294.2,-15.58,-17.52,1
1895.3019,90.3,0.0,-299.1,-18.27,-17.45,1
1895.4362,95.6,-2.0,-297.1,-16.18,-17.41,1
1895.5703,95.6,-1.0,-299.1,-16.84,-17.32,1
1895.7037,92.4,-2.0,-296.1,-16.66,-17.24,1
1895.8391,92.4,-2.9,-300.0,-16.27,-17.14,1
1895.9772,93.5,-1.0,-301.0,-17.01,-17.07,1
1896.1104,94.5,-2.0,-300.0,-16.20,-16.99,1
1896.2458,93.5,-2.0,-295.2,-15.99,-16.93,1
1896.3813,93.5,0.0,-297.1,-17.58,-16.87,1
1896.5141,93.5,2.0,-298.1,-18.69,-16.80,1
1896.6482,92.4,0.0,-297.1,-17.66,-16.72,1
1896.7827,96.6,3.9,-297.1,-19.00,-16.66,1
1896.9173,95.6,-2.9,-300.0,-15.72,-16.58,1
1897.0537,90.3,0.0,-299.1,-17.83,-16.50,1
1897.1886,94.5,-1.0,-301.0,-16.62,-16.41,1
1897.3223,90.3,-1.0,-299.1,-17.26,-16.34,1
1897.4577,89.3,0.0,-297.1,-17.88,-16.26,1
1897.5918,93.5,-1.0,-296.1,-16.47,-16.19,1
1897.7251,94.5,-3.9,-297.1,-14.85,-16.10,1
1897.8601,93.5,-2.0,-295.2,-15.87,-16.01,1
1897.9857,92.4,-1.0,-300.0,-16.46,-15.96,1
1898.1178,95.6,-1.0,-294.2,-15.60,-15.87,1
1898.2522,95.6,1.0,-294.2,-16.64,-15.79,1
1898.3868,93.5,-1.0,-297.1,-16.00,-15.72,1
1898.5220,89.3,0.0,-300.0,-17.41,-15.65,1
1898.6549,93.5,-2.9,-297.1,-14.84,-15.54,1
1898.7899,91.4,2.0,-298.1,-18.00,-15.48,1
1898.9278,94.5,-2.9,-302.0,-14.62,-15.40,1
1899.0620,96.6,-2.0,-295.2,-14.48,-15.31,1
1899.1960,94.5,-2.0,-301.0,-15.06,-15.23,1
1899.3303,92.4,-1.0,-297.1,-15.69,-15.14,1
1899.4637,92.4,-2.0,-297.1,-15.18,-15.05,1
1899.5975,92.4,-2.0,-297.1,-15.13,-14.96,1
1899.7320,94.5,-2.0,-293.2,-14.71,-14.88,1
1899.8655,95.6,-2.0,-302.0,-14.93,-14.80,1
1900.0043,91.4,2.0,-299.1,-17.19,-14.75,1
1900.1401,96.6,-1.0,-298.1,-14.71,-14.68,1
1900.2734,97.7,0.0,-300.0,-15.06,-14.60,1
1900.4077,92.4,0.0,-298.1,-15.65,-14.54,1
1900.5427,95.6,0.0,-299.1,-15.22,-14.47,1
1900.6766,98.7,3.9,-299.1,-17.13,-14.40,1
1900.8112,91.4,-1.0,-299.1,-15.56,-14.33,1
1900.9493,94.5,1.0,-294.2,-15.66,-14.27,1
1901.0817,93.5,1.0,-299.1,-15.94,-14.19,1
1901.2171,92.4,2.9,-303.0,-17.35,-14.13,1
1901.3513,93.5,-2.0,-296.1,-14.20,-14.05,1
1901.4847,94.5,0.0,-296.1,-15.03,-13.99,1
1901.6176,95.6,-4.9,-297.1,-12.19,-13.89,1
1901.7530,94.5,-1.0,-298.1,-14.45,-13.82,1
1901.8864,97.7,-2.9,-299.1,-13.17,-13.73,1
1902.0252,92.4,2.0,-298.1,-16.01,-13.68,1
1902.1595,93.5,-1.0,-299.1,-14.40,-13.59,1
1902.2938,93.5,-2.0,-295.2,-13.68,-13.52,1
1902.4279,94.5,-2.0,-297.1,-13.49,-13.43,1
1902.5620,91.4,4.9,-296.1,-17.63,-13.39,1
1902.6951,98.7,-2.0,-298.1,-12.93,-13.31,1
1902.8292,93.5,0.0,-301.0,-14.83,-13.24,1
1902.9670,99.8,0.0,-301.0,-13.56,-13.14,1
1903.1002,92.4,1.0,-294.2,-14.76,-13.08,1
1903.2354,94.5,-1.0,-294.2,-13.37,-13.01,1
1903.3712,93.5,2.0,-296.1,-15.17,-12.94,1
1903.5041,94.5,-2.0,-296.1,-12.83,-12.84,1
1903.6388,92.4,-1.0,-297.1,-13.62,-12.76,1
1903.7733,92.4,5.9,-297.1,-17.30,-12.73,1
1903.9081,99.8,2.0,-297.1,-14.15,-12.66,1
1904.0446,91.4,0.0,-295.2,-13.85,-12.60,1
1904.1792,92.4,-2.9,-297.1,-12.08,-12.53,1
1904.3125,98.7,0.0,-296.1,-12.80,-12.44,1
1904.4481,95.6,-4.9,-296.1,-10.64,-12.35,1
1904.5822,96.6,-2.0,-295.2,-12.02,-12.25,1
1904.7156,90.3,0.0,-296.1,-13.86,-12.17,1
1904.8505,89.3,-2.0,-292.2,-12.79,-12.09,1
1904.9761,97.7,-1.0,-297.1,-12.26,-12.01,1
1905.1090,93.5,-4.9,-294.2,-10.44,-11.92,1
1905.2439,91.4,-1.0,-301.0,-13.01,-11.85,1
1905.3786,96.6,-3.9,-297.1,-10.57,-11.76,1
1905.5147,92.4,-2.0,-297.1,-12.03,-11.69,1
1905.6475,94.5,2.0,-300.0,-13.86,-11.64,1
1905.7828,94.5,2.9,-296.1,-14.22,-11.58,1
1905.9176,97.7,-1.0,-297.1,-11.88,-11.53,1
1906.0537,93.5,0.0,-298.1,-12.77,-11.47,1
1906.1875,92.4,-2.0,-297.1,-11.79,-11.40,1
1906.3218,93.5,-1.0,-299.1,-12.21,-11.32,1
1906.4553,95.6,1.0,-301.0,-13.03,-11.26,1
1906.5892,92.4,0.0,-296.1,-12.74,-11.19,1
1906.7233,98.7,-4.9,-298.1,-9.53,-11.10,1
1906.8564,93.5,1.0,-298.1,-13.09,-11.07,1
1906.9816,95.6,-1.0,-298.1,-11.61,-11.00,1
1907.1153,96.6,-1.0,-298.1,-11.39,-10.93,1
1907.2481,95.6,-1.0,-298.1,-11.47,-10.84,1
1907.3825,91.4,1.0,-299.1,-12.96,-10.79,1
1907.5171,95.6,-2.9,-297.1,-10.31,-10.71,1
1907.6524,94.5,1.0,-297.1,-12.42,-10.67,1
1907.7853,95.6,-1.0,-294.2,-11.11,-10.59,1
1907.9208,97.7,-1.0,-297.1,-10.94,-10.51,1
1908.0590,99.8,-1.0,-297.1,-10.57,-10.43,1
1908.1932,96.6,-1.0,-300.0,-10.97,-10.35,1
1908.3277,90.3,-3.9,-297.1,-9.79,-10.26,1
1908.4623,95.6,0.0,-294.2,-11.25,-10.18,1
1908.5951,95.6,1.0,-299.1,-11.84,-10.12,1
1908.7289,95.6,0.0,-297.1,-11.42,-10.14,1
1908.8637,95.6,-1.0,-297.1,-10.86,-10.10,1
1908.9998,94.5,1.0,-295.2,-11.78,-10.03,1
1909.1327,90.3,2.0,-298.1,-12.88,-9.97,1
1909.2685,93.5,-4.9,-296.1,-8.70,-9.87,1
1909.4014,94.5,-3.9,-296.1,-9.11,-9.78,1
1909.5364,97.7,1.0,-298.1,-11.41,-9.71,1
1909.6706,88.2,0.0,-297.1,-11.86,-9.67,1
1909.8069,90.3,-1.0,-297.1,-11.03,-9.61,1
1909.9454,92.4,2.0,-300.0,-12.27,-9.54,1
1910.0799,90.3,-2.0,-298.1,-10.36,-9.46,1
1910.2135,92.4,0.0,-298.1,-11.08,-9.39,1
1910.3492,92.4,0.0,-298.1,-11.05,-9.33,1
1910.4832,96.6,2.9,-297.1,-12.04,-9.19,1
1910.6159,97.7,-1.0,-297.1,-9.92,-9.03,1
1910.7504,92.4,1.0,-297.1,-11.40,-8.95,1
1910.8865,92.4,1.0,-297.1,-11.39,-8.89,1
1911.0220,93.5,-2.0,-292.2,-9.33,-8.81,1
1911.1565,91.4,0.0,-296.1,-10.69,-8.74,1
1911.2915,93.5,0.0,-299.1,-10.52,-8.68,1
1911.4251,97.7,-1.0,-299.1,-9.62,-8.61,1
1911.5591,91.4,-2.0,-299.1,-9.65,-8.54,1
1911.6934,92.4,-1.0,-298.1,-9.99,-8.47,1
1911.8263,98.7,-2.0,-295.2,-8.73,-8.41,1
1911.9647,92.4,-2.0,-295.2,-8.98,-8.33,1
1912.0993,92.4,-2.9,-297.1,-8.49,-8.25,1
1912.2331,94.5,-1.0,-298.1,-9.36,-8.17,1
1912.3676,96.6,-4.9,-299.1,-7.16,-8.08,1
1912.5027,91.4,2.0,-297.1,-11.09,-8.02,1
1912.6350,88.2,0.0,-298.1,-10.33,-7.95,1
1912.7694,91.4,1.0,-295.2,-10.38,-7.93,1
1912.9043,94.5,0.0,-295.2,-9.51,-7.79,1
1913.0421,94.5,-3.9,-300.0,-7.35,-7.69,1
1913.1754,96.6,-2.9,-294.2,-7.60,-7.61,1
1913.3098,94.5,-1.0,-297.1,-8.82,-7.52,1
1913.4440,97.7,-2.0,-301.0,-8.16,-7.44,1
1913.5780,99.8,-2.9,-299.1,-7.41,-7.36,1
1913.7121,95.6,0.0,-294.2,-9.00,-7.28,1
1913.8467,94.5,-2.0,-295.2,-8.05,-7.20,1
1913.9843,91.4,-1.0,-298.1,-9.46,-7.15,1
1914.1195,90.3,0.0,-299.1,-10.12,-7.09,1
1914.2538,94.5,-1.0,-296.1,-9.08,-7.03,1
1914.3868,95.6,-1.0,-295.2,-8.93,-6.97,1
1914.5213,95.6,0.0,-299.1,-9.54,-6.91,1
1914.6569,92.4,1.0,-300.0,-10.36,-6.86,1
1914.7896,90.3,-1.0,-297.1,-9.44,-6.81,1
1914.9283,94.5,-1.0,-294.2,-9.16,-6.74,1
1915.0605,101.9,-1.0,-297.1,-8.63,-6.67,1
1915.1951,97.7,0.0,-295.2,-9.30,-6.59,1
1915.3296,93.5,1.0,-299.1,-10.37,-6.57,1
1915.4641,92.4,-2.0,-296.1,-8.75,-6.50,1
1915.5969,92.4,-2.0,-300.0,-8.83,-6.48,1
1915.7306,95.6,2.9,-298.1,-11.09,-6.43,1
1915.8652,94.5,-2.9,-295.2,-7.91,-6.34,1
1916.0019,92.4,2.0,-296.1,-10.96,-6.30,1
1916.1366,94.5,-2.9,-300.0,-8.16,-6.24,1
1916.2723,96.6,2.0,-294.2,-10.42,-6.20,1
1916.4052,88.2,0.0,-300.0,-10.38,-6.15,1
1916.5402,91.4,1.0,-295.2,-10.43,-6.11,1
1916.6741,94.5,-2.0,-296.1,-8.45,-6.07,1
1916.8083,93.5,0.0,-297.1,-9.56,-6.03,1
1916.9467,90.3,2.9,-301.0,-11.78,-5.99,1
1917.0812,96.6,0.0,-298.1,-9.39,-5.94,1
1917.2146,89.3,-2.0,-300.0,-9.01,-5.88,1
1917.3488,91.4,2.0,-296.1,-10.78,-5.85,1
1917.4829,96.6,-1.0,-295.2,-8.66,-5.79,1
1917.6155,93.5,-2.0,-302.0,-8.59,-5.73,1
1917.7505,91.4,2.0,-296.1,-10.78,-5.70,1
1917.8867,92.4,-1.0,-298.1,-9.10,-5.65,1
1918.0233,91.4,-2.9,-299.1,-8.37,-5.60,1
1918.1578,90.3,0.0,-295.2,-9.98,-5.56,1
1918.2926,93.5,2.0,-299.1,-10.82,-5.54,1
1918.4267,90.3,1.0,-301.0,-10.66,-5.51,1
1918.5609,94.5,1.0,-299.1,-10.16,-5.48,1
1918.6955,92.4,0.0,-297.1,-9.67,-5.45,1
1918.8288,95.6,-1.0,-297.1,-8.90,-5.40,1
1918.9662,93.5,0.0,-299.1,-9.93,-5.37,1
1919.1007,97.7,2.0,-299.1,-10.56,-5.33,1
1919.2344,92.4,-1.0,-296.1,-9.35,-5.30,1
1919.3690,89.3,-2.9,-294.2,-8.50,-5.25,1
1919.5045,97.7,-1.0,-298.1,-8.88,-5.17,1
1919.6372,91.4,-2.9,-298.1,-8.30,-5.16,1
1919.7717,91.4,1.0,-296.1,-10.33,-5.13,1
1919.9065,91.4,0.0,-296.1,-9.78,-5.09,1
1920.0437,95.6,0.0,-301.0,-9.41,-5.06,1
1920.1784,90.3,-2.9,-301.0,-8.24,-4.93,1
1920.3127,94.5,-3.9,-298.1,-7.26,-4.88,1
1920.4458,90.3,-1.0,-298.1,-9.13,-4.85,1
1920.5797,89.3,-2.0,-295.2,-8.60,-4.81,1
1920.7140,93.5,-1.0,-297.1,-8.79,-4.76,1
1920.8473,94.5,1.0,-300.0,-9.79,-4.73,1
1920.9855,95.6,-1.0,-298.1,-8.52,-4.69,1
1921.1211,98.7,-2.0,-295.2,-7.72,-4.64,1
1921.2542,93.5,-3.9,-297.1,-7.07,-4.60,1
1921.3885,93.5,-2.0,-298.1,-8.13,-4.54,1
1921.5230,95.6,-2.0,-303.0,-8.09,-4.49,1
1921.6588,92.4,1.0,-298.1,-9.67,-4.46,1
1921.7940,94.5,-2.0,-292.2,-7.72,-4.43,1
1921.9311,91.4,-4.9,-298.1,-6.38,-4.38,1
1922.0634,89.3,-1.0,-300.0,-8.69,-4.34,1
1922.1986,96.6,-2.0,-294.2,-7.42,-4.31,1
1922.3329,92.4,-1.0,-301.0,-8.39,-4.27,1
1922.4662,96.6,2.0,-292.2,-9.29,-4.22,1
1922.6006,93.5,-2.0,-296.1,-7.42,-4.17,1
1922.7370,96.6,-3.9,-299.1,-6.21,-4.13,1
1922.8708,92.4,-1.0,-297.1,-7.96,-4.10,1
1923.0067,93.5,1.0,-299.1,-8.81,-4.08,1
1923.1412,95.6,2.9,-303.0,-9.68,-4.06,1
1923.2754,95.6,-2.0,-296.1,-7.03,-4.02,1
1923.4097,90.3,2.0,-298.1,-9.43,-4.00,1
1923.5441,95.6,0.0,-296.1,-7.92,-4.00,1
1923.6769,95.6,-1.0,-297.1,-7.39,-3.96,1
1923.8112,97.7,0.0,-297.1,-7.74,-3.93,1
1923.9479,96.6,-1.0,-297.1,-7.19,-3.89,1
1924.0813,90.3,-1.0,-298.1,-7.59,-3.86,1
1924.2164,91.4,1.0,-298.1,-8.51,-3.83,1
1924.3521,95.6,2.0,-297.1,-8.64,-3.82,1
1924.4849,92.4,-1.0,-297.1,-7.34,-3.78,1
1924.6191,94.5,1.0,-295.2,-8.14,-3.75,1
1924.7536,97.7,0.0,-294.2,-7.38,-3.71,1
1924.8884,94.5,-1.0,-292.2,-6.99,-3.67,1
1925.0273,93.5,-1.0,-298.1,-8.39,-3.65,1
1925.1614,92.4,-5.9,-299.1,-5.85,-3.61,1
1925.2948,100.8,-2.0,-298.1,-7.36,-3.57,1
1925.4302,89.3,-2.0,-298.1,-8.18,-3.54,1
1925.5657,93.5,-1.0,-301.0,-8.42,-3.52,1
1925.6988,95.6,3.9,-297.1,-10.61,-3.52,1
1925.8333,97.7,2.0,-299.1,-9.45,-3.51,1
1925.9732,91.4,0.0,-293.2,-8.73,-3.48,1
1926.1063,92.4,2.9,-297.1,-10.30,-3.48,1
1926.2413,91.4,-3.9,-294.2,-6.88,-3.43,1
1926.3769,93.5,-2.9,-298.1,-7.28,-3.39,1
1926.5124,95.6,-2.9,-300.0,-7.22,-3.36,1
1926.6466,91.4,2.0,-298.1,-10.09,-3.34,1
1926.7824,90.3,2.9,-294.2,-10.59,-3.34,1
1926.9172,92.4,0.0,-297.1,-8.83,-3.33,1
1927.0535,95.6,-1.0,-301.0,-8.12,-3.31,1
1927.1895,92.4,1.0,-296.1,-9.28,-3.30,1
1927.3241,91.4,-1.0,-298.1,-8.37,-3.27,1
1927.4570,92.4,2.9,-297.1,-10.28,-3.28,1
1927.5937,91.4,2.0,-298.1,-9.91,-3.26,1
1927.7277,97.7,-1.0,-293.2,-7.73,-3.26,1
1927.8641,91.4,-2.0,-298.1,-7.72,-3.25,1
1927.9883,95.6,-2.0,-299.1,-7.28,-3.23,1
1928.1229,95.6,-2.0,-301.0,-7.23,-3.21,1
1928.2581,95.6,-2.0,-297.1,-7.08,-3.19,1
1928.3927,94.5,-2.0,-297.1,-7.12,-3.17,1
1928.5288,92.4,0.0,-295.2,-8.23,-3.15,1
1928.6644,95.6,0.0,-298.1,-7.97,-3.13,1
1928.7990,94.5,0.0,-297.1,-8.08,-3.11,1
1928.9376,93.5,0.0,-297.1,-8.15,-3.09,1
1929.0711,95.6,-2.0,-295.2,-6.93,-3.07,1
1929.2064,92.4,-4.9,-296.1,-5.57,-3.03,1
1929.3424,90.3,2.9,-299.1,-9.84,-3.02,1
1929.4772,92.4,-2.0,-298.1,-7.03,-2.99,1
1929.6131,88.2,-2.9,-298.1,-6.74,-2.97,1
1929.7484,94.5,0.0,-299.1,-7.83,-2.93,1
1929.8833,94.5,2.0,-294.2,-8.63,-2.92,1
1930.0228,93.5,1.0,-296.1,-8.21,-2.91,1
1930.1548,92.4,-2.0,-296.1,-6.70,-2.88,1
1930.2907,93.5,1.0,-300.0,-8.22,-2.87,1
1930.4264,92.4,2.0,-296.1,-8.65,-2.87,1
1930.5606,92.4,-1.0,-301.0,-7.22,-2.85,1
1930.6948,98.7,-1.0,-295.2,-6.66,-2.83,1
1930.8305,92.4,0.0,-299.1,-7.57,-2.80,1
1930.9696,92.4,-1.0,-296.1,-8.25,-2.79,1
1931.1016,93.5,-1.0,-295.2,-8.15,-2.77,1
1931.2375,95.6,0.0,-298.1,-8.54,-2.76,1
1931.3744,88.2,-1.0,-296.1,-8.55,-2.76,1
1931.5076,95.6,-1.0,-291.3,-7.84,-2.75,1
1931.6416,94.5,-2.0,-297.1,-7.50,-2.73,1
1931.7779,97.7,0.0,-295.2,-8.20,-2.72,1
1931.9125,94.5,2.0,-298.1,-9.53,-2.73,1
1932.0506,89.3,1.0,-295.2,-9.70,-2.74,1
1932.1868,97.7,-1.0,-302.0,-8.14,-2.72,1
1932.3215,91.4,0.0,-296.1,-8.95,-2.72,1
1932.4573,91.4,2.9,-296.1,-10.56,-2.73,1
1932.5928,93.5,-4.9,-298.1,-6.21,-2.71,1
1932.7276,93.5,0.0,-297.1,-8.76,-2.74,1
1932.8626,90.3,3.9,-296.1,-11.15,-2.75,1
1932.9897,94.5,-2.0,-299.1,-7.93,-2.73,1
1933.1225,93.5,0.0,-297.1,-8.88,-2.73,1
1933.2579,93.5,2.0,-296.1,-10.07,-2.74,1
1933.3937,88.2,2.9,-299.1,-11.29,-2.75,1
1933.5280,95.6,-2.0,-297.1,-7.92,-2.73,1
1933.6616,91.4,2.9,-295.2,-10.92,-2.75,1
1933.7978,91.4,-2.0,-300.0,-8.30,-2.75,1
1933.9357,92.4,-2.0,-289.3,-8.24,-2.77,1
1934.0713,93.5,-1.0,-301.0,-9.03,-2.77,1
1934.2060,94.5,-2.9,-297.1,-7.76,-2.76,1
1934.3401,94.5,-1.0,-298.1,-8.83,-2.76,1
1934.4762,91.4,-1.0,-299.1,-9.06,-2.76,1
1934.6117,86.1,0.0,-295.2,-9.99,-2.78,1
1934.7455,94.5,-2.9,-296.1,-7.72,-2.80,1
1934.8819,92.4,-1.0,-297.1,-8.97,-2.80,1
1935.0069,92.4,0.0,-295.2,-9.66,-2.80,1
1935.1415,92.4,1.0,-293.2,-10.17,-2.81,1
1935.2776,96.6,1.0,-302.0,-9.58,-2.82,1
1935.4119,96.6,-2.9,-297.1,-7.54,-2.78,1
1935.5487,94.5,0.0,-302.0,-9.39,-2.78,1
1935.6841,92.4,1.0,-299.1,-10.05,-2.79,1
1935.8206,93.5,-1.0,-299.1,-8.79,-2.78,1
1935.9576,92.4,-2.0,-298.1,-8.49,-2.77,1
1936.0911,90.3,0.0,-296.1,-9.71,-2.79,1
1936.2276,95.6,-2.0,-296.1,-8.16,-2.78,1
1936.3620,92.4,-5.9,-298.1,-6.28,-2.76,1
1936.4968,96.6,1.0,-297.1,-9.67,-2.78,1
1936.6325,97.7,-2.0,-300.0,-8.09,-2.75,1
1936.7679,94.5,0.0,-298.1,-9.32,-2.76,1
1936.9026,97.7,0.0,-295.2,-8.99,-2.76,1
1937.0402,93.5,-3.9,-300.0,-7.41,-2.75,1
1937.1760,95.6,-3.9,-299.1,-7.21,-2.73,1
1937.3103,94.5,-2.0,-298.1,-8.37,-2.73,1
1937.4461,94.5,1.0,-298.1,-9.96,-2.74,1
1937.5816,93.5,-3.9,-296.1,-7.30,-2.73,1
1937.7147,94.5,2.9,-295.2,-10.97,-2.76,1
1937.8508,90.3,1.0,-297.1,-10.35,-2.78,1
1937.9895,91.4,-1.0,-297.1,-9.17,-2.71,1
1938.1226,96.6,1.0,-298.1,-9.82,-2.72,1
1938.2595,95.6,-2.9,-294.2,-7.66,-2.72,1
1938.3965,92.4,1.0,-300.0,-10.54,-2.74,1
1938.5308,91.4,1.0,-297.1,-10.68,-2.76,1
1938.6631,90.3,0.0,-300.0,-10.25,-2.78,1
1938.7992,94.5,1.0,-298.1,-10.25,-2.79,1
1938.9378,96.6,-2.0,-295.2,-8.55,-2.80,1
1939.0705,94.5,2.9,-296.1,-11.47,-2.74,1
1939.2066,90.3,-2.9,-295.2,-8.58,-2.75,1
1939.3415,96.6,2.0,-296.1,-10.73,-2.78,1
1939.4770,92.4,-2.0,-298.1,-9.01,-2.78,1
1939.6124,96.6,2.0,-298.1,-10.63,-2.81,1
1939.7473,91.4,-1.0,-294.2,-9.35,-2.82,1
1939.8837,93.5,0.0,-297.1,-9.75,-2.85,1
1940.0083,92.4,0.0,-294.2,-9.76,-2.88,1
1940.1429,97.7,-3.9,-294.2,-7.13,-2.88,1
1940.2780,93.5,4.9,-298.1,-12.39,-2.92,1
1940.4120,96.6,-1.0,-295.2,-8.77,-2.92,1
1940.5487,99.8,-1.0,-294.2,-8.48,-2.93,1
1940.6829,91.4,-2.0,-294.2,-8.62,-2.93,1
1940.8157,91.4,-1.0,-302.0,-9.41,-2.95,1
1940.9553,93.5,-4.9,-297.1,-7.94,-2.94,1
1941.0782,94.5,-2.9,-298.1,-9.26,-2.86,1
1941.2118,92.4,-2.0,-294.2,-9.89,-2.88,1
1941.3487,93.5,-1.0,-299.1,-10.59,-2.90,1
1941.4843,89.3,2.9,-296.1,-13.30,-2.98,1
1941.6180,94.5,-2.0,-296.1,-9.82,-3.00,1
1941.7547,93.5,-2.9,-298.1,-9.46,-3.01,1
1941.8904,89.3,-2.0,-301.0,-10.67,-3.04,1
1942.0287,87.2,2.9,-300.0,-13.97,-3.09,1
1942.1644,93.5,0.0,-295.2,-11.20,-3.12,1
1942.3001,96.6,-1.0,-300.0,-10.55,-3.15,1
1942.4374,93.5,2.0,-299.1,-12.65,-3.19,1
1942.5716,93.5,-1.0,-296.1,-10.81,-3.22,1
1942.7065,96.6,2.9,-295.2,-12.75,-3.26,1
1942.8428,94.5,1.0,-295.2,-12.04,-3.26,1
1942.9801,92.4,-2.9,-297.1,-10.15,-3.28,1
1943.1154,92.4,-2.0,-299.1,-10.80,-3.32,1
1943.2539,92.4,-1.0,-297.1,-11.28,-3.35,1
1943.3903,92.4,0.0,-296.1,-11.91,-3.38,1
1943.5237,95.6,-1.0,-299.1,-10.98,-3.52,1
1943.6609,94.5,-2.9,-294.2,-9.86,-3.53,1
1943.7988,92.4,-3.9,-295.2,-9.59,-3.55,1
1943.9347,89.3,-1.0,-298.1,-11.80,-3.55,1
1944.0582,93.5,0.0,-298.1,-11.90,-3.62,1
1944.1957,95.6,0.0,-300.0,-11.69,-3.65,1
1944.3301,97.7,-2.0,-299.1,-10.29,-3.69,1
1944.4654,94.5,-2.9,-302.0,-10.21,-3.70,1
1944.6019,95.6,-1.0,-296.1,-11.14,-3.74,1
1944.7353,94.5,-2.9,-297.1,-10.23,-3.73,1
1944.8722,92.4,3.9,-294.2,-14.57,-3.78,1
1944.9981,93.5,-1.0,-298.1,-11.70,-3.82,1
1945.1308,95.6,-1.0,-298.1,-11.46,-3.83,1
1945.2682,94.5,1.0,-293.2,-12.59,-3.89,1
1945.4064,95.6,-3.9,-296.1,-9.76,-3.90,1
1945.5412,94.5,3.9,-297.1,-14.52,-3.97,1
1945.6758,93.5,5.9,-295.2,-15.80,-4.03,1
1945.8130,91.4,-1.0,-298.1,-12.08,-4.06,1
1945.9523,97.7,1.0,-294.2,-12.23,-4.10,1
1946.0854,93.5,1.0,-298.1,-12.97,-4.14,1
1946.2232,91.4,3.9,-301.0,-15.20,-4.19,1
1946.3589,94.5,-2.9,-298.1,-10.52,-4.23,1
1946.4923,91.4,0.0,-299.1,-12.73,-4.27,1
1946.6288,95.6,-2.9,-300.0,-10.46,-4.29,1
1946.7642,91.4,-2.0,-294.2,-11.28,-4.42,1
1946.9017,91.4,-2.0,-297.1,-11.45,-4.45,1
1947.0275,97.7,-2.0,-295.2,-10.65,-4.47,1
1947.1626,94.5,0.0,-297.1,-12.24,-4.50,1
1947.2996,92.4,2.9,-295.2,-14.21,-4.56,1
1947.4340,93.5,-6.8,-297.1,-8.17,-4.56,1
1947.5703,89.3,2.0,-300.0,-14.30,-4.62,1
1947.7070,94.5,-2.0,-294.2,-10.88,-4.64,1
1947.8416,92.4,0.0,-298.1,-12.51,-4.68,1
1947.9803,91.4,1.0,-298.1,-13.21,-4.72,1
1948.1166,91.4,-2.0,-297.1,-11.34,-4.75,1
1948.2508,93.5,-4.9,-294.2,-9.15,-4.77,1
1948.3860,94.5,1.0,-300.0,-12.80,-4.82,1
1948.5234,95.6,-5.9,-295.2,-8.38,-4.82,1
1948.6608,95.6,2.9,-298.1,-13.67,-4.86,1
1948.7941,93.5,-1.0,-298.1,-11.67,-4.88,1
1948.9355,95.6,1.0,-300.0,-12.63,-4.92,1
1949.0725,90.3,-2.0,-299.1,-11.50,-4.94,1
1949.2070,91.4,-2.0,-297.1,-11.14,-4.95,1
1949.3441,95.6,0.0,-299.1,-11.84,-5.08,1
1949.4812,87.2,-1.0,-302.0,-12.55,-5.12,1
1949.6141,95.6,0.0,-294.2,-11.71,-5.16,1
1949.7512,90.3,1.0,-295.2,-13.01,-5.19,1
1949.8884,94.5,0.0,-299.1,-12.00,-5.22,1
1950.0267,93.5,-1.0,-294.2,-11.31,-5.22,1
1950.1607,94.5,-2.0,-296.1,-10.69,-5.24,1
1950.2990,93.5,1.0,-296.1,-12.59,-5.28,1
1950.4345,93.5,-2.9,-296.1,-10.24,-5.30,1
1950.5667,93.5,-3.9,-298.1,-9.68,-5.30,1
1950.7034,92.4,1.0,-296.1,-12.78,-5.32,1
1950.8414,94.5,-2.0,-297.1,-10.80,-5.35,1
1950.9799,92.4,-2.0,-300.0,-11.13,-5.38,1
1951.1140,92.4,-1.0,-295.2,-11.54,-5.40,1
1951.2504,96.6,-2.9,-301.0,-10.11,-5.42,1
1951.3861,93.5,1.0,-301.0,-12.85,-5.46,1
1951.5202,96.6,-2.0,-295.2,-10.49,-5.49,1
1951.6551,94.5,2.0,-301.0,-13.37,-5.50,1
1951.7926,94.5,-2.9,-294.2,-10.17,-5.52,1
1951.9326,95.6,0.0,-299.1,-12.02,-5.55,1
1952.0670,91.4,-2.9,-298.1,-10.71,-5.60,1
1952.2038,96.6,2.9,-299.1,-13.55,-5.65,1
1952.3358,94.5,-2.0,-300.0,-10.94,-5.68,1
1952.4723,92.4,-2.9,-295.2,-10.39,-5.70,1
1952.6091,91.4,-1.0,-296.1,-11.82,-5.73,1
1952.7459,96.6,-4.9,-297.1,-8.98,-5.74,1
1952.8794,92.4,2.0,-297.1,-13.53,-5.78,1
1953.0085,95.6,1.0,-298.1,-12.66,-5.82,1
1953.1429,92.4,-1.0,-300.0,-11.98,-5.85,1
1953.2766,95.6,1.0,-301.0,-12.78,-5.88,1
1953.4135,97.7,1.0,-299.1,-12.48,-5.91,1
1953.5514,95.6,1.0,-299.1,-12.78,-5.94,1
1953.6841,94.5,-2.9,-298.1,-10.59,-5.98,1
1953.8194,94.5,-1.0,-297.1,-11.72,-5.98,1
1953.9604,94.5,-2.0,-300.0,-11.28,-6.01,1
1954.0938,94.5,0.0,-296.1,-12.02,-6.04,1
1954.2299,94.5,1.0,-297.1,-12.66,-6.07,1
1954.3666,90.3,0.0,-296.1,-12.64,-6.11,1
1954.5021,88.2,1.0,-297.1,-13.56,-6.16,1
1954.6357,92.4,-2.9,-300.0,-10.74,-6.17,1
1954.7722,97.7,0.0,-295.2,-11.63,-6.20,1
1954.9082,91.4,1.0,-296.1,-13.09,-6.24,1
1955.0451,95.6,-2.0,-302.0,-10.96,-6.27,1
1955.1834,95.6,-2.9,-299.1,-10.25,-6.29,1
1955.3193,92.4,0.0,-296.1,-12.22,-6.33,1
1955.4521,90.3,2.9,-296.1,-14.30,-6.37,1
1955.5886,94.5,2.0,-296.1,-13.07,-6.40,1
1955.7238,94.5,1.0,-300.0,-12.59,-6.45,1
1955.8602,93.5,2.0,-299.1,-13.01,-6.49,1
1955.9851,93.5,-2.9,-294.2,-9.90,-6.50,1
1956.1204,92.4,0.0,-296.1,-11.84,-6.53,1
1956.2579,92.4,0.0,-301.0,-11.98,-6.57,1
1956.3921,96.6,-2.0,-299.1,-10.23,-6.58,1
1956.5277,95.6,2.9,-300.0,-13.24,-6.62,1
1956.6644,94.5,-1.0,-303.0,-11.21,-6.64,1
1956.8000,92.4,-1.0,-299.1,-11.28,-6.67,1
1956.9392,92.4,-2.9,-293.2,-9.90,-6.68,1
1957.0605,94.5,0.0,-298.1,-11.54,-6.70,1
1957.1953,95.6,0.0,-298.1,-11.50,-6.72,1
1957.3308,93.5,1.0,-298.1,-12.41,-6.75,1
1957.4670,96.6,1.0,-301.0,-12.20,-6.77,1
1957.6011,93.5,2.0,-299.1,-13.28,-6.80,1
1957.7360,90.3,-2.9,-299.1,-10.72,-6.82,1
1957.8748,95.6,0.0,-297.1,-11.82,-6.85,1
1958.0153,94.5,-2.9,-294.2,-10.03,-6.86,1
1958.1470,93.5,1.0,-298.1,-12.71,-6.89,1
1958.2848,93.5,0.0,-297.1,-12.13,-6.91,1
1958.4229,92.4,-1.0,-297.1,-11.74,-6.94,1
1958.5556,91.4,-2.0,-297.1,-11.28,-6.96,1
1958.6910,96.6,-5.9,-297.1,-8.35,-6.96,1
1958.8282,96.6,-2.0,-298.1,-10.68,-6.99,1
1958.9663,87.2,1.0,-300.0,-13.75,-7.04,1
1959.0879,96.6,1.0,-299.1,-12.38,-7.06,1
1959.2255,93.5,-3.9,-293.2,-9.59,-7.07,1
1959.3582,92.4,1.0,-299.1,-12.92,-7.10,1
1959.4944,93.5,0.0,-294.2,-12.00,-7.13,1
1959.6312,93.5,-1.0,-298.1,-11.61,-7.15,1
1959.7667,90.3,-1.0,-295.2,-11.82,-7.19,1
1959.8997,96.6,2.0,-296.1,-12.83,-7.21,1
1960.0275,95.6,-1.0,-298.1,-11.38,-7.23,1
1960.1628,95.6,-3.9,-295.2,-9.50,-7.25,1
1960.2974,94.5,-1.0,-303.0,-11.79,-7.26,1
1960.4344,95.6,-1.0,-297.1,-11.34,-7.28,1
1960.5697,101.9,0.0,-298.1,-11.34,-7.30,1
1960.7030,93.5,-2.9,-298.1,-10.51,-7.33,1
1960.8399,93.5,0.0,-299.1,-12.34,-7.35,1
1960.9792,95.6,0.0,-294.2,-11.88,-7.37,1
1961.1133,91.4,-2.0,-300.0,-11.48,-7.41,1
1961.2501,92.4,-2.0,-298.1,-11.25,-7.43,1
1961.3852,93.5,-1.0,-300.0,-11.75,-7.46,1
1961.5221,93.5,2.0,-298.1,-13.41,-7.50,1
1961.6576,96.6,-2.9,-299.1,-10.18,-7.50,1
1961.7930,94.5,1.0,-298.1,-12.65,-7.52,1
1961.9343,94.5,-2.9,-297.1,-10.32,-7.53,1
1962.0690,94.5,2.0,-303.0,-13.47,-7.57,1
1962.2044,93.5,-2.0,-297.1,-11.03,-7.58,1
1962.3409,93.5,0.0,-294.2,-12.09,-7.61,1
1962.4752,98.7,3.9,-302.0,-13.94,-7.65,1
1962.6102,94.5,2.9,-299.1,-13.82,-7.70,1
1962.7463,92.4,2.0,-295.2,-13.37,-7.73,1
1962.8832,89.3,-2.0,-296.1,-11.40,-7.75,1
1963.0192,95.6,0.0,-302.0,-12.01,-7.78,1
1963.1557,92.4,0.0,-294.2,-12.01,-7.80,1
1963.2934,94.5,2.9,-298.1,-13.64,-7.87,1
1963.4260,92.4,0.0,-299.1,-12.20,-7.89,1
1963.5625,96.6,-2.0,-298.1,-10.52,-7.90,1
1963.6990,95.6,-3.9,-294.2,-9.35,-7.90,1
1963.8336,92.4,-2.9,-294.2,-10.24,-7.90,1
1963.9743,91.4,-2.0,-295.2,-10.85,-7.92,1
1964.1085,93.5,-2.0,-291.3,-10.47,-7.93,1
1964.2445,98.7,0.0,-296.1,-11.25,-7.92,1
1964.3780,93.5,-2.0,-297.1,-10.75,-7.94,1
1964.5144,95.6,2.0,-296.1,-12.85,-7.97,1
1964.6496,89.3,0.0,-295.2,-12.52,-8.00,1
1964.7828,86.1,-1.0,-295.2,-12.42,-8.07,1
1964.9242,93.5,-1.0,-300.0,-11.67,-8.10,1
1965.0585,93.5,-1.0,-298.1,-11.62,-8.12,1
1965.1928,92.4,0.0,-299.1,-12.35,-8.15,1
1965.3295,97.7,0.0,-295.2,-11.56,-8.16,1
1965.4645,89.3,1.0,-295.2,-13.28,-8.19,1
1965.6005,89.3,-1.0,-299.1,-12.32,-8.23,1
1965.7352,92.4,1.0,-293.2,-12.85,-8.26,1
1965.8711,94.5,-1.0,-299.1,-11.61,-8.28,1
1966.0110,93.5,0.0,-299.1,-12.31,-8.31,1
1966.1453,94.5,-3.9,-296.1,-9.70,-8.31,1
1966.2802,94.5,2.9,-300.0,-13.90,-8.34,1
1966.4161,94.5,2.9,-297.1,-13.78,-8.36,1
1966.5512,93.5,1.0,-294.2,-12.69,-8.38,1
1966.6861,92.4,-2.9,-296.1,-10.61,-8.39,1
1966.8232,93.5,0.0,-298.1,-12.33,-8.41,1
1966.9629,93.5,-2.0,-297.1,-11.10,-8.43,1
1967.0825,94.5,-1.0,-291.3,-11.32,-8.45,1
1967.2188,95.6,2.9,-297.1,-13.73,-8.48,1
1967.3555,93.5,1.0,-296.1,-12.75,-8.52,1
1967.4887,95.6,-2.0,-297.1,-10.80,-8.54,1
1967.6250,92.4,-1.0,-297.1,-11.69,-8.56,1
1967.7613,91.4,-3.9,-296.1,-9.95,-8.55,1
1967.8947,92.4,-1.0,-292.2,-11.49,-8.57,1
1968.0205,92.4,0.0,-301.0,-12.46,-8.59,1
1968.1593,92.4,-4.9,-294.2,-9.18,-8.59,1
1968.2921,94.5,-1.0,-297.1,-11.54,-8.64,1
1968.4293,98.7,1.0,-296.1,-12.11,-8.68,1
1968.5662,95.6,1.0,-295.2,-12.43,-8.70,1
1968.6996,97.7,0.0,-299.1,-11.56,-8.72,1
1968.8369,94.5,-3.9,-297.1,-9.57,-8.73,1
1968.9780,96.6,-1.0,-292.2,-10.88,-8.73,1
1969.1120,96.6,1.0,-294.2,-12.10,-8.75,1
1969.2462,91.4,-1.0,-299.1,-11.92,-8.78,1
1969.3828,94.5,-1.0,-295.2,-11.39,-8.79,1
1969.5188,94.5,1.0,-297.1,-12.61,-8.81,1
1969.6532,95.6,-1.0,-295.2,-11.28,-8.83,1
1969.7914,94.5,-2.0,-295.2,-10.82,-8.84,1
1969.9316,89.3,-1.0,-299.1,-12.15,-8.86,1
1970.0643,94.5,-2.0,-297.1,-10.99,-8.87,1
1970.2017,93.5,1.0,-299.1,-12.92,-8.94,1
1970.3374,90.3,-1.0,-300.0,-12.25,-8.96,1
1970.4734,95.6,0.0,-298.1,-12.09,-8.98,1
1970.6075,94.5,-3.9,-299.1,-9.91,-9.08,1
1970.7427,93.5,-2.9,-298.1,-10.52,-9.10,1
1970.8793,94.5,1.0,-299.1,-12.75,-9.12,1
1971.0171,95.6,2.9,-298.1,-13.71,-9.15,1
1971.1524,93.5,2.0,-300.0,-13.43,-9.20,1
1971.2901,95.6,2.9,-296.1,-13.49,-9.22,1
1971.4253,92.4,3.9,-297.1,-14.52,-9.27,1
1971.5602,96.6,-1.0,-296.1,-11.07,-9.28,1
1971.6975,94.5,2.0,-297.1,-13.05,-9.31,1
1971.8344,93.5,-2.0,-294.2,-10.96,-9.31,1
1971.9709,96.6,-4.9,-295.2,-9.01,-9.29,1
1972.1074,93.5,1.0,-295.2,-12.81,-9.32,1
1972.2419,94.5,0.0,-294.2,-12.08,-9.33,1
1972.3748,96.6,0.0,-294.2,-12.17,-9.36,1
1972.5131,94.5,0.0,-302.0,-12.78,-9.38,1
1972.6495,90.3,1.0,-294.2,-13.53,-9.43,1
1972.7831,92.4,3.9,-301.0,-15.30,-9.46,1
1972.9240,93.5,1.0,-293.2,-13.14,-9.49,1
1973.0482,93.5,2.9,-297.1,-14.44,-9.53,1
1973.1794,91.4,2.0,-297.1,-14.17,-9.55,1
1973.3163,93.5,-1.0,-299.1,-12.23,-9.57,1
1973.4537,93.5,-2.0,-301.0,-11.67,-9.58,1
1973.5913,93.5,-1.0,-298.1,-12.40,-9.60,1
1973.7258,91.4,-2.0,-299.1,-12.04,-9.62,1
1973.8629,91.4,-3.9,-298.1,-10.72,-9.62,1
1974.0010,92.4,0.0,-300.0,-13.04,-9.64,1
1974.1363,91.4,4.9,-294.2,-15.76,-9.68,1
1974.2730,89.3,-4.9,-299.1,-10.09,-9.69,1
1974.4083,92.4,-3.9,-298.1,-10.23,-9.69,1
1974.5429,96.6,-2.9,-295.2,-10.22,-9.70,1
1974.6807,93.5,-2.9,-297.1,-10.64,-9.71,1
1974.8161,95.6,-2.0,-297.1,-10.95,-9.71,1
1974.9573,92.4,-2.9,-298.1,-10.72,-9.71,1
1975.0790,95.6,-1.0,-299.1,-11.29,-9.72,1
1975.2157,93.5,1.0,-295.2,-12.46,-9.75,1
1975.3528,93.5,2.0,-295.2,-12.92,-9.78,1
1975.4876,94.5,-2.0,-302.0,-10.82,-9.78,1
1975.6226,89.3,-2.0,-294.2,-11.08,-9.80,1
1975.7588,90.3,-2.9,-299.1,-10.52,-9.80,1
1975.8934,95.6,-2.0,-293.2,-10.21,-9.81,1
1976.0313,88.2,0.0,-294.2,-12.40,-9.82,1
1976.1678,95.6,-1.0,-295.2,-10.88,-9.84,1
1976.3032,96.6,0.0,-292.2,-11.24,-9.85,1
1976.4382,96.6,1.0,-295.2,-11.89,-9.87,1
1976.5749,95.6,0.0,-301.0,-11.84,-9.90,1
1976.7122,91.4,-2.9,-299.1,-10.34,-9.90,1
1976.8472,92.4,1.0,-295.2,-12.50,-9.92,1
1976.9743,94.5,0.0,-294.2,-11.65,-9.93,1
1977.1083,95.6,-2.9,-296.1,-9.89,-9.94,1
1977.2417,96.6,0.0,-299.1,-11.58,-9.95,1
1977.3799,92.4,1.0,-302.0,-12.90,-9.97,1
1977.5167,92.4,1.0,-296.1,-12.60,-9.98,1
1977.6496,97.7,-1.0,-294.2,-10.76,-9.99,1
1977.7854,93.5,-1.0,-297.1,-11.35,-10.00,1
1977.9270,94.5,1.0,-297.1,-12.33,-10.02,1
1978.0602,93.5,-1.0,-298.1,-11.36,-10.02,1
1978.1974,91.4,2.0,-296.1,-13.33,-10.04,1
1978.3343,93.5,0.0,-296.1,-11.80,-10.09,1
1978.4705,95.6,1.0,-292.2,-11.96,-10.09,1
1978.6048,91.4,1.0,-295.2,-12.61,-10.12,1
1978.7419,94.5,1.0,-296.1,-12.21,-10.14,1
1978.8779,91.4,2.0,-296.1,-13.16,-10.16,1
1979.0154,92.4,-4.9,-296.1,-8.83,-10.16,1
1979.1524,92.4,0.0,-298.1,-11.99,-10.19,1
1979.2888,92.4,-1.0,-299.1,-11.56,-10.19,1
1979.4231,96.6,-1.0,-299.1,-10.95,-10.17,1
1979.5583,94.5,1.0,-297.1,-12.34,-10.19,1
1979.6911,95.6,0.0,-296.1,-11.62,-10.20,1
1979.8257,93.5,0.0,-301.0,-12.10,-10.21,1
1979.9638,92.4,0.0,-297.1,-12.04,-10.22,1
1980.0982,93.5,1.0,-296.1,-12.24,-10.23,1
1980.2335,96.6,-1.0,-295.2,-10.52,-10.26,1
1980.3674,93.5,1.0,-298.1,-11.93,-10.27,1
1980.5008,91.4,1.0,-294.2,-12.04,-10.28,1
1980.6364,93.5,2.0,-293.2,-12.28,-10.32,1
1980.7706,93.5,-2.0,-295.2,-10.01,-10.31,1
1980.9039,95.6,-4.9,-299.1,-8.16,-10.30,1
1981.0412,96.6,-2.9,-299.1,-9.17,-10.29,1
1981.1781,93.5,-1.0,-296.1,-10.54,-10.30,1
1981.3112,95.6,-2.0,-295.2,-9.68,-10.29,1
1981.4455,92.4,3.9,-295.2,-13.50,-10.30,1
1981.5797,88.2,-1.0,-296.1,-10.99,-10.31,1
1981.7134,92.4,0.0,-298.1,-11.24,-10.31,1
1981.8483,94.5,1.0,-295.2,-11.36,-10.32,1
1981.9733,91.4,2.9,-295.2,-12.95,-10.34,1
1982.1062,93.5,2.0,-300.0,-12.16,-10.35,1
1982.2408,92.4,2.0,-293.2,-11.99,-10.36,1
1982.3774,92.4,-2.0,-293.2,-10.17,-10.37,1
1982.5096,90.3,1.0,-298.1,-12.54,-10.39,1
1982.6447,93.5,-2.9,-294.2,-9.61,-10.38,1
1982.7808,93.5,-1.0,-297.1,-10.66,-10.39,1
1982.9156,95.6,-2.9,-292.2,-9.11,-10.38,1
1983.0524,92.4,0.0,-299.1,-11.51,-10.39,1
1983.1870,90.3,2.0,-299.1,-13.07,-10.42,1
1983.3230,95.6,-2.9,-298.1,-9.46,-10.42,1
1983.4557,92.4,0.0,-299.1,-11.35,-10.43,1
1983.5898,91.4,0.0,-294.2,-11.31,-10.43,1
1983.7242,91.4,-2.0,-296.1,-10.19,-10.43,1
1983.8588,92.4,2.0,-300.0,-12.53,-10.45,1
1983.9972,94.5,-1.0,-295.2,-10.29,-10.46,1
1984.1317,95.6,1.0,-298.1,-11.38,-10.48,1
1984.2655,93.5,1.0,-299.1,-11.70,-10.49,1
1984.3994,97.7,-3.9,-296.1,-8.23,-10.51,1
1984.5334,93.5,0.0,-299.1,-11.02,-10.51,1
1984.6661,93.5,-1.0,-297.1,-10.25,-10.52,1
1984.8010,95.6,-2.9,-300.0,-9.05,-10.51,1
1984.9402,94.5,2.0,-300.0,-12.01,-10.51,1
1985.0735,92.4,0.0,-295.2,-11.00,-10.50,1
1985.2082,92.4,0.0,-295.2,-11.00,-10.50,1
1985.3424,92.4,2.0,-295.2,-12.26,-10.52,1
1985.4769,94.5,-2.9,-299.1,-9.21,-10.51,1
1985.6112,95.6,0.0,-296.1,-10.74,-10.52,1
1985.7459,93.5,0.0,-295.2,-10.96,-10.54,1
1985.8806,93.5,0.0,-296.1,-10.99,-10.58,1
1986.0078,90.3,-2.0,-294.2,-10.05,-10.58,1
1986.1397,95.6,0.0,-291.3,-10.61,-10.57,1
1986.2744,92.4,2.9,-299.1,-12.57,-10.60,1
1986.4086,95.6,-1.0,-300.0,-10.24,-10.58,1
1986.5442,89.3,-2.9,-291.3,-9.19,-10.57,1
1986.6781,93.5,-2.0,-296.1,-9.76,-10.58,1
1986.8110,96.6,1.0,-296.1,-11.24,-10.59,1
1986.9492,92.4,-3.9,-293.2,-8.75,-10.58,1
1987.0711,94.5,-2.0,-295.2,-9.79,-10.58,1
1987.2038,94.5,-2.0,-297.1,-9.83,-10.58,1
1987.3383,91.4,-2.0,-294.2,-10.07,-10.58,1
1987.4730,94.5,1.0,-299.1,-11.66,-10.59,1
1987.6087,94.5,2.0,-294.2,-12.08,-10.61,1
1987.7415,94.5,-1.0,-298.1,-10.46,-10.64,1
1987.8763,93.5,1.0,-294.2,-12.33,-10.67,1
1988.0014,95.6,-2.0,-296.1,-10.15,-10.72,1
1988.1353,90.3,0.0,-296.1,-11.87,-10.73,1
1988.2699,92.4,1.0,-294.2,-12.06,-10.74,1
1988.4041,93.5,-1.0,-296.1,-10.85,-10.75,1
1988.5389,90.3,2.9,-295.2,-13.57,-10.77,1
1988.6729,91.4,-2.0,-293.2,-10.35,-10.75,1
1988.8075,92.4,-4.9,-298.1,-8.64,-10.72,1
1988.9455,93.5,-1.0,-298.1,-10.96,-10.72,1
1989.0775,95.6,1.0,-298.1,-12.24,-10.72,1
1989.2128,93.5,1.0,-295.2,-12.30,-10.70,1
1989.3471,95.6,0.0,-294.2,-11.48,-10.71,1
1989.4804,93.5,-1.0,-296.1,-11.15,-10.72,1
1989.6148,92.4,0.0,-294.2,-11.72,-10.73,1
1989.7515,94.5,-1.0,-298.1,-11.04,-10.73,1
1989.8847,97.7,-2.0,-296.1,-10.05,-10.73,1
1990.0218,91.4,-2.0,-295.2,-10.63,-10.72,1
1990.1561,93.5,0.0,-293.2,-11.57,-10.73,1
1990.2907,91.4,-2.0,-299.1,-10.86,-10.73,1
1990.4255,90.3,1.0,-300.0,-12.89,-10.74,1
1990.5594,95.6,-2.0,-293.2,-10.11,-10.74,1
1990.6920,89.3,-1.0,-302.0,-11.78,-10.77,1
1990.8262,95.6,-2.0,-296.1,-10.17,-10.76,1
1990.9639,93.5,-2.9,-298.1,-9.78,-10.75,1
1991.0972,92.4,3.9,-295.2,-13.88,-10.77,1
1991.2324,93.5,2.0,-296.1,-12.53,-10.79,1
1991.3679,95.6,-1.0,-295.2,-10.48,-10.79,1
1991.5005,93.5,0.0,-299.1,-11.46,-10.79,1
1991.6347,93.5,0.0,-293.2,-11.24,-10.80,1
1991.7695,93.5,2.0,-299.1,-12.70,-10.91,1
1991.9040,92.4,0.0,-298.1,-11.60,-10.93,1
1992.0405,93.5,-1.0,-300.0,-10.86,-10.93,1
1992.1753,91.4,-3.9,-295.2,-9.11,-10.92,1
1992.3085,93.5,-1.0,-298.1,-10.76,-10.93,1
1992.4435,96.6,-2.0,-297.1,-9.78,-10.90,1
1992.5790,86.1,0.0,-299.1,-13.61,-10.87,1
1992.7120,91.4,2.9,-298.1,-15.20,-10.85,1
1992.8469,91.4,-1.0,-297.1,-12.89,-10.86,1
1992.9726,87.2,2.0,-294.2,-15.34,-10.90,1
1993.1055,95.6,0.0,-296.1,-12.73,-10.93,1
1993.2409,91.4,0.0,-298.1,-13.46,-10.94,1
1993.3753,94.5,-2.9,-299.1,-11.05,-10.96,1
1993.5106,89.3,-2.0,-299.1,-12.42,-10.97,1
1993.6433,93.5,-2.0,-296.1,-11.60,-10.99,1
1993.7781,90.3,-1.0,-299.1,-12.76,-10.99,1
1993.9130,92.4,-5.9,-295.2,-9.09,-10.98,1
1994.0495,94.5,-1.0,-295.2,-11.88,-11.00,1
1994.1836,98.7,-3.9,-295.2,-9.59,-10.98,1
1994.3182,99.8,-2.0,-298.1,-10.84,-10.97,1
1994.4511,94.5,-2.9,-294.2,-10.66,-10.96,1
1994.5850,95.6,-1.0,-297.1,-11.79,-10.97,1
1994.7191,96.6,2.0,-294.2,-13.37,-10.98,1
1994.8520,97.7,1.0,-297.1,-12.82,-11.01,1
1994.9772,92.4,-2.0,-300.0,-11.82,-11.04,1
1995.1113,92.4,-2.0,-297.1,-11.72,-11.05,1
1995.2455,92.4,0.0,-299.1,-13.16,-11.06,1
1995.3784,90.3,-2.9,-297.1,-11.39,-11.07,1
1995.5134,98.7,0.0,-298.1,-12.21,-11.07,1
1995.6487,92.4,-2.9,-293.2,-10.97,-11.07,1
1995.7815,96.6,-2.0,-296.1,-11.16,-11.07,1
1995.9179,92.4,-1.0,-297.1,-12.53,-11.08,1
1996.0577,91.4,2.0,-298.1,-14.83,-11.07,1
1996.1933,94.5,2.0,-294.2,-14.08,-11.11,1
1996.3294,92.4,1.0,-297.1,-13.92,-11.12,1
1996.4654,96.6,-2.0,-301.0,-11.48,-11.13,1
1996.5983,93.5,0.0,-297.1,-13.02,-11.15,1
1996.7354,90.3,-4.9,-295.2,-9.91,-11.14,1
1996.8713,91.4,-1.0,-298.1,-12.59,-11.16,1
1997.0084,95.6,-1.0,-293.2,-11.57,-11.17,1
1997.1424,90.3,0.0,-296.1,-13.13,-11.32,1
1997.2795,89.3,-2.0,-297.1,-12.01,-11.32,1
1997.4138,89.3,2.0,-296.1,-14.66,-11.34,1
1997.5485,96.6,-2.0,-294.2,-10.87,-11.33,1
1997.6839,96.6,-2.9,-299.1,-10.49,-11.32,1
1997.8196,95.6,2.9,-295.2,-14.21,-11.35,1
1997.9564,94.5,0.0,-297.1,-12.56,-11.37,1
1998.0785,94.5,1.0,-296.1,-13.17,-11.38,1
1998.2130,94.5,1.0,-295.2,-13.21,-11.41,1
1998.3494,93.5,-1.0,-291.3,-11.81,-11.42,1
1998.4848,96.6,-2.0,-295.2,-10.88,-11.52,1
1998.6187,90.3,-4.9,-300.0,-10.03,-11.50,1
1998.7550,94.5,-1.0,-294.2,-11.85,-11.49,1
1998.8910,91.4,0.0,-302.0,-13.27,-11.55,1
1999.0275,94.5,-1.0,-294.2,-12.01,-11.56,1
1999.1620,96.6,2.0,-302.0,-13.75,-11.61,1
1999.2970,91.4,-2.0,-296.1,-11.73,-11.62,1
1999.4311,95.6,1.0,-301.0,-13.24,-11.63,1
1999.5654,97.7,-1.0,-296.1,-11.46,-11.62,1
1999.6997,90.3,5.9,-299.1,-17.19,-11.68,1
1999.8332,90.3,-3.9,-296.1,-10.35,-11.68,1
1999.9707,93.5,-2.9,-296.1,-10.68,-11.68,1
2000.1054,97.7,2.0,-296.1,-13.26,-11.70,1
2000.2394,91.4,0.0,-297.1,-12.99,-11.71,1
2000.3739,91.4,-2.0,-300.0,-11.77,-11.72,1
2000.5094,94.5,0.0,-298.1,-12.54,-11.73,1
2000.6424,94.5,-5.9,-297.1,-8.65,-11.69,1
2000.7755,88.2,-1.0,-297.1,-12.83,-11.70,1
2000.9104,91.4,-2.9,-295.2,-10.89,-11.69,1
2001.0478,93.5,-2.0,-293.2,-11.12,-11.70,1
2001.1825,94.5,-1.0,-296.1,-11.74,-11.71,1
2001.3169,90.3,1.0,-295.2,-13.57,-11.73,1
2001.4497,94.5,1.0,-293.2,-12.83,-11.76,1
2001.5837,92.4,-4.9,-293.2,-9.16,-11.74,1
2001.7180,96.6,-3.9,-297.1,-9.54,-11.74,1
2001.8524,93.5,-1.0,-298.1,-11.95,-11.73,1
2001.9775,88.2,2.0,-297.1,-14.68,-11.75,1
2002.1130,94.5,0.0,-296.1,-12.39,-11.79,1
2002.2486,92.4,-1.0,-298.1,-12.18,-11.80,1
2002.3815,94.5,1.0,-296.1,-13.09,-11.81,1
2002.5179,94.5,0.0,-294.2,-12.36,-11.79,1
2002.6550,93.5,-2.9,-301.0,-10.89,-11.80,1
2002.7878,95.6,0.0,-300.0,-12.48,-11.81,1
2002.9225,95.6,2.9,-296.1,-14.15,-11.83,1
2003.0484,92.4,-4.9,-295.2,-9.44,-11.80,1
2003.1824,94.5,-1.0,-297.1,-11.80,-11.81,1
2003.3173,91.4,-2.0,-295.2,-11.52,-11.80,1
2003.4534,95.6,0.0,-294.2,-12.20,-11.80,1
2003.5876,93.5,1.0,-299.1,-13.50,-11.82,1
2003.7226,97.7,-1.0,-296.1,-11.46,-11.83,1
2003.8590,92.4,-4.9,-294.2,-9.42,-11.82,1
2003.9963,94.5,1.0,-295.2,-13.00,-11.85,1
2004.1300,94.5,-2.0,-297.1,-11.23,-11.85,1
2004.2672,90.3,-2.9,-299.1,-11.28,-11.85,1
2004.4013,90.3,2.9,-297.1,-15.04,-11.88,1
2004.5362,98.7,-2.0,-299.1,-10.81,-11.88,1
2004.6719,95.6,-1.0,-298.1,-11.90,-11.86,1
2004.8104,92.4,-1.0,-297.1,-12.30,-11.90,1
2004.9486,92.4,-1.0,-296.1,-12.20,-11.94,1
2005.0815,91.4,-1.0,-298.1,-12.41,-11.95,1
2005.2178,96.6,1.0,-299.1,-12.95,-11.96,1
2005.3536,89.3,-2.0,-295.2,-11.92,-11.96,1
2005.4862,92.4,-1.0,-296.1,-12.09,-11.97,1
2005.6216,91.4,-2.0,-296.1,-11.60,-11.96,1
2005.7569,92.4,-2.0,-295.2,-11.41,-11.98,1
2005.8916,92.4,-1.0,-299.1,-12.18,-11.99,1
2006.0174,93.5,1.0,-298.1,-13.21,-12.02,1
2006.1523,90.3,-4.9,-294.2,-9.59,-12.00,1
2006.2864,94.5,-1.0,-289.3,-11.38,-12.00,1
2006.4234,93.5,-2.9,-294.2,-10.54,-12.00,1
2006.5575,92.4,0.0,-297.1,-12.69,-12.02,1
2006.6940,93.5,2.0,-298.1,-13.79,-12.03,1
2006.8290,96.6,-3.9,-295.2,-9.60,-12.02,1
2006.9687,92.4,-2.0,-297.1,-11.38,-12.06,1
2007.1031,99.8,-1.0,-293.2,-10.96,-12.05,1
2007.2381,94.5,-2.9,-296.1,-10.51,-12.05,1
2007.3725,94.5,-2.0,-299.1,-11.27,-12.04,1
2007.5109,91.4,2.9,-295.2,-14.89,-12.09,1
2007.6450,94.5,-2.9,-297.1,-10.87,-12.10,1
2007.7806,89.3,0.0,-296.1,-13.31,-12.10,1
2007.9182,90.3,-1.0,-298.1,-12.51,-12.12,1
2008.0437,91.4,-6.8,-295.2,-8.45,-12.09,1
2008.1792,99.8,-2.0,-301.0,-10.81,-12.08,1
2008.3163,94.5,1.0,-297.1,-12.94,-12.09,1
2008.4530,94.5,0.0,-293.2,-12.15,-12.10,1
2008.5873,91.4,0.0,-294.2,-12.55,-12.12,1
2008.7269,94.5,-3.9,-296.1,-9.75,-12.11,1
2008.8617,93.5,1.0,-296.1,-12.63,-12.12,1
2008.9993,89.3,-2.0,-296.1,-11.36,-12.08,1
2009.1358,95.6,-2.9,-294.2,-9.88,-12.07,1
2009.2727,91.4,-1.0,-298.1,-11.62,-12.08,1
2009.4057,100.8,-4.9,-293.2,-8.14,-12.06,1
2009.5431,94.5,-2.9,-296.1,-9.95,-12.05,1
2009.6806,95.6,-4.9,-295.2,-8.63,-12.03,1
2009.8161,92.4,-1.0,-295.2,-11.27,-12.03,1
2009.9551,95.6,-1.0,-295.2,-10.89,-12.02,1
2010.0782,90.3,-1.0,-296.1,-11.56,-12.02,1
2010.2132,91.4,-2.0,-295.2,-10.73,-12.01,1
2010.3478,95.6,-2.0,-297.1,-10.21,-12.00,1
2010.4848,93.5,-2.0,-294.2,-10.43,-11.99,1
2010.6197,92.4,-1.0,-300.0,-11.21,-11.99,1
2010.7551,94.5,-2.0,-299.1,-10.36,-11.99,1
2010.8925,90.3,-6.8,-296.1,-7.71,-11.96,1
2011.0182,89.3,-3.9,-299.1,-9.72,-11.94,1
2011.1512,96.6,-2.9,-299.1,-9.57,-11.92,1
2011.2894,89.3,-2.0,-295.2,-10.81,-11.91,1
2011.4233,90.3,-2.9,-297.1,-10.40,-11.92,1
2011.5561,90.3,-2.9,-294.2,-10.20,-11.92,1
2011.6931,92.4,-4.9,-300.0,-9.01,-11.91,1
2011.8312,95.6,-3.9,-299.1,-9.28,-11.89,1
2011.9702,94.5,-6.8,-296.1,-7.51,-11.87,1
2012.0893,90.3,-2.9,-295.2,-10.25,-11.83,1
2012.2266,92.4,-1.0,-297.1,-11.27,-11.83,1
2012.3633,91.4,-3.9,-296.1,-9.57,-11.79,1
2012.4956,92.4,-4.9,-293.2,-8.70,-11.78,1
2012.6321,92.4,-2.0,-299.1,-10.66,-11.78,1
2012.7678,94.5,0.0,-295.2,-11.74,-11.78,1
2012.9020,92.4,-4.9,-296.1,-9.11,-11.80,1
2013.0286,92.4,-2.0,-298.1,-10.94,-11.79,1
2013.1637,95.6,-4.9,-298.1,-8.91,-11.77,1
2013.2975,97.7,0.0,-298.1,-11.49,-11.77,1
2013.4352,95.6,-1.0,-295.2,-11.13,-11.76,1
2013.5713,94.5,-2.9,-296.1,-10.16,-11.75,1
2013.7042,93.5,-2.0,-298.1,-10.96,-11.75,1
2013.8414,95.6,0.0,-296.1,-11.82,-11.75,1
2013.9824,91.4,0.0,-297.1,-12.42,-11.75,1
2014.1165,98.7,0.0,-293.2,-11.42,-11.75,1
2014.2517,95.6,2.9,-299.1,-13.70,-11.77,1
2014.3884,94.5,-3.9,-298.1,-9.82,-11.75,1
2014.5253,91.4,1.0,-295.2,-12.98,-11.76,1
2014.6574,92.4,1.0,-299.1,-12.94,-11.75,1
2014.7945,91.4,0.0,-297.1,-12.45,-11.76,1
2014.9339,90.3,2.9,-298.1,-14.51,-11.79,1
2015.0678,92.4,2.0,-295.2,-13.44,-11.80,1
2015.2043,91.4,-1.0,-295.2,-11.85,-11.80,1
2015.3398,92.4,-1.0,-299.1,-11.79,-11.80,1
2015.4770,93.5,-1.0,-295.2,-11.61,-11.79,1
2015.6126,95.6,0.0,-295.2,-11.88,-11.80,1
2015.7476,91.4,0.0,-294.2,-12.40,-11.80,1
2015.8850,92.4,-2.9,-296.1,-10.45,-11.78,1
2016.0233,94.5,1.0,-294.2,-12.76,-11.79,1
2016.1585,86.1,0.0,-298.1,-13.94,-11.79,1
2016.2924,91.4,-2.0,-300.0,-11.73,-11.80,1
2016.4268,92.4,-2.9,-298.1,-11.04,-11.80,1
2016.5596,92.4,-1.0,-298.1,-12.25,-11.80,1
2016.6933,92.4,-1.0,-295.2,-12.08,-11.82,1
2016.8277,93.5,-3.9,-294.2,-10.16,-11.81,1
2016.9648,98.7,-3.9,-299.1,-9.72,-11.79,1
2017.0979,89.3,0.0,-294.2,-13.02,-11.80,1
2017.2338,94.5,-1.0,-295.2,-11.74,-11.81,1
2017.3664,92.4,-5.9,-297.1,-9.11,-11.78,1
2017.5012,90.3,-1.0,-297.1,-12.35,-11.78,1
2017.6352,96.6,-1.0,-296.1,-11.50,-11.79,1
2017.7690,92.4,-2.0,-296.1,-11.48,-11.82,1
2017.9038,90.3,-2.0,-295.2,-11.62,-11.81,1
2018.0289,97.7,-5.9,-297.1,-8.55,-11.79,1
2018.1616,93.5,-2.9,-297.1,-10.65,-11.80,1
2018.2978,90.3,-4.9,-295.2,-9.75,-11.78,1
2018.4320,93.5,1.0,-299.1,-12.98,-11.79,1
2018.5663,98.7,0.0,-293.2,-11.60,-11.78,1
2018.6993,94.5,0.0,-295.2,-12.15,-11.78,1
2018.8338,90.3,1.0,-299.1,-13.49,-11.79,1
2018.9716,94.5,-1.0,-293.2,-11.28,-11.80,1
2019.1048,87.2,-2.0,-295.2,-11.76,-11.81,1
2019.2400,91.4,-2.9,-294.2,-10.66,-11.80,1
2019.3778,94.5,2.9,-296.1,-13.44,-11.79,1
2019.5105,90.3,-2.0,-297.1,-11.09,-11.82,1
2019.6471,92.4,-1.0,-299.1,-11.47,-11.82,1
2019.7837,98.7,-3.9,-300.0,-9.09,-11.79,1
2019.9193,98.7,-2.9,-295.2,-9.44,-11.78,1
2020.0428,95.6,2.0,-296.1,-12.62,-11.80,1
2020.1801,97.7,0.0,-296.1,-11.25,-11.80,1
2020.3156,97.7,3.9,-297.1,-13.35,-11.82,1
2020.4492,94.5,4.9,-296.1,-14.31,-11.85,1
2020.5858,96.6,-1.0,-298.1,-10.42,-11.82,1
2020.7188,94.5,-2.0,-295.2,-10.29,-11.80,1
2020.8535,100.8,-2.9,-296.1,-8.90,-11.76,1
2020.9793,93.5,0.0,-297.1,-11.43,-11.75,1
2021.1112,93.5,1.0,-296.1,-11.96,-11.75,1
2021.2446,91.4,0.0,-297.1,-11.79,-11.76,1
2021.3790,94.5,0.0,-296.1,-11.46,-11.76,1
2021.5142,92.4,-1.0,-297.1,-11.16,-11.76,1
2021.6469,93.5,-1.0,-296.1,-10.99,-11.78,1
2021.7817,90.3,2.9,-300.0,-13.90,-11.79,1
2021.9165,91.4,-2.0,-296.1,-10.65,-11.79,1
2022.0542,91.4,2.0,-291.3,-12.72,-11.81,1
2022.1888,95.6,-1.0,-296.1,-10.69,-11.79,1
2022.3233,91.4,-1.0,-298.1,-11.23,-11.78,1
2022.4564,92.4,-1.0,-297.1,-10.93,-11.78,1
2022.5917,95.6,0.0,-292.2,-10.94,-11.77,1
2022.7263,96.6,-2.0,-302.0,-10.07,-11.80,1
2022.8593,94.5,0.0,-297.1,-11.24,-11.79,1
2022.9982,96.6,0.0,-292.2,-10.77,-11.77,1
2023.1313,92.4,-3.9,-297.1,-9.04,-11.76,1
2023.2644,92.4,1.0,-297.1,-11.91,-11.77,1
2023.3987,92.4,0.0,-300.0,-11.48,-11.77,1
2023.5330,93.5,0.0,-294.2,-11.09,-11.74,1
2023.6664,93.5,-2.0,-296.1,-9.89,-11.76,1
2023.8023,94.5,2.9,-297.1,-12.53,-11.76,1
2023.9405,95.6,-2.0,-293.2,-9.44,-11.74,1
2024.0741,91.4,1.0,-296.1,-11.67,-11.75,1
2024.2109,92.4,-1.0,-297.1,-10.40,-11.74,1
2024.3452,98.7,-1.0,-294.2,-9.70,-11.79,1
2024.4799,95.6,2.0,-297.1,-11.74,-11.80,1
2024.6156,93.5,0.0,-297.1,-10.82,-11.80,1
2024.7520,97.7,1.0,-292.2,-10.88,-11.79,1
2024.8854,95.6,-1.0,-295.2,-10.15,-11.77,1
2025.0115,90.3,0.0,-295.2,-11.16,-11.77,1
2025.1476,92.4,1.0,-298.1,-12.07,-11.87,1
2025.2815,87.2,-2.0,-296.1,-10.75,-11.86,1
2025.4176,91.4,-3.9,-295.2,-8.92,-11.84,1
2025.5539,92.4,2.0,-299.1,-12.38,-11.85,1
2025.6863,96.6,-3.9,-297.1,-8.48,-11.83,1
2025.8234,88.2,2.0,-297.1,-12.82,-11.84,1
2025.9628,95.6,-1.0,-293.2,-10.06,-11.74,1
2026.0955,91.4,-1.0,-293.2,-10.51,-11.76,1
2026.2324,94.5,-1.0,-298.1,-10.35,-11.76,1
2026.3700,91.4,-1.0,-297.1,-10.61,-11.75,1
2026.5068,96.6,-2.9,-295.2,-8.84,-11.73,1
2026.6398,93.5,-1.0,-300.0,-10.67,-11.72,1
2026.7756,93.5,-3.9,-297.1,-8.85,-11.71,1
2026.9112,91.4,2.0,-299.1,-12.55,-11.71,1
2027.0474,94.5,-1.0,-297.1,-10.51,-11.73,1
2027.1833,91.4,-2.0,-297.1,-10.25,-11.72,1
2027.3178,92.4,-5.9,-297.1,-7.85,-11.69,1
2027.4516,93.5,1.0,-297.1,-11.75,-11.70,1
2027.5871,93.5,0.0,-298.1,-11.28,-11.66,1
2027.7214,91.4,2.9,-296.1,-13.15,-11.68,1
2027.8575,95.6,-1.0,-294.2,-10.31,-11.66,1
2027.9831,99.8,-3.9,-294.2,-8.26,-11.64,1
2028.1175,94.5,-2.0,-298.1,-10.07,-11.62,1
2028.2539,93.5,-4.9,-296.1,-8.32,-11.60,1
2028.3885,93.5,-1.0,-299.1,-10.72,-11.60,1
2028.5255,97.7,-2.0,-298.1,-9.66,-11.58,1
2028.6597,92.4,3.9,-298.1,-13.51,-11.61,1
2028.7924,95.6,1.0,-295.2,-11.29,-11.62,1
2028.9317,97.7,-7.8,-294.2,-6.08,-11.58,1
2029.0661,95.6,-1.0,-293.2,-10.36,-11.58,1
2029.2000,98.7,-1.0,-296.1,-10.09,-11.57,1
2029.3355,92.4,-2.9,-296.1,-9.56,-11.57,1
2029.4696,93.5,-2.9,-298.1,-9.50,-11.58,1
2029.6065,95.6,-7.8,-297.1,-6.49,-11.54,1
2029.7407,93.5,0.0,-296.1,-11.10,-11.54,1
2029.8754,98.7,-2.9,-293.2,-8.85,-11.51,1
2030.0154,93.5,-2.0,-295.2,-9.97,-11.50,1
2030.1510,95.6,-3.9,-294.2,-8.59,-11.48,1
2030.2854,91.4,-4.9,-297.1,-8.50,-11.47,1
2030.4213,93.5,0.0,-293.2,-10.81,-11.45,1
2030.5550,97.7,-1.0,-296.1,-9.78,-11.42,1
2030.6908,93.5,-2.0,-293.2,-9.78,-11.32,1
2030.8266,91.4,1.0,-294.2,-11.91,-11.34,1
2030.9643,91.4,2.0,-292.2,-12.21,-11.35,1
2031.0962,97.7,-1.0,-295.2,-9.91,-11.33,1
2031.2309,91.4,-3.9,-293.2,-8.76,-11.31,1
2031.3652,96.6,-1.0,-297.1,-10.21,-11.31,1
2031.4980,93.5,1.0,-298.1,-11.74,-11.31,1
2031.6322,89.3,2.0,-299.1,-12.78,-11.32,1
2031.7675,94.5,0.0,-298.1,-10.75,-11.30,1
2031.9008,95.6,1.0,-295.2,-12.48,-11.28,1
2032.0375,97.7,-1.0,-292.2,-10.38,-11.25,1
2032.1719,95.6,-4.9,-300.0,-8.79,-11.21,1
2032.3061,88.2,4.9,-295.2,-15.71,-11.24,1
2032.4402,96.6,0.0,-293.2,-11.46,-11.24,1
2032.5742,91.4,-1.0,-298.1,-11.85,-11.24,1
2032.7072,98.7,-3.9,-299.1,-9.25,-11.21,1
2032.8412,92.4,0.0,-296.1,-12.14,-11.32,1
2032.9794,90.3,2.0,-297.1,-13.77,-11.31,1
2033.1123,98.7,0.0,-294.2,-11.38,-11.30,1
2033.2470,92.4,-1.0,-299.1,-11.68,-11.31,1
2033.3824,91.4,1.0,-292.2,-12.85,-11.32,1
2033.5148,96.6,-4.9,-293.2,-8.81,-11.30,1
2033.6490,96.6,-3.9,-294.2,-9.44,-11.29,1
2033.7834,91.4,0.0,-296.1,-12.38,-11.29,1
2033.9176,92.4,-5.9,-298.1,-8.79,-11.27,1
2034.0559,95.6,0.0,-294.2,-11.90,-11.27,1
2034.1904,92.4,2.9,-294.2,-14.06,-11.29,1
2034.3232,93.5,-2.9,-292.2,-10.28,-11.29,1
2034.4586,91.4,-1.0,-297.1,-11.95,-11.29,1
2034.5927,98.7,1.0,-292.2,-11.95,-11.30,1
2034.7251,91.4,-2.0,-300.0,-11.38,-11.30,1
2034.8601,93.5,-1.0,-300.0,-11.67,-11.29,1
2034.9859,91.4,-1.0,-293.2,-11.75,-11.28,1
2035.1179,93.5,-2.0,-298.1,-11.07,-11.28,1
2035.2524,91.4,-2.0,-298.1,-11.30,-11.29,1
2035.3883,94.5,0.0,-299.1,-12.13,-11.30,1
2035.5235,93.5,-2.9,-293.2,-10.22,-11.29,1
2035.6575,95.6,2.0,-296.1,-12.89,-11.31,1
2035.7933,94.5,-1.0,-295.2,-11.28,-11.30,1
2035.9311,92.4,-2.9,-299.1,-10.60,-11.30,1
2036.0658,93.5,1.0,-299.1,-12.90,-11.31,1
2036.2013,94.5,2.0,-298.1,-13.29,-11.33,1
2036.3355,96.6,-3.9,-300.0,-9.64,-11.32,1
2036.4697,91.4,0.0,-299.1,-12.53,-11.32,1
2036.6069,95.6,-2.0,-295.2,-10.50,-11.31,1
2036.7333,95.6,-2.0,-299.1,-10.68,-11.30,1
2036.8690,89.3,2.9,-292.2,-14.17,-11.32,1
2036.9937,92.4,-1.0,-294.2,-11.48,-11.33,1
2037.1270,92.4,-1.0,-293.2,-11.40,-11.35,1
2037.2626,91.4,-2.0,-297.1,-11.10,-11.36,1
2037.3973,91.4,1.0,-295.2,-12.76,-11.36,1
2037.5307,95.6,-2.0,-294.2,-10.51,-11.36,1
2037.6658,95.6,-5.9,-295.2,-8.23,-11.34,1
2037.7998,95.6,-2.0,-297.1,-10.63,-11.32,1
2037.9396,95.6,-2.0,-298.1,-10.57,-11.34,1
2038.0739,95.6,-3.9,-298.1,-9.48,-11.31,1
2038.2094,94.5,0.0,-294.2,-11.78,-11.33,1
2038.3458,91.4,-1.0,-298.1,-11.71,-11.32,1
2038.4774,91.4,-1.0,-297.1,-11.61,-11.33,1
2038.6122,95.6,-1.0,-294.2,-11.09,-11.32,1
2038.7499,93.5,1.0,-296.1,-12.51,-11.33,1
2038.8865,93.5,-2.0,-297.1,-10.78,-11.33,1
2039.0220,96.6,-2.0,-297.1,-10.31,-11.32,1
2039.1587,91.4,0.0,-298.1,-12.01,-11.32,1
2039.2942,93.5,1.0,-297.1,-12.36,-11.32,1
2039.4272,95.6,0.0,-298.1,-11.77,-11.34,1
2039.5614,91.4,0.0,-296.1,-11.91,-11.34,1
2039.6956,95.6,-3.9,-298.1,-9.14,-11.33,1
2039.8297,95.6,1.0,-295.2,-11.89,-11.34,1
2039.9679,99.8,-2.9,-297.1,-9.02,-11.32,1
2040.1025,87.2,1.0,-299.1,-12.76,-11.33,1
2040.2355,88.2,-1.0,-297.1,-11.39,-11.33,1
2040.3695,98.7,0.0,-297.1,-10.71,-11.32,1
2040.5035,91.4,-2.0,-296.1,-10.33,-11.31,1
2040.6361,95.6,0.0,-296.1,-11.02,-11.30,1
2040.7703,95.6,-2.0,-298.1,-9.90,-11.30,1
2040.9061,95.6,1.0,-295.2,-11.50,-11.29,1
2041.0424,96.6,-1.0,-298.1,-10.21,-11.29,1
2041.1769,93.5,0.0,-296.1,-11.05,-11.29,1
2041.3115,95.6,0.0,-295.2,-10.77,-11.28,1
2041.4453,100.8,0.0,-297.1,-10.32,-11.27,1
2041.5795,90.3,-2.9,-300.0,-9.80,-11.24,1
2041.7135,95.6,-1.0,-292.2,-10.12,-11.22,1
2041.8465,95.6,-3.9,-293.2,-8.36,-11.20,1
2041.9859,91.4,-1.0,-293.2,-10.50,-11.20,1
2042.1180,93.5,-2.0,-298.1,-9.93,-11.19,1
2042.2509,93.5,0.0,-294.2,-10.89,-11.18,1
2042.3853,92.4,0.0,-297.1,-11.12,-11.17,1
2042.5207,91.4,0.0,-299.1,-12.07,-11.18,1
2042.6569,93.5,-1.0,-297.1,-11.10,-11.19,1
2042.7921,94.5,-2.0,-298.1,-10.51,-11.18,1
2042.9328,92.4,-2.0,-296.1,-10.78,-11.16,1
2043.0546,98.7,0.0,-298.1,-11.26,-11.16,1
2043.1898,91.4,-1.0,-299.1,-11.70,-11.15,1
2043.3269,93.5,2.0,-296.1,-13.07,-11.13,1
2043.4614,93.5,2.0,-295.2,-13.00,-11.15,1
2043.5974,95.6,-4.9,-296.1,-8.79,-11.13,1
2043.7343,90.3,-2.0,-299.1,-11.23,-11.13,1
2043.8693,91.4,-2.9,-296.1,-10.39,-11.12,1
2043.9944,94.5,-5.9,-293.2,-8.23,-11.10,1
2044.1308,94.5,1.0,-295.2,-12.58,-11.11,1
2044.2654,94.5,2.0,-295.2,-13.17,-11.12,1
2044.4003,92.4,-4.9,-296.1,-9.36,-11.10,1
2044.5371,94.5,0.0,-294.2,-11.93,-11.12,1
2044.6723,99.8,-2.0,-295.2,-10.17,-11.09,1
2044.8072,97.7,0.0,-299.1,-11.63,-11.10,1
2044.9481,91.4,1.0,-296.1,-12.90,-11.11,1
2045.0823,93.5,-4.9,-294.2,-8.94,-11.12,1
2045.2164,92.4,-2.0,-299.1,-11.01,-11.11,1
2045.3535,95.6,2.0,-295.2,-12.71,-11.13,1
2045.4899,94.5,-2.0,-292.2,-10.46,-11.13,1
2045.6229,95.6,2.0,-298.1,-13.09,-11.14,1
2045.7608,91.4,1.0,-294.2,-12.95,-11.14,1
2045.8977,96.6,-2.0,-296.1,-10.63,-11.14,1
2046.0329,92.4,0.0,-300.0,-12.45,-11.15,1
2046.1691,92.4,1.0,-296.1,-12.88,-11.17,1
2046.3069,94.5,2.9,-295.2,-13.67,-11.18,1
2046.4422,96.6,2.9,-298.1,-13.44,-11.18,1
2046.5764,94.5,2.0,-297.1,-13.11,-11.29,1
2046.7128,92.4,-2.9,-296.1,-10.42,-11.28,1
2046.8496,94.5,0.0,-296.1,-11.92,-11.27,1
2046.9882,98.7,-1.0,-296.1,-10.89,-11.26,1
2047.1225,96.6,1.0,-298.1,-12.33,-11.27,1
2047.2581,87.2,2.0,-299.1,-14.31,-11.30,1
2047.3936,98.7,1.0,-295.2,-11.96,-11.30,1
2047.5299,93.5,2.0,-296.1,-13.28,-11.30,1
2047.6648,96.6,1.0,-293.2,-12.11,-11.31,1
2047.8020,92.4,2.9,-298.1,-14.00,-11.34,1
2047.9408,92.4,0.0,-298.1,-12.14,-11.35,1
2048.0752,93.5,-2.0,-297.1,-10.83,-11.33,1
2048.2117,89.3,1.0,-296.1,-13.45,-11.35,1
2048.3458,94.5,-1.0,-292.2,-11.39,-11.36,1
2048.4806,93.5,2.9,-296.1,-14.03,-11.38,1
2048.6164,96.6,2.9,-295.2,-13.54,-11.40,1
2048.7505,95.6,-3.9,-297.1,-9.76,-11.39,1
2048.8860,91.4,1.0,-296.1,-13.30,-11.40,1
2049.0119,93.5,1.0,-295.2,-12.94,-11.42,1
2049.1464,94.5,-1.0,-296.1,-11.67,-11.42,1
2049.2814,92.4,2.9,-296.1,-14.27,-11.44,1
2049.4183,95.6,3.9,-295.2,-14.29,-11.46,1
2049.5557,90.3,0.0,-292.2,-12.60,-11.47,1
2049.6880,96.6,0.0,-296.1,-11.95,-11.49,1
2049.8252,94.5,-1.0,-296.1,-11.57,-11.49,1
2049.9657,92.4,-2.0,-295.2,-11.22,-11.48,1
2050.1000,93.5,2.0,-297.1,-13.40,-11.50,1
2050.2354,92.4,-2.0,-296.1,-11.16,-11.50,1
2050.3724,96.6,-2.0,-298.1,-10.76,-11.49,1
2050.5050,92.4,-2.9,-294.2,-10.45,-11.49,1
2050.6426,97.7,-2.0,-298.1,-10.58,-11.49,1
2050.7789,91.4,-2.9,-290.3,-10.33,-11.48,1
2050.9145,89.3,0.0,-297.1,-12.66,-11.47,1
2051.0370,94.5,-5.9,-295.2,-8.38,-11.44,1
2051.1752,94.5,-2.0,-297.1,-10.74,-11.43,1
2051.3104,97.7,-1.0,-295.2,-10.85,-11.43,1
2051.4447,93.5,-3.9,-295.2,-9.55,-11.44,1
2051.5813,92.4,-1.0,-299.1,-11.61,-11.45,1
2051.7172,93.5,4.9,-292.2,-14.67,-11.47,1
2051.8519,93.5,0.0,-292.2,-11.83,-11.47,1
2051.9788,97.7,1.0,-297.1,-12.05,-11.48,1
2052.1144,95.6,2.0,-298.1,-13.01,-11.49,1
2052.2487,95.6,-1.0,-292.2,-11.07,-11.49,1
2052.3854,92.4,1.0,-291.3,-12.59,-11.50,1
2052.5193,94.5,0.0,-297.1,-11.93,-11.51,1
2052.6519,95.6,-2.0,-294.2,-10.54,-11.50,1
2052.7878,95.6,-2.0,-295.2,-10.66,-11.50,1
2052.9285,93.5,1.0,-298.1,-12.80,-11.51,1
2053.0626,94.5,0.0,-299.1,-12.07,-11.51,1
2053.1968,98.7,-2.0,-298.1,-10.40,-11.50,1
2053.3348,94.5,0.0,-297.1,-11.94,-11.52,1
2053.4702,94.5,-1.0,-295.2,-11.29,-11.51,1
2053.6044,91.4,-2.0,-295.2,-11.08,-11.50,1
2053.7408,94.5,-5.9,-297.1,-8.41,-11.48,1
2053.8778,95.6,0.0,-295.2,-11.66,-11.50,1
2054.0159,93.5,1.0,-296.1,-12.55,-11.51,1
2054.1500,96.6,-3.9,-297.1,-9.28,-11.51,1
2054.2856,93.5,-3.9,-297.1,-9.62,-11.49,1
2054.4236,93.5,-2.0,-296.1,-10.70,-11.48,1
2054.5577,95.6,-2.0,-297.1,-10.42,-11.47,1
2054.6927,93.5,2.9,-296.1,-13.51,-11.50,1
2054.8298,100.8,-1.0,-293.2,-10.28,-11.49,1
2054.9688,93.5,-2.0,-295.2,-10.59,-11.48,1
2055.1031,94.5,-1.0,-297.1,-11.14,-11.48,1
2055.2397,94.5,-2.9,-301.0,-10.19,-11.46,1
2055.3720,92.4,2.9,-296.1,-13.87,-11.47,1
2055.5070,90.3,0.0,-293.2,-12.15,-11.49,1
2055.6429,99.8,0.0,-299.1,-11.24,-11.50,1
2055.7795,95.6,-1.0,-298.1,-11.13,-11.50,1
2055.9131,95.6,-4.9,-294.2,-8.66,-11.47,1
2056.0397,100.8,-2.0,-300.0,-10.24,-11.46,1
2056.1769,94.5,-2.9,-295.2,-10.18,-11.45,1
2056.3098,95.6,-2.9,-295.2,-10.07,-11.42,1
2056.4456,92.4,-2.0,-297.1,-10.98,-11.42,1
2056.5835,98.7,-1.0,-296.1,-10.81,-11.41,1
2056.7151,94.5,0.0,-297.1,-11.79,-11.43,1
2056.8506,95.6,-1.0,-295.2,-11.01,-11.42,1
2056.9782,100.8,-2.0,-292.2,-9.74,-11.41,1
2057.1113,91.4,-2.0,-298.1,-11.02,-11.40,1
2057.2463,96.6,-2.9,-294.2,-9.80,-11.39,1
2057.3833,94.5,-1.0,-292.2,-11.13,-11.39,1
2057.5176,93.5,-1.0,-294.2,-11.44,-11.39,1
2057.6552,92.4,-1.0,-297.1,-11.69,-11.41,1
2057.7902,92.4,0.0,-296.1,-12.18,-11.42,1
2057.9307,93.5,-3.9,-299.1,-9.90,-11.40,1
2058.0626,95.6,1.0,-295.2,-12.42,-11.41,1
2058.1994,90.3,-2.9,-294.2,-10.66,-11.40,1
2058.3366,93.5,1.0,-295.2,-12.69,-11.41,1
2058.4708,95.6,-4.9,-298.1,-9.02,-11.43,1
2058.6060,93.5,-1.0,-294.2,-11.23,-11.42,1
2058.7422,96.6,0.0,-296.1,-11.52,-11.40,1
2058.8772,99.8,-3.9,-299.1,-8.99,-11.38,1
2059.0148,96.6,-5.9,-295.2,-7.95,-11.37,1
2059.1512,92.4,-2.9,-296.1,-10.20,-11.34,1
2059.2864,91.4,0.0,-297.1,-12.22,-11.35,1
2059.4193,93.5,-2.9,-295.2,-10.08,-11.34,1
2059.5560,95.6,-2.9,-291.3,-9.72,-11.33,1
2059.6925,92.4,-2.9,-297.1,-10.30,-11.32,1
2059.8271,90.3,2.0,-296.1,-13.60,-11.34,1
2059.9656,93.5,-2.0,-295.2,-10.75,-11.33,1
2060.0891,92.4,-2.9,-295.2,-10.29,-11.32,1
2060.2219,90.3,-3.9,-299.1,-10.07,-11.31,1
2060.3588,93.5,-1.0,-294.2,-11.31,-11.32,1
2060.4955,94.5,-2.0,-296.1,-10.63,-11.23,1
2060.6270,93.5,1.0,-301.0,-12.65,-11.25,1
2060.7625,92.4,-2.0,-298.1,-10.86,-11.25,1
2060.8995,94.5,-3.9,-302.0,-9.61,-11.21,1
2061.0397,92.4,-2.0,-295.2,-10.73,-11.21,1
2061.1728,95.6,-4.9,-294.2,-8.58,-11.19,1
2061.3100,92.4,2.9,-298.1,-13.79,-11.20,1
2061.4475,97.7,0.0,-299.1,-11.51,-11.22,1
2061.5805,90.3,1.0,-296.1,-12.95,-11.23,1
2061.7156,91.4,2.0,-294.2,-13.08,-11.24,1
2061.8527,93.5,0.0,-296.1,-11.67,-11.24,1
2061.9917,91.4,1.0,-300.0,-12.73,-11.24,1
2062.1268,90.3,-2.0,-299.1,-11.02,-11.24,1
2062.2634,96.6,-3.9,-292.2,-8.90,-11.23,1
2062.3985,93.5,1.0,-292.2,-12.23,-11.24,1
2062.5338,94.5,0.0,-291.3,-11.48,-11.34,1
2062.6700,92.4,1.0,-298.1,-12.64,-11.35,1
2062.8056,96.6,-2.0,-295.2,-10.28,-11.33,1
2062.9440,92.4,0.0,-292.2,-11.85,-11.33,1
2063.0684,95.6,-2.0,-297.1,-10.53,-11.32,1
2063.2021,94.5,6.8,-298.1,-15.82,-11.36,1
2063.3366,95.6,-2.0,-298.1,-10.55,-11.35,1
2063.4732,93.5,-1.0,-299.1,-11.40,-11.35,1
2063.6091,94.5,1.0,-293.2,-12.23,-11.36,1
2063.7434,94.5,-1.0,-297.1,-11.23,-11.36,1
2063.8806,94.5,4.9,-296.1,-14.68,-11.37,1
2064.0183,94.5,1.0,-297.1,-12.44,-11.40,1
2064.1557,91.4,-1.0,-294.2,-11.59,-11.40,1
2064.2902,93.5,-2.0,-297.1,-10.85,-11.40,1
2064.4253,95.6,-1.0,-298.1,-11.00,-11.38,1
2064.5619,94.5,-1.0,-298.1,-11.21,-11.38,1
2064.6970,90.3,2.9,-300.0,-14.21,-11.37,1
2064.8324,95.6,-2.0,-295.2,-10.39,-11.28,1
2064.9731,97.7,-7.8,-298.1,-6.87,-11.25,1
2065.1052,90.3,2.0,-302.0,-13.71,-11.28,1
2065.2419,89.3,0.0,-299.1,-12.52,-11.29,1
2065.3789,97.7,0.0,-296.1,-11.40,-11.29,1
2065.5150,95.6,-1.0,-300.0,-11.26,-11.29,1
2065.6476,96.6,0.0,-297.1,-11.62,-11.29,1
2065.7834,91.4,-1.0,-298.1,-11.77,-11.30,1
2065.9237,94.5,1.0,-298.1,-12.73,-11.31,1
2066.0555,95.6,-2.9,-296.1,-10.22,-11.31,1
2066.1915,93.5,-2.9,-295.2,-10.40,-11.30,1
2066.3294,92.4,1.0,-293.2,-12.77,-11.32,1
2066.4622,89.3,0.0,-295.2,-12.69,-11.32,1
2066.5989,94.5,2.9,-297.1,-13.78,-11.34,1
2066.7352,94.5,2.0,-298.1,-13.24,-11.35,1
2066.8721,90.3,-5.9,-295.2,-8.98,-11.33,1
2066.9966,95.6,2.9,-297.1,-13.68,-11.34,1
2067.1337,94.5,-5.9,-295.2,-8.54,-11.32,1
2067.2698,95.6,2.9,-295.2,-13.60,-11.33,1
2067.4038,91.4,-2.0,-300.0,-11.44,-11.33,1
2067.5405,91.4,-4.9,-294.2,-9.35,-11.31,1
2067.6759,95.6,-1.0,-295.2,-11.25,-11.31,1
2067.8087,93.5,-2.9,-298.1,-10.43,-11.30,1
2067.9503,96.6,-2.9,-297.1,-10.03,-11.28,1
2068.0846,96.6,1.0,-296.1,-12.31,-11.29,1
2068.2187,94.5,2.9,-299.1,-13.84,-11.30,1
2068.3552,92.4,2.0,-295.2,-13.47,-11.32,1
2068.4903,94.5,1.0,-293.2,-12.61,-11.32,1
2068.6265,94.5,-3.9,-296.1,-9.80,-11.30,1
2068.7608,94.5,-1.0,-295.2,-11.50,-11.30,1
2068.8965,92.4,-2.0,-295.2,-11.16,-11.30,1
2069.0250,91.4,-2.0,-297.1,-11.32,-11.30,1
2069.1570,94.5,-1.0,-296.1,-11.50,-11.30,1
2069.2925,95.6,-2.0,-297.1,-10.81,-11.29,1
2069.4294,93.5,-2.0,-293.2,-10.89,-11.28,1
2069.5648,98.7,0.0,-296.1,-11.49,-11.28,1
2069.6997,90.3,-2.0,-299.1,-11.42,-11.27,1
2069.8372,91.4,-6.8,-297.1,-8.10,-11.17,1
2069.9752,93.5,-2.9,-294.2,-10.13,-11.16,1
2070.1105,91.4,-2.0,-293.2,-10.92,-11.17,1
2070.2469,92.4,-4.9,-296.1,-9.11,-11.15,1
2070.3808,90.3,1.0,-296.1,-12.65,-11.15,1
2070.5139,92.4,1.0,-292.2,-12.18,-11.15,1
2070.6501,95.6,-2.0,-294.2,-10.17,-11.14,1
2070.7866,95.6,-2.9,-298.1,-9.76,-11.14,1
2070.9200,95.6,-3.9,-294.2,-9.05,-11.13,1
2071.0449,93.5,-4.9,-299.1,-8.81,-11.11,1
2071.1831,95.6,2.0,-295.2,-12.42,-11.12,1
2071.3161,94.5,-4.9,-295.2,-8.52,-11.09,1
2071.4513,92.4,-1.0,-300.0,-11.29,-11.09,1
2071.5882,93.5,-3.9,-293.2,-9.23,-11.07,1
2071.7221,95.6,-1.0,-298.1,-10.88,-11.08,1
2071.8575,94.5,-5.9,-294.2,-7.95,-11.05,1
2071.9844,97.7,-2.9,-293.2,-9.40,-11.04,1
2072.1173,96.6,-2.9,-297.1,-9.66,-11.03,1
2072.2541,93.5,3.9,-299.1,-14.15,-11.04,1
2072.3915,92.4,1.0,-295.2,-12.50,-11.05,1
2072.5271,93.5,2.0,-299.1,-13.13,-11.06,1
2072.6594,90.3,3.9,-297.1,-14.70,-11.08,1
2072.7974,93.5,2.0,-298.1,-13.22,-11.09,1
2072.9370,95.6,-1.0,-297.1,-11.25,-11.09,1
2073.0699,91.4,-2.9,-293.2,-10.39,-11.09,1
2073.2067,94.5,-2.0,-296.1,-10.76,-11.08,1
2073.3434,92.4,-1.0,-295.2,-11.53,-11.09,1
2073.4775,93.5,2.0,-297.1,-13.23,-11.11,1
2073.6138,92.4,5.9,-296.1,-15.67,-11.15,1
2073.7493,94.5,-3.9,-297.1,-9.70,-11.13,1
2073.8879,91.4,1.0,-298.1,-13.05,-11.15,1
2074.0121,95.6,1.0,-296.1,-12.44,-11.15,1
2074.1472,93.5,0.0,-291.3,-11.94,-11.16,1
2074.2843,91.4,-2.9,-296.1,-10.77,-11.14,1
2074.4196,94.5,0.0,-298.1,-12.31,-11.14,1
2074.5543,94.5,-3.9,-297.1,-9.91,-11.13,1
2074.6910,89.3,-3.9,-297.1,-10.50,-11.13,1
2074.8254,96.6,1.0,-294.2,-12.46,-11.13,1
2074.9657,94.5,-2.9,-296.1,-10.45,-11.13,1
2075.0874,91.4,2.0,-294.2,-13.73,-11.17,1
2075.2220,91.4,-1.0,-296.1,-11.98,-11.16,1
2075.3569,90.3,2.0,-300.0,-13.99,-11.18,1
2075.4934,95.6,-2.9,-300.0,-10.35,-11.16,1
2075.6274,95.6,0.0,-296.1,-11.96,-11.16,1
2075.7638,96.6,0.0,-292.2,-11.66,-11.17,1
2075.8996,93.5,1.0,-295.2,-12.71,-11.18,1
2076.0394,95.6,-1.0,-298.1,-11.41,-11.19,1
2076.1740,91.4,-2.9,-298.1,-10.75,-11.19,1
2076.3094,91.4,-2.9,-294.2,-10.56,-11.19,1
2076.4461,96.6,-3.9,-295.2,-9.43,-11.18,1
2076.5811,93.5,-1.0,-296.1,-11.57,-11.18,1
2076.7160,90.3,-2.0,-295.2,-11.30,-11.18,1
2076.8534,92.4,-2.0,-301.0,-11.30,-11.19,1
2076.9914,93.5,-2.0,-297.1,-11.00,-11.18,1
2077.1266,90.3,2.0,-299.1,-13.89,-11.21,1
2077.2631,91.4,-4.9,-293.2,-9.26,-11.20,1
2077.3976,93.5,-3.9,-296.1,-9.79,-11.19,1
2077.5323,95.6,-3.9,-293.2,-9.46,-11.18,1
2077.6679,93.5,0.0,-296.1,-12.19,-11.22,1
2077.8046,91.4,-1.0,-294.2,-11.83,-11.22,1
2077.9416,94.5,0.0,-296.1,-12.03,-11.23,1
2078.0632,94.5,-5.9,-295.2,-8.49,-11.21,1
2078.2014,91.4,0.0,-297.1,-12.49,-11.21,1
2078.3329,97.7,1.0,-300.0,-12.38,-11.22,1
2078.4679,91.4,-1.0,-296.1,-11.87,-11.22,1
2078.6047,95.6,-1.0,-295.2,-11.26,-11.24,1
2078.7385,93.5,-2.9,-297.1,-10.43,-11.24,1
2078.8743,93.5,-2.0,-295.2,-10.90,-11.25,1
2079.0012,96.6,-1.0,-295.2,-11.12,-11.25,1
2079.1331,94.5,1.0,-296.1,-12.55,-11.26,1
2079.2699,94.5,-1.0,-298.1,-11.49,-11.26,1
2079.4068,95.6,2.9,-298.1,-13.64,-11.28,1
2079.5431,97.7,2.0,-298.1,-12.77,-11.29,1
2079.6758,94.5,1.0,-296.1,-12.56,-11.31,1
2079.8139,93.5,2.0,-294.2,-13.09,-11.33,1
2079.9538,94.5,1.0,-294.2,-12.34,-11.33,1
2080.0872,94.5,-3.9,-297.1,-9.59,-11.35,1
2080.2246,95.6,-2.9,-292.2,-9.81,-11.34,1
2080.3597,93.5,0.0,-297.1,-11.89,-11.34,1
2080.4928,96.6,0.0,-298.1,-11.60,-11.35,1
2080.6294,93.5,0.0,-294.2,-11.85,-11.38,1
2080.7658,98.7,2.9,-301.0,-13.22,-11.38,1
2080.9025,95.6,-1.0,-292.2,-11.05,-11.35,1
2081.0271,96.6,-1.0,-293.2,-10.97,-11.37,1
2081.1613,95.6,-1.0,-298.1,-11.28,-11.36,1
2081.2966,90.3,-2.9,-298.1,-10.71,-11.36,1
2081.4320,93.5,-4.9,-292.2,-8.91,-11.35,1
2081.5686,93.5,-2.9,-298.1,-10.41,-11.34,1
2081.7039,95.6,-1.0,-299.1,-11.27,-11.35,1
2081.8367,99.8,1.0,-295.2,-11.71,-11.35,1
2081.9783,94.5,-1.0,-294.2,-11.07,-11.34,1
2082.1141,92.4,-1.0,-295.2,-11.03,-11.33,1
2082.2487,94.5,1.0,-296.1,-11.94,-11.34,1
2082.3854,90.3,-2.0,-300.0,-10.86,-11.34,1
2082.5214,92.4,0.0,-298.1,-11.81,-11.34,1
2082.6581,95.6,-1.0,-296.1,-10.76,-11.34,1
2082.7923,94.5,-1.0,-290.3,-10.63,-11.35,1
2082.9314,91.4,-2.0,-297.1,-10.66,-11.34,1
2083.0675,92.4,0.0,-294.2,-11.59,-11.32,1
2083.2016,94.5,2.0,-293.2,-12.54,-11.32,1
2083.3369,90.3,0.0,-295.2,-11.90,-11.31,1
2083.4736,94.5,-2.0,-294.2,-10.19,-11.31,1
2083.6062,98.7,-3.9,-292.2,-8.53,-11.29,1
2083.7411,92.4,0.0,-298.1,-11.70,-11.29,1
2083.8788,95.6,1.0,-296.1,-11.82,-11.34,1
2084.0162,92.4,2.0,-301.0,-13.08,-11.36,1
2084.1503,94.5,1.0,-295.2,-11.95,-11.36,1
2084.2876,93.5,-1.0,-295.2,-10.94,-11.36,1
2084.4216,93.5,-1.0,-295.2,-11.03,-11.35,1
2084.5550,90.3,-1.0,-300.0,-11.62,-11.35,1
2084.6907,92.4,-1.0,-296.1,-11.13,-11.35,1
2084.8274,96.6,-3.9,-296.1,-8.95,-11.36,1
2084.9641,93.5,-2.0,-297.1,-10.53,-11.36,1
2085.0855,98.7,-3.9,-300.0,-9.00,-11.35,1
2085.2237,91.4,-1.0,-297.1,-11.47,-11.37,1
2085.3567,94.5,-2.0,-293.2,-10.44,-11.37,1
2085.4916,93.5,-2.0,-293.2,-10.55,-11.35,1
2085.6281,90.3,1.0,-296.1,-12.98,-11.36,1
2085.7644,96.6,0.0,-290.3,-11.34,-11.36,1
2085.8974,95.6,-3.9,-295.2,-9.38,-11.35,1
2086.0243,91.4,1.0,-292.2,-12.71,-11.34,1
2086.1593,94.5,0.0,-296.1,-11.85,-11.35,1
2086.2935,94.5,0.0,-294.2,-11.80,-11.36,1
2086.4300,93.5,0.0,-297.1,-12.04,-11.36,1
2086.5662,96.6,-2.9,-294.2,-10.16,-11.36,1
2086.6991,92.4,2.0,-301.0,-13.78,-11.40,1
2086.8357,96.6,-1.0,-298.1,-11.40,-11.40,1
2086.9761,93.5,-2.9,-297.1,-10.59,-11.39,1
2087.1090,92.4,0.0,-296.1,-12.39,-11.40,1
2087.2461,96.6,-2.9,-298.1,-10.25,-11.41,1
2087.3836,93.5,-5.9,-300.0,-8.95,-11.39,1
2087.5186,94.5,0.0,-299.1,-12.18,-11.40,1
2087.6528,89.3,2.0,-297.1,-13.86,-11.44,1
2087.7892,89.3,-2.0,-297.1,-11.44,-11.39,1
2087.9299,92.4,-1.0,-299.1,-11.70,-11.40,1
2088.0628,91.4,-2.9,-301.0,-10.81,-11.42,1
2088.1993,91.4,0.0,-295.2,-12.27,-11.43,1
2088.3349,92.4,-1.0,-296.1,-11.68,-11.43,1
2088.4682,93.5,-2.9,-296.1,-10.35,-11.43,1
2088.6045,92.4,1.0,-299.1,-12.89,-11.44,1
2088.7395,97.7,-2.9,-292.2,-9.77,-11.43,1
2088.8771,95.6,2.0,-296.1,-12.95,-11.44,1
2089.0001,95.6,-2.0,-291.3,-10.52,-11.44,1
2089.1351,92.4,2.9,-294.2,-13.89,-11.47,1
2089.2722,96.6,2.9,-292.2,-13.28,-11.47,1
2089.4066,93.5,-1.0,-298.1,-11.67,-11.47,1
2089.5415,93.5,1.0,-297.1,-12.77,-11.48,1
2089.6774,96.6,-2.0,-296.1,-10.60,-11.48,1
2089.8116,97.7,-4.9,-295.2,-8.72,-11.46,1
2089.9505,92.4,1.0,-300.0,-12.92,-11.47,1
2090.0733,94.5,-1.0,-299.1,-11.51,-11.46,1
2090.2074,97.7,2.0,-294.2,-12.57,-11.44,1
2090.3425,95.6,0.0,-294.2,-11.67,-11.44,1
2090.4793,96.6,-3.9,-297.1,-9.39,-11.40,1
2090.6150,92.4,2.0,-294.2,-13.17,-11.42,1
2090.7487,96.6,0.0,-298.1,-11.60,-11.42,1
2090.8844,93.5,-2.9,-299.1,-10.29,-11.40,1
2091.0255,91.4,2.9,-296.1,-13.97,-11.42,1
2091.1586,94.5,0.0,-291.3,-11.70,-11.42,1
2091.2940,94.5,-1.0,-296.1,-11.29,-11.41,1
2091.4310,94.5,-2.0,-293.2,-10.61,-11.39,1
2091.5650,90.3,-2.9,-295.2,-10.56,-11.39,1
2091.6999,94.5,0.0,-298.1,-11.90,-11.40,1
2091.8362,94.5,1.0,-294.2,-12.35,-11.40,1
2091.9744,94.5,2.0,-297.1,-13.07,-11.41,1
2092.1098,90.3,2.0,-295.2,-13.61,-11.41,1
2092.2483,93.5,-2.0,-296.1,-10.81,-11.40,1
2092.3830,95.6,-3.9,-295.2,-9.40,-11.39,1
2092.5162,94.5,-3.9,-296.1,-9.53,-11.38,1
2092.6524,90.3,1.0,-295.2,-12.91,-11.39,1
2092.7901,95.6,1.0,-292.2,-12.09,-11.44,1
2092.9269,95.6,2.0,-297.1,-12.87,-11.44,1
2093.0482,95.6,-2.0,-292.2,-10.37,-11.43,1
2093.1856,91.4,0.0,-297.1,-12.18,-11.44,1
2093.3199,92.4,2.0,-293.2,-13.05,-11.45,1
2093.4549,94.5,-2.0,-296.1,-10.54,-11.45,1
2093.5914,95.6,-1.0,-296.1,-11.06,-11.47,1
2093.7238,93.5,1.0,-295.2,-12.50,-11.47,1
2093.8606,92.4,-1.0,-293.2,-11.38,-11.47,1
2093.9873,95.6,2.0,-293.2,-12.69,-11.50,1
2094.1194,95.6,-2.0,-296.1,-10.51,-11.49,1
2094.2552,93.5,0.0,-293.2,-11.79,-11.49,1
2094.3912,92.4,-2.9,-296.1,-10.31,-11.49,1
2094.5277,93.5,1.0,-294.2,-12.48,-11.50,1
2094.6607,94.5,-1.0,-293.2,-11.14,-11.49,1
2094.7977,93.5,-1.0,-293.2,-11.27,-11.49,1
2094.9392,95.6,-2.0,-293.2,-10.46,-11.48,1
2095.0723,92.4,-3.9,-292.2,-9.56,-11.47,1
2095.2094,88.2,2.0,-299.1,-14.07,-11.48,1
2095.3465,94.5,0.0,-297.1,-11.94,-11.48,1
2095.4805,96.6,0.0,-297.1,-11.69,-11.48,1
2095.6172,93.5,2.0,-296.1,-13.29,-11.53,1
2095.7536,92.4,0.0,-295.2,-12.18,-11.54,1
2095.8894,91.4,-3.9,-297.1,-9.99,-11.52,1
2096.0130,92.4,0.0,-299.1,-12.32,-11.53,1
2096.1502,95.6,-2.0,-297.1,-10.72,-11.52,1
2096.2855,95.6,-1.0,-296.1,-11.32,-11.51,1
2096.4197,96.6,-1.0,-299.1,-11.33,-11.53,1
2096.5576,93.5,2.9,-294.2,-13.99,-11.54,1
2096.6927,98.7,-2.9,-297.1,-10.03,-11.53,1
2096.8257,89.3,-3.9,-294.2,-10.36,-11.51,1
2096.9660,95.6,-1.0,-295.2,-11.76,-11.51,1
2097.0890,93.5,-2.0,-295.2,-11.36,-11.52,1
2097.2221,88.2,-1.0,-297.1,-12.74,-11.53,1
2097.3587,93.5,1.0,-300.0,-13.21,-11.57,1
2097.4956,92.4,1.0,-296.1,-13.10,-11.59,1
2097.6295,97.7,2.0,-294.2,-12.84,-11.59,1
2097.7664,95.6,-1.0,-298.1,-11.57,-11.59,1
2097.9036,95.6,2.0,-297.1,-13.25,-11.60,1
2098.0412,94.5,-2.9,-296.1,-10.37,-11.60,1
2098.1764,86.1,0.0,-296.1,-13.25,-11.65,1
2098.3132,94.5,1.0,-293.2,-12.51,-11.66,1
2098.4486,93.5,1.0,-296.1,-12.67,-11.68,1
2098.5829,93.5,-2.0,-292.2,-10.75,-11.67,1
2098.7204,92.4,-2.0,-298.1,-11.03,-11.67,1
2098.8563,94.5,-1.0,-296.1,-11.25,-11.67,1
2098.9947,94.5,2.9,-293.2,-13.42,-11.67,1
2099.1288,90.3,1.0,-293.2,-12.81,-11.68,1
2099.2656,95.6,-1.0,-295.2,-10.97,-11.68,1
2099.4001,95.6,2.0,-298.1,-12.69,-11.70,1
2099.5343,91.4,-1.0,-299.1,-11.56,-11.72,1
2099.6699,95.6,2.0,-295.2,-12.51,-11.74,1
2099.8093,93.5,2.0,-299.1,-12.98,-11.73,1
2099.9473,93.5,-1.0,-294.2,-11.10,-11.72,1
2100.0815,93.5,1.0,-298.1,-12.45,-11.70,1
2100.2182,92.4,-2.0,-299.1,-10.86,-11.70,1
2100.3535,90.3,-3.9,-296.1,-9.67,-11.70,1
2100.4885,91.4,-2.0,-298.1,-10.80,-11.69,1
2100.6253,94.5,2.9,-292.2,-13.08,-11.69,1
2100.7616,94.5,-3.9,-294.2,-9.19,-11.67,1
2100.8948,92.4,0.0,-301.0,-11.97,-11.67,1
2101.0326,91.4,2.9,-297.1,-13.76,-11.68,1
2101.1693,92.4,-2.0,-293.2,-10.58,-11.69,1
2101.3024,93.5,1.0,-293.2,-12.19,-11.69,1
2101.4385,90.3,0.0,-298.1,-12.37,-11.71,1
2101.5749,92.4,1.0,-301.0,-12.82,-11.72,1
2101.7076,91.4,-1.0,-296.1,-11.60,-11.72,1
2101.8451,91.4,-2.9,-292.2,-10.28,-11.70,1
2101.9731,92.4,1.0,-302.0,-12.93,-11.63,1
2102.1046,94.5,-5.9,-294.2,-8.18,-11.61,1
2102.2418,89.3,1.0,-300.0,-13.10,-11.63,1
2102.3787,99.8,1.0,-298.1,-11.64,-11.64,1
2102.5148,93.5,-2.0,-292.2,-10.48,-11.62,1
2102.6473,92.4,2.9,-299.1,-13.91,-11.64,1
2102.7839,95.6,0.0,-297.1,-11.78,-11.63,1
2102.9233,92.4,0.0,-299.1,-12.30,-11.63,1
2103.0581,90.3,-2.0,-294.2,-11.19,-11.63,1
2103.1948,93.5,0.0,-295.2,-12.01,-11.64,1
2103.3306,91.4,-2.0,-297.1,-11.14,-11.63,1
2103.4629,92.4,2.0,-300.0,-13.38,-11.64,1
2103.6003,93.5,0.0,-295.2,-11.87,-11.61,1
2103.7353,95.6,-2.9,-294.2,-9.84,-11.59,1
2103.8725,90.3,-1.0,-299.1,-11.91,-11.59,1
2104.0082,96.6,-2.9,-295.2,-9.84,-11.57,1
2104.1452,98.7,2.0,-294.2,-12.36,-11.57,1
2104.2826,97.7,1.0,-297.1,-12.05,-11.58,1
2104.4164,91.4,5.9,-295.2,-15.71,-11.60,1
2104.5515,93.5,-2.0,-294.2,-10.63,-11.59,1
2104.6894,92.4,0.0,-298.1,-12.13,-11.59,1
2104.8240,91.4,2.9,-294.2,-13.86,-11.62,1
2104.9632,99.8,0.0,-296.1,-11.17,-11.63,1
2105.0981,91.4,-2.9,-296.1,-10.43,-11.62,1
2105.2358,89.3,0.0,-295.2,-12.40,-11.64,1
2105.3688,89.3,1.0,-298.1,-13.09,-11.65,1
2105.5056,99.8,0.0,-290.3,-10.91,-11.65,1
2105.6420,95.6,-1.0,-299.1,-11.14,-11.65,1
2105.7758,96.6,0.0,-294.2,-11.39,-11.65,1
2105.9116,91.4,3.9,-298.1,-14.58,-11.68,1
2106.0385,92.4,-2.0,-297.1,-10.86,-11.67,1
2106.1715,96.6,0.0,-295.2,-11.44,-11.66,1
2106.3098,97.7,-2.0,-293.2,-10.11,-11.62,1
2106.4465,93.5,-1.0,-295.2,-11.14,-11.61,1
2106.5794,92.4,-3.9,-296.1,-9.58,-11.59,1
2106.7143,92.4,-1.0,-296.1,-11.38,-11.59,1
2106.8527,91.4,1.0,-297.1,-12.77,-11.63,1
2106.9919,94.5,-2.0,-296.1,-10.57,-11.61,1
2107.1247,94.5,-1.0,-294.2,-11.08,-11.61,1
2107.2614,96.6,0.0,-299.1,-11.57,-11.61,1
2107.3981,92.4,0.0,-296.1,-11.96,-11.61,1
2107.5324,95.6,-3.9,-294.2,-9.18,-11.60,1
2107.6689,93.5,-2.0,-296.1,-10.64,-11.59,1
2107.8046,97.7,-1.0,-296.1,-10.78,-11.58,1
2107.9422,94.5,1.0,-297.1,-12.32,-11.59,1
2108.0654,98.7,-3.9,-296.1,-8.97,-11.57,1
2108.2013,89.3,-1.0,-297.1,-11.80,-11.58,1
2108.3344,97.7,0.0,-295.2,-11.37,-11.56,1
2108.4724,92.4,-1.0,-300.0,-11.61,-11.55,1
2108.6074,96.6,-2.0,-295.2,-10.31,-11.55,1
2108.7442,92.4,-2.9,-295.2,-10.20,-11.53,1
2108.8791,93.5,0.0,-298.1,-11.92,-11.55,1
2109.0041,89.3,-2.9,-296.1,-10.60,-11.53,1
2109.1399,96.6,1.0,-298.1,-12.12,-11.54,1
2109.2754,96.6,-2.9,-295.2,-9.75,-11.52,1
2109.4102,91.4,-3.9,-296.1,-9.73,-11.50,1
2109.5481,91.4,1.0,-296.1,-12.61,-11.53,1
2109.6823,95.6,-1.0,-297.1,-10.94,-11.53,1
2109.8175,93.5,-2.9,-298.1,-10.09,-11.51,1
2109.9585,91.4,1.0,-298.1,-12.69,-11.52,1
2110.0915,91.4,-4.9,-296.1,-9.03,-11.51,1
2110.2268,92.4,3.9,-295.2,-14.11,-11.54,1
2110.3637,95.6,2.0,-299.1,-12.72,-11.55,1
2110.5005,96.6,0.0,-298.1,-11.44,-11.55,1
2110.6344,94.5,-1.0,-298.1,-11.12,-11.53,1
2110.7713,94.5,-1.0,-296.1,-11.05,-11.54,1
2110.9082,97.7,0.0,-293.2,-11.18,-11.54,1
2111.0445,94.5,-2.0,-296.1,-10.51,-11.53,1
2111.1828,92.4,-2.0,-293.2,-10.63,-11.53,1
2111.3193,93.5,1.0,-298.1,-12.53,-11.53,1
2111.4520,92.4,-2.0,-297.1,-10.87,-11.52,1
2111.5869,93.5,1.0,-294.2,-12.41,-11.56,1
2111.7246,95.6,-2.0,-297.1,-10.53,-11.55,1
2111.8604,96.6,2.9,-293.2,-13.07,-11.55,1
2111.9851,94.5,-1.0,-295.2,-11.08,-11.56,1
2112.1197,93.5,-2.0,-297.1,-10.75,-11.56,1
2112.2558,95.6,-2.0,-295.2,-10.45,-11.57,1
2112.3900,93.5,-1.0,-294.2,-11.14,-11.57,1
2112.5265,92.4,0.0,-299.1,-12.04,-11.59,1
2112.6619,93.5,-1.0,-300.0,-11.72,-11.59,1
2112.7956,95.6,0.0,-295.2,-11.82,-11.59,1
2112.9361,90.3,2.0,-297.1,-13.76,-11.61,1
2113.0716,96.6,-4.9,-300.0,-9.00,-11.60,1
2113.2063,94.5,-1.0,-292.2,-11.20,-11.58,1
2113.3442,93.5,-1.0,-297.1,-11.45,-11.58,1
2113.4792,94.5,-4.9,-293.2,-8.90,-11.56,1
2113.6158,95.6,2.9,-300.0,-13.58,-11.58,1
2113.7500,95.6,1.0,-295.2,-12.27,-11.59,1
2113.8870,96.6,0.0,-299.1,-11.71,-11.59,1
2114.0276,95.6,3.9,-293.2,-13.88,-11.61,1
2114.1594,94.5,0.0,-298.1,-11.93,-11.62,1
2114.2948,93.5,-2.0,-297.1,-10.90,-11.62,1
2114.4306,94.5,1.0,-295.2,-12.43,-11.62,1
2114.5646,96.6,2.0,-298.1,-12.80,-11.62,1
2114.6995,93.5,-2.9,-300.0,-10.42,-11.61,1
2114.8379,98.7,0.0,-297.1,-11.40,-11.61,1
2114.9794,92.4,2.0,-292.2,-13.08,-11.62,1
2115.1125,89.3,-2.9,-298.1,-10.71,-11.62,1
2115.2495,89.3,-2.0,-296.1,-11.26,-11.71,1
2115.3836,100.8,-2.9,-293.2,-9.39,-11.68,1
2115.5174,95.6,-1.0,-297.1,-11.19,-11.69,1
2115.6542,92.4,-3.9,-298.1,-9.78,-11.67,1
2115.7908,95.6,2.9,-298.1,-13.39,-11.69,1
2115.9275,98.7,0.0,-302.0,-11.46,-11.70,1
2116.0504,94.5,0.0,-293.2,-11.57,-11.70,1
2116.1875,92.4,-1.0,-298.1,-11.48,-11.69,1
2116.3202,88.2,1.0,-297.1,-13.19,-11.71,1
2116.4551,91.4,-2.9,-297.1,-10.37,-11.70,1
2116.5930,96.6,-1.0,-294.2,-10.84,-11.68,1
2116.7283,92.4,-2.0,-294.2,-10.70,-11.68,1
2116.8614,95.6,-1.0,-299.1,-11.08,-11.68,1
2116.9888,93.5,-1.0,-295.2,-11.17,-11.68,1
2117.1254,93.5,2.0,-297.1,-13.00,-11.68,1
2117.2600,93.5,0.0,-292.2,-11.60,-11.70,1
2117.3970,93.5,0.0,-296.1,-11.75,-11.70,1
2117.5320,93.5,-2.9,-294.2,-9.94,-11.70,1
2117.6657,90.3,1.0,-295.2,-12.66,-11.71,1
2117.8030,93.5,-2.0,-297.1,-10.57,-11.71,1
2117.9418,94.5,0.0,-295.2,-11.48,-11.72,1
2118.0747,91.4,-2.0,-296.1,-10.74,-11.71,1
2118.2130,91.4,-1.0,-299.1,-11.44,-11.72,1
2118.3484,88.2,-1.0,-294.2,-11.66,-11.72,1
2118.4853,98.7,2.0,-300.0,-12.29,-11.72,1
2118.6192,93.5,-2.0,-296.1,-10.45,-11.70,1
2118.7555,90.3,1.0,-292.2,-12.36,-11.70,1
2118.8932,92.4,-2.9,-298.1,-9.99,-11.69,1
2119.0313,94.5,-2.0,-292.2,-10.15,-11.68,1
2119.1669,95.6,-4.9,-297.1,-8.55,-11.66,1
2119.3052,95.6,-2.9,-303.9,-9.98,-11.65,1
2119.4391,93.5,2.9,-295.2,-13.33,-11.66,1
2119.5739,94.5,0.0,-294.2,-11.43,-11.66,1
2119.7110,93.5,-2.9,-296.1,-9.91,-11.69,1
2119.8487,94.5,0.0,-298.1,-11.67,-11.68,1
2119.9845,91.4,-3.9,-300.0,-9.78,-11.66,1
2120.1215,94.5,0.0,-300.0,-12.02,-11.68,1
2120.2585,95.6,-1.0,-295.2,-11.11,-11.68,1
2120.3926,91.4,2.9,-297.1,-13.94,-11.71,1
2120.5278,91.4,-2.0,-298.1,-11.03,-11.71,1
2120.6642,89.3,-4.9,-297.1,-9.47,-11.69,1
2120.7973,94.5,2.0,-302.0,-13.09,-11.70,1
2120.9375,94.5,-2.9,-290.3,-9.82,-11.70,1
2121.0607,96.6,-2.0,-295.2,-10.35,-11.69,1
2121.1937,88.2,-1.0,-294.2,-11.93,-11.69,1
2121.3312,94.5,-3.9,-300.0,-9.65,-11.66,1
2121.4690,91.4,-4.9,-295.2,-9.21,-11.64,1
2121.6038,93.5,-1.0,-298.1,-11.40,-11.64,1
2121.7381,91.4,2.0,-295.2,-13.30,-11.65,1
2121.8753,94.5,2.9,-297.1,-13.56,-11.67,1
2122.0153,91.4,-3.9,-298.1,-9.95,-11.65,1
2122.1499,91.4,3.9,-302.0,-14.83,-11.67,1
2122.2867,96.6,0.0,-296.1,-11.58,-11.68,1
2122.4221,93.5,2.9,-298.1,-13.77,-11.71,1
2122.5555,90.3,1.0,-293.2,-12.85,-11.72,1
2122.6917,93.5,0.0,-298.1,-12.07,-11.72,1
2122.8271,91.4,0.0,-296.1,-12.21,-11.72,1
2122.9677,93.5,-1.0,-294.2,-11.31,-11.72,1
2123.0896,94.5,-2.0,-296.1,-10.71,-11.72,1
2123.2249,97.7,1.0,-301.0,-12.23,-11.72,1
2123.3621,90.3,-2.9,-302.0,-10.84,-11.70,1
2123.4966,95.6,-1.0,-296.1,-11.19,-11.69,1
2123.6316,92.4,2.9,-297.1,-13.98,-11.72,1
2123.7668,92.4,2.0,-296.1,-13.31,-11.74,1
2123.9017,95.6,0.0,-295.2,-11.72,-11.74,1
2124.0287,95.6,-2.9,-294.2,-9.95,-11.70,1
2124.1654,93.5,0.0,-296.1,-12.03,-11.70,1
2124.3000,92.4,-7.8,-294.2,-7.31,-11.69,1
2124.4367,88.2,-2.0,-294.2,-11.43,-11.69,1
2124.5713,93.5,-2.0,-299.1,-11.01,-11.68,1
2124.7067,90.3,2.0,-295.2,-13.54,-11.70,1
2124.8436,90.3,-3.9,-297.1,-10.02,-11.68,1
2124.9827,89.3,-3.9,-295.2,-9.96,-11.66,1
2125.1183,89.3,0.0,-298.1,-12.54,-11.67,1
2125.2542,96.6,-2.9,-294.2,-9.72,-11.65,1
2125.3893,90.3,4.9,-295.2,-15.35,-11.68,1
2125.5260,93.5,0.0,-295.2,-11.97,-11.71,1
2125.6603,86.1,-1.0,-295.2,-12.16,-11.72,1
2125.7966,92.4,2.0,-297.1,-13.28,-11.72,1
2125.9375,92.4,0.0,-297.1,-12.18,-11.71,1
2126.0716,97.7,-2.9,-298.1,-9.81,-11.70,1
2126.2070,92.4,-1.0,-296.1,-11.44,-11.70,1
2126.3453,91.4,1.0,-294.2,-12.71,-11.71,1
2126.4816,94.5,2.0,-297.1,-12.97,-11.72,1
2126.6143,90.3,1.0,-296.1,-12.93,-11.77,1
2126.7509,93.5,2.0,-297.1,-13.09,-11.78,1
2126.8892,94.5,-1.0,-301.0,-11.41,-11.78,1
2127.0249,95.6,-2.0,-296.1,-10.55,-11.78,1
2127.1625,94.5,3.9,-293.2,-14.06,-11.80,1
2127.2970,93.5,0.0,-300.0,-12.18,-11.80,1
2127.4314,96.6,2.0,-297.1,-12.80,-11.80,1
2127.5686,91.4,0.0,-293.2,-12.19,-11.80,1
2127.7053,91.4,0.0,-298.1,-12.31,-11.81,1
2127.8414,95.6,-1.0,-300.0,-11.32,-11.80,1
2127.9789,96.6,0.0,-297.1,-11.67,-11.80,1
2128.1156,95.6,0.0,-297.1,-11.83,-11.79,1
2128.2513,93.5,1.0,-298.1,-12.71,-11.80,1
2128.3857,95.6,-4.9,-295.2,-8.89,-11.76,1
2128.5232,92.4,0.0,-297.1,-12.35,-11.77,1
2128.6585,94.5,-1.0,-300.0,-11.49,-11.77,1
2128.7930,91.4,0.0,-300.0,-12.43,-11.78,1
2128.9334,90.3,-1.0,-297.1,-11.84,-11.78,1
2129.0555,92.4,2.9,-296.1,-13.90,-11.79,1
2129.1892,96.6,-2.9,-298.1,-9.90,-11.77,1
2129.3262,96.6,0.0,-296.1,-11.57,-11.77,1
2129.4613,90.3,-4.9,-298.1,-9.40,-11.75,1
2129.5972,96.6,-3.9,-303.0,-9.55,-11.73,1
2129.7230,95.6,1.0,-298.1,-12.37,-11.77,1
2129.8580,89.3,0.0,-296.1,-12.52,-11.77,1
2129.9978,92.4,-2.9,-301.0,-10.49,-11.77,1
2130.1318,94.5,0.0,-298.1,-11.88,-11.77,1
2130.2692,92.4,1.0,-301.0,-12.84,-11.77,1
2130.4048,96.6,1.0,-297.1,-12.15,-11.81,1
2130.5392,93.5,2.9,-294.2,-13.59,-11.82,1
2130.6770,92.4,-2.0,-297.1,-10.86,-11.82,1
2130.8132,95.6,1.0,-295.2,-12.47,-11.82,1
2130.9516,95.6,-1.0,-293.2,-11.23,-11.81,1
2131.0747,92.4,-2.9,-298.1,-10.63,-11.80,1
2131.2118,92.4,-1.0,-297.1,-11.74,-11.81,1
2131.3448,90.3,0.0,-302.0,-12.83,-11.81,1
2131.4815,97.7,-2.0,-295.2,-10.41,-11.81,1
2131.6165,93.5,-3.9,-295.2,-9.68,-11.79,1
2131.7525,92.4,0.0,-295.2,-12.07,-11.80,1
2131.8877,90.3,-1.0,-298.1,-11.92,-11.79,1
2132.0252,91.4,-2.9,-293.2,-10.34,-11.78,1
2132.1620,89.3,-1.0,-297.1,-12.02,-11.79,1
2132.2961,92.4,1.0,-292.2,-12.60,-11.80,1
2132.4313,94.5,-1.0,-296.1,-11.29,-11.80,1
2132.5681,89.3,-3.9,-296.1,-10.10,-11.79,1
2132.7024,93.5,-2.0,-297.1,-10.78,-11.78,1
2132.8394,87.2,2.0,-299.1,-14.19,-11.80,1
2132.9801,94.5,-1.0,-297.1,-11.21,-11.80,1
2133.1143,94.5,-4.9,-300.0,-8.98,-11.79,1
2133.2474,89.3,-2.0,-297.1,-11.26,-11.79,1
2133.3857,91.4,1.0,-296.1,-12.74,-11.80,1
2133.5220,97.7,-2.0,-295.2,-10.17,-11.79,1
2133.6547,94.5,1.0,-298.1,-12.30,-11.80,1
2133.7900,101.9,-2.9,-299.1,-9.33,-11.77,1
2133.9317,91.4,1.0,-297.1,-12.73,-11.77,1
2134.0650,93.5,-3.9,-299.1,-9.68,-11.75,1
2134.2002,94.5,-1.0,-302.0,-11.46,-11.75,1
2134.3373,91.4,-1.0,-300.0,-11.81,-11.74,1
2134.4741,93.5,-4.9,-298.1,-9.09,-11.70,1
2134.6083,96.6,4.9,-295.2,-14.37,-11.72,1
2134.7449,93.5,-2.0,-297.1,-10.90,-11.71,1
2134.8808,95.6,-2.9,-293.2,-10.23,-11.71,1
2135.0185,93.5,1.0,-296.1,-12.92,-11.71,1
2135.1552,93.5,0.0,-296.1,-12.33,-11.71,1
2135.2910,94.5,0.0,-294.2,-12.19,-11.70,1
2135.4255,96.6,2.0,-298.1,-13.20,-11.68,1
2135.5509,91.4,-2.0,-296.1,-11.49,-11.67,1
2135.6847,90.3,-2.0,-296.1,-11.56,-11.69,1
2135.8178,92.4,3.9,-296.1,-14.71,-11.72,1
2135.9566,90.3,2.9,-295.2,-14.39,-11.74,1
2136.0810,93.5,-1.0,-298.1,-11.67,-11.74,1
2136.2138,89.3,0.0,-298.1,-12.83,-11.67,1
2136.3509,94.5,-3.9,-292.2,-9.65,-11.65,1
2136.4878,91.4,-1.0,-293.2,-11.78,-11.65,1
2136.6237,98.7,-1.0,-293.2,-10.87,-11.65,1
2136.7579,95.6,2.0,-297.1,-13.07,-11.65,1
2136.8953,91.4,-1.0,-296.1,-11.81,-11.66,1
2137.0344,92.4,-1.0,-299.1,-11.72,-11.66,1
2137.1683,94.5,-2.0,-298.1,-10.86,-11.65,1
2137.3051,91.4,-3.9,-297.1,-9.98,-11.64,1
2137.4403,91.4,-1.0,-297.1,-11.77,-11.65,1
2137.5745,94.5,2.0,-298.1,-13.11,-11.66,1
2137.7121,94.5,2.0,-293.2,-12.91,-11.66,1
2137.8476,90.3,0.0,-298.1,-12.24,-11.66,1
2137.9882,93.5,-1.0,-295.2,-11.14,-11.66,1
2138.1200,89.3,1.0,-299.1,-12.99,-11.68,1
2138.2552,91.4,0.0,-297.1,-12.06,-11.67,1
2138.3914,98.7,-1.0,-295.2,-10.56,-11.65,1
2138.5256,99.8,2.0,-301.0,-12.26,-11.66,1
2138.6608,94.5,2.0,-298.1,-12.78,-11.67,1
2138.7971,93.5,-1.0,-296.1,-11.13,-11.67,1
2138.9352,90.3,2.0,-294.2,-13.24,-11.68,1
2139.0694,92.4,2.0,-298.1,-13.09,-11.70,1
2139.2058,94.5,3.9,-294.2,-13.76,-11.72,1
2139.3432,94.5,-1.0,-301.0,-11.22,-11.72,1
2139.4759,88.2,-3.9,-296.1,-9.97,-11.70,1
2139.6129,94.5,-1.0,-299.1,-11.10,-11.69,1
2139.7495,91.4,0.0,-296.1,-11.98,-11.69,1
2139.8842,93.5,1.0,-298.1,-12.38,-11.69,1
2140.0113,94.5,0.0,-297.1,-11.73,-11.69,1
2140.1456,97.7,0.0,-299.1,-11.43,-11.68,1
2140.2785,95.6,-4.9,-295.2,-8.58,-11.65,1
2140.4150,92.4,1.0,-301.0,-12.71,-11.65,1
2140.5518,91.4,0.0,-297.1,-12.13,-11.66,1
2140.6843,93.5,1.0,-295.2,-12.42,-11.66,1
2140.8217,90.3,0.0,-296.1,-12.24,-11.67,1
2140.9497,94.5,-3.9,-298.1,-9.47,-11.65,1
2141.0818,95.6,-1.0,-295.2,-10.98,-11.64,1
2141.2175,90.3,0.0,-298.1,-12.34,-11.65,1
2141.3547,94.5,0.0,-294.2,-11.66,-11.65,1
2141.4925,96.6,1.0,-292.2,-11.91,-11.63,1
2141.6253,93.5,0.0,-293.2,-11.75,-11.64,1
2141.7625,95.6,3.9,-297.1,-13.96,-11.66,1
2141.8995,92.4,2.9,-296.1,-13.78,-11.68,1
2142.0359,93.5,-2.0,-295.2,-10.68,-11.66,1
2142.1725,95.6,-2.9,-297.1,-9.86,-11.65,1
2142.3068,96.6,2.0,-299.1,-12.61,-11.66,1
2142.4396,92.4,-1.0,-294.2,-11.25,-11.65,1
2142.5755,92.4,-4.9,-297.1,-9.02,-11.62,1
2142.7121,94.5,1.0,-297.1,-12.33,-11.62,1
2142.8478,94.5,2.0,-298.1,-12.93,-11.64,1
2142.9728,92.4,1.0,-295.2,-12.49,-11.65,1
2143.1083,94.5,1.0,-296.1,-12.19,-11.66,1
2143.2436,93.5,0.0,-296.1,-11.75,-11.66,1
2143.3780,94.5,3.9,-297.1,-13.91,-11.67,1
2143.5147,94.5,-1.0,-296.1,-11.12,-11.67,1
2143.6509,95.6,0.0,-301.0,-11.75,-11.68,1
2143.7851,92.4,-2.9,-295.2,-10.11,-11.66,1
2143.9257,93.5,0.0,-299.1,-11.87,-11.66,1
2144.0616,93.5,-2.9,-299.1,-10.14,-11.64,1
2144.1960,87.2,1.0,-300.0,-13.45,-11.63,1
2144.3328,88.2,-1.0,-297.1,-11.97,-11.62,1
2144.4680,98.7,-2.9,-297.1,-9.63,-11.60,1
2144.6046,96.6,1.0,-299.1,-12.16,-11.61,1
2144.7400,91.4,2.0,-296.1,-13.21,-11.63,1
2144.8757,97.7,2.9,-297.1,-12.95,-11.64,1
2145.0166,95.6,-2.9,-295.2,-9.75,-11.63,1
2145.1488,94.5,-3.9,-300.0,-9.49,-11.61,1
2145.2858,96.6,0.0,-293.2,-11.23,-11.61,1
2145.4228,97.7,2.9,-297.1,-12.99,-11.63,1
2145.5575,95.6,1.0,-297.1,-12.15,-11.62,1
2145.6927,91.4,0.0,-299.1,-12.20,-11.63,1
2145.8310,97.7,2.0,-296.1,-12.44,-11.64,1
2145.9683,92.4,-2.0,-294.2,-10.70,-11.63,1
2146.1003,93.5,2.0,-297.1,-13.02,-11.64,1
2146.2370,92.4,0.0,-294.2,-11.93,-11.64,1
2146.3750,93.5,-2.0,-295.2,-10.69,-11.63,1
2146.5077,93.5,1.0,-297.1,-12.54,-11.63,1
2146.6427,98.7,0.0,-296.1,-11.25,-11.63,1
2146.7795,94.5,-1.0,-297.1,-11.25,-11.62,1
2146.9139,95.6,-1.0,-298.1,-11.13,-11.62,1
2147.0390,91.4,3.9,-299.1,-14.58,-11.64,1
2147.1759,91.4,-4.9,-299.1,-9.17,-11.63,1
2147.3090,91.4,-1.0,-297.1,-11.57,-11.62,1
2147.4451,90.3,2.0,-297.1,-13.50,-11.64,1
2147.5819,95.6,0.0,-296.1,-11.59,-11.64,1
2147.7167,95.6,-2.9,-298.1,-9.98,-11.63,1
2147.8515,89.3,-3.9,-297.1,-10.01,-11.61,1
2147.9794,91.4,-2.0,-296.1,-10.97,-11.61,1
2148.1135,91.4,1.0,-297.1,-12.82,-11.62,1
2148.2467,96.6,0.0,-296.1,-11.53,-11.62,1
2148.3836,97.7,2.9,-297.1,-13.12,-11.63,1
2148.5212,93.5,-1.0,-297.1,-11.35,-11.63,1
2148.6540,93.5,2.9,-296.1,-13.63,-11.65,1
2148.7893,89.3,-2.9,-299.1,-10.75,-11.68,1
2148.9295,94.5,-2.0,-294.2,-10.53,-11.68,1
2149.0627,95.6,2.0,-294.2,-12.71,-11.68,1
2149.1989,92.4,-1.0,-298.1,-11.52,-11.68,1
2149.3353,88.2,-1.0,-296.1,-11.98,-11.68,1
2149.4710,94.5,-4.9,-296.1,-8.86,-11.67,1
2149.6043,94.5,-2.9,-296.1,-10.03,-11.65,1
2149.7407,97.7,-2.0,-296.1,-10.28,-11.64,1
2149.8765,95.6,-1.0,-299.1,-11.21,-11.63,1
2150.0148,93.5,-3.9,-292.2,-9.43,-11.61,1
2150.1500,94.5,2.9,-299.1,-13.74,-11.62,1
2150.2855,96.6,-2.9,-295.2,-9.90,-11.64,1
2150.4198,93.5,-2.0,-296.1,-10.86,-11.63,1
2150.5560,91.4,-2.0,-295.2,-11.02,-11.63,1
2150.6915,88.2,-2.9,-297.1,-10.91,-11.62,1
2150.8277,92.4,0.0,-295.2,-12.14,-11.62,1
2150.9656,90.3,0.0,-297.1,-12.51,-11.63,1
2151.1001,100.8,-2.9,-296.1,-9.53,-11.61,1
2151.2375,95.6,1.0,-297.1,-12.40,-11.61,1
2151.3719,95.6,-2.0,-299.1,-10.76,-11.58,1
2151.5072,96.6,-1.0,-297.1,-11.16,-11.57,1
2151.6437,94.5,-1.0,-298.1,-11.46,-11.56,1
2151.7800,94.5,-2.0,-295.2,-10.74,-11.59,1
2151.9154,95.6,-2.0,-291.3,-10.45,-11.58,1
2152.0403,95.6,-2.0,-298.1,-10.67,-11.56,1
2152.1748,93.5,0.0,-295.2,-11.95,-11.56,1
2152.3102,97.7,2.0,-296.1,-12.64,-11.56,1
2152.4462,89.3,-1.0,-293.2,-11.90,-11.56,1
2152.5827,94.5,0.0,-297.1,-11.96,-11.56,1
2152.7154,89.3,-2.0,-298.1,-11.54,-11.54,1
2152.8540,92.4,-2.0,-299.1,-11.13,-11.53,1
2152.9945,97.7,0.0,-295.2,-11.48,-11.53,1
2153.1275,93.5,-2.0,-293.2,-10.83,-11.53,1
2153.2648,92.4,-2.9,-296.1,-10.45,-11.62,1
2153.4026,96.6,0.0,-299.1,-11.80,-11.62,1
2153.5352,89.3,0.0,-295.2,-12.58,-11.64,1
2153.6720,90.3,-2.9,-294.2,-10.56,-11.63,1
2153.8089,92.4,-3.9,-299.1,-9.87,-11.62,1
2153.9502,95.6,0.0,-299.1,-11.80,-11.62,1
2154.0693,92.4,-1.0,-294.2,-11.36,-11.63,1
2154.2064,91.4,2.0,-294.2,-13.19,-11.65,1
2154.3419,91.4,-1.0,-302.0,-11.74,-11.65,1
2154.4755,93.5,-2.0,-300.0,-10.79,-11.64,1
2154.6119,94.5,-2.0,-295.2,-10.35,-11.63,1
2154.7473,95.6,1.0,-297.1,-12.00,-11.64,1
2154.8821,92.4,-1.0,-298.1,-11.29,-11.64,1
2155.0112,96.6,-1.0,-298.1,-10.82,-11.74,1
2155.1456,98.7,2.0,-294.2,-12.09,-11.74,1
2155.2784,92.4,0.0,-296.1,-11.77,-11.75,1
2155.4151,94.5,-2.0,-294.2,-10.35,-11.73,1
2155.5516,88.2,0.0,-295.2,-12.29,-11.72,1
2155.6841,93.5,-2.9,-300.0,-10.11,-11.70,1
2155.8217,92.4,-2.0,-297.1,-10.69,-11.68,1
2155.9596,93.5,-2.0,-296.1,-10.53,-11.67,1
2156.0974,93.5,-2.0,-292.2,-10.42,-11.66,1
2156.2294,93.5,-2.9,-299.1,-10.11,-11.66,1
2156.3647,90.3,-1.0,-296.1,-11.51,-11.63,1
2156.5016,91.4,1.0,-296.1,-12.56,-11.64,1
2156.6370,95.6,-1.0,-297.1,-10.95,-11.64,1
2156.7720,93.5,-1.0,-295.2,-11.06,-11.63,1
2156.9094,95.6,1.0,-296.1,-11.97,-11.64,1
2157.0472,94.5,-2.0,-294.2,-10.31,-11.63,1
2157.1838,92.4,-2.9,-300.0,-10.16,-11.62,1
2157.3210,94.5,2.9,-298.1,-13.26,-11.64,1
2157.4558,96.6,-1.0,-297.1,-10.80,-11.65,1
2157.5900,89.3,2.9,-297.1,-14.11,-11.66,1
2157.7282,94.5,0.0,-293.2,-11.58,-11.66,1
2157.8652,90.3,-4.9,-295.2,-9.18,-11.64,1
2158.0023,96.6,1.0,-295.2,-11.91,-11.65,1
2158.1373,93.5,-2.9,-294.2,-10.04,-11.63,1
2158.2754,90.3,2.0,-295.2,-13.45,-11.64,1
2158.4082,93.5,0.0,-295.2,-11.89,-11.64,1
2158.5449,93.5,-2.0,-295.2,-10.77,-11.63,1
2158.6813,94.5,-1.0,-295.2,-11.29,-11.61,1
2158.8179,94.5,0.0,-298.1,-12.06,-11.61,1
2158.9561,91.4,0.0,-299.1,-12.49,-11.62,1
2159.0794,98.7,0.0,-297.1,-11.45,-11.62,1
2159.2147,93.5,-2.0,-293.2,-10.72,-11.61,1
2159.3488,91.4,0.0,-297.1,-12.36,-11.59,1
2159.4855,92.4,0.0,-292.2,-12.05,-11.60,1
2159.6203,94.5,-1.0,-298.1,-11.47,-11.59,1
2159.7533,90.3,2.9,-301.0,-14.48,-11.61,1
2159.8917,94.5,-2.9,-299.1,-10.31,-11.59,1
2160.0293,93.5,-2.0,-295.2,-10.82,-11.57,1
2160.1633,95.6,-2.0,-300.0,-10.84,-11.57,1
2160.3005,89.3,-2.9,-296.1,-10.93,-11.55,1
2160.4356,98.7,-4.9,-295.2,-8.71,-11.53,1
2160.5713,93.5,2.0,-295.2,-13.28,-11.65,1
2160.7054,93.5,-1.0,-298.1,-11.65,-11.65,1
2160.8404,96.6,-4.9,-299.1,-8.98,-11.63,1
2160.9829,95.6,-1.0,-296.1,-11.25,-11.63,1
2161.1148,88.2,-5.9,-299.1,-9.18,-11.61,1
2161.2502,95.6,2.9,-295.2,-13.41,-11.63,1
2161.3870,92.4,0.0,-294.2,-12.08,-11.63,1
2161.5224,97.7,-2.0,-296.1,-10.36,-11.61,1
2161.6574,93.5,-2.9,-293.2,-10.14,-11.60,1
2161.7943,95.6,-2.0,-297.1,-10.66,-11.59,1
2161.9340,91.4,3.9,-294.2,-14.55,-11.65,1
2162.0671,95.6,0.0,-296.1,-11.75,-11.65,1
2162.2037,93.5,-2.9,-291.3,-10.05,-11.65,1
2162.3408,95.6,-1.0,-293.2,-11.00,-11.68,1
2162.4736,91.4,-2.0,-298.1,-11.17,-11.66,1
2162.6098,89.3,0.0,-298.1,-12.58,-11.71,1
2162.7462,94.5,2.9,-296.1,-13.46,-11.73,1
2162.8794,92.4,2.9,-298.1,-13.84,-11.75,1
2163.0064,97.7,-1.0,-293.2,-10.61,-11.74,1
2163.1418,94.5,3.9,-294.2,-13.86,-11.77,1
2163.2745,96.6,-3.9,-295.2,-9.14,-11.72,1
2163.4112,90.3,3.9,-300.0,-14.59,-11.73,1
2163.5479,97.7,-2.0,-292.2,-9.92,-11.72,1
2163.6838,94.5,-1.0,-297.1,-11.03,-11.72,1
2163.8199,97.7,-2.9,-301.0,-9.71,-11.69,1
2163.9602,93.5,-2.9,-299.1,-10.14,-11.67,1
2164.0961,94.5,1.0,-298.1,-12.34,-11.68,1
2164.2302,89.3,1.0,-296.1,-13.00,-11.68,1
2164.3668,92.4,-1.0,-298.1,-11.58,-11.67,1
2164.5024,95.6,-3.9,-295.2,-9.27,-11.66,1
2164.6365,93.5,-2.0,-300.0,-10.89,-11.65,1
2164.7741,98.7,0.0,-300.0,-11.36,-11.65,1
2164.9097,95.6,-2.9,-298.1,-10.01,-11.63,1
2165.0483,95.6,-1.0,-298.1,-11.09,-11.61,1
2165.1825,92.4,2.0,-300.0,-13.33,-11.62,1
2165.3190,96.6,0.0,-301.0,-11.63,-11.62,1
2165.4557,92.4,-2.9,-296.1,-10.19,-11.61,1
2165.5896,95.6,1.0,-298.1,-12.24,-11.56,1
2165.7249,95.6,-1.0,-294.2,-11.01,-11.55,1
2165.8619,90.3,-2.9,-295.2,-10.50,-11.55,1
2165.9999,94.5,1.0,-297.1,-12.48,-11.61,1
2166.1353,92.4,-3.9,-297.1,-9.85,-11.60,1
2166.2726,92.4,2.0,-297.1,-13.52,-11.61,1
2166.4076,93.5,-4.9,-299.1,-9.31,-11.59,1
2166.5403,93.5,0.0,-300.0,-12.07,-11.60,1
2166.6777,93.5,-2.9,-297.1,-10.20,-11.59,1
2166.8144,91.4,-2.0,-298.1,-11.05,-11.59,1
2166.9524,89.3,-2.0,-297.1,-11.27,-11.59,1
2167.0739,91.4,2.9,-297.1,-14.03,-11.61,1
2167.2112,94.5,-4.9,-295.2,-8.85,-11.59,1
2167.3439,89.3,2.0,-296.1,-13.74,-11.62,1
2167.4805,90.3,-2.9,-297.1,-10.59,-11.61,1
2167.6173,98.7,-2.0,-297.1,-10.25,-11.60,1
2167.7504,88.2,0.0,-299.1,-12.81,-11.61,1
2167.8862,97.7,-3.9,-297.1,-9.27,-11.59,1
2168.0142,89.3,1.0,-294.2,-12.82,-11.60,1
2168.1457,94.5,-2.9,-291.3,-9.68,-11.60,1
2168.2830,90.3,-4.9,-298.1,-9.20,-11.58,1
2168.4196,98.7,1.0,-298.1,-12.04,-11.60,1
2168.5555,94.5,1.0,-297.1,-12.94,-11.59,1
2168.6897,95.6,-2.0,-296.1,-11.04,-11.59,1
2168.8270,92.4,-2.0,-298.1,-11.51,-11.59,1
2168.9664,93.5,-2.0,-294.2,-11.19,-11.59,1
2169.1008,89.3,-2.0,-299.1,-11.96,-11.58,1
2169.2377,95.6,0.0,-294.2,-12.12,-11.58,1
2169.3734,94.5,0.0,-300.0,-12.44,-11.59,1
2169.5078,98.7,2.0,-295.2,-12.77,-11.60,1
2169.6459,96.6,-2.0,-295.2,-10.71,-11.59,1
2169.7809,93.5,-1.0,-294.2,-11.47,-11.60,1
2169.9185,95.6,0.0,-294.2,-11.70,-11.59,1
2170.0428,95.6,-2.9,-293.2,-9.91,-11.56,1
2170.1803,90.3,-1.0,-298.1,-11.85,-11.58,1
2170.3174,95.6,-3.9,-296.1,-9.48,-11.56,1
2170.4516,97.7,-4.9,-297.1,-8.66,-11.54,1
2170.5865,91.4,-4.9,-299.1,-9.31,-11.52,1
2170.7229,93.5,0.0,-295.2,-11.94,-11.52,1
2170.8574,94.5,0.0,-299.1,-11.73,-11.49,1
2170.9955,95.6,-2.0,-294.2,-10.23,-11.48,1
2171.1321,93.5,1.0,-298.1,-12.31,-11.49,1
2171.2663,94.5,-2.0,-299.1,-10.46,-11.48,1
2171.4014,94.5,0.0,-296.1,-11.52,-11.48,1
2171.5384,93.5,0.0,-300.0,-11.84,-11.48,1
2171.6750,95.6,-2.9,-299.1,-9.80,-11.47,1
2171.8095,93.5,-2.0,-298.1,-10.61,-11.46,1
2171.9498,91.4,-2.0,-295.2,-10.77,-11.45,1
2172.0842,91.4,-1.0,-290.3,-11.10,-11.46,1
2172.2175,95.6,3.9,-298.1,-13.81,-11.46,1
2172.3433,89.3,-2.0,-299.1,-11.21,-11.46,1
2172.4797,92.4,0.0,-300.0,-12.05,-11.46,1
2172.6125,97.7,-3.9,-295.2,-8.98,-11.44,1
2172.7476,93.5,2.0,-290.3,-12.78,-11.45,1
2172.8862,98.7,-1.0,-296.1,-10.71,-11.44,1
2173.0218,95.6,-2.9,-294.2,-9.79,-11.34,1
2173.1584,98.7,3.9,-296.1,-13.48,-11.35,1
2173.2953,94.5,1.0,-296.1,-12.36,-11.36,1
2173.4318,94.5,-2.9,-292.2,-9.88,-11.35,1
2173.5664,92.4,-2.9,-300.0,-10.57,-11.34,1
2173.7028,90.3,0.0,-295.2,-12.44,-11.34,1
2173.8389,93.5,2.0,-299.1,-13.37,-11.36,1
2173.9765,92.4,-2.0,-297.1,-11.13,-11.35,1
2174.1132,94.5,-2.0,-295.2,-10.93,-11.35,1
2174.2490,93.5,0.0,-300.0,-12.41,-11.36,1
2174.3835,91.4,1.0,-298.1,-13.19,-11.37,1
2174.5211,91.4,-2.9,-298.1,-10.77,-11.37,1
2174.6561,90.3,0.0,-296.1,-12.55,-11.38,1
2174.7930,93.5,-2.0,-295.2,-10.93,-11.39,1
2174.9305,90.3,2.0,-298.1,-13.94,-11.40,1
2175.0525,97.7,-1.0,-295.2,-11.11,-11.39,1
2175.1887,92.4,-1.0,-302.0,-11.96,-11.40,1
2175.3235,91.4,-3.9,-298.1,-10.16,-11.40,1
2175.4583,96.6,1.0,-297.1,-12.40,-11.41,1
2175.5963,89.3,1.0,-296.1,-13.35,-11.42,1
2175.7303,94.5,3.9,-297.1,-14.15,-11.44,1
2175.8663,95.6,-1.0,-303.0,-11.39,-11.45,1
2175.9922,96.6,-4.9,-298.1,-8.78,-11.42,1
2176.1279,93.5,-2.9,-295.2,-10.16,-11.41,1
2176.2629,88.2,0.0,-298.1,-12.62,-11.43,1
2176.3997,92.4,-1.0,-297.1,-11.44,-11.43,1
2176.5339,93.5,1.0,-294.2,-12.35,-11.43,1
2176.6688,93.5,-2.9,-296.1,-10.15,-11.42,1
2176.8049,96.6,-2.9,-299.1,-9.95,-11.40,1
2176.9442,95.6,2.0,-297.1,-12.79,-11.41,1
2177.0773,94.5,-1.0,-296.1,-11.20,-11.40,1
2177.2137,92.4,-2.9,-298.1,-10.35,-11.39,1
2177.3506,94.5,-2.9,-299.1,-10.31,-11.39,1
2177.4836,91.4,-2.9,-293.2,-10.43,-11.37,1
2177.6186,96.6,-2.9,-296.1,-10.02,-11.36,1
2177.7565,93.5,-1.0,-293.2,-11.53,-11.36,1
2177.8900,94.5,-2.9,-296.1,-10.40,-11.34,1
2178.0159,95.6,1.0,-300.0,-12.73,-11.33,1
2178.1530,93.5,-4.9,-293.2,-9.18,-11.31,1
2178.2873,99.8,0.0,-297.1,-11.54,-11.30,1
2178.4222,95.6,-2.0,-295.2,-10.79,-11.30,1
2178.5588,95.6,-1.0,-297.1,-11.43,-11.29,1
2178.6939,88.2,0.0,-296.1,-12.95,-11.31,1
2178.8284,95.6,-2.0,-298.1,-10.88,-11.31,1
2178.9675,91.4,2.0,-300.0,-13.81,-11.33,1
2179.1033,94.5,1.0,-296.1,-12.64,-11.34,1
2179.2385,94.5,-1.0,-294.2,-11.38,-11.34,1
2179.3764,94.5,-2.0,-294.2,-11.12,-11.33,1
2179.5119,92.4,-2.0,-291.3,-11.19,-11.33,1
2179.6445,89.3,2.0,-295.2,-14.23,-11.35,1
2179.7812,92.4,-1.0,-294.2,-11.97,-11.36,1
2179.9193,95.6,-2.0,-296.1,-11.05,-11.36,1
2180.0581,91.4,0.0,-291.3,-12.53,-11.38,1
2180.1929,94.5,-1.0,-297.1,-11.82,-11.38,1
2180.3287,95.6,1.0,-298.1,-12.80,-11.39,1
2180.4666,96.6,-2.9,-302.0,-10.50,-11.39,1
2180.5986,94.5,-2.0,-295.2,-11.03,-11.39,1
2180.7355,93.5,0.0,-296.1,-12.29,-11.51,1
2180.8728,93.5,2.9,-294.2,-13.87,-11.52,1
2181.0094,92.4,-1.0,-294.2,-11.73,-11.51,1
2181.1451,92.4,-2.9,-298.1,-10.69,-11.51,1
2181.2822,96.6,-1.0,-298.1,-11.22,-11.51,1
2181.4168,97.7,2.9,-296.1,-13.23,-11.52,1
2181.5511,98.7,4.9,-301.0,-14.37,-11.56,1
2181.6872,90.3,-2.0,-299.1,-11.44,-11.47,1
2181.8241,93.5,1.0,-295.2,-12.60,-11.48,1
2181.9610,91.4,-4.9,-297.1,-9.32,-11.47,1
2182.0836,90.3,2.9,-302.0,-14.49,-11.50,1
2182.2209,92.4,-2.0,-299.1,-11.02,-11.60,1
2182.3537,86.1,2.0,-295.2,-14.17,-11.65,1
2182.4907,94.5,1.0,-299.1,-12.44,-11.67,1
2182.6285,90.3,0.0,-294.2,-12.19,-11.68,1
2182.7610,91.4,0.0,-296.1,-12.12,-11.67,1
2182.8984,95.6,-2.0,-294.2,-10.32,-11.66,1
2183.0253,94.5,-2.0,-297.1,-10.65,-11.65,1
2183.1585,99.8,-2.0,-294.2,-9.98,-11.64,1
2183.2941,93.5,0.0,-299.1,-11.96,-11.64,1
2183.4310,90.3,2.0,-296.1,-13.44,-11.64,1
2183.5669,94.5,-1.0,-297.1,-11.19,-11.61,1
2183.7010,92.4,-1.0,-294.2,-11.29,-11.60,1
2183.8381,89.3,-3.9,-299.1,-10.06,-11.57,1
2183.9779,90.3,-2.0,-296.1,-11.10,-11.56,1
2184.1114,91.4,1.0,-296.1,-12.75,-11.56,1
2184.2477,86.1,1.0,-297.1,-13.52,-11.58,1
2184.3845,96.6,-2.0,-297.1,-10.32,-11.60,1
2184.5174,95.6,2.0,-298.1,-12.70,-11.62,1
2184.6540,91.4,-1.0,-298.1,-11.40,-11.62,1
2184.7915,90.3,-2.0,-296.1,-10.87,-11.61,1
2184.9277,88.2,0.0,-300.0,-12.45,-11.62,1
2185.0629,92.4,0.0,-302.0,-11.92,-11.62,1
2185.1997,90.3,-2.0,-296.1,-10.82,-11.64,1
2185.3365,92.4,0.0,-302.0,-11.98,-11.64,1
2185.4708,96.6,-2.0,-297.1,-10.22,-11.63,1
2185.6069,95.6,-2.9,-297.1,-9.82,-11.61,1
2185.7423,93.5,-2.9,-294.2,-9.96,-11.60,1
2185.8763,91.4,2.9,-298.1,-13.68,-11.62,1
2186.0021,91.4,1.0,-296.1,-12.45,-11.62,1
2186.1373,94.5,0.0,-298.1,-11.58,-11.61,1
2186.2719,93.5,-1.0,-300.0,-11.21,-11.61,1
2186.3972,94.5,-2.0,-298.1,-10.36,-11.60,1
2186.5311,94.5,-1.0,-295.2,-10.88,-11.63,1
2186.6636,94.5,1.0,-297.1,-12.15,-11.64,1
2186.7986,93.5,2.9,-294.2,-13.33,-11.64,1
2186.9401,93.5,0.0,-294.2,-11.63,-11.64,1
2187.0757,94.5,-4.9,-294.2,-8.65,-11.62,1
2187.2087,92.4,0.0,-295.2,-11.80,-11.62,1
2187.3454,94.5,-1.0,-300.0,-11.19,-11.61,1
2187.4827,93.5,-1.0,-292.2,-11.06,-11.60,1
2187.6168,89.3,1.0,-298.1,-13.03,-11.60,1
2187.7532,91.4,-2.0,-299.1,-11.02,-11.60,1
2187.8892,92.4,-1.0,-293.2,-11.27,-11.60,1
2188.0264,96.6,-2.0,-294.2,-10.26,-11.59,1
2188.1630,94.5,-4.9,-297.1,-8.85,-11.58,1
2188.2987,94.5,-6.8,-298.1,-7.69,-11.54,1
2188.4356,92.4,1.0,-297.1,-12.57,-11.56,1
2188.5708,94.5,2.0,-294.2,-12.74,-11.55,1
2188.7060,92.4,-1.0,-294.2,-11.29,-11.54,1
2188.8432,93.5,0.0,-298.1,-11.91,-11.55,1
2188.9813,89.3,-1.0,-297.1,-11.83,-11.55,1
2189.1179,93.5,-2.9,-295.2,-10.14,-11.54,1
2189.2549,94.5,-3.9,-298.1,-9.62,-11.51,1
2189.3872,95.6,-2.0,-296.1,-10.56,-11.50,1
2189.5240,95.6,-2.9,-298.1,-10.11,-11.49,1
2189.6598,94.5,2.0,-296.1,-13.03,-11.50,1
2189.7966,90.3,0.0,-296.1,-12.39,-11.50,1
2189.9336,87.2,-2.9,-295.2,-10.92,-11.50,1
2190.0550,95.6,-1.0,-294.2,-11.12,-11.49,1
2190.1932,95.6,-1.0,-293.2,-11.10,-11.49,1
2190.3261,96.6,-2.9,-291.3,-9.78,-11.46,1
2190.4638,89.3,0.0,-295.2,-12.60,-11.48,1
2190.6006,95.6,-2.0,-293.2,-10.58,-11.48,1
2190.7348,98.7,0.0,-294.2,-11.30,-11.48,1
2190.8704,96.6,-2.9,-298.1,-9.97,-11.47,1
2190.9974,98.7,2.0,-294.2,-12.40,-11.47,1
2191.1302,94.5,-1.0,-294.2,-11.16,-11.47,1
2191.2671,90.3,1.0,-299.1,-13.07,-11.47,1
2191.4039,95.6,-2.0,-294.2,-10.44,-11.47,1
2191.5358,99.8,1.0,-296.1,-11.69,-11.47,1
2191.6711,94.5,-2.0,-294.2,-10.54,-11.47,1
2191.8073,93.5,-2.0,-297.1,-10.78,-11.46,1
2191.9481,92.4,-2.9,-291.3,-10.12,-11.44,1
2192.0802,91.4,-1.0,-296.1,-11.63,-11.44,1
2192.2169,93.5,2.0,-294.2,-13.01,-11.45,1
2192.3552,90.3,-2.9,-299.1,-10.71,-11.44,1
2192.4879,94.5,-1.0,-299.1,-11.43,-11.43,1
2192.6232,92.4,-2.9,-295.2,-10.33,-11.43,1
2192.7599,91.4,1.0,-302.0,-13.06,-11.45,1
2192.8955,93.5,-3.9,-296.1,-9.70,-11.44,1
2193.0226,95.6,0.0,-299.1,-11.89,-11.43,1
2193.1569,90.3,-1.0,-296.1,-11.82,-11.40,1
2193.2898,92.4,-1.0,-300.0,-11.72,-11.40,1
2193.4261,97.7,-1.0,-294.2,-10.92,-11.40,1
2193.5628,96.6,-1.0,-293.2,-10.99,-11.40,1
2193.6979,94.5,0.0,-298.1,-12.01,-11.40,1
2193.8309,97.7,-1.0,-296.1,-10.98,-11.39,1
2193.9714,94.5,-1.0,-296.1,-11.33,-11.38,1
2194.1072,95.6,-2.0,-294.2,-10.51,-11.37,1
2194.2420,95.6,-2.0,-300.0,-10.76,-11.36,1
2194.3787,94.5,-1.0,-298.1,-11.35,-11.35,1
2194.5150,98.7,-1.0,-299.1,-10.90,-11.34,1
2194.6493,91.4,-3.9,-293.2,-9.70,-11.32,1
2194.7861,98.7,-2.0,-297.1,-10.13,-11.32,1
2194.9218,93.5,-2.0,-298.1,-10.76,-11.35,1
2195.0615,91.4,0.0,-292.2,-11.96,-11.35,1
2195.1960,93.5,-2.9,-300.0,-10.18,-11.37,1
2195.3314,90.3,-1.0,-296.1,-11.62,-11.38,1
2195.4684,92.4,2.9,-299.1,-13.86,-11.40,1
2195.6039,93.5,-2.0,-297.1,-10.73,-11.39,1
2195.7389,94.5,-2.0,-298.1,-10.69,-11.38,1
2195.8762,95.6,-1.0,-298.1,-11.21,-11.38,1
2196.0136,94.5,1.0,-298.1,-12.49,-11.38,1
2196.1489,92.4,-1.0,-295.2,-11.47,-11.38,1
2196.2856,97.7,-4.9,-293.2,-8.52,-11.35,1
2196.4219,95.6,-4.9,-295.2,-8.90,-11.33,1
2196.5549,90.3,-1.0,-297.1,-11.89,-11.33,1
2196.6907,96.6,2.9,-295.2,-13.25,-11.33,1
2196.8278,93.5,-2.0,-297.1,-10.83,-11.33,1
2196.9640,97.7,-4.9,-298.1,-8.69,-11.31,1
2197.0873,94.5,-2.0,-292.2,-10.41,-11.31,1
2197.2257,94.5,-1.0,-296.1,-11.16,-11.29,1
2197.3588,93.5,-3.9,-296.1,-9.53,-11.27,1
2197.4938,95.6,0.0,-298.1,-11.71,-11.27,1
2197.6305,88.2,-2.0,-293.2,-11.21,-11.27,1
2197.7648,95.6,-1.0,-299.1,-11.11,-11.27,1
2197.9004,92.4,-2.0,-299.1,-10.85,-11.27,1
2198.0267,93.5,0.0,-300.0,-12.01,-11.26,1
2198.1595,92.4,1.0,-296.1,-12.59,-11.27,1
2198.2846,93.5,0.0,-295.2,-11.85,-11.31,1
2198.4214,95.6,-2.9,-296.1,-9.94,-11.29,1
2198.5553,94.5,-4.9,-298.1,-9.00,-11.27,1
2198.6903,93.5,-2.0,-299.1,-10.90,-11.26,1
2198.8286,93.5,0.0,-297.1,-11.98,-11.27,1
2198.9684,90.3,2.0,-297.1,-13.52,-11.29,1
2199.1006,93.5,-2.0,-302.0,-10.92,-11.29,1
2199.2374,91.4,-2.0,-295.2,-10.89,-11.28,1
2199.3753,93.5,2.9,-298.1,-13.61,-11.29,1
2199.5079,90.3,0.0,-298.1,-12.28,-11.29,1
2199.6428,91.4,2.0,-295.2,-13.24,-11.30,1
2199.7796,95.6,1.0,-294.2,-12.10,-11.30,1
2199.9139,95.6,1.0,-298.1,-12.33,-11.30,1
2200.0515,94.5,-2.9,-297.1,-10.01,-11.30,1
2200.1885,93.5,-1.0,-299.1,-11.45,-11.30,1
2200.3240,90.3,-1.0,-293.2,-11.64,-11.31,1
2200.4578,90.3,-2.0,-296.1,-11.19,-11.30,1
2200.5942,94.5,-2.0,-295.2,-10.66,-11.30,1
2200.7296,90.3,-1.0,-295.2,-11.77,-11.30,1
2200.8644,89.3,-2.9,-296.1,-10.75,-11.30,1
2200.9914,91.4,2.9,-296.1,-14.07,-11.32,1
2201.1269,95.6,0.0,-301.0,-11.96,-11.32,1
2201.2599,96.6,-2.0,-295.2,-10.57,-11.31,1
2201.3966,97.7,-3.9,-296.1,-9.32,-11.30,1
2201.5333,91.4,-1.0,-296.1,-11.73,-11.30,1
2201.6658,92.4,-2.0,-296.1,-10.99,-11.30,1
2201.8024,92.4,-2.9,-297.1,-10.43,-11.29,1
2201.9394,94.5,-2.0,-294.2,-10.67,-11.29,1
2202.0768,95.6,-1.0,-297.1,-11.21,-11.29,1
2202.2088,95.6,2.9,-299.1,-13.57,-11.31,1
2202.3441,95.6,2.0,-298.1,-12.87,-11.32,1
2202.4811,88.2,2.0,-298.1,-13.90,-11.35,1
2202.6166,93.5,2.0,-298.1,-13.12,-11.38,1
2202.7517,96.6,-2.9,-295.2,-9.75,-11.37,1
2202.8892,92.4,-4.9,-300.0,-9.13,-11.35,1
2203.0261,92.4,-3.9,-301.0,-9.74,-11.34,1
2203.1602,91.4,1.0,-297.1,-12.73,-11.32,1
2203.2958,90.3,-4.9,-300.0,-9.49,-11.31,1
2203.4295,89.3,0.0,-301.0,-12.73,-11.28,1
2203.5626,93.5,0.0,-297.1,-11.98,-11.25,1
2203.6996,93.5,1.0,-297.1,-12.51,-11.27,1
2203.8367,94.5,-2.9,-296.1,-9.99,-11.26,1
2203.9715,91.4,-3.9,-297.1,-9.79,-11.25,1
2204.0951,97.7,-2.9,-293.2,-9.58,-11.24,1
2204.2322,92.4,0.0,-299.1,-12.12,-11.24,1
2204.3638,94.5,0.0,-299.1,-11.86,-11.25,1
2204.4996,96.6,1.0,-294.2,-11.93,-11.26,1
2204.6353,93.5,-2.0,-296.1,-10.65,-11.26,1
2204.7680,90.3,-2.9,-297.1,-10.50,-11.26,1
2204.9043,95.6,1.0,-295.2,-12.14,-11.25,1
2205.0307,91.4,-2.9,-297.1,-10.41,-11.24,1
2205.1624,94.5,-6.8,-295.2,-7.56,-11.21,1
2205.2999,94.5,1.0,-295.2,-12.28,-11.32,1
2205.4356,92.4,1.0,-298.1,-12.59,-11.33,1
2205.5696,94.5,-2.9,-294.2,-9.86,-11.32,1
2205.7029,96.6,-3.9,-293.2,-8.96,-11.30,1
2205.8404,93.5,-2.0,-296.1,-10.55,-11.30,1
2205.9783,94.5,-2.0,-295.2,-10.43,-11.29,1
2206.1103,94.5,-2.0,-297.1,-10.52,-11.28,1
2206.2465,97.7,0.0,-300.0,-11.35,-11.27,1
2206.3815,92.4,-3.9,-299.1,-9.52,-11.25,1
2206.5146,91.4,1.0,-297.1,-12.50,-11.26,1
2206.6501,94.5,-2.0,-296.1,-10.37,-11.25,1
2206.7838,92.4,-2.0,-297.1,-10.64,-11.24,1
2206.9249,92.4,3.9,-295.2,-14.11,-11.26,1
2207.0565,90.3,-2.9,-296.1,-10.20,-11.26,1
2207.1908,91.4,0.0,-297.1,-11.98,-11.27,1
2207.3269,96.6,0.0,-296.1,-11.33,-11.27,1
2207.4611,97.7,-2.0,-290.3,-9.80,-11.26,1
2207.5947,92.4,-2.0,-300.0,-10.80,-11.25,1
2207.7307,91.4,-2.0,-298.1,-10.92,-11.24,1
2207.8644,93.5,1.0,-298.1,-12.57,-11.25,1
2208.0012,96.6,-2.0,-300.0,-10.50,-11.25,1
2208.1366,93.5,1.0,-294.2,-12.71,-11.26,1
2208.2728,92.4,1.0,-299.1,-13.04,-11.27,1
2208.4042,91.4,-1.0,-294.2,-11.82,-11.28,1
2208.5402,94.5,0.0,-296.1,-12.11,-11.28,1
2208.6756,89.3,3.9,-298.1,-15.07,-11.32,1
2208.8089,93.5,1.0,-296.1,-12.59,-11.33,1
2208.9458,92.4,-2.0,-296.1,-10.97,-11.32,1
2209.0814,93.5,0.0,-293.2,-11.94,-11.33,1
2209.2150,89.3,0.0,-302.0,-12.79,-11.33,1
2209.3493,91.4,-4.9,-298.1,-9.33,-11.32,1
2209.4851,90.3,-1.0,-294.2,-11.70,-11.31,1
2209.6220,100.8,-2.0,-298.1,-10.05,-11.31,1
2209.7534,96.6,0.0,-296.1,-11.62,-11.31,1
2209.8900,92.4,1.0,-298.1,-12.83,-11.33,1
2210.0287,97.7,1.0,-298.1,-12.15,-11.33,1
2210.1604,93.5,-2.9,-296.1,-10.28,-11.32,1
2210.2948,90.3,-2.9,-298.1,-10.73,-11.31,1
2210.4305,93.5,-2.9,-294.2,-10.13,-11.31,1
2210.5618,92.4,1.0,-293.2,-12.53,-11.32,1
2210.6986,92.4,0.0,-296.1,-12.04,-11.32,1
2210.8345,90.3,-1.0,-298.1,-11.79,-11.32,1
2210.9726,91.4,1.0,-297.1,-12.80,-11.36,1
2211.1047,92.4,1.0,-300.0,-12.79,-11.37,1
2211.2432,94.5,-2.9,-294.2,-10.00,-11.37,1
2211.3774,92.4,0.0,-297.1,-12.17,-11.36,1
2211.5107,91.4,-2.0,-294.2,-10.97,-11.36,1
2211.6461,96.6,-3.9,-297.1,-9.35,-11.34,1
2211.7808,96.6,1.0,-294.2,-12.12,-11.34,1
2211.9146,89.3,-2.9,-298.1,-10.75,-11.33,1
2212.0397,92.4,-2.0,-295.2,-10.85,-11.33,1
2212.1736,94.5,-1.0,-295.2,-11.22,-11.33,1
2212.3073,88.2,-1.0,-297.1,-12.11,-11.33,1
2212.4431,89.3,-2.9,-296.1,-10.73,-11.33,1
2212.5786,92.4,1.0,-299.1,-12.83,-11.34,1
2212.7129,91.4,-2.0,-298.1,-11.13,-11.34,1
2212.8461,89.3,-1.0,-296.1,-12.09,-11.35,1
2212.9719,93.5,2.0,-299.1,-13.37,-11.37,1
2213.1061,93.5,0.0,-294.2,-11.97,-11.38,1
2213.2397,93.5,-2.0,-297.1,-10.93,-11.38,1
2213.3770,89.3,1.0,-294.2,-13.11,-11.38,1
2213.5108,96.6,-2.9,-298.1,-10.00,-11.38,1
2213.6426,91.4,0.0,-296.1,-12.31,-11.38,1
2213.7781,92.4,1.0,-293.2,-12.61,-11.39,1
2213.9125,92.4,-4.9,-292.2,-9.00,-11.38,1
2214.0473,93.5,-2.0,-295.2,-10.78,-11.37,1
2214.1836,89.3,-1.0,-299.1,-12.09,-11.38,1
2214.3177,96.6,-4.9,-294.2,-8.71,-11.35,1
2214.4548,96.6,1.0,-297.1,-12.15,-11.35,1
2214.5881,93.5,1.0,-296.1,-12.51,-11.35,1
2214.7220,91.4,-1.0,-294.2,-11.54,-11.35,1
2214.8584,93.5,3.9,-300.0,-14.34,-11.38,1
2214.9960,95.6,-2.9,-295.2,-9.90,-11.36,1
2215.1305,91.4,-2.9,-294.2,-10.33,-11.36,1
2215.2667,93.5,-2.9,-298.1,-10.25,-11.35,1
2215.4000,97.7,0.0,-299.1,-11.52,-11.36,1
2215.5351,96.6,-4.9,-293.2,-8.57,-11.33,1
2215.6708,92.4,2.0,-297.1,-13.21,-11.35,1
2215.8068,94.5,-1.0,-297.1,-11.21,-11.34,1
2215.9415,93.5,0.0,-295.2,-11.77,-11.38,1
2216.0636,92.4,-1.0,-296.1,-11.33,-11.37,1
2216.1994,98.7,3.9,-294.2,-13.32,-11.39,1
2216.3311,88.2,1.0,-298.1,-13.30,-11.39,1
2216.4669,90.3,-1.0,-295.2,-11.93,-11.40,1
2216.6016,94.5,-4.9,-299.1,-9.17,-11.38,1
2216.7348,93.5,-5.9,-299.1,-8.70,-11.36,1
2216.8694,91.4,0.0,-296.1,-12.38,-11.37,1
2216.9945,92.4,0.0,-296.1,-12.27,-11.36,1
2217.1292,91.4,0.0,-295.2,-12.38,-11.39,1
2217.2633,97.7,-2.0,-298.1,-10.69,-11.38,1
2217.3992,90.3,2.9,-297.1,-14.49,-11.40,1
2217.5324,92.4,-2.9,-295.2,-10.58,-11.38,1
2217.6690,92.4,-1.0,-299.1,-11.92,-11.38,1
2217.8058,89.3,1.0,-296.1,-13.36,-11.40,1
2217.9451,92.4,2.0,-296.1,-13.52,-11.41,1
2218.0762,93.5,-2.0,-293.2,-10.88,-11.42,1
2218.2116,93.5,-1.0,-296.1,-11.57,-11.42,1
2218.3481,92.4,-1.0,-298.1,-11.76,-11.42,1
2218.4817,96.6,-2.0,-295.2,-10.49,-11.41,1
2218.6156,93.5,-2.9,-299.1,-10.36,-11.50,1
2218.7526,90.3,-1.0,-297.1,-11.56,-11.50,1
2218.8864,91.4,2.0,-296.1,-13.17,-11.50,1
2219.0242,94.5,1.0,-295.2,-12.12,-11.51,1
2219.1604,92.4,2.0,-296.1,-12.97,-11.52,1
2219.2977,91.4,0.0,-298.1,-12.05,-11.52,1
2219.4297,90.3,-4.9,-298.1,-9.14,-11.51,1
2219.5654,92.4,2.0,-298.1,-13.09,-11.49,1
2219.7012,97.7,-1.0,-293.2,-10.53,-11.49,1
2219.8356,97.7,1.0,-298.1,-11.81,-11.49,1
2219.9746,91.4,2.9,-297.1,-13.89,-11.50,1
2220.1105,96.6,0.0,-296.1,-11.39,-11.51,1
2220.2429,92.4,-3.9,-294.2,-9.44,-11.48,1
2220.3802,94.5,0.0,-297.1,-11.67,-11.47,1
2220.5159,93.5,-1.0,-298.1,-11.12,-11.45,1
2220.6503,93.5,-1.0,-298.1,-11.05,-11.44,1
2220.7822,89.3,-2.0,-298.1,-10.96,-11.44,1
2220.9076,90.3,-2.0,-297.1,-10.81,-11.43,1
2221.0441,93.5,1.0,-295.2,-12.16,-11.43,1
2221.1764,95.6,0.0,-296.1,-11.38,-11.44,1
2221.3121,95.6,-1.0,-300.0,-10.96,-11.45,1
2221.4463,96.6,-2.9,-294.2,-9.53,-11.43,1
2221.5781,91.4,-2.0,-297.1,-10.66,-11.44,1
2221.7142,91.4,1.0,-298.1,-12.52,-11.45,1
2221.8503,95.6,0.0,-295.2,-11.33,-11.43,1
2221.9874,94.5,0.0,-295.2,-11.48,-11.43,1
2222.1214,93.5,-3.9,-297.1,-9.42,-11.42,1
2222.2575,94.5,-1.0,-295.2,-11.03,-11.41,1
2222.3919,93.5,0.0,-299.1,-11.85,-11.41,1
2222.5246,94.5,-2.0,-297.1,-10.26,-11.40,1
2222.6602,97.7,0.0,-297.1,-11.02,-11.37,1
2222.7951,90.3,4.9,-296.1,-14.84,-11.40,1
2222.9306,91.4,2.9,-296.1,-13.55,-11.42,1
2223.0541,91.4,-3.9,-294.2,-9.41,-11.40,1
2223.1883,93.5,-2.0,-298.1,-10.94,-11.39,1
2223.3205,94.5,-4.9,-296.1,-9.00,-11.36,1
2223.4559,99.8,-2.9,-298.1,-9.76,-11.36,1
2223.5925,91.4,-4.9,-297.1,-9.46,-11.34,1
2223.7241,91.4,-4.9,-297.1,-9.48,-11.33,1
2223.8589,94.5,-1.0,-296.1,-11.35,-11.34,1
2223.9847,96.6,-1.0,-295.2,-11.03,-11.35,1
2224.1187,96.6,-1.0,-297.1,-11.10,-11.34,1
2224.2547,90.3,-2.0,-296.1,-11.30,-11.34,1
2224.3905,90.3,-1.0,-297.1,-12.06,-11.34,1
2224.5243,97.7,2.0,-295.2,-12.72,-11.35,1
2224.6599,93.5,-2.0,-298.1,-11.17,-11.38,1
2224.7968,95.6,-2.9,-296.1,-10.24,-11.37,1
2224.9361,91.4,-2.9,-299.1,-10.85,-11.36,1
2225.0690,95.6,0.0,-293.2,-11.86,-11.36,1
2225.2071,92.4,-4.9,-298.1,-9.47,-11.33,1
2225.3426,89.3,-1.0,-299.1,-12.38,-11.34,1
2225.4768,95.6,-1.0,-297.1,-11.49,-11.35,1
2225.6129,90.3,2.9,-298.1,-14.66,-11.36,1
2225.7479,92.4,-2.0,-297.1,-11.38,-11.36,1
2225.8843,90.3,-1.0,-293.2,-12.12,-11.37,1
2226.0088,97.7,-1.0,-298.1,-11.35,-11.37,1
2226.1437,97.7,-3.9,-293.2,-9.40,-11.45,1
2226.2821,90.3,0.0,-297.1,-12.76,-11.46,1
2226.4162,95.6,-1.0,-296.1,-11.45,-11.46,1
2226.5510,92.4,-5.9,-295.2,-8.75,-11.41,1
2226.6876,95.6,2.9,-299.1,-13.74,-11.42,1
2226.8232,90.3,1.0,-295.2,-13.19,-11.44,1
2226.9621,94.5,0.0,-296.1,-11.98,-11.42,1
2227.0839,94.5,-2.0,-302.0,-11.08,-11.42,1
2227.2186,94.5,0.0,-300.0,-12.16,-11.43,1
2227.3540,94.5,1.0,-295.2,-12.53,-11.44,1
2227.4896,95.6,2.0,-297.1,-13.03,-11.45,1
2227.6237,94.5,0.0,-296.1,-11.96,-11.45,1
2227.7602,92.4,-1.0,-296.1,-11.58,-11.45,1
2227.8970,94.5,-3.9,-295.2,-9.50,-11.44,1
2228.0377,93.5,0.0,-295.2,-11.94,-11.43,1
2228.1702,89.3,-2.9,-297.1,-10.73,-11.42,1
2228.3059,91.4,0.0,-303.0,-12.51,-11.44,1
2228.4435,93.5,-1.0,-295.2,-11.34,-11.43,1
2228.5751,94.5,-2.0,-295.2,-10.65,-11.41,1
2228.7101,88.2,-3.9,-295.2,-10.16,-11.39,1
2228.8472,94.5,-2.0,-294.2,-10.49,-11.38,1
2228.9864,88.2,0.0,-295.2,-12.39,-11.39,1
2229.1218,95.6,1.0,-297.1,-12.16,-11.38,1
2229.2594,97.7,0.0,-298.1,-11.38,-11.38,1
2229.3935,91.4,0.0,-295.2,-12.05,-11.39,1
2229.5275,97.7,-1.0,-295.2,-10.83,-11.38,1
2229.6643,91.4,-1.0,-298.1,-11.69,-11.40,1
2229.8009,92.4,-1.0,-299.1,-11.60,-11.39,1
2229.9377,91.4,-4.9,-297.1,-9.25,-11.37,1
2230.0603,95.6,-2.0,-298.1,-10.65,-11.36,1
2230.1973,94.5,0.0,-297.1,-11.90,-11.37,1
2230.3301,92.4,2.0,-294.2,-13.30,-11.38,1
2230.4670,96.6,-3.9,-296.1,-9.37,-11.37,1
2230.5921,95.6,0.0,-295.2,-11.76,-11.38,1
2230.7238,93.5,0.0,-295.2,-12.07,-11.37,1
2230.8593,95.6,2.9,-296.1,-13.54,-11.38,1
2230.9864,93.5,-1.0,-302.0,-11.74,-11.38,1
2231.1197,90.3,-4.9,-296.1,-9.47,-11.37,1
2231.2539,90.3,0.0,-298.1,-12.59,-11.39,1
2231.3898,92.4,0.0,-297.1,-12.23,-11.40,1
2231.5220,93.5,-1.0,-297.1,-11.57,-11.39,1
2231.6596,91.4,-2.0,-298.1,-11.45,-11.38,1
2231.7946,93.5,0.0,-298.1,-12.27,-11.38,1
2231.9355,93.5,-2.9,-298.1,-10.46,-11.36,1
2232.0563,90.3,-2.0,-297.1,-11.42,-11.36,1
2232.1917,93.5,0.0,-299.1,-12.33,-11.37,1
2232.3275,93.5,-2.9,-294.2,-10.21,-11.35,1
2232.4617,95.6,-2.0,-296.1,-10.33,-11.35,1
2232.5961,96.6,0.0,-300.0,-11.48,-11.33,1
2232.7342,93.5,-2.9,-295.2,-9.90,-11.31,1
2232.8690,92.4,-2.9,-299.1,-10.13,-11.31,1
2233.0066,95.6,-1.0,-295.2,-10.87,-11.30,1
2233.1427,94.5,-5.9,-295.2,-8.02,-11.27,1
2233.2780,92.4,-2.0,-296.1,-10.64,-11.26,1
2233.4129,94.5,-2.0,-297.1,-10.39,-11.27,1
2233.5498,96.6,-2.0,-294.2,-10.09,-11.25,1
2233.6861,96.6,-1.0,-298.1,-10.81,-11.23,1
2233.8193,96.6,-4.9,-296.1,-8.46,-11.21,1
2233.9592,92.4,0.0,-297.1,-11.84,-11.22,1
2234.0959,97.7,1.0,-292.2,-11.57,-11.22,1
2234.2293,93.5,1.0,-296.1,-12.22,-11.23,1
2234.3675,91.4,-2.9,-296.1,-10.10,-11.22,1
2234.5039,94.5,-1.0,-297.1,-11.03,-11.22,1
2234.6366,94.5,-1.0,-298.1,-11.02,-11.22,1
2234.7734,92.4,1.0,-299.1,-12.45,-11.24,1
2234.8983,91.4,-1.0,-297.1,-11.36,-11.24,1
2235.0343,96.6,-2.0,-300.0,-10.30,-11.23,1
2235.1713,92.4,-2.9,-297.1,-10.44,-11.22,1
2235.3083,95.6,1.0,-295.2,-12.27,-11.22,1
2235.4445,90.3,-3.9,-300.0,-10.18,-11.21,1
2235.5770,92.4,-1.0,-295.2,-11.56,-11.20,1
2235.7139,88.2,2.9,-296.1,-14.64,-11.22,1
2235.8493,93.5,-2.9,-292.2,-10.16,-11.22,1
2235.9868,92.4,2.0,-294.2,-13.28,-11.23,1
2236.1236,94.5,-2.0,-295.2,-10.68,-11.25,1
2236.2595,90.3,-1.0,-299.1,-11.96,-11.25,1
2236.3940,98.7,-2.9,-292.2,-9.59,-11.22,1
2236.5317,92.4,-4.9,-295.2,-9.18,-11.20,1
2236.6667,92.4,2.0,-300.0,-13.53,-11.24,1
2236.8039,97.7,-2.0,-293.2,-10.30,-11.21,1
2236.9416,90.3,0.0,-296.1,-12.54,-11.20,1
2237.0636,89.3,-2.9,-297.1,-10.88,-11.20,1
2237.1997,89.3,-2.0,-294.2,-11.40,-11.19,1
2237.3342,96.6,-2.0,-295.2,-10.57,-11.18,1
2237.4690,94.5,-3.9,-296.1,-9.64,-11.15,1
2237.6070,93.5,1.0,-298.1,-12.75,-11.16,1
2237.7412,92.4,2.0,-300.0,-13.58,-11.18,1
2237.8768,96.6,-1.0,-294.2,-11.04,-11.18,1
2238.0040,92.4,-2.0,-297.1,-11.06,-11.18,1
2238.1375,96.6,0.0,-296.1,-11.66,-11.19,1
2238.2717,97.7,-1.0,-297.1,-10.95,-11.19,1
2238.4074,94.5,1.0,-295.2,-12.35,-11.19,1
2238.5397,91.4,-1.0,-295.2,-11.51,-11.19,1
2238.6770,88.2,-1.0,-297.1,-11.97,-11.20,1
2238.8123,94.5,-3.9,-296.1,-9.44,-11.18,1
2238.9532,97.7,-1.0,-296.1,-10.81,-11.18,1
2239.0740,92.4,-2.0,-298.1,-10.90,-11.18,1
2239.2107,94.5,-1.0,-298.1,-11.22,-11.17,1
2239.3478,93.5,-2.9,-296.1,-10.10,-11.17,1
2239.4823,91.4,-3.9,-296.1,-9.75,-11.15,1
2239.6173,95.6,0.0,-297.1,-11.62,-11.15,1
2239.7539,93.5,-3.9,-295.2,-9.50,-11.14,1
2239.8888,93.5,0.0,-290.3,-11.64,-11.14,1
2240.0264,91.4,-1.0,-298.1,-11.66,-11.14,1
2240.1634,94.5,-2.9,-292.2,-9.92,-11.13,1
2240.3002,96.6,0.0,-301.0,-12.03,-11.15,1
2240.4352,92.4,-2.9,-296.1,-10.60,-11.14,1
2240.5720,91.4,-4.9,-296.1,-9.52,-11.13,1
2240.7088,91.4,-2.0,-297.1,-11.33,-11.12,1
2240.8431,92.4,-1.0,-295.2,-11.71,-11.14,1
2240.9839,94.5,-1.0,-298.1,-11.55,-11.13,1
2241.1184,92.4,0.0,-298.1,-12.32,-11.15,1
2241.2515,92.4,-2.0,-296.1,-11.15,-11.14,1
2241.3899,88.2,1.0,-299.1,-13.70,-11.17,1
2241.5263,92.4,-2.0,-296.1,-11.19,-11.16,1
2241.6591,95.6,-1.0,-298.1,-11.45,-11.16,1
2241.7960,91.4,1.0,-297.1,-13.10,-11.19,1
2241.9374,91.4,-2.9,-294.2,-10.56,-11.21,1
2242.0715,93.5,3.9,-298.1,-14.50,-11.22,1
2242.2059,95.6,-2.0,-300.0,-10.84,-11.22,1
2242.3426,92.4,0.0,-295.2,-12.13,-11.22,1
2242.4791,96.6,-7.8,-298.1,-7.15,-11.17,1
2242.6133,95.6,2.0,-299.1,-12.95,-11.21,1
2242.7499,98.7,1.0,-295.2,-11.83,-11.22,1
2242.8858,93.5,1.0,-295.2,-12.44,-11.25,1
2243.0230,97.7,0.0,-296.1,-11.39,-11.25,1
2243.1596,94.5,-1.0,-297.1,-11.15,-11.25,1
2243.2950,94.5,-1.0,-295.2,-11.08,-11.24,1
2243.4316,96.6,-2.0,-299.1,-10.44,-11.21,1
2243.5669,89.3,-1.0,-295.2,-11.75,-11.21,1
2243.7019,91.4,-2.9,-291.3,-10.11,-11.31,1
2243.8392,93.5,-2.0,-296.1,-10.74,-11.30,1
2243.9773,92.4,-3.9,-296.1,-9.64,-11.28,1
2244.1127,93.5,1.0,-295.2,-12.37,-11.28,1
2244.2492,91.4,-2.0,-299.1,-11.02,-11.28,1
2244.3812,94.5,3.9,-298.1,-14.01,-11.30,1
2244.5161,95.6,-2.9,-297.1,-9.89,-11.30,1
2244.6542,92.4,-5.9,-293.2,-8.26,-11.28,1
2244.7910,92.4,-3.9,-294.2,-9.49,-11.26,1
2244.9279,94.5,-1.0,-299.1,-11.22,-11.26,1
2245.0494,92.4,1.0,-298.1,-12.59,-11.28,1
2245.1875,94.5,-2.9,-296.1,-9.96,-11.25,1
2245.3202,90.3,-4.9,-295.2,-9.18,-11.22,1
2245.4571,93.5,-1.0,-298.1,-11.35,-11.22,1
2245.5936,92.4,0.0,-298.1,-12.05,-11.24,1
2245.7273,93.5,0.0,-292.2,-11.69,-11.24,1
2245.8648,91.4,2.0,-297.1,-13.28,-11.26,1
2245.9916,93.5,-6.8,-298.1,-7.75,-11.24,1
2246.1239,94.5,-2.9,-294.2,-9.88,-11.22,1
2246.2611,92.4,-2.9,-296.1,-10.11,-11.18,1
2246.3975,97.7,-3.9,-296.1,-9.03,-11.16,1
2246.5317,90.3,-2.0,-297.1,-11.05,-11.15,1
2246.6666,92.4,-2.0,-299.1,-10.88,-11.15,1
2246.8029,93.5,-3.9,-293.2,-9.35,-11.13,1
2246.9429,98.7,2.0,-299.1,-12.42,-11.17,1
2247.0749,92.4,-2.9,-297.1,-10.28,-11.17,1
2247.2115,90.3,-1.0,-298.1,-11.85,-11.16,1
2247.3493,92.4,0.0,-298.1,-12.15,-11.17,1
2247.4822,95.6,-3.9,-300.0,-9.49,-11.17,1
2247.6189,100.8,-2.0,-299.1,-10.11,-11.15,1
2247.7553,94.5,-3.9,-294.2,-9.41,-11.14,1
2247.8898,97.7,0.0,-296.1,-11.51,-11.13,1
2248.0170,92.4,-2.0,-292.2,-10.84,-11.13,1
2248.1420,91.4,0.0,-297.1,-12.34,-11.13,1
2248.2743,92.4,-2.0,-298.1,-11.02,-11.13,1
2248.4110,95.6,2.0,-300.0,-13.01,-11.14,1
2248.5469,96.6,-1.0,-296.1,-11.00,-11.13,1
2248.6810,96.6,-1.0,-296.1,-11.04,-11.11,1
2248.8172,95.6,-2.0,-301.0,-10.85,-11.11,1
2248.9573,93.5,-2.0,-295.2,-10.87,-11.10,1
2249.0938,91.4,1.0,-294.2,-12.94,-11.11,1
2249.2274,94.5,-1.0,-296.1,-11.41,-11.21,1
2249.3646,92.4,2.0,-299.1,-13.61,-11.20,1
2249.5023,95.6,-2.0,-293.2,-10.59,-11.20,1
2249.6349,92.4,0.0,-295.2,-12.20,-11.21,1
2249.7722,95.6,-4.9,-298.1,-9.02,-11.19,1
2249.9094,94.5,-2.0,-294.2,-10.71,-11.19,1
2250.0469,91.4,-1.0,-295.2,-11.71,-11.19,1
2250.1831,94.5,0.0,-298.1,-12.00,-11.20,1
2250.3197,96.6,-1.0,-295.2,-11.15,-11.20,1
2250.4552,92.4,-2.9,-300.0,-10.67,-11.20,1
2250.5884,90.3,-1.0,-298.1,-12.08,-11.20,1
2250.7183,91.4,-1.0,-294.2,-11.70,-11.21,1
2250.8523,89.3,-1.0,-297.1,-12.12,-11.21,1
2250.9772,95.6,-3.9,-296.1,-9.59,-11.19,1
2251.1142,96.6,0.0,-297.1,-11.76,-11.19,1
2251.2494,93.5,-2.0,-297.1,-10.97,-11.18,1
2251.3824,91.4,0.0,-295.2,-12.28,-11.19,1
2251.5191,92.4,-2.9,-296.1,-10.33,-11.20,1
2251.6541,97.7,2.0,-299.1,-12.69,-11.20,1
2251.7872,92.4,-4.9,-296.1,-9.19,-11.18,1
2251.9267,95.6,-2.9,-295.2,-10.00,-11.17,1
2252.0499,92.4,-1.0,-298.1,-11.64,-11.17,1
2252.1839,93.5,-1.0,-298.1,-11.56,-11.16,1
2252.3194,97.7,-1.0,-293.2,-10.87,-11.16,1
2252.4560,96.6,0.0,-302.0,-11.84,-11.18,1
2252.5888,92.4,-1.0,-298.1,-11.61,-11.19,1
2252.7248,93.5,-4.9,-298.1,-9.15,-11.17,1
2252.8621,85.1,-2.0,-298.1,-11.93,-11.18,1
2252.9997,94.5,-1.0,-294.2,-11.18,-11.18,1
2253.1341,94.5,3.9,-297.1,-14.14,-11.19,1
2253.2721,91.4,-1.0,-294.2,-11.56,-11.19,1
2253.4074,95.6,-4.9,-296.1,-8.84,-11.19,1
2253.5419,92.4,1.0,-296.1,-12.65,-11.19,1
2253.6787,93.5,-1.0,-294.2,-11.27,-11.19,1
2253.8155,93.5,-2.0,-297.1,-10.76,-11.19,1
2253.9539,91.4,-1.0,-295.2,-11.50,-11.18,1
2254.0771,92.4,2.0,-296.1,-13.16,-11.20,1
2254.2123,91.4,0.0,-296.1,-12.14,-11.24,1
2254.3483,95.6,1.0,-296.1,-12.21,-11.24,1
2254.4849,95.6,-1.0,-290.3,-10.85,-11.24,1
2254.6195,93.5,-1.0,-295.2,-11.30,-11.24,1
2254.7562,89.3,1.0,-298.1,-13.16,-11.28,1
2254.8922,90.3,-3.9,-296.1,-9.95,-11.27,1
2255.0299,95.6,-2.9,-295.2,-9.99,-11.25,1
2255.1661,90.3,1.0,-297.1,-13.03,-11.27,1
2255.3009,89.3,1.0,-300.0,-13.32,-11.28,1
2255.4374,91.4,-1.0,-292.2,-11.50,-11.29,1
2255.5742,92.4,-2.9,-296.1,-10.36,-11.27,1
2255.7083,89.3,-2.0,-298.1,-11.39,-11.27,1
2255.8437,93.5,0.0,-299.1,-12.14,-11.27,1
2255.9835,95.6,0.0,-296.1,-11.79,-11.26,1
2256.1178,91.4,1.0,-300.0,-13.08,-11.26,1
2256.2510,95.6,1.0,-296.1,-12.37,-11.27,1
2256.3880,92.4,0.0,-297.1,-12.17,-11.27,1
2256.5257,97.7,-2.0,-299.1,-10.50,-11.26,1
2256.6585,93.5,1.0,-296.1,-12.66,-11.27,1
2256.7938,93.5,1.0,-295.2,-12.64,-11.27,1
2256.9341,96.6,0.0,-296.1,-11.80,-11.28,1
2257.0673,91.4,0.0,-301.0,-12.66,-11.29,1
2257.2034,91.4,0.0,-302.0,-12.57,-11.29,1
2257.3406,92.4,-1.0,-299.1,-11.75,-11.29,1
2257.4762,90.3,0.0,-297.1,-12.48,-11.31,1
2257.6101,94.5,-2.9,-298.1,-10.22,-11.30,1
2257.7465,95.6,-2.0,-296.1,-10.54,-11.29,1
2257.8823,94.5,0.0,-296.1,-11.96,-11.29,1
2258.0207,97.7,-2.0,-297.1,-10.44,-11.29,1
2258.1560,94.5,-3.9,-295.2,-9.49,-11.27,1
2258.2917,97.7,-1.0,-293.2,-10.75,-11.27,1
2258.4262,93.5,1.0,-299.1,-12.62,-11.28,1
2258.5624,93.5,-2.9,-296.1,-10.14,-11.26,1
2258.6974,95.6,-2.0,-296.1,-10.48,-11.26,1
2258.8339,96.6,-3.9,-292.2,-9.05,-11.24,1
2258.9697,95.6,-1.0,-297.1,-11.07,-11.24,1
2259.1040,95.6,-3.9,-296.1,-9.29,-11.22,1
2259.2421,94.5,-1.0,-294.2,-11.06,-11.22,1
2259.3763,98.7,-1.0,-296.1,-10.65,-11.22,1
2259.5117,94.5,2.0,-296.1,-12.84,-11.24,1
2259.6485,95.6,-2.9,-295.2,-9.81,-11.23,1
2259.7842,96.6,-5.9,-296.1,-7.97,-11.19,1
2259.9198,91.4,0.0,-296.1,-12.02,-11.21,1
2260.0447,94.5,0.0,-295.2,-11.55,-11.21,1
2260.1791,96.6,-2.0,-296.1,-10.29,-11.20,1
2260.3145,94.5,-4.9,-297.1,-8.82,-11.17,1
2260.4505,94.5,-1.0,-296.1,-11.10,-11.18,1
2260.5870,92.4,-1.0,-297.1,-11.31,-11.18,1
2260.7195,93.5,-2.9,-296.1,-10.07,-11.17,1
2260.8582,92.4,0.0,-297.1,-12.04,-11.18,1
2260.9988,93.5,0.0,-297.1,-11.94,-11.19,1
2261.1304,92.4,-3.9,-299.1,-9.77,-11.21,1
2261.2658,91.4,-1.0,-297.1,-11.62,-11.20,1
2261.4037,92.4,2.9,-296.1,-13.77,-11.25,1
2261.5363,96.6,-1.0,-300.0,-11.07,-11.26,1
2261.6714,92.4,1.0,-299.1,-12.61,-11.28,1
2261.8085,93.5,-1.0,-297.1,-11.28,-11.29,1
2261.9499,90.3,-1.0,-295.2,-11.61,-11.28,1
2262.0694,93.5,-2.9,-299.1,-10.22,-11.31,1
2262.2064,93.5,2.0,-297.1,-13.02,-11.32,1
2262.3415,94.5,-2.0,-298.1,-10.64,-11.32,1
2262.4755,90.3,2.0,-296.1,-13.39,-11.34,1
2262.6116,91.4,-3.9,-294.2,-9.60,-11.32,1
2262.7465,94.5,-2.0,-296.1,-10.62,-11.32,1
2262.8802,95.6,-4.9,-298.1,-8.88,-11.30,1
2263.0077,92.4,1.0,-294.2,-12.49,-11.32,1
2263.1418,97.7,1.0,-293.2,-11.70,-11.33,1
2263.2750,93.5,3.9,-294.2,-13.95,-11.33,1
2263.4101,93.5,-2.9,-297.1,-10.14,-11.32,1
2263.5475,94.5,-5.9,-297.1,-8.30,-11.29,1
2263.6801,92.4,-2.9,-299.1,-10.34,-11.26,1
2263.8173,92.4,1.0,-295.2,-12.54,-11.26,1
2263.9578,94.5,-3.9,-295.2,-9.42,-11.24,1
2264.0932,95.6,1.0,-293.2,-12.19,-11.24,1
2264.2274,95.6,-2.9,-297.1,-10.17,-11.24,1
2264.3640,90.3,-1.0,-297.1,-11.82,-11.25,1
2264.4993,96.6,-3.9,-294.2,-9.25,-11.23,1
2264.6346,94.5,-1.0,-295.2,-11.21,-11.23,1
2264.7710,92.4,-2.0,-298.1,-10.95,-11.23,1
2264.9073,93.5,-1.0,-293.2,-11.18,-11.22,1
2265.0437,95.6,2.9,-298.1,-13.37,-11.23,1
2265.1815,90.3,1.0,-295.2,-12.79,-11.24,1
2265.3169,90.3,1.0,-299.1,-12.88,-11.25,1
2265.4536,93.5,-2.9,-297.1,-10.05,-11.24,1
2265.5877,97.7,-2.0,-294.2,-10.08,-11.23,1
2265.7237,93.5,1.0,-297.1,-12.40,-11.24,1
2265.8610,90.3,-1.0,-295.2,-11.55,-11.24,1
2265.9991,94.5,-2.0,-294.2,-10.38,-11.24,1
2266.1346,95.6,-1.0,-297.1,-10.94,-11.24,1
2266.2728,90.3,-2.9,-295.2,-10.28,-11.25,1
2266.4050,91.4,0.0,-298.1,-11.98,-11.27,1
2266.5419,96.6,-1.0,-298.1,-10.78,-11.27,1
2266.6785,90.3,-4.9,-297.1,-9.07,-11.25,1
2266.8161,93.5,-1.0,-297.1,-11.04,-11.25,1
2266.9528,92.4,-1.0,-299.1,-11.24,-11.24,1
2267.0761,92.4,-1.0,-296.1,-11.13,-11.25,1
2267.2129,95.6,0.0,-295.2,-11.31,-11.23,1
2267.3482,91.4,-1.0,-295.2,-11.25,-11.24,1
2267.4849,95.6,-2.9,-293.2,-9.59,-11.22,1
2267.6211,94.5,2.0,-295.2,-12.65,-11.24,1
2267.7539,94.5,-1.0,-296.1,-10.97,-11.24,1
2267.8908,92.4,-1.0,-295.2,-11.14,-11.22,1
2268.0178,94.5,-2.9,-296.1,-9.83,-11.20,1
2268.1507,93.5,-2.9,-295.2,-9.84,-11.17,1
2268.2880,94.5,2.0,-294.2,-12.56,-11.19,1
2268.4262,92.4,-2.0,-300.0,-10.72,-11.19,1
2268.5589,93.5,0.0,-294.2,-11.64,-11.20,1
2268.6938,91.4,-1.0,-297.1,-11.44,-11.19,1
2268.8308,92.4,2.0,-297.1,-13.05,-11.21,1
2268.9701,92.4,-2.0,-298.1,-10.73,-11.20,1
2269.1029,92.4,-1.0,-296.1,-11.22,-11.21,1
2269.2401,95.6,-1.0,-297.1,-10.93,-11.21,1
2269.3755,92.4,-1.0,-298.1,-11.31,-11.21,1
2269.5093,94.5,-1.0,-297.1,-11.02,-11.21,1
2269.6457,88.2,0.0,-294.2,-12.27,-11.22,1
2269.7812,94.5,-4.9,-299.1,-8.72,-11.20,1
2269.9160,95.6,-2.9,-294.2,-9.66,-11.18,1
2270.0428,93.5,-2.0,-291.3,-10.38,-11.26,1
2270.1783,90.3,-2.0,-297.1,-10.98,-11.27,1
2270.3110,91.4,-2.9,-299.1,-10.35,-11.26,1
2270.4478,92.4,-4.9,-299.1,-8.90,-11.23,1
2270.5839,91.4,-2.9,-298.1,-10.21,-11.22,1
2270.7205,92.4,-5.9,-297.1,-8.24,-11.20,1
2270.8550,94.5,-1.0,-297.1,-11.01,-11.19,1
2270.9934,93.5,-1.0,-297.1,-11.13,-11.20,1
2271.1295,93.5,0.0,-297.1,-11.76,-11.22,1
2271.2635,95.6,-1.0,-292.2,-10.78,-11.21,1
2271.3985,93.5,0.0,-298.1,-11.84,-11.21,1
2271.5351,93.5,3.9,-297.1,-14.11,-11.24,1
2271.6702,92.4,0.0,-295.2,-11.85,-11.24,1
2271.8052,96.6,-2.0,-294.2,-10.19,-11.24,1
2271.9452,94.5,-3.9,-295.2,-9.30,-11.23,1
2272.0819,97.7,-1.0,-295.2,-10.74,-11.22,1
2272.2149,95.6,-2.0,-295.2,-10.42,-11.21,1
2272.3514,91.4,-1.0,-296.1,-11.53,-11.24,1
2272.4880,98.7,-2.9,-300.0,-9.73,-11.23,1
2272.6211,90.3,-1.0,-295.2,-11.65,-11.22,1
2272.7574,94.5,-1.0,-296.1,-11.20,-11.22,1
2272.8948,97.7,-2.0,-299.1,-10.41,-11.22,1
2273.0304,91.4,-2.9,-296.1,-10.38,-11.22,1
2273.1674,94.5,-2.0,-296.1,-10.55,-11.25,1
2273.3051,95.6,-1.0,-297.1,-11.05,-11.25,1
2273.4402,93.5,-2.0,-297.1,-10.78,-11.24,1
2273.5744,93.5,0.0,-295.2,-11.89,-11.25,1
2273.7108,91.4,1.0,-295.2,-12.73,-11.26,1
2273.8477,89.3,-3.9,-293.2,-9.87,-11.26,1
2273.9864,95.6,-2.0,-292.2,-10.37,-11.25,1
2274.1204,93.5,-2.0,-298.1,-10.79,-11.24,1
2274.2561,92.4,2.0,-297.1,-13.18,-11.25,1
2274.3897,91.4,-3.9,-296.1,-9.75,-11.26,1
2274.5260,94.5,0.0,-296.1,-11.73,-11.25,1
2274.6612,92.4,2.0,-298.1,-13.22,-11.26,1
2274.7979,94.5,-3.9,-298.1,-9.54,-11.26,1
2274.9359,96.6,1.0,-299.1,-12.09,-11.27,1
2275.0701,89.3,0.0,-299.1,-12.46,-11.27,1
2275.2065,92.4,-2.0,-296.1,-10.84,-11.26,1
2275.3408,90.3,-1.0,-300.0,-12.02,-11.25,1
2275.4757,96.6,-1.0,-300.0,-11.21,-11.35,1
2275.6115,92.4,-2.0,-298.1,-11.04,-11.34,1
2275.7455,91.4,-2.9,-296.1,-10.42,-11.33,1
2275.8809,90.3,2.9,-297.1,-14.18,-11.33,1
2276.0063,90.3,-2.9,-295.2,-10.48,-11.33,1
2276.1408,90.3,-1.0,-299.1,-11.81,-11.31,1
2276.2756,95.6,-1.0,-297.1,-11.04,-11.29,1
2276.4125,89.3,-2.9,-298.1,-10.50,-11.28,1
2276.5504,96.6,-3.9,-297.1,-9.11,-11.25,1
2276.6827,91.4,-1.0,-293.2,-11.29,-11.34,1
2276.8185,95.6,0.0,-289.3,-11.27,-11.34,1
2276.9575,95.6,1.0,-293.2,-12.05,-11.34,1
2277.0908,93.5,0.0,-298.1,-11.91,-11.35,1
2277.2269,97.7,-4.9,-293.2,-8.39,-11.32,1
2277.3639,93.5,-1.0,-295.2,-11.23,-11.32,1
2277.4963,93.5,-4.9,-296.1,-8.87,-11.30,1
2277.6324,91.4,0.0,-293.2,-12.01,-11.31,1
2277.7691,94.5,-4.9,-291.3,-8.61,-11.27,1
2277.9047,93.5,-1.0,-297.1,-11.33,-11.27,1
2278.0278,91.4,-1.0,-301.0,-11.74,-11.24,1
2278.1669,91.4,-1.0,-294.2,-11.46,-11.24,1
2278.3017,92.4,-1.0,-296.1,-11.42,-11.24,1
2278.4359,95.6,-1.0,-299.1,-11.14,-11.23,1
2278.5728,94.5,2.9,-300.0,-13.72,-11.25,1
2278.7103,93.5,-3.9,-293.2,-9.58,-11.23,1
2278.8434,98.7,0.0,-296.1,-11.42,-11.24,1
2278.9819,97.7,-1.0,-297.1,-11.01,-11.23,1
2279.1186,94.5,-2.0,-294.2,-10.65,-11.24,1
2279.2532,97.7,0.0,-291.3,-11.34,-11.23,1
2279.3903,93.5,1.0,-300.0,-12.75,-11.28,1
2279.5268,92.4,1.0,-297.1,-12.75,-11.30,1
2279.6619,92.4,-2.0,-296.1,-10.98,-11.29,1
2279.7974,94.5,-1.0,-297.1,-11.31,-11.30,1
2279.9367,94.5,2.0,-298.1,-13.06,-11.33,1
2280.0726,94.5,-2.9,-296.1,-10.02,-11.32,1
2280.2073,92.4,-3.9,-298.1,-9.68,-11.31,1
2280.3454,93.5,-2.0,-296.1,-10.66,-11.31,1
2280.4807,91.4,-2.0,-296.1,-10.88,-11.30,1
2280.6148,94.5,-1.0,-298.1,-11.15,-11.29,1
2280.7510,91.4,-4.9,-299.1,-9.16,-11.25,1
2280.8867,91.4,0.0,-295.2,-12.00,-11.25,1
2281.0271,95.6,2.0,-294.2,-12.57,-11.27,1
2281.1592,90.3,-2.0,-296.1,-10.95,-11.26,1
2281.2948,95.6,-2.0,-299.1,-10.52,-11.25,1
2281.4308,98.7,1.0,-297.1,-11.81,-11.25,1
2281.5647,90.3,-1.0,-299.1,-11.80,-11.25,1
2281.6998,94.5,-2.0,-297.1,-10.67,-11.22,1
2281.8370,94.5,0.0,-296.1,-11.82,-11.22,1
2281.9756,91.4,0.0,-294.2,-12.15,-11.24,1
2282.1098,92.4,0.0,-299.1,-12.20,-11.25,1
2282.2467,92.4,-1.0,-292.2,-11.28,-11.25,1
2282.3832,91.4,-4.9,-300.0,-9.42,-11.23,1
2282.5172,93.5,-4.9,-297.1,-9.12,-11.20,1
2282.6541,92.4,-1.0,-299.1,-11.67,-11.21,1
2282.7906,94.5,-5.9,-297.1,-8.47,-11.29,1
2282.9238,95.6,-3.9,-294.2,-9.38,-11.28,1
2283.0497,91.4,0.0,-299.1,-12.36,-11.29,1
2283.1867,94.5,-1.0,-296.1,-11.26,-11.29,1
2283.3196,99.8,-2.0,-297.1,-10.21,-11.28,1
2283.4567,95.6,0.0,-293.2,-11.67,-11.28,1
2283.5946,94.5,-3.9,-296.1,-9.58,-11.24,1
2283.7271,94.5,0.0,-297.1,-11.90,-11.25,1
2283.8643,90.3,0.0,-294.2,-12.35,-11.26,1
2283.9913,93.5,0.0,-298.1,-12.10,-11.22,1
2284.1251,94.5,0.0,-296.1,-11.86,-11.23,1
2284.2624,100.8,-1.0,-300.0,-10.72,-11.22,1
2284.3997,92.4,-2.9,-296.1,-10.37,-11.22,1
2284.5349,91.4,2.0,-295.2,-13.45,-11.22,1
2284.6687,91.4,0.0,-296.1,-12.26,-11.23,1
2284.8057,93.5,-4.9,-300.0,-9.17,-11.21,1
2284.9450,96.6,1.0,-296.1,-12.13,-11.21,1
2285.0779,96.6,-2.0,-293.2,-10.32,-11.19,1
2285.2159,93.5,-1.0,-298.1,-11.43,-11.19,1
2285.3514,91.4,1.0,-293.2,-12.77,-11.21,1
2285.4859,93.5,-2.9,-294.2,-10.16,-11.20,1
2285.6222,90.3,-1.0,-294.2,-11.66,-11.21,1
2285.7573,95.6,-1.0,-297.1,-11.06,-11.23,1
2285.8940,90.3,-3.9,-292.2,-9.66,-11.22,1
2286.0183,90.3,-2.9,-295.2,-10.34,-11.21,1
2286.1534,94.5,-2.0,-298.1,-10.32,-11.21,1
2286.2917,93.5,-2.0,-298.1,-10.38,-11.20,1
2286.4258,97.7,-4.9,-297.1,-8.24,-11.18,1
2286.5603,93.5,2.0,-292.2,-12.38,-11.18,1
2286.6971,91.4,-1.0,-298.1,-11.11,-11.18,1
2286.8330,94.5,-1.0,-299.1,-10.83,-11.18,1
2286.9717,96.6,-2.0,-299.1,-10.03,-11.18,1
2287.0933,90.3,2.0,-298.1,-13.08,-11.19,1
2287.2274,95.6,-1.0,-295.2,-10.59,-11.18,1
2287.3626,93.5,-2.0,-296.1,-10.31,-11.17,1
2287.4983,94.5,-2.0,-295.2,-10.25,-11.17,1
2287.6326,91.4,2.0,-296.1,-13.06,-11.18,1
2287.7689,96.6,-1.0,-299.1,-10.79,-11.16,1
2287.9046,93.5,2.0,-300.0,-12.96,-11.17,1
2288.0444,91.4,-4.9,-298.1,-9.04,-11.16,1
2288.1791,95.6,-2.9,-293.2,-9.61,-11.15,1
2288.3146,91.4,-3.9,-293.2,-9.51,-11.13,1
2288.4527,92.4,1.0,-300.0,-12.64,-11.15,1
2288.5868,88.2,0.0,-301.0,-12.74,-11.18,1
2288.7218,95.6,-2.9,-297.1,-9.88,-11.17,1
2288.8590,93.5,-2.0,-299.1,-10.71,-11.17,1
2288.9846,91.4,-1.0,-299.1,-11.52,-11.18,1
2289.1197,94.5,2.0,-300.0,-12.97,-11.19,1
2289.2570,93.5,-2.9,-295.2,-10.07,-11.17,1
2289.3914,95.6,-2.0,-296.1,-10.52,-11.16,1
2289.5263,93.5,-2.0,-299.1,-10.95,-11.15,1
2289.6617,90.3,-2.9,-296.1,-10.60,-11.09,1
2289.7989,92.4,1.0,-295.2,-12.59,-11.11,1
2289.9353,94.5,0.0,-296.1,-11.70,-11.11,1
2290.0587,95.6,1.0,-295.2,-12.12,-11.11,1
2290.1953,92.4,-1.0,-299.1,-11.53,-11.12,1
2290.3297,93.5,-2.0,-296.1,-10.50,-11.09,1
2290.4627,89.3,2.0,-295.2,-13.67,-11.12,1
2290.5962,92.4,-1.0,-295.2,-11.51,-11.10,1
2290.7306,96.6,-2.9,-296.1,-9.79,-11.09,1
2290.8638,93.5,1.0,-295.2,-12.49,-11.09,1
2291.0023,97.7,-2.9,-297.1,-9.72,-11.08,1
2291.1378,91.4,-1.0,-299.1,-11.64,-11.09,1
2291.2709,90.3,-2.0,-295.2,-11.08,-11.09,1
2291.4053,92.4,-2.0,-300.0,-11.00,-11.09,1
2291.5393,93.5,-2.9,-296.1,-10.19,-11.07,1
2291.6745,94.5,-2.0,-291.3,-10.49,-11.06,1
2291.8082,92.4,2.0,-297.1,-13.41,-11.07,1
2291.9464,95.6,0.0,-299.1,-11.93,-11.07,1
2292.0797,95.6,1.0,-296.1,-12.37,-11.07,1
2292.2154,96.6,2.0,-297.1,-12.84,-11.08,1
2292.3497,91.4,0.0,-298.1,-12.42,-11.08,1
2292.4826,95.6,-2.9,-294.2,-10.29,-11.07,1
2292.6167,97.7,-1.0,-295.2,-11.27,-11.06,1
2292.7516,89.3,-2.0,-296.1,-11.73,-11.08,1
2292.8850,89.3,-1.0,-296.1,-12.34,-11.08,1
2293.0233,92.4,0.0,-299.1,-12.69,-11.10,1
2293.1576,93.5,-2.0,-292.2,-10.99,-11.10,1
2293.2918,92.4,-3.9,-297.1,-10.00,-11.10,1
2293.4261,92.4,-2.0,-294.2,-11.07,-11.10,1
2293.5601,94.5,2.0,-296.1,-13.26,-11.09,1
2293.6928,94.5,0.0,-300.0,-12.26,-11.10,1
2293.8285,99.8,-2.0,-297.1,-10.38,-11.09,1
2293.9678,94.5,0.0,-298.1,-12.28,-11.11,1
2294.1026,90.3,-2.0,-297.1,-11.56,-11.11,1
2294.2387,91.4,-4.9,-293.2,-9.42,-11.09,1
2294.3742,91.4,-3.9,-298.1,-10.23,-11.09,1
2294.5083,92.4,-1.0,-299.1,-11.67,-11.10,1
2294.6440,95.6,-2.0,-294.2,-10.49,-11.09,1
2294.7782,95.6,-2.9,-299.1,-10.21,-11.10,1
2294.9140,94.5,-1.0,-297.1,-11.41,-11.11,1
2295.0517,94.5,-2.0,-297.1,-10.79,-11.11,1
2295.1859,92.4,0.0,-295.2,-12.18,-11.21,1
2295.3201,92.4,-2.0,-296.1,-11.04,-11.21,1
2295.4573,95.6,-2.0,-295.2,-10.65,-11.20,1
2295.5927,95.6,-1.0,-299.1,-11.40,-11.20,1
2295.7255,94.5,-2.0,-298.1,-10.95,-11.17,1
2295.8617,98.7,-2.9,-296.1,-9.81,-11.17,1
2295.9888,96.6,-2.0,-296.1,-10.69,-11.16,1
2296.1201,93.5,1.0,-298.1,-12.94,-11.17,1
2296.2569,99.8,1.0,-300.0,-12.19,-11.18,1
2296.3928,91.4,-1.0,-293.2,-11.76,-11.19,1
2296.5264,93.5,2.0,-294.2,-13.32,-11.21,1
2296.6620,94.5,-2.9,-299.1,-10.39,-11.20,1
2296.7977,92.4,1.0,-298.1,-13.19,-11.21,1
2296.9343,95.6,-1.0,-300.0,-11.70,-11.24,1
2297.0563,93.5,-4.9,-295.2,-9.32,-11.22,1
2297.1919,94.5,-5.9,-299.1,-8.75,-11.20,1
2297.3265,94.5,0.0,-296.1,-12.28,-11.20,1
2297.4608,96.6,0.0,-296.1,-11.98,-11.21,1
2297.5982,94.5,-4.9,-300.0,-9.45,-11.18,1
2297.7336,93.5,-2.9,-300.0,-10.82,-11.17,1
2297.8668,89.3,-2.9,-295.2,-11.10,-11.21,1
2297.9930,92.4,2.0,-297.1,-13.84,-11.23,1
2298.1303,97.7,-2.0,-299.1,-10.88,-11.23,1
2298.2631,90.3,-1.0,-299.1,-12.44,-11.23,1
2298.3994,96.6,-2.9,-296.1,-10.30,-11.22,1
2298.5352,93.5,4.9,-298.1,-15.52,-11.26,1
2298.6689,97.7,1.0,-295.2,-12.42,-11.27,1
2298.8049,93.5,-1.0,-296.1,-11.82,-11.31,1
2298.9443,92.4,-4.9,-293.2,-9.55,-11.30,1
2299.0776,99.8,-2.0,-296.1,-10.65,-11.30,1
2299.2129,92.4,-2.9,-302.0,-11.13,-11.30,1
2299.3491,97.7,1.0,-295.2,-12.61,-11.30,1
2299.4834,96.6,-2.0,-293.2,-10.93,-11.29,1
2299.6157,94.5,-2.0,-298.1,-11.35,-11.29,1
2299.7530,97.7,1.0,-294.2,-12.49,-11.30,1
2299.8881,96.6,-1.0,-296.1,-11.59,-11.29,1
2300.0246,92.4,-1.0,-294.2,-12.09,-11.30,1
2300.1604,95.6,0.0,-298.1,-12.51,-11.30,1
2300.2965,97.7,-1.0,-296.1,-11.61,-11.31,1
2300.4308,92.4,2.0,-298.1,-14.16,-11.33,1
2300.5663,96.6,-2.0,-298.1,-11.30,-11.33,1
2300.7004,96.6,-2.9,-297.1,-10.76,-11.33,1
2300.8377,94.5,0.0,-295.2,-12.69,-11.33,1
2300.9753,94.5,-2.9,-295.2,-11.00,-11.33,1
2301.1086,91.4,2.0,-302.0,-14.76,-11.35,1
2301.2439,90.3,2.0,-298.1,-14.75,-11.37,1
2301.3794,93.5,-2.9,-297.1,-11.33,-11.36,1
2301.5135,95.6,0.0,-297.1,-12.81,-11.37,1
2301.6493,91.4,-2.0,-293.2,-12.02,-11.37,1
2301.7841,93.5,0.0,-295.2,-13.02,-11.39,1
2301.9200,92.4,-4.9,-301.0,-10.45,-11.41,1
2302.0578,91.4,-1.0,-297.1,-12.89,-11.43,1
2302.1938,97.7,-4.9,-298.1,-9.77,-11.41,1
2302.3270,97.7,1.0,-294.2,-12.98,-11.43,1
2302.4620,95.6,-3.9,-294.2,-10.42,-11.41,1
2302.5975,91.4,-4.9,-298.1,-10.48,-11.40,1
2302.7309,94.5,1.0,-297.1,-13.65,-11.42,1
2302.8653,93.5,-1.0,-296.1,-12.59,-11.43,1
2302.9935,94.5,-2.0,-294.2,-11.73,-11.43,1
2303.1264,90.3,0.0,-296.1,-13.59,-11.45,1
2303.2627,91.4,-2.0,-298.1,-12.32,-11.45,1
2303.3987,99.8,2.0,-293.2,-13.33,-11.46,1
2303.5315,91.4,-2.0,-298.1,-11.70,-11.46,1
2303.6666,99.8,-2.0,-296.1,-10.56,-11.46,1
2303.8035,91.4,1.0,-295.2,-13.28,-11.47,1
2303.9436,97.7,-3.9,-298.1,-9.73,-11.46,1
2304.0632,91.4,2.0,-300.0,-14.12,-11.49,1
2304.1995,93.5,-2.0,-297.1,-11.31,-11.45,1
2304.3363,95.6,0.0,-296.1,-12.12,-11.46,1
2304.4689,91.4,-3.9,-297.1,-10.29,-11.45,1
2304.6070,94.5,-4.9,-298.1,-9.36,-11.43,1
2304.7435,94.5,0.0,-295.2,-12.13,-11.44,1
2304.8769,95.6,2.0,-295.2,-13.15,-11.45,1
2305.0041,90.3,-3.9,-296.1,-10.22,-11.41,1
2305.1426,92.4,-3.9,-296.1,-9.99,-11.38,1
2305.2753,93.5,1.0,-298.1,-12.92,-11.39,1
2305.4122,96.6,-3.9,-295.2,-9.45,-11.38,1
2305.5489,95.6,-2.0,-294.2,-10.60,-11.39,1
2305.6825,91.4,-4.9,-295.2,-9.29,-11.36,1
2305.8197,96.6,-2.9,-298.1,-10.06,-11.35,1
2305.9601,99.8,0.0,-299.1,-11.43,-11.35,1
2306.0957,93.5,-3.9,-299.1,-9.83,-11.34,1
2306.2297,92.4,0.0,-296.1,-12.19,-11.35,1
2306.3665,94.5,-2.9,-294.2,-10.08,-11.32,1
2306.5018,94.5,-3.9,-298.1,-9.61,-11.31,1
2306.6359,92.4,1.0,-293.2,-12.53,-11.31,1
2306.7735,95.6,-1.0,-294.2,-11.04,-11.30,1
2306.9093,93.5,-2.0,-296.1,-10.76,-11.30,1
2307.0459,97.7,0.0,-295.2,-11.36,-11.29,1
2307.1826,92.4,-2.0,-297.1,-10.94,-11.28,1
2307.3181,91.4,1.0,-297.1,-12.81,-11.29,1
2307.4541,94.5,-1.0,-295.2,-11.07,-11.28,1
2307.5881,85.1,-2.9,-296.1,-11.08,-11.25,1
2307.7231,93.5,-2.0,-301.0,-10.90,-11.24,1
2307.8597,99.8,-4.9,-295.2,-8.32,-11.24,1
2307.9978,90.3,0.0,-301.0,-12.50,-11.25,1
2308.1333,90.3,-2.9,-301.0,-10.61,-11.24,1
2308.2705,94.5,-5.9,-301.0,-8.38,-11.22,1
2308.4036,93.5,-1.0,-294.2,-11.16,-11.22,1
2308.5386,91.4,-2.9,-295.2,-10.25,-11.20,1
2308.6753,92.4,0.0,-298.1,-12.03,-11.21,1
2308.8115,94.5,0.0,-296.1,-11.62,-11.21,1
2308.9478,95.6,1.0,-296.1,-12.17,-11.21,1
2309.0706,96.6,2.0,-297.1,-12.62,-11.21,1
2309.2078,95.6,-3.9,-296.1,-9.27,-11.20,1
2309.3409,95.6,0.0,-295.2,-11.57,-11.20,1
2309.4770,94.5,-2.0,-297.1,-10.67,-11.19,1
2309.6137,91.4,4.9,-299.1,-15.20,-11.21,1
2309.7463,92.4,-2.0,-298.1,-10.95,-11.21,1
2309.8836,94.5,1.0,-299.1,-12.52,-11.21,1
2310.0115,93.5,-2.0,-299.1,-10.90,-11.20,1
2310.1439,93.5,-1.0,-299.1,-11.59,-11.20,1
2310.2812,91.4,0.0,-302.0,-12.52,-11.22,1
2310.4180,91.4,-3.9,-296.1,-9.90,-11.25,1
2310.5532,95.6,-2.9,-296.1,-9.97,-11.23,1
2310.6881,92.4,0.0,-293.2,-11.95,-11.23,1
2310.8252,91.4,1.0,-296.1,-12.81,-11.24,1
2310.9651,95.6,2.0,-296.1,-12.82,-11.26,1
2311.0846,92.4,0.0,-298.1,-12.11,-11.28,1
2311.2209,94.5,-2.0,-298.1,-10.68,-11.31,1
2311.3581,98.7,-1.0,-297.1,-10.72,-11.31,1
2311.4906,92.4,-2.9,-300.0,-10.32,-11.30,1
2311.6273,96.6,0.0,-298.1,-11.45,-11.30,1
2311.7638,97.7,-1.0,-300.0,-10.80,-11.29,1
2311.8968,87.2,0.0,-298.1,-12.58,-11.31,1
2312.0239,94.5,-3.9,-295.2,-9.24,-11.25,1
2312.1622,90.3,1.0,-301.0,-12.89,-11.25,1
2312.2946,95.6,-2.9,-298.1,-9.88,-11.23,1
2312.4313,92.4,-2.9,-296.1,-10.11,-11.22,1
2312.5681,98.7,1.0,-295.2,-11.72,-11.21,1
2312.7034,94.5,2.0,-295.2,-12.85,-11.22,1
2312.8390,93.5,-2.0,-293.2,-10.54,-11.21,1
2312.9797,90.3,0.0,-294.2,-12.19,-11.22,1
2313.1163,91.4,1.0,-296.1,-12.72,-11.24,1
2313.2494,92.4,-3.9,-295.2,-9.56,-11.23,1
2313.3859,93.5,1.0,-298.1,-12.44,-11.23,1
2313.5228,90.3,0.0,-298.1,-12.13,-11.25,1
2313.6555,90.3,2.9,-297.1,-13.83,-11.27,1
2313.7919,93.5,2.9,-298.1,-13.47,-11.33,1
2313.9290,97.7,-3.9,-295.2,-8.96,-11.31,1
2314.0643,97.7,-3.9,-299.1,-9.12,-11.28,1
2314.2005,91.4,-3.9,-294.2,-9.54,-11.27,1
2314.3386,92.4,-1.0,-296.1,-11.32,-11.27,1
2314.4737,95.6,-1.0,-296.1,-10.97,-11.26,1
2314.6078,92.4,-1.0,-298.1,-11.38,-11.27,1
2314.7444,93.5,-3.9,-296.1,-9.42,-11.26,1
2314.8825,95.6,-3.9,-296.1,-9.25,-11.24,1
2315.0209,93.5,-2.0,-298.1,-10.70,-11.23,1
2315.1552,96.6,-2.0,-298.1,-10.40,-11.26,1
2315.2912,93.5,-1.0,-299.1,-11.35,-11.26,1
2315.4249,98.7,-2.0,-296.1,-10.12,-11.25,1
2315.5612,96.6,-3.9,-297.1,-9.21,-11.25,1
2315.6965,93.5,1.0,-301.0,-12.51,-11.26,1
2315.8336,94.5,-7.8,-298.1,-7.11,-11.23,1
2315.9724,94.5,-1.0,-295.2,-11.05,-11.22,1
2316.1068,95.6,-2.0,-293.2,-10.29,-11.21,1
2316.2432,92.4,-4.9,-301.0,-9.14,-11.21,1
2316.3751,98.7,-6.8,-294.2,-7.19,-11.17,1
2316.5100,92.4,-1.0,-293.2,-11.14,-11.18,1
2316.6462,94.5,-2.0,-298.1,-10.47,-11.22,1
2316.7802,91.4,-1.0,-294.2,-11.25,-11.22,1
2316.9157,93.5,0.0,-296.1,-11.66,-11.22,1
2317.0417,92.4,-3.9,-295.2,-9.42,-11.21,1
2317.1762,93.5,-1.0,-294.2,-10.99,-11.21,1
2317.3113,96.6,-3.9,-295.2,-9.00,-11.20,1
2317.4481,92.4,-1.0,-297.1,-11.21,-11.20,1
2317.5859,93.5,-1.0,-298.1,-11.11,-11.11,1
2317.7187,94.5,0.0,-298.1,-11.52,-11.11,1
2317.8561,97.7,-3.9,-293.2,-8.86,-11.08,1
2317.9968,91.4,1.0,-297.1,-12.55,-11.08,1
2318.1311,91.4,2.9,-296.1,-13.67,-11.11,1
2318.2682,97.7,0.0,-299.1,-11.44,-11.11,1
2318.4049,91.4,0.0,-298.1,-12.20,-11.15,1
2318.5378,93.5,-1.0,-294.2,-11.27,-11.15,1
2318.6739,95.6,1.0,-299.1,-12.34,-11.15,1
2318.8105,93.5,-1.0,-301.0,-11.50,-11.15,1
2318.9498,88.2,1.0,-296.1,-13.15,-11.17,1
2319.0689,93.5,-4.9,-297.1,-8.97,-11.14,1
2319.2072,98.7,-5.9,-296.1,-7.91,-11.11,1
2319.3410,95.6,-2.0,-296.1,-10.43,-11.10,1
2319.4754,95.6,-3.9,-295.2,-9.18,-11.10,1
2319.6118,91.4,3.9,-299.1,-14.41,-11.13,1
2319.7482,90.3,-1.0,-298.1,-11.62,-11.12,1
2319.8831,94.5,-4.9,-295.2,-8.79,-11.11,1
2320.0103,91.4,2.0,-297.1,-13.27,-11.12,1
2320.1449,93.5,1.0,-294.2,-12.29,-11.13,1
2320.2795,96.6,-4.9,-292.2,-8.42,-11.10,1
2320.4165,98.7,2.0,-295.2,-12.13,-11.02,1
2320.5511,94.5,-2.9,-296.1,-9.86,-11.01,1
2320.6852,91.4,0.0,-298.1,-12.00,-11.02,1
2320.8232,98.7,-2.0,-299.1,-10.09,-11.04,1
2320.9631,94.5,1.0,-299.1,-12.26,-11.05,1
2321.0989,95.6,0.0,-295.2,-11.45,-11.05,1
2321.2316,90.3,-2.9,-297.1,-10.38,-11.04,1
2321.3692,89.3,-2.9,-294.2,-10.43,-11.05,1
2321.5049,93.5,-3.9,-298.1,-9.53,-11.05,1
2321.6391,93.5,0.0,-296.1,-11.73,-11.05,1
2321.7756,92.4,-1.0,-298.1,-11.40,-11.05,1
2321.9129,91.4,-2.0,-301.0,-11.07,-11.05,1
2322.0511,90.3,-2.0,-296.1,-11.05,-11.05,1
2322.1881,92.4,1.0,-298.1,-12.62,-11.05,1
2322.3235,94.5,0.0,-297.1,-11.80,-11.05,1
2322.4614,92.4,-1.0,-294.2,-11.35,-11.05,1
2322.5953,92.4,0.0,-298.1,-12.07,-11.06,1
2322.7304,92.4,2.0,-296.1,-13.17,-11.10,1
2322.8676,90.3,3.9,-298.1,-14.75,-11.13,1
2322.9934,93.5,-3.9,-299.1,-9.75,-11.10,1
2323.1285,95.6,-1.0,-297.1,-11.19,-11.10,1
2323.2656,97.7,-2.0,-299.1,-10.47,-11.20,1
2323.4002,91.4,-1.0,-294.2,-11.56,-11.20,1
2323.5365,92.4,-2.0,-297.1,-10.88,-11.20,1
2323.6735,98.7,-1.0,-296.1,-10.69,-11.20,1
2323.8077,95.6,0.0,-299.1,-11.72,-11.19,1
2323.9471,89.3,-2.0,-297.1,-11.24,-11.19,1
2324.0698,91.4,-2.9,-298.1,-10.40,-11.18,1
2324.2043,94.5,-2.9,-294.2,-9.93,-11.17,1
2324.3395,93.5,0.0,-296.1,-11.82,-11.18,1
2324.4764,97.7,-2.0,-298.1,-10.29,-11.17,1
2324.6144,93.5,-3.9,-297.1,-9.63,-11.15,1
2324.7468,98.7,-5.9,-298.1,-8.02,-11.13,1
2324.8827,95.6,-4.9,-294.2,-8.70,-11.10,1
2325.0231,91.4,-2.0,-300.0,-11.13,-11.10,1
2325.1561,92.4,1.0,-297.1,-12.68,-11.11,1
2325.2916,94.5,-2.9,-297.1,-10.08,-11.10,1
2325.4284,94.5,0.0,-295.2,-11.67,-11.11,1
2325.5622,91.4,1.0,-296.1,-12.72,-11.11,1
2325.6972,91.4,-1.0,-295.2,-11.60,-11.12,1
2325.8338,93.5,0.0,-295.2,-11.93,-11.11,1
2325.9735,95.6,1.0,-296.1,-12.26,-11.09,1
2326.1057,93.5,-2.0,-298.1,-10.86,-11.08,1
2326.2434,93.5,-1.0,-300.0,-11.47,-11.09,1
2326.3775,93.5,-1.0,-297.1,-11.39,-11.07,1
2326.5111,93.5,-2.0,-294.2,-10.70,-11.07,1
2326.6478,97.7,-2.0,-296.1,-10.33,-11.06,1
2326.7856,93.5,-2.9,-297.1,-10.16,-11.06,1
2326.9192,91.4,2.0,-294.2,-13.14,-11.07,1
2327.0444,91.4,0.0,-299.1,-12.15,-11.08,1
2327.1815,94.5,-3.9,-297.1,-9.37,-11.06,1
2327.3156,91.4,-1.0,-295.2,-11.43,-11.05,1
2327.4523,93.5,-2.0,-294.2,-10.50,-11.07,1
2327.5889,97.7,-3.9,-297.1,-9.02,-10.97,1
2327.7241,92.4,0.0,-300.0,-11.98,-10.97,1
2327.8586,99.8,2.0,-298.1,-12.15,-10.98,1
2327.9855,92.4,2.0,-295.2,-13.05,-11.00,1
2328.1208,93.5,-1.0,-294.2,-11.19,-10.99,1
2328.2554,92.4,-1.0,-296.1,-11.38,-10.99,1
2328.3934,93.5,1.0,-296.1,-12.44,-10.99,1
2328.5284,92.4,0.0,-299.1,-12.13,-11.00,1
2328.6629,94.5,1.0,-296.1,-12.35,-11.02,1
2328.7996,92.4,-1.0,-298.1,-11.52,-11.04,1
2328.9384,95.6,-3.9,-301.0,-9.50,-11.03,1
2329.0725,95.6,-1.0,-299.1,-11.17,-11.03,1
2329.2095,97.7,0.0,-300.0,-11.51,-11.04,1
2329.3448,93.5,6.8,-299.1,-16.02,-11.08,1
2329.4809,100.8,-1.0,-296.1,-10.36,-11.09,1
2329.6151,96.6,1.0,-299.1,-12.04,-11.09,1
2329.7501,95.6,-2.0,-299.1,-10.52,-11.09,1
2329.8876,92.4,-2.0,-294.2,-10.70,-11.08,1
2330.0132,92.4,-1.0,-300.0,-11.51,-11.07,1
2330.1483,93.5,1.0,-293.2,-12.26,-11.09,1
2330.2856,93.5,-2.0,-295.2,-10.60,-11.08,1
2330.4203,99.8,-1.0,-298.1,-10.60,-11.07,1
2330.5580,94.5,2.0,-295.2,-12.81,-11.09,1
2330.6933,89.3,4.9,-298.1,-15.47,-11.12,1
2330.8282,91.4,2.9,-296.1,-13.86,-11.15,1
2330.9682,89.3,6.8,-300.0,-16.70,-11.20,1
2331.0903,92.4,7.8,-303.0,-16.79,-11.24,1
2331.2241,86.1,-1.0,-298.1,-12.21,-11.26,1
2331.3610,89.3,5.9,-302.0,-16.09,-11.30,1
2331.4958,91.4,3.9,-300.0,-14.39,-11.32,1
2331.6339,89.3,2.9,-301.0,-14.16,-11.35,1
2331.7681,89.3,1.0,-298.1,-12.87,-11.36,1
2331.9039,87.2,0.0,-301.0,-12.64,-11.38,1
2332.0431,87.2,2.0,-300.0,-13.82,-11.39,1
2332.1797,89.3,2.0,-300.0,-13.53,-11.40,1
2332.3152,87.2,2.0,-298.1,-13.77,-11.42,1
2332.4524,90.3,1.0,-296.1,-12.65,-11.43,1
2332.5866,88.2,4.9,-302.0,-15.60,-11.47,1
2332.7218,90.3,1.0,-295.2,-12.67,-11.47,1
2332.8584,90.3,5.9,-301.0,-15.80,-11.52,1
2332.9991,86.1,-1.0,-300.0,-12.27,-11.52,1
2333.1321,91.4,0.0,-299.1,-12.11,-11.50,1
2333.2579,88.2,3.9,-305.9,-15.24,-11.52,1
2333.3946,88.2,1.0,-302.0,-13.30,-11.54,1
2333.5274,93.5,2.0,-300.0,-13.13,-11.55,1
2333.6642,94.5,2.9,-300.0,-13.56,-11.58,1
2333.8020,93.5,2.9,-297.1,-13.52,-11.60,1
2333.9388,92.4,4.9,-302.0,-15.00,-11.64,1
2334.0622,92.4,-1.0,-299.1,-11.39,-11.67,1
2334.1991,92.4,2.0,-298.1,-13.10,-11.69,1
2334.3333,87.2,1.0,-296.1,-13.19,-11.73,1
2334.4683,91.4,3.9,-297.1,-14.36,-11.75,1
2334.6049,90.3,0.0,-300.0,-12.16,-11.77,1
2334.7375,89.3,2.9,-297.1,-13.94,-11.75,1
2334.8743,88.2,1.0,-294.2,-12.79,-11.76,1
2335.0012,92.4,5.9,-300.0,-15.28,-11.79,1
2335.1336,87.2,3.9,-302.0,-15.04,-11.80,1
2335.2713,90.3,-1.0,-298.1,-11.43,-11.80,1
2335.4094,87.2,1.0,-298.1,-13.05,-11.81,1
2335.5459,89.3,2.0,-296.1,-13.32,-11.84,1
2335.6786,89.3,2.0,-300.0,-13.52,-11.83,1
2335.8156,90.3,2.0,-302.0,-13.54,-11.84,1
2335.9566,93.5,1.0,-301.0,-12.53,-11.83,1
2336.0886,96.6,2.0,-298.1,-12.58,-11.84,1
2336.2251,90.3,3.9,-301.0,-14.79,-11.85,1
2336.3592,91.4,2.9,-300.0,-13.99,-11.87,1
2336.4932,89.3,3.9,-300.0,-14.89,-11.89,1
2336.6298,90.3,4.9,-300.0,-15.39,-11.92,1
2336.7663,92.4,-1.0,-300.0,-11.63,-11.90,1
2336.9020,91.4,-1.0,-300.0,-11.77,-11.91,1
2337.0257,91.4,-2.0,-298.1,-11.12,-11.90,1
2337.1628,93.5,0.0,-299.1,-12.06,-11.91,1
2337.2981,91.4,3.9,-299.1,-14.65,-11.93,1
2337.4307,87.2,3.9,-296.1,-15.16,-11.96,1
2337.5687,89.3,2.0,-301.0,-13.84,-11.97,1
2337.7036,91.4,2.0,-304.9,-13.70,-11.99,1
2337.8384,86.1,2.9,-300.0,-14.91,-12.02,1
2337.9791,90.3,3.9,-299.1,-14.79,-12.04,1
2338.1163,91.4,0.0,-299.1,-12.24,-12.05,1
2338.2509,87.2,3.9,-295.2,-15.07,-12.07,1
2338.3850,89.3,0.0,-295.2,-12.37,-12.08,1
2338.5178,88.2,-3.9,-294.2,-9.94,-12.09,1
2338.6517,87.2,2.0,-297.1,-13.87,-12.02,1
2338.7859,87.2,2.9,-297.1,-14.45,-12.03,1
2338.9229,91.4,2.9,-294.2,-13.64,-12.05,1
2339.0559,88.2,2.9,-297.1,-14.19,-12.07,1
2339.1915,89.3,4.9,-295.2,-15.18,-12.10,1
2339.3245,89.3,1.0,-301.0,-13.10,-12.10,1
2339.4593,85.1,-1.0,-298.1,-12.21,-12.11,1
2339.5934,93.5,-1.0,-294.2,-10.97,-12.14,1
2339.7274,92.4,-2.9,-298.1,-10.14,-12.12,1
2339.8622,90.3,2.9,-301.0,-14.12,-12.15,1
2340.0005,91.4,2.9,-299.1,-13.89,-12.16,1
2340.1339,91.4,-1.0,-297.1,-11.48,-12.15,1
2340.2698,91.4,2.9,-302.0,-14.07,-12.17,1
2340.4040,93.5,4.9,-299.1,-14.72,-12.20,1
2340.5373,95.6,2.9,-294.2,-13.14,-12.19,1
2340.6715,96.6,1.0,-294.2,-11.84,-12.30,1
2340.8071,95.6,-2.0,-300.0,-10.56,-12.28,1
2340.9435,91.4,-2.9,-294.2,-10.21,-12.27,1
2341.0782,94.5,-4.9,-297.1,-8.85,-12.25,1
2341.2155,96.6,-1.0,-294.2,-10.76,-12.25,1
2341.3520,92.4,-3.9,-297.1,-9.58,-12.21,1
2341.4845,99.8,-4.9,-300.0,-8.46,-12.19,1
2341.6214,94.5,-3.9,-302.0,-9.60,-12.16,1
2341.7567,97.7,-2.0,-294.2,-10.08,-12.16,1
2341.8910,96.6,-1.0,-294.2,-10.77,-12.15,1
2342.0179,91.4,-3.9,-298.1,-9.76,-12.13,1
2342.1520,97.7,-3.9,-295.2,-9.00,-12.10,1
2342.2856,94.5,-3.9,-296.1,-9.36,-12.09,1
2342.4218,96.6,-4.9,-296.1,-8.57,-12.06,1
2342.5582,91.4,-1.0,-296.1,-11.40,-12.06,1
2342.6909,96.6,-3.9,-297.1,-9.22,-12.04,1
2342.8280,97.7,-1.0,-298.1,-10.78,-12.04,1
2342.9693,96.6,-2.0,-295.2,-10.25,-12.07,1
2343.1054,90.3,2.0,-295.2,-13.31,-12.08,1
2343.2399,97.7,-2.9,-294.2,-9.52,-12.07,1
2343.3749,97.7,-1.0,-301.0,-10.95,-12.05,1
2343.5109,90.3,-1.0,-294.2,-11.50,-12.04,1
2343.6450,90.3,-2.0,-299.1,-11.09,-12.04,1
2343.7818,93.5,-2.9,-296.1,-10.03,-12.01,1
2343.9177,94.5,-2.0,-296.1,-10.51,-11.97,1
2344.0552,93.5,0.0,-295.2,-11.75,-11.97,1
2344.1919,93.5,-3.9,-301.0,-9.61,-11.95,1
2344.3249,95.6,-1.0,-296.1,-10.89,-11.94,1
2344.4592,93.5,0.0,-294.2,-11.65,-11.94,1
2344.5943,95.6,0.0,-299.1,-11.59,-11.94,1
2344.7271,89.3,-2.9,-293.2,-10.31,-11.93,1
2344.8619,94.5,-3.9,-296.1,-9.27,-11.91,1
2345.0003,97.7,-2.9,-296.1,-9.46,-11.89,1
2345.1348,94.5,-1.0,-296.1,-10.86,-11.89,1
2345.2695,95.6,1.0,-294.2,-11.83,-11.89,1
2345.4037,94.5,-1.0,-297.1,-10.92,-11.89,1
2345.5368,96.6,-2.0,-296.1,-10.07,-11.87,1
2345.6706,92.4,-3.9,-297.1,-9.34,-11.85,1
2345.8052,97.7,-2.0,-297.1,-9.96,-11.84,1
2345.9425,93.5,-2.9,-294.2,-9.66,-11.84,1
2346.0756,91.4,-2.0,-297.1,-10.55,-11.83,1
2346.2111,95.6,1.0,-292.2,-11.62,-11.82,1
2346.3441,93.5,-2.9,-295.2,-9.69,-11.80,1
2346.4785,96.6,-2.0,-297.1,-10.01,-11.78,1
2346.6125,92.4,0.0,-296.1,-11.63,-11.76,1
2346.7464,97.7,-1.0,-298.1,-10.52,-11.76,1
2346.8812,90.3,-3.9,-298.1,-9.55,-11.73,1
2347.0081,94.5,0.0,-300.0,-11.61,-11.73,1
2347.1409,91.4,-3.9,-296.1,-9.51,-11.69,1
2347.2778,97.7,-2.0,-298.1,-10.12,-11.71,1
2347.4142,93.5,-2.0,-297.1,-10.51,-11.71,1
2347.5507,92.4,-3.9,-300.0,-9.56,-11.69,1
2347.6834,96.6,-2.9,-300.0,-9.73,-11.68,1
2347.8196,96.6,-3.9,-300.0,-9.21,-11.66,1
2347.9596,96.6,-5.9,-293.2,-7.88,-11.60,1
2348.0920,95.6,-4.9,-295.2,-8.63,-11.57,1
2348.2286,95.6,-3.9,-294.2,-9.15,-11.56,1
2348.3667,92.4,-2.9,-298.1,-10.31,-11.54,1
2348.4994,97.7,-1.0,-293.2,-10.73,-11.54,1
2348.6360,93.5,-1.0,-295.2,-11.29,-11.53,1
2348.7731,96.6,-7.8,-298.1,-7.01,-11.50,1
2348.9101,93.5,-2.0,-299.1,-10.79,-11.47,1
2349.0327,94.5,-2.0,-298.1,-10.66,-11.46,1
2349.1699,95.6,-2.9,-298.1,-9.98,-11.45,1
2349.3054,95.6,-2.0,-301.0,-10.61,-11.44,1
2349.4394,93.5,-2.0,-295.2,-10.60,-11.44,1
2349.5760,95.6,-3.9,-295.2,-9.24,-11.42,1
2349.7111,94.5,-2.0,-297.1,-10.60,-11.40,1
2349.8458,95.6,-4.9,-295.2,-8.64,-11.38,1
2349.9741,97.7,-2.0,-302.0,-10.39,-11.37,1
2350.1094,90.3,-2.0,-295.2,-10.90,-11.37,1
2350.2443,96.6,-6.8,-294.2,-7.34,-11.33,1
2350.3812,94.5,0.0,-296.1,-11.60,-11.33,1
2350.5172,95.6,-4.9,-295.2,-8.61,-11.30,1
2350.6507,92.4,-2.0,-298.1,-10.79,-11.30,1
2350.7873,98.7,-3.9,-297.1,-8.96,-11.28,1
2350.9232,96.6,-5.9,-294.2,-7.91,-11.25,1
2351.0629,97.7,-2.0,-297.1,-10.25,-11.23,1
2351.1975,92.4,-2.0,-294.2,-10.71,-11.23,1
2351.3330,95.6,-2.9,-298.1,-9.94,-11.21,1
2351.4701,91.4,2.9,-293.2,-13.75,-11.23,1
2351.6067,95.6,-2.9,-297.1,-9.90,-11.21,1
2351.7419,94.5,0.0,-297.1,-11.71,-11.22,1
2351.8793,94.5,2.0,-297.1,-12.83,-11.25,1
2352.0148,95.6,-3.9,-292.2,-9.07,-11.23,1
2352.1501,91.4,2.0,-297.1,-13.24,-11.25,1
2352.2870,91.4,-2.9,-294.2,-10.14,-11.25,1
2352.4236,95.6,-2.9,-296.1,-9.79,-11.23,1
2352.5564,90.3,-2.0,-300.0,-11.17,-11.22,1
2352.6948,95.6,-1.0,-298.1,-11.10,-11.21,1
2352.8315,96.6,-3.9,-299.1,-9.33,-11.18,1
2352.9684,95.6,-5.9,-297.1,-8.20,-11.16,1
2353.0898,90.3,-2.9,-296.1,-10.49,-11.14,1
2353.2280,93.5,-2.9,-299.1,-10.25,-11.13,1
2353.3608,95.6,-2.0,-294.2,-10.41,-11.12,1
2353.4976,97.7,-1.0,-295.2,-10.75,-11.12,1
2353.6343,96.6,-1.0,-293.2,-10.74,-11.11,1
2353.7684,93.5,-1.0,-298.1,-11.21,-11.12,1
2353.9039,91.4,-4.9,-298.1,-9.08,-11.11,1
2354.0312,92.4,-5.9,-300.0,-8.46,-11.08,1
2354.1638,93.5,-2.9,-295.2,-9.95,-11.07,1
2354.3004,90.3,-3.9,-295.2,-9.71,-11.06,1
2354.4371,97.7,0.0,-301.0,-11.44,-11.07,1
2354.5722,93.5,-6.8,-299.1,-7.80,-11.04,1
2354.7066,92.4,-1.0,-295.2,-11.33,-11.03,1
2354.8452,94.5,0.0,-296.1,-11.68,-11.04,1
2354.9842,92.4,-3.9,-295.2,-9.56,-11.04,1
2355.1171,97.7,-2.0,-299.1,-10.25,-11.03,1
2355.2544,96.6,-5.9,-296.1,-8.03,-11.02,1
2355.3897,95.6,-2.0,-299.1,-10.47,-11.02,1
2355.5232,92.4,-2.9,-299.1,-10.23,-11.00,1
2355.6597,94.5,1.0,-300.0,-12.25,-11.02,1
2355.7949,95.6,1.0,-297.1,-12.06,-11.01,1
2355.9346,93.5,-1.0,-297.1,-11.20,-11.00,1
2356.0671,97.7,-2.9,-293.2,-9.50,-10.99,1
2356.2029,91.4,-3.9,-298.1,-9.70,-10.98,1
2356.3401,94.5,0.0,-296.1,-11.52,-11.00,1
2356.4758,98.7,-1.0,-300.0,-10.62,-10.99,1
2356.6109,94.5,-4.9,-295.2,-8.58,-10.97,1
2356.7484,95.6,-1.0,-294.2,-10.65,-10.97,1
2356.8829,93.5,0.0,-294.2,-11.47,-10.97,1
2357.0090,96.6,-6.8,-295.2,-7.23,-10.93,1
2357.1457,94.5,-3.9,-299.1,-9.24,-11.01,1
2357.2804,97.7,-3.9,-297.1,-8.87,-10.99,1
2357.4154,95.6,-2.9,-293.2,-9.49,-10.97,1
2357.5515,95.6,-2.0,-294.2,-10.11,-10.94,1
2357.6881,92.4,-3.9,-294.2,-9.29,-10.92,1
2357.8213,94.5,-1.0,-294.2,-10.71,-10.91,1
2357.9622,95.6,-5.9,-294.2,-7.72,-10.89,1
2358.0865,94.5,2.0,-294.2,-12.36,-10.90,1
2358.2178,98.7,-1.0,-296.1,-10.28,-10.87,1
2358.3549,92.4,-2.9,-298.1,-9.88,-10.87,1
2358.4916,92.4,0.0,-294.2,-11.47,-10.79,1
2358.6242,98.7,-2.9,-296.1,-9.17,-10.77,1
2358.7593,93.5,-2.0,-297.1,-10.30,-10.77,1
2358.8970,100.8,-2.0,-297.1,-9.58,-10.76,1
2359.0352,98.7,-5.9,-298.1,-7.63,-10.71,1
2359.1706,93.5,-1.0,-301.0,-11.01,-10.71,1
2359.3073,92.4,-5.9,-295.2,-8.04,-10.69,1
2359.4418,95.6,-2.9,-293.2,-9.38,-10.72,1
2359.5750,93.5,-4.9,-297.1,-8.57,-10.70,1
2359.7127,95.6,-3.9,-297.1,-8.96,-10.68,1
2359.8496,99.8,-4.9,-297.1,-8.10,-10.65,1
2359.9865,97.7,-4.9,-299.1,-8.37,-10.61,1
2360.1214,98.7,-1.0,-296.1,-10.40,-10.61,1
2360.2595,94.5,-1.0,-295.2,-10.89,-10.62,1
2360.3924,96.6,-1.0,-295.2,-10.67,-10.64,1
2360.5293,96.6,-2.9,-296.1,-9.59,-10.64,1
2360.6656,92.4,-5.9,-295.2,-8.29,-10.61,1
2360.8021,97.7,-4.9,-297.1,-8.50,-10.63,1
2360.9404,96.6,-4.9,-293.2,-8.45,-10.61,1
2361.0639,100.8,-4.9,-295.2,-8.18,-10.60,1
2361.1993,97.7,-5.9,-294.2,-7.91,-10.58,1
2361.3333,91.4,1.0,-298.1,-12.77,-10.59,1
2361.4699,99.8,-4.9,-298.1,-8.45,-10.57,1
2361.6048,96.6,0.0,-296.1,-11.44,-10.58,1
2361.7391,95.6,-2.0,-298.1,-10.49,-10.57,1
2361.8774,93.5,-1.0,-295.2,-11.27,-10.56,1
2362.0163,96.6,0.0,-298.1,-11.62,-10.57,1
2362.1510,94.5,-4.9,-298.1,-9.00,-10.55,1
2362.2879,96.6,-1.0,-294.2,-10.89,-10.54,1
2362.4230,90.3,-2.9,-298.1,-10.67,-10.54,1
2362.5594,96.6,-3.9,-296.1,-9.37,-10.52,1
2362.6940,96.6,-2.9,-297.1,-9.99,-10.51,1
2362.8294,94.5,-1.0,-298.1,-11.42,-10.52,1
2362.9697,97.7,-5.9,-296.1,-8.17,-10.49,1
2363.1040,95.6,1.0,-296.1,-12.40,-10.50,1
2363.2397,93.5,-2.0,-295.2,-10.84,-10.50,1
2363.3768,92.4,2.0,-299.1,-13.44,-10.51,1
2363.5120,95.6,-2.0,-299.1,-10.69,-10.51,1
2363.6469,98.7,-5.9,-296.1,-7.98,-10.48,1
2363.7837,96.6,-3.9,-299.1,-9.41,-10.46,1
2363.9209,96.6,-2.9,-296.1,-9.84,-10.45,1
2364.0445,94.5,-3.9,-303.9,-9.77,-10.44,1
2364.1818,91.4,-1.0,-295.2,-11.51,-10.45,1
2364.3187,93.5,-2.0,-297.1,-10.83,-10.45,1
2364.4512,93.5,2.0,-295.2,-13.04,-10.47,1
2364.5767,95.6,-4.9,-299.1,-8.92,-10.46,1
2364.7133,90.3,-3.9,-298.1,-10.05,-10.44,1
2364.8453,97.7,-3.9,-297.1,-9.21,-10.43,1
2364.9846,93.5,-1.0,-300.0,-11.60,-10.43,1
2365.1210,96.6,-6.8,-296.1,-7.60,-10.45,1
2365.2552,98.7,-1.0,-296.1,-10.82,-10.46,1
2365.3910,89.3,-7.8,-296.1,-7.57,-10.46,1
2365.5278,98.7,-2.0,-299.1,-10.39,-10.46,1
2365.6632,95.6,-2.0,-293.2,-10.51,-10.45,1
2365.7982,93.5,-2.9,-296.1,-10.28,-10.43,1
2365.9391,95.6,-5.9,-299.1,-8.45,-10.41,1
2366.0756,94.5,-4.9,-295.2,-8.93,-10.39,1
2366.2086,94.5,-2.9,-294.2,-10.05,-10.35,1
2366.3453,97.7,-2.0,-297.1,-10.41,-10.35,1
2366.4819,94.5,0.0,-293.2,-11.72,-10.36,1
2366.6147,96.6,-3.9,-299.1,-9.50,-10.34,1
2366.7400,93.5,-4.9,-296.1,-9.06,-10.33,1
2366.8775,96.6,-2.9,-298.1,-9.96,-10.32,1
2367.0140,99.8,-3.9,-298.1,-9.05,-10.31,1
2367.1494,96.6,-5.9,-294.2,-8.06,-10.29,1
2367.2873,93.5,-1.0,-290.3,-11.09,-10.30,1
2367.4200,97.7,-1.0,-297.1,-10.82,-10.30,1
2367.5570,89.3,-1.0,-294.2,-11.66,-10.31,1
2367.6934,96.6,-2.0,-295.2,-10.23,-10.31,1
2367.8303,95.6,-3.9,-296.1,-9.25,-10.29,1
2367.9685,87.2,1.0,-299.1,-13.35,-10.29,1
2368.0918,97.7,-4.9,-298.1,-8.54,-10.29,1
2368.2277,99.8,0.0,-299.1,-11.05,-10.30,1
2368.3617,99.8,-3.9,-295.2,-8.69,-10.29,1
2368.4982,95.6,-4.9,-296.1,-8.49,-10.27,1
2368.6334,95.6,-2.0,-296.1,-10.19,-10.27,1
2368.7660,95.6,-2.9,-300.0,-9.77,-10.27,1
2368.9044,93.5,-2.0,-294.2,-10.36,-10.26,1
2369.0437,91.4,-4.9,-298.1,-9.01,-10.25,1
2369.1795,97.7,-3.9,-297.1,-8.96,-10.24,1
2369.3165,94.5,-2.9,-300.0,-9.80,-10.25,1
2369.4531,93.5,-1.0,-295.2,-10.90,-10.25,1
2369.5899,93.5,-5.9,-296.1,-8.02,-10.24,1
2369.7244,93.5,1.0,-298.1,-12.11,-10.24,1
2369.8607,97.7,-4.9,-299.1,-8.27,-10.22,1
2370.0003,95.6,0.0,-296.1,-11.16,-10.25,1
2370.1323,94.5,-2.9,-300.0,-9.73,-10.21,1
2370.2679,99.8,-2.0,-298.1,-9.71,-10.19,1
2370.4048,96.6,-5.9,-296.1,-7.71,-10.17,1
2370.5401,98.7,-1.0,-295.2,-10.27,-10.16,1
2370.6750,94.5,-1.0,-297.1,-10.77,-10.14,1
2370.8121,93.5,1.0,-298.1,-12.12,-10.16,1
2370.9521,95.6,-3.9,-298.1,-9.05,-10.14,1
2371.0718,93.5,-1.0,-299.1,-11.01,-10.14,1
2371.2081,96.6,0.0,-294.2,-11.04,-10.15,1
2371.3449,94.5,-5.9,-298.1,-8.18,-10.13,1
2371.4776,93.5,-5.9,-301.0,-8.36,-10.11,1
2371.6137,95.6,-6.8,-295.2,-7.32,-10.09,1
2371.7519,97.7,-2.9,-296.1,-9.47,-10.07,1
2371.8843,97.7,-3.9,-299.1,-9.04,-10.06,1
2372.0096,96.6,0.0,-294.2,-11.29,-10.06,1
2372.1491,93.5,-2.0,-301.0,-10.77,-10.07,1
2372.2818,91.4,-2.0,-298.1,-11.01,-10.07,1
2372.4187,93.5,-4.9,-301.0,-9.08,-10.07,1
2372.5553,96.6,1.0,-300.0,-12.10,-10.10,1
2372.6891,95.6,-1.0,-299.1,-11.08,-10.10,1
2372.8243,94.5,-2.9,-296.1,-9.97,-10.09,1
2372.9645,96.6,0.0,-293.2,-11.38,-10.09,1
2373.0999,97.7,-3.9,-295.2,-9.00,-10.08,1
2373.2339,92.4,-2.0,-295.2,-10.76,-10.07,1
2373.3706,92.4,-2.0,-299.1,-10.92,-10.07,1
2373.5059,96.6,0.0,-296.1,-11.47,-10.08,1
2373.6401,93.5,-2.9,-294.2,-10.03,-10.07,1
2373.7780,97.7,-6.8,-297.1,-7.43,-10.04,1
2373.9138,93.5,-1.0,-300.0,-11.49,-10.04,1
2374.0505,94.5,-2.0,-297.1,-10.65,-10.04,1
2374.1874,95.6,-1.0,-294.2,-10.99,-10.04,1
2374.3245,96.6,-1.0,-298.1,-11.01,-10.04,1
2374.4590,94.5,-2.0,-295.2,-10.87,-10.05,1
2374.5929,97.7,-2.0,-296.1,-10.53,-10.05,1
2374.7280,95.6,-3.9,-301.0,-9.79,-10.06,1
2374.8648,92.4,-3.9,-293.2,-9.77,-10.05,1
2375.0030,90.3,-3.9,-299.1,-10.25,-10.06,1
2375.1384,93.5,-2.0,-297.1,-11.04,-10.07,1
2375.2755,97.7,-6.8,-295.2,-7.62,-10.05,1
2375.4118,96.6,-3.9,-296.1,-9.40,-10.04,1
2375.5466,92.4,-1.0,-301.0,-11.79,-10.05,1
2375.6833,94.5,-2.0,-292.2,-10.49,-10.06,1
2375.8197,96.6,-2.9,-295.2,-9.76,-10.04,1
2375.9560,94.5,-2.0,-302.0,-10.81,-10.04,1
2376.0789,91.4,-4.9,-300.0,-9.29,-10.03,1
2376.2161,97.7,-3.9,-297.1,-9.15,-10.00,1
2376.3490,97.7,-4.9,-297.1,-8.63,-9.98,1
2376.4741,93.5,-1.0,-297.1,-11.31,-9.99,1
2376.6084,96.6,1.0,-297.1,-12.05,-10.01,1
2376.7431,97.7,-3.9,-293.2,-9.05,-9.99,1
2376.8789,97.7,-3.9,-291.3,-8.97,-9.98,1
2377.0069,97.7,-1.0,-299.1,-10.92,-9.98,1
2377.1389,95.6,-1.0,-300.0,-11.17,-9.99,1
2377.2741,96.6,-2.0,-294.2,-10.31,-9.99,1
2377.4111,95.6,-3.9,-294.2,-9.29,-9.98,1
2377.5475,96.6,-3.9,-298.1,-9.45,-10.03,1
2377.6823,96.6,-4.9,-296.1,-8.79,-10.01,1
2377.8196,94.5,2.9,-303.0,-13.93,-10.04,1
2377.9576,92.4,-2.0,-297.1,-11.08,-10.02,1
2378.0792,93.5,-2.0,-292.2,-10.72,-10.03,1
2378.2153,93.5,-1.0,-297.1,-11.43,-10.04,1
2378.3501,96.6,-2.9,-296.1,-9.81,-10.02,1
2378.4849,98.7,-2.9,-298.1,-9.69,-10.01,1
2378.6232,92.4,-1.0,-294.2,-11.40,-10.01,1
2378.7598,92.4,-4.9,-296.1,-9.08,-10.01,1
2378.8931,95.6,-3.9,-296.1,-9.38,-10.00,1
2379.0184,95.6,-5.9,-295.2,-8.17,-9.99,1
2379.1568,98.7,-4.9,-298.1,-8.61,-9.96,1
2379.2899,94.5,-4.9,-295.2,-8.89,-9.94,1
2379.4254,95.6,-2.9,-295.2,-9.90,-9.93,1
2379.5620,96.6,1.0,-298.1,-12.18,-9.95,1
2379.6973,92.4,-1.0,-298.1,-11.56,-9.95,1
2379.8329,97.7,-3.9,-297.1,-9.26,-9.93,1
2379.9732,94.5,-3.9,-296.1,-9.51,-9.92,1
2380.1054,94.5,1.0,-300.0,-12.51,-9.95,1
2380.2420,91.4,-2.0,-296.1,-10.98,-9.97,1
2380.3790,97.7,-2.9,-302.0,-9.90,-9.97,1
2380.5157,94.5,-2.0,-296.1,-10.59,-9.97,1
2380.6485,101.9,0.0,-299.1,-11.05,-9.97,1
2380.7868,92.4,-2.9,-296.1,-10.30,-9.96,1
2380.9239,95.6,-4.9,-296.1,-8.77,-9.95,1
2381.0603,98.7,-2.0,-296.1,-10.16,-9.95,1
2381.1974,86.1,-2.0,-299.1,-11.69,-9.97,1
2381.3353,94.5,-4.9,-297.1,-8.78,-9.95,1
2381.4680,94.5,-2.9,-296.1,-9.92,-9.95,1
2381.6051,95.6,-3.9,-298.1,-9.28,-9.95,1
2381.7417,90.3,-2.0,-299.1,-11.00,-9.96,1
2381.8789,93.5,-1.0,-293.2,-11.02,-9.90,1
2382.0034,97.7,-4.9,-297.1,-8.45,-9.89,1
2382.1379,92.4,-1.0,-299.1,-11.35,-9.90,1
2382.2732,98.7,0.0,-295.2,-10.97,-9.91,1
2382.4073,98.7,1.0,-297.1,-11.59,-9.92,1
2382.5439,98.7,0.0,-295.2,-10.98,-9.93,1
2382.6794,95.6,-2.0,-295.2,-10.19,-9.92,1
2382.8121,96.6,-2.9,-296.1,-9.55,-9.91,1
2382.9538,91.4,-4.9,-296.1,-8.95,-9.90,1
2383.0881,93.5,-2.0,-294.2,-10.44,-9.90,1
2383.2221,96.6,-2.0,-299.1,-10.30,-9.90,1
2383.3586,97.7,-2.9,-297.1,-9.55,-9.89,1
2383.4936,94.5,-2.0,-295.2,-10.41,-9.89,1
2383.6297,93.5,-4.9,-298.1,-8.93,-9.88,1
2383.7639,94.5,-1.0,-295.2,-11.03,-9.88,1
2383.8995,99.8,0.0,-296.1,-10.99,-9.89,1
2384.0396,98.7,-4.9,-292.2,-8.19,-9.88,1
2384.1743,90.3,-2.9,-297.1,-10.38,-9.87,1
2384.3096,95.6,-1.0,-298.1,-10.99,-9.88,1
2384.4465,94.5,-2.0,-297.1,-10.54,-9.87,1
2384.5815,96.6,-2.0,-297.1,-10.30,-9.87,1
2384.7164,93.5,-4.9,-297.1,-8.88,-9.85,1
2384.8538,97.7,-3.9,-297.1,-9.07,-9.85,1
2384.9943,95.6,-2.0,-300.0,-10.51,-9.85,1
2385.1275,91.4,-2.0,-298.1,-10.93,-9.85,1
2385.2642,95.6,-1.0,-297.1,-10.99,-9.84,1
2385.4007,96.6,-3.9,-295.2,-9.11,-9.83,1
2385.5335,94.5,-5.9,-295.2,-8.25,-9.81,1
2385.6717,95.6,-4.9,-297.1,-8.82,-9.81,1
2385.8085,94.5,-1.0,-296.1,-11.17,-9.82,1
2385.9452,91.4,0.0,-294.2,-12.06,-9.82,1
2386.0667,95.6,-1.0,-295.2,-11.02,-9.84,1
2386.2050,93.5,0.0,-299.1,-11.93,-9.86,1
2386.3381,94.5,-5.9,-298.1,-8.27,-9.94,1
2386.4732,96.6,-2.9,-295.2,-9.63,-9.94,1
2386.6098,95.6,-2.0,-294.2,-10.22,-9.94,1
2386.7463,95.6,-3.9,-294.2,-9.09,-9.94,1
2386.8814,94.5,-1.0,-294.2,-10.92,-9.93,1
2387.0084,95.6,-2.0,-293.2,-10.17,-9.93,1
2387.1436,93.5,-5.9,-297.1,-8.22,-9.90,1
2387.2780,94.5,-2.9,-294.2,-9.72,-9.90,1
2387.4145,95.6,-4.9,-297.1,-8.57,-9.89,1
2387.5510,94.5,-7.8,-294.2,-6.56,-9.85,1
2387.6837,95.6,-2.0,-298.1,-10.03,-9.85,1
2387.8201,95.6,1.0,-301.0,-11.80,-9.87,1
2387.9603,98.7,1.0,-296.1,-11.28,-9.88,1
2388.0925,96.6,-3.9,-294.2,-8.58,-9.88,1
2388.2290,98.7,-2.9,-297.1,-9.05,-9.87,1
2388.3671,96.6,-4.9,-297.1,-8.12,-9.85,1
2388.5022,95.6,-3.9,-294.2,-8.66,-9.84,1
2388.6364,98.7,-3.9,-295.2,-8.43,-9.82,1
2388.7730,95.6,-3.9,-298.1,-8.81,-9.78,1
2388.9102,95.6,-2.0,-299.1,-9.90,-9.79,1
2389.0468,98.7,-6.8,-295.2,-6.70,-9.75,1
2389.1835,96.6,-2.9,-298.1,-9.22,-9.75,1
2389.3193,96.6,-2.0,-296.1,-9.73,-9.74,1
2389.4529,94.5,-2.9,-295.2,-9.35,-9.74,1
2389.5893,98.7,-2.9,-298.1,-9.00,-9.73,1
2389.7248,92.4,-1.0,-299.1,-10.87,-9.74,1
2389.8621,94.5,1.0,-295.2,-11.70,-9.75,1
2389.9849,93.5,-4.9,-299.1,-8.49,-9.75,1
2390.1199,95.6,-1.0,-293.2,-10.39,-9.73,1
2390.2572,94.5,-2.0,-294.2,-9.96,-9.64,1
2390.3913,95.6,-4.9,-297.1,-8.26,-9.63,1
2390.5276,95.6,0.0,-294.2,-11.01,-9.63,1
2390.6647,96.6,-3.9,-294.2,-8.70,-9.58,1
2390.7990,92.4,-3.9,-296.1,-9.14,-9.57,1
2390.9381,90.3,-1.0,-293.2,-11.10,-9.57,1
2391.0607,95.6,1.0,-294.2,-11.81,-9.60,1
2391.1952,97.7,1.0,-294.2,-11.58,-9.62,1
2391.3304,91.4,-2.0,-297.1,-10.72,-9.63,1
2391.4674,98.7,-2.0,-300.0,-10.09,-9.62,1
2391.6041,95.6,-3.9,-293.2,-9.18,-9.61,1
2391.7379,97.7,-5.9,-295.2,-7.90,-9.59,1
2391.8735,97.7,1.0,-299.1,-12.00,-9.53,1
2392.0144,96.6,-2.0,-299.1,-10.50,-9.53,1
2392.1477,91.4,-2.9,-298.1,-10.51,-9.52,1
2392.2829,96.6,-3.9,-301.0,-9.51,-9.51,1
2392.4198,91.4,0.0,-299.1,-12.38,-9.56,1
2392.5538,95.6,-2.9,-298.1,-10.08,-9.56,1
2392.6888,95.6,0.0,-297.1,-11.78,-9.57,1
2392.8252,94.5,0.0,-301.0,-12.08,-9.59,1
2392.9628,96.6,-3.9,-297.1,-9.43,-9.60,1
2393.0968,90.3,-1.0,-297.1,-11.90,-9.62,1
2393.2342,96.6,-2.0,-295.2,-10.54,-9.63,1
2393.3683,96.6,-2.9,-297.1,-9.98,-9.67,1
2393.5012,94.5,3.9,-297.1,-14.23,-9.71,1
2393.6379,90.3,0.0,-295.2,-12.38,-9.71,1
2393.7754,96.6,1.0,-296.1,-12.07,-9.73,1
2393.9087,94.5,0.0,-297.1,-11.81,-9.75,1
2394.0334,92.4,-1.0,-295.2,-11.39,-9.77,1
2394.1704,93.5,0.0,-293.2,-11.74,-9.77,1
2394.3043,94.5,-14.7,-297.1,6.20,-8.50,1
2394.4384,92.4,-13.7,-294.2,-0.22,-8.76,1
2394.5723,86.1,18.6,-297.1,-38.51,-11.32,0
2394.7036,91.4,57.7,-286.4,-55.28,-12.89,0
2394.8399,96.6,65.5,-284.4,-56.30,-13.97,0
2394.9773,100.8,73.3,-277.6,-58.13,-14.85,0
2395.1094,89.3,95.8,-277.6,-67.60,-16.40,0
2395.2432,74.6,114.4,-271.7,-75.78,-17.12,0
2395.3773,51.5,131.9,-263.0,-83.78,-16.41,0
2395.5088,34.7,148.6,-263.0,-88.98,-14.86,0
2395.6417,11.6,154.4,-259.1,-94.52,-12.72,0
2395.7747,-7.4,170.1,-253.2,-96.84,-8.30,0
2395.9066,-25.2,173.0,-246.4,-98.82,-2.73,0
2396.0422,-33.6,173.0,-246.4,-100.14,1.41,0
2396.1756,-37.8,164.2,-249.3,-101.89,3.60,0
2396.3085,-38.9,166.2,-252.2,-102.17,4.35,0
2396.4410,-45.2,162.2,-252.2,-103.92,3.78,0
2396.5740,-50.4,164.2,-254.2,-105.19,2.81,0
2396.7068,-44.1,153.4,-254.2,-105.69,1.90,0
2396.8388,-42.0,146.6,-259.1,-106.54,1.29,0
2396.9751,-41.0,143.7,-264.9,-106.94,0.97,0
2397.1084,-34.7,137.8,-265.9,-106.90,-0.06,0
2397.2401,-33.6,135.9,-267.8,-107.67,-1.98,0
2397.3732,-15.8,122.2,-274.7,-106.62,-5.50,0
2397.5075,30.5,86.0,-283.5,-93.46,-8.34,0
2397.6390,81.9,42.0,-283.5,-54.55,-7.76,0
2397.7721,106.1,25.4,-282.5,-31.77,-5.82,1
2397.9069,123.9,4.9,-283.5,-11.02,-3.76,1
2398.0429,123.9,-27.4,-287.4,11.03,-2.04,1
2398.1767,120.8,-24.4,-293.2,10.76,-2.80,1
2398.3111,113.4,-24.4,-290.3,11.83,-2.30,1
2398.4436,105.0,-28.3,-293.2,15.43,-3.21,0
2398.5776,98.7,-24.4,-297.1,12.39,-4.37,0
2398.7107,96.6,-20.5,-299.1,10.50,-4.24,1
2398.8449,100.8,-20.5,-294.2,10.24,-3.83,1
2398.9817,99.8,-22.5,-298.1,11.01,-2.93,1
2399.1157,104.0,-17.6,-300.0,8.23,-2.60,1
2399.2500,102.9,-21.5,-296.1,10.53,-2.25,1
2399.3827,104.0,-19.5,-298.1,9.53,-1.95,1
2399.5166,106.1,-24.4,-294.2,11.74,-1.60,1
2399.6514,102.9,-18.6,-296.1,9.09,-1.33,1
2399.7840,102.9,-23.5,-300.0,11.47,-1.01,1
2399.9187,101.9,-22.5,-294.2,11.17,-0.71,1
2400.0569,101.9,-21.5,-296.1,10.63,-0.16,1
2400.1906,104.0,-25.4,-294.2,12.45,0.13,1
2400.3252,105.0,-19.5,-294.2,9.42,0.34,1
2400.4590,101.9,-22.5,-296.1,11.19,0.58,1
2400.5911,99.8,-20.5,-297.1,10.39,0.80,1
2400.7263,104.0,-20.5,-293.2,10.03,1.00,1
2400.8608,99.8,-21.5,-296.1,10.95,1.23,1
2400.9961,105.0,-21.5,-296.1,10.37,1.64,1
2401.1299,105.0,-21.5,-296.1,10.36,1.81,1
2401.2653,97.7,-21.5,-293.2,11.09,2.00,1
2401.3980,99.8,-24.4,-296.1,12.34,2.18,1
2401.5327,101.9,-20.5,-301.0,10.13,2.34,1
2401.6687,101.9,-23.5,-297.1,11.64,2.51,1
2401.8053,107.1,-23.5,-292.2,11.15,2.68,1
2401.9425,106.1,-21.5,-294.2,10.20,2.97,1
2402.0764,106.1,-24.4,-295.2,11.65,3.13,1
2402.2124,100.8,-20.5,-295.2,10.19,3.27,1
2402.3469,100.8,-22.5,-296.1,11.16,3.41,1
2402.4809,101.9,-23.5,-296.1,11.55,3.56,1
2402.6163,99.8,-20.5,-297.1,10.21,3.67,1
2402.7492,101.9,-26.4,-299.1,12.98,3.84,1
2402.8867,106.1,-24.4,-297.1,11.61,3.98,1
2403.0124,104.0,-20.5,-299.1,9.84,4.15,1
2403.1453,105.0,-21.5,-295.2,10.25,4.26,1
2403.2814,104.0,-21.5,-297.1,10.32,4.37,1
2403.4186,102.9,-22.5,-300.0,10.89,4.39,1
2403.5528,102.9,-20.5,-298.1,9.87,4.50,1
2403.6871,96.6,-21.5,-293.2,10.99,4.61,1
2403.8232,107.1,-21.5,-296.1,9.98,4.79,1
2403.9642,99.8,-21.5,-300.0,10.52,4.94,1
2404.0849,105.0,-20.5,-294.2,9.65,5.03,1
2404.2208,101.9,-23.5,-301.0,11.40,5.14,1
2404.3549,105.0,-20.5,-295.2,9.67,5.23,1
2404.4890,105.0,-19.5,-294.2,9.16,5.31,1
2404.6248,101.9,-20.5,-294.2,9.89,5.39,1
2404.7588,102.9,-17.6,-295.2,8.31,5.49,1
2404.8937,105.0,-22.5,-298.1,10.62,5.58,1
2405.0209,102.9,-19.5,-297.1,9.31,5.67,1
2405.1543,106.1,-21.5,-298.1,10.10,5.76,1
2405.2876,101.9,-22.5,-297.1,10.96,5.85,1
2405.4233,104.0,-21.5,-297.1,10.30,5.93,1
2405.5612,101.9,-23.5,-297.1,11.44,6.03,1
2405.6953,99.8,-23.5,-295.2,11.70,6.12,1
2405.8282,102.9,-22.5,-297.1,10.95,6.21,1
2405.9675,95.6,-21.5,-297.1,11.11,6.31,1
2406.1020,106.1,-19.5,-298.1,9.14,6.37,1
2406.2360,101.9,-22.5,-298.1,10.98,6.46,1
2406.3716,106.1,-20.5,-295.2,9.69,6.53,1
2406.5058,102.9,-18.6,-294.2,9.01,6.58,1
2406.6415,101.9,-20.5,-294.2,10.08,6.64,1
2406.7768,101.9,-21.5,-299.1,10.49,6.71,1
2406.9116,101.9,-19.5,-298.1,9.50,6.76,1
2407.0493,108.2,-19.5,-295.2,9.04,6.71,1
2407.1847,101.9,-19.5,-297.1,9.51,6.76,1
2407.3193,100.8,-20.5,-297.1,10.08,6.82,1
2407.4552,104.0,-21.5,-295.2,10.32,6.89,1
2407.5892,105.0,-23.5,-294.2,11.22,6.99,1
2407.7245,100.8,-22.5,-299.1,11.08,7.07,1
2407.8609,105.0,-19.5,-294.2,9.26,7.13,1
2407.9989,101.9,-18.6,-298.1,8.96,7.16,1
2408.1332,100.8,-24.4,-296.1,12.04,7.24,1
2408.2707,102.9,-23.5,-293.2,11.32,7.30,1
2408.4058,101.9,-22.5,-296.1,10.91,7.36,1
2408.5385,104.0,-23.5,-297.1,11.18,7.42,1
2408.6741,100.8,-21.5,-296.1,10.50,7.49,1
2408.8120,100.8,-21.5,-297.1,10.46,7.55,1
2408.9502,101.9,-21.5,-294.2,10.40,7.59,1
2409.0725,106.1,-22.5,-294.2,10.52,7.64,1
2409.2084,102.9,-23.5,-296.1,11.31,7.71,1
2409.3423,102.9,-20.5,-293.2,9.88,7.76,1
2409.4779,107.1,-19.5,-297.1,9.01,7.80,1
2409.6133,102.9,-20.5,-299.1,9.81,7.85,1
2409.7458,107.1,-22.5,-293.2,10.39,7.90,1
2409.8817,101.9,-22.5,-293.2,10.87,7.97,1
2410.0075,104.0,-20.5,-294.2,9.89,7.99,1
2410.1397,99.8,-21.5,-294.2,10.71,8.04,1
2410.2744,102.9,-23.5,-296.1,11.34,8.10,1
2410.4109,100.8,-20.5,-295.2,10.12,8.15,1
2410.5461,105.0,-21.5,-298.1,10.20,8.19,1
2410.6786,101.9,-20.5,-295.2,10.02,8.24,1
2410.8146,99.8,-24.4,-300.0,11.90,8.39,1
2410.9558,102.9,-21.5,-294.2,10.18,8.41,1
2411.0894,105.0,-20.5,-295.2,9.53,8.45,1
2411.2250,101.9,-18.6,-292.2,8.83,8.48,1
2411.3616,99.8,-22.5,-300.0,11.67,8.75,1
2411.4955,106.1,-26.4,-294.2,12.99,8.82,1
2411.6320,102.9,-19.5,-297.1,9.98,8.86,1
2411.7686,99.8,-20.5,-299.1,10.79,8.91,1
2411.9044,105.0,-22.5,-298.1,11.37,8.97,1
2412.0282,104.0,-22.5,-297.1,11.49,9.00,1
2412.1654,102.9,-23.5,-295.2,12.09,9.05,1
2412.3006,100.8,-22.5,-295.2,11.80,9.10,1
2412.4349,106.1,-23.5,-295.2,11.75,9.16,1
2412.5731,107.1,-21.5,-295.2,10.65,9.20,1
2412.7085,101.9,-20.5,-298.1,10.60,9.23,1
2412.8415,99.8,-18.6,-298.1,9.84,9.27,1
2412.9688,102.9,-18.6,-294.2,9.60,9.31,1
2413.1063,106.1,-25.4,-294.2,12.63,9.38,1
2413.2409,99.8,-20.5,-301.0,10.84,9.42,1
2413.3777,101.9,-23.5,-294.2,12.15,9.49,1
2413.5123,101.9,-22.5,-294.2,11.56,9.54,1
2413.6478,99.8,-19.5,-295.2,10.28,9.58,1
2413.7845,97.7,-21.5,-297.1,11.50,9.62,1
2413.9236,104.0,-21.5,-293.2,10.88,9.66,1
2414.0587,99.8,-17.6,-297.1,9.27,9.69,1
2414.1945,106.1,-21.5,-294.2,10.59,9.72,1
2414.3299,102.9,-21.5,-295.2,10.93,9.76,1
2414.4670,98.7,-21.5,-298.1,11.28,9.79,1
2414.6010,101.9,-24.4,-296.1,12.42,9.85,1
2414.7378,101.9,-19.5,-299.1,10.03,9.88,1
2414.8753,98.7,-21.5,-296.1,11.46,9.92,1
2415.0132,105.0,-21.5,-293.2,10.87,9.96,1
2415.1484,102.9,-20.5,-294.2,10.58,10.01,1
2415.2868,102.9,-23.5,-297.1,12.05,10.06,1
2415.4206,100.8,-20.5,-296.1,10.83,10.10,1
2415.5533,104.0,-20.5,-298.1,10.56,10.14,1
2415.6900,104.0,-21.5,-294.2,11.06,10.17,1
2415.8278,102.9,-19.5,-295.2,10.18,10.22,1
2415.9644,100.8,-22.5,-295.2,11.89,10.25,1
2416.0879,106.1,-22.5,-297.1,11.38,10.29,1
2416.2251,100.8,-22.5,-295.2,11.93,10.34,1
2416.3594,102.9,-21.5,-296.1,11.23,10.38,1
2416.4944,100.8,-23.5,-293.2,12.41,10.43,1
2416.6308,99.8,-23.5,-297.1,12.56,10.48,1
2416.7636,104.0,-21.5,-296.1,11.15,10.53,1
2416.9007,100.8,-20.5,-293.2,11.00,10.56,1
2417.0276,104.0,-20.5,-296.1,10.68,10.59,1
2417.1603,106.1,-22.5,-301.0,11.45,10.62,1
2417.2975,105.0,-23.5,-294.2,12.05,10.66,1
2417.4355,104.0,-23.5,-295.2,12.11,10.69,1
2417.5706,105.0,-19.5,-294.2,10.06,10.72,1
2417.7035,102.9,-21.5,-294.2,11.16,10.75,1
2417.8407,107.1,-21.5,-293.2,10.76,10.79,1
2417.9811,102.9,-21.5,-294.2,11.16,10.81,1
2418.1139,99.8,-18.6,-293.2,9.98,10.83,1
2418.2507,109.2,-23.5,-295.2,11.46,10.86,1
2418.3861,102.9,-21.5,-294.2,11.17,10.89,1
2418.5201,102.9,-21.5,-294.2,11.20,10.92,1
2418.6565,107.1,-23.5,-291.3,11.74,10.96,1
2418.7928,104.0,-21.5,-297.1,11.11,10.99,1
2418.9320,100.8,-17.6,-302.0,9.47,10.99,1
2419.0542,105.0,-21.5,-298.1,11.09,11.01,1
2419.1895,99.8,-23.5,-300.0,12.58,11.05,1
2419.3267,105.0,-20.5,-294.2,10.61,11.04,1
2419.4609,104.0,-24.4,-294.2,12.71,11.08,1
2419.5970,105.0,-24.4,-298.1,12.59,11.12,1
2419.7342,104.0,-22.5,-292.2,11.75,11.15,1
2419.8689,101.9,-22.5,-301.0,11.92,11.19,1
2420.0064,106.1,-19.5,-294.2,10.08,11.20,1
2420.1440,104.0,-26.4,-295.2,13.60,11.33,1
2420.2783,101.9,-20.5,-295.2,10.89,11.34,1
2420.4132,104.0,-21.5,-293.2,11.21,11.37,1
2420.5500,105.0,-22.5,-296.1,11.59,11.34,1
2420.6875,105.0,-21.5,-293.2,11.08,11.36,1
2420.8206,101.9,-21.5,-294.2,11.40,11.37,1
2420.9615,101.9,-23.5,-293.2,12.37,11.49,1
2421.0982,101.9,-21.5,-296.1,11.42,11.53,1
2421.2327,104.0,-20.5,-293.2,10.72,11.55,1
2421.3697,105.0,-21.5,-296.1,11.13,11.58,1
2421.5061,105.0,-22.5,-293.2,11.62,11.62,1
2421.6386,102.9,-20.5,-295.2,10.81,11.67,1
2421.7748,104.0,-19.5,-295.2,10.29,11.68,1
2421.9116,102.9,-21.5,-299.1,11.36,11.71,1
2422.0488,101.9,-21.5,-294.2,11.44,11.73,1
2422.1828,102.9,-23.5,-295.2,12.38,11.75,1
2422.3207,102.9,-21.5,-293.2,11.43,11.78,1
2422.4558,106.1,-23.5,-295.2,12.06,11.82,1
2422.5900,106.1,-21.5,-297.1,11.14,11.85,1
2422.7263,100.8,-22.5,-295.2,12.15,11.88,1
2422.8637,104.0,-22.5,-296.1,11.81,11.92,1
2423.0021,107.1,-22.5,-290.3,11.44,11.90,1
2423.1389,104.0,-19.5,-292.2,10.31,11.93,1
2423.2744,104.0,-21.5,-296.1,11.29,11.95,1
2423.4129,98.7,-21.5,-291.3,11.81,11.99,1
2423.5470,108.2,-21.5,-296.1,10.84,12.01,1
2423.6819,101.9,-22.5,-299.1,11.94,12.04,1
2423.8189,101.9,-23.5,-291.3,12.38,12.09,1
2423.9578,102.9,-21.5,-295.2,11.31,12.11,1
2424.0926,105.0,-21.5,-296.1,11.07,12.14,1
2424.2293,105.0,-22.5,-294.2,11.51,12.19,1
2424.3610,104.0,-21.5,-293.2,11.09,12.21,1
2424.4969,101.9,-24.4,-295.2,12.67,12.25,1
2424.6335,104.0,-21.5,-299.1,11.03,12.27,1
2424.7697,104.0,-25.4,-296.1,12.97,12.31,1
2424.9031,107.1,-28.3,-293.2,14.03,12.35,1
2425.0292,100.8,-21.5,-296.1,11.28,12.36,1
2425.1661,102.9,-23.5,-296.1,12.03,12.39,1
2425.2990,104.0,-21.5,-293.2,10.98,12.41,1
2425.4358,106.1,-22.5,-291.3,11.25,12.43,1
2425.5740,105.0,-18.6,-296.1,9.45,12.44,1
2425.7064,102.9,-17.6,-297.1,9.15,12.43,1
2425.8435,104.0,-23.5,-295.2,11.98,12.46,1
2425.9703,100.8,-20.5,-295.2,10.87,12.47,1
2426.1064,108.2,-23.5,-296.1,11.59,12.51,1
2426.2303,100.8,-22.5,-294.2,11.89,12.53,1
2426.3668,104.0,-22.5,-289.3,11.51,12.55,1
2426.5009,101.9,-23.5,-298.1,12.18,12.58,1
2426.6358,101.9,-22.5,-299.1,11.75,12.60,1
2426.7718,105.0,-19.5,-295.2,10.02,12.61,1
2426.9064,104.0,-23.5,-291.3,12.07,12.65,1
2427.0438,102.9,-23.5,-295.2,12.21,12.70,1
2427.1814,105.0,-20.5,-298.1,10.58,12.72,1
2427.3156,100.8,-22.5,-295.2,12.14,12.75,1
2427.4484,100.8,-21.5,-296.1,11.65,12.77,1
2427.5853,106.1,-19.5,-295.2,10.19,12.78,1
2427.7232,102.9,-25.4,-298.1,13.48,12.82,1
2427.8565,104.0,-19.5,-296.1,10.52,12.83,1
2427.9818,100.8,-21.5,-292.2,11.80,12.84,1
2428.1191,106.1,-21.5,-290.3,11.28,12.87,1
2428.2544,105.0,-19.5,-294.2,10.41,12.88,1
2428.3898,101.9,-21.5,-294.2,11.69,12.90,1
2428.5269,102.9,-19.5,-291.3,10.59,12.90,1
2428.6593,102.9,-21.5,-294.2,11.53,12.93,1
2428.7955,98.7,-19.5,-296.1,10.94,12.94,1
2428.9360,107.1,-20.5,-297.1,10.61,12.95,1
2429.0715,102.9,-21.5,-294.2,11.48,12.96,1
2429.2044,102.9,-18.6,-292.2,10.03,12.96,1
2429.3427,105.0,-18.6,-292.2,9.85,12.95,1
2429.4780,107.1,-19.5,-293.2,10.12,12.96,1
2429.6126,101.9,-21.5,-293.2,11.50,12.97,1
2429.7490,106.1,-21.5,-294.2,11.02,12.99,1
2429.8863,101.9,-22.5,-296.1,11.92,13.01,1
2430.0244,101.9,-21.5,-301.0,11.41,13.02,1
2430.1585,101.9,-21.5,-294.2,11.35,13.02,1
2430.2938,101.9,-21.5,-296.1,11.36,13.03,1
2430.4319,102.9,-21.5,-299.1,11.31,12.94,1
2430.5662,106.1,-20.5,-293.2,10.56,12.96,1
2430.7014,101.9,-24.4,-293.2,12.91,12.98,1
2430.8387,105.0,-19.5,-291.3,10.13,12.99,1
2430.9777,105.0,-20.5,-297.1,10.60,13.00,1
2431.1136,105.0,-17.6,-294.2,9.18,12.99,1
2431.2510,100.8,-23.5,-295.2,12.48,13.02,1
2431.3852,98.7,-23.5,-298.1,12.72,13.05,1
2431.5201,107.1,-24.4,-297.1,12.28,13.15,1
2431.6561,104.0,-19.5,-296.1,10.25,13.15,1
2431.7929,102.9,-25.4,-297.1,13.24,13.15,1
2431.9297,106.1,-21.5,-296.1,10.99,13.15,1
2432.0529,104.0,-21.5,-293.2,11.22,13.16,1
2432.1899,100.8,-23.5,-295.2,12.49,13.18,1
2432.3225,101.9,-21.5,-294.2,11.39,13.19,1
2432.4593,101.9,-20.5,-298.1,10.82,13.20,1
2432.5974,100.8,-19.5,-293.2,10.41,13.21,1
2432.7298,100.8,-25.4,-295.2,13.34,13.23,1
2432.8672,99.8,-23.5,-295.2,12.47,13.25,1
2432.9942,101.9,-22.5,-296.1,11.73,13.26,1
2433.1273,106.1,-23.5,-294.2,11.79,13.27,1
2433.2627,105.0,-21.5,-298.1,10.90,13.27,1
2433.3995,104.0,-25.4,-293.2,12.94,13.30,1
2433.5336,99.8,-25.4,-297.1,13.14,13.33,1
2433.6685,97.7,-22.5,-295.2,11.88,13.34,1
2433.8048,105.0,-21.5,-292.2,10.65,13.34,1
2433.9445,100.8,-23.5,-292.2,12.04,13.35,1
2434.0765,104.0,-21.5,-294.2,10.77,13.35,1
2434.2145,105.0,-17.6,-292.2,8.76,13.35,1
2434.3487,101.9,-22.5,-295.2,11.48,13.36,1
2434.4816,98.7,-22.5,-296.1,11.83,13.37,1
2434.6183,106.1,-23.5,-298.1,11.60,13.38,1
2434.7559,104.0,-18.6,-295.2,9.39,13.38,1
2434.8892,101.9,-23.5,-297.1,12.05,13.39,1
2435.0162,102.9,-26.4,-299.1,13.34,13.40,1
2435.1508,100.8,-22.5,-296.1,11.66,13.42,1
2435.2854,108.2,-21.5,-297.1,10.53,13.42,1
2435.4202,107.1,-21.5,-299.1,10.63,13.43,1
2435.5568,102.9,-24.4,-297.1,12.49,13.46,1
2435.6921,104.0,-20.5,-298.1,10.51,13.45,1
2435.8263,105.0,-21.5,-296.1,10.84,13.36,1
2435.9641,105.0,-21.5,-297.1,10.77,13.43,1
2436.0961,101.9,-20.5,-296.1,10.64,13.43,1
2436.2301,98.7,-21.5,-293.2,11.58,13.44,1
2436.3661,105.0,-20.5,-298.1,10.45,13.44,1
2436.4989,102.9,-22.5,-298.1,11.62,13.44,1
2436.6330,100.8,-23.5,-295.2,12.23,13.46,1
2436.7674,100.8,-22.5,-298.1,11.65,13.47,1
2436.9020,105.0,-20.5,-296.1,10.37,13.57,1
2437.0382,107.1,-24.4,-298.1,12.07,13.58,1
2437.1727,105.0,-20.5,-295.2,10.38,13.58,1
2437.3059,106.1,-23.5,-296.1,11.69,13.60,1
2437.4415,101.9,-19.5,-293.2,10.16,13.59,1
2437.5755,101.9,-24.4,-296.1,12.54,13.63,1
2437.7082,101.9,-21.5,-297.1,11.22,13.63,1
2437.8430,106.1,-22.5,-296.1,11.32,13.64,1
2437.9685,102.9,-21.5,-297.1,11.13,13.64,1
2438.1013,100.8,-24.4,-297.1,12.82,13.65,1
2438.2362,104.0,-23.5,-297.1,12.02,13.66,1
2438.3707,99.8,-19.5,-294.2,10.53,13.66,1
2438.5064,101.9,-22.5,-295.2,11.80,13.68,1
2438.6391,100.8,-21.5,-293.2,11.39,13.68,1
2438.7735,100.8,-19.5,-296.1,10.36,13.68,1
2438.9083,108.2,-22.5,-299.1,11.10,13.69,1
2439.0333,104.0,-22.5,-299.1,11.84,13.70,1
2439.1695,100.8,-22.5,-296.1,12.16,13.72,1
2439.3040,101.9,-19.5,-296.1,10.55,13.73,1
2439.4392,106.1,-19.5,-297.1,10.16,13.72,1
2439.5751,101.9,-21.5,-294.2,11.52,13.73,1
2439.7091,102.9,-25.4,-295.2,13.34,13.75,1
2439.8442,104.0,-21.5,-299.1,11.31,13.76,1
2439.9713,105.0,-22.5,-294.2,11.65,13.76,1
2440.1056,102.9,-23.5,-292.2,12.36,13.77,1
2440.2406,109.2,-21.5,-295.2,10.80,13.77,1
2440.3776,105.0,-22.5,-292.2,11.73,13.77,1
2440.5120,99.8,-23.5,-297.1,12.75,13.78,1
2440.6502,101.9,-18.6,-293.2,10.07,13.77,1
2440.7853,104.0,-21.5,-289.3,11.31,13.76,1
2440.9261,106.1,-24.4,-292.2,12.49,13.77,1
2441.0468,102.9,-18.6,-297.1,10.01,13.76,1
2441.1834,102.9,-22.5,-295.2,11.93,13.77,1
2441.3205,104.0,-24.4,-295.2,12.74,13.79,1
2441.4548,104.0,-21.5,-295.2,11.27,13.80,1
2441.5899,105.0,-20.5,-296.1,10.67,13.80,1
2441.7277,97.7,-24.4,-298.1,13.36,13.82,1
2441.8624,105.0,-22.5,-298.1,11.58,13.82,1
2442.0001,98.7,-20.5,-294.2,11.20,13.83,1
2442.1364,107.1,-20.5,-294.2,10.37,13.83,1
2442.2719,109.2,-21.5,-296.1,10.66,13.83,1
2442.4070,104.0,-20.5,-294.2,10.68,13.83,1
2442.5438,108.2,-22.5,-301.0,11.21,13.82,1
2442.6803,101.9,-20.5,-293.2,10.85,13.81,1
2442.8148,106.1,-20.5,-298.1,10.47,13.81,1
2442.9555,97.7,-19.5,-297.1,10.72,13.81,1
2443.0923,102.9,-17.6,-297.1,9.22,13.81,1
2443.2255,100.8,-23.5,-299.1,12.38,13.82,1
2443.3641,99.8,-21.5,-295.2,11.50,13.83,1
2443.5004,100.8,-21.5,-296.1,11.38,13.84,1
2443.6331,101.9,-21.5,-294.2,11.26,13.83,1
2443.7699,104.0,-22.5,-297.1,11.51,13.84,1
2443.9081,102.9,-19.5,-292.2,10.11,13.83,1
2444.0468,100.8,-20.5,-294.2,10.84,13.82,1
2444.1814,101.9,-22.5,-293.2,11.74,13.84,1
2444.3181,104.0,-22.5,-291.3,11.62,13.84,1
2444.4548,102.9,-22.5,-294.2,11.71,13.93,1
2444.5868,95.6,-22.5,-294.2,12.50,13.93,1
2444.7232,101.9,-19.5,-296.1,10.33,13.93,1
2444.8588,104.0,-23.5,-296.1,12.07,13.95,1
2444.9960,98.7,-22.5,-297.1,12.11,13.95,1
2445.1327,101.9,-21.5,-299.1,11.25,13.95,1
2445.2681,100.8,-19.5,-294.2,10.38,13.94,1
2445.4048,101.9,-19.5,-297.1,10.27,13.93,1
2445.5400,100.8,-17.6,-299.1,9.33,13.92,1
2445.6749,101.9,-21.5,-299.1,11.27,13.93,1
2445.8119,102.9,-20.5,-299.1,10.68,13.93,1
2445.9496,100.8,-20.5,-295.2,10.90,13.89,1
2446.0713,102.9,-19.5,-297.1,10.26,13.88,1
2446.2073,100.8,-24.4,-296.1,13.02,13.90,1
2446.3416,102.9,-21.5,-297.1,11.32,13.92,1
2446.4763,104.0,-20.5,-292.2,10.75,13.88,1
2446.6143,99.8,-18.6,-298.1,10.25,13.88,1
2446.7483,101.9,-18.6,-297.1,10.07,13.87,1
2446.8838,100.8,-18.6,-293.2,10.17,13.86,1
2447.0107,106.1,-19.5,-297.1,10.22,13.84,1
2447.1439,108.2,-22.5,-291.3,11.43,13.84,1
2447.2786,95.6,-20.5,-294.2,11.85,13.83,1
2447.4152,105.0,-20.5,-296.1,10.88,13.82,1
2447.5516,104.0,-21.5,-299.1,11.40,13.82,1
2447.6850,101.9,-21.5,-296.1,11.57,13.82,1
2447.8221,107.1,-22.5,-296.1,11.59,13.82,1
2447.9626,100.8,-27.4,-300.0,14.65,13.88,1
2448.0958,102.9,-24.4,-295.2,12.96,13.89,1
2448.2324,100.8,-23.5,-299.1,12.69,13.90,1
2448.3689,102.9,-22.5,-293.2,12.17,13.90,1
2448.5017,99.8,-19.5,-292.2,11.04,13.89,1
2448.6385,104.0,-20.5,-296.1,11.10,13.89,1
2448.7763,104.0,-20.5,-298.1,11.00,13.89,1
2448.9120,101.9,-19.5,-294.2,10.69,13.89,1
2449.0346,102.9,-19.5,-296.1,10.57,13.88,1
2449.1715,102.9,-22.5,-295.2,11.98,13.89,1
2449.3081,101.9,-22.5,-294.2,11.99,13.88,1
2449.4407,106.1,-20.5,-294.2,10.66,13.87,1
2449.5773,99.8,-23.5,-301.0,12.70,13.89,1
2449.7122,99.8,-23.5,-291.3,12.72,13.98,1
2449.8466,100.8,-19.5,-296.1,10.55,13.96,1
2449.9734,101.9,-18.6,-297.1,9.94,13.95,1
2450.1076,105.0,-20.5,-291.3,10.58,13.84,1
2450.2407,102.9,-24.4,-297.1,12.70,13.85,1
2450.3776,104.0,-24.4,-293.2,12.58,13.86,1
2450.5141,99.8,-22.5,-297.1,12.04,13.86,1
2450.6468,100.8,-20.5,-294.2,10.95,13.86,1
2450.7836,105.0,-24.4,-295.2,12.55,13.86,1
2450.9250,99.8,-20.5,-296.1,11.15,13.86,1
2451.0591,100.8,-21.5,-296.1,11.53,13.87,1
2451.1932,105.0,-22.5,-296.1,11.58,13.87,1
2451.3300,100.8,-22.5,-291.3,11.99,13.88,1
2451.4667,101.9,-21.5,-295.2,11.36,13.89,1
2451.6011,102.9,-18.6,-296.1,9.78,13.89,1
2451.7378,106.1,-23.5,-294.2,11.89,13.88,1
2451.8738,101.9,-24.4,-297.1,12.87,13.89,1
2452.0113,106.1,-20.5,-296.1,10.51,13.89,1
2452.1480,104.0,-21.5,-293.2,11.12,13.90,1
2452.2837,100.8,-23.5,-296.1,12.41,13.91,1
2452.4205,102.9,-20.5,-295.2,10.72,13.91,1
2452.5559,101.9,-19.5,-297.1,10.35,13.90,1
2452.6910,99.8,-21.5,-297.1,11.58,13.90,1
2452.8281,106.1,-18.6,-297.1,9.49,13.88,1
2452.9657,96.6,-21.5,-296.1,11.90,13.89,1
2453.0876,106.1,-22.5,-289.3,11.38,13.88,1
2453.2239,97.7,-21.5,-295.2,11.73,13.88,1
2453.3583,101.9,-19.5,-294.2,10.27,13.86,1
2453.4935,106.1,-20.5,-295.2,10.33,13.84,1
2453.6302,106.1,-24.4,-296.1,12.19,13.84,1
2453.7644,107.1,-18.6,-295.2,9.21,13.82,1
2453.9000,94.5,-21.5,-292.2,12.03,13.83,1
2454.0255,105.0,-18.6,-300.0,9.47,13.81,1
2454.1626,102.9,-23.5,-294.2,12.15,13.82,1
2454.2997,106.1,-21.5,-294.2,10.84,13.81,1
2454.4364,101.9,-24.4,-296.1,12.70,13.82,1
2454.5727,108.2,-18.6,-293.2,9.27,13.77,1
2454.7066,102.9,-26.4,-298.1,13.60,13.78,1
2454.8437,104.0,-22.5,-293.2,11.58,13.78,1
2454.9839,105.0,-20.5,-297.1,10.54,13.78,1
2455.1160,105.0,-22.5,-297.1,11.46,13.77,1
2455.2528,105.0,-24.4,-294.2,12.37,13.78,1
2455.3894,102.9,-22.5,-295.2,11.60,13.77,1
2455.5223,101.9,-21.5,-296.1,10.93,13.77,1
2455.6590,102.9,-19.5,-300.0,9.84,13.75,1
2455.7969,106.1,-21.5,-298.1,10.54,13.74,1
2455.9362,105.0,-21.5,-297.1,10.63,13.74,1
2456.0554,101.9,-18.6,-295.2,9.48,13.68,1
2456.1926,104.0,-23.5,-296.1,11.72,13.70,1
2456.3294,102.9,-23.5,-296.1,11.87,13.70,1
2456.4636,104.0,-21.5,-296.1,10.82,13.70,1
2456.5999,107.1,-21.5,-300.0,10.46,13.68,1
2456.7354,110.3,-24.4,-299.1,11.49,13.71,1
2456.8694,102.9,-24.4,-296.1,12.25,13.71,1
2456.9964,101.9,-21.5,-294.2,10.91,13.71,1
2457.1316,106.1,-24.4,-296.1,11.86,13.71,1
2457.2666,108.2,-24.4,-296.1,11.60,13.70,1
2457.4047,100.8,-24.4,-295.2,12.43,13.71,1
2457.5399,102.9,-20.5,-293.2,10.26,13.69,1
2457.6724,105.0,-21.5,-297.1,10.56,13.69,1
2457.8090,101.9,-18.6,-293.2,9.38,13.67,1
2457.9478,102.9,-19.5,-299.1,9.80,13.67,1
2458.0842,104.0,-22.5,-295.2,11.22,13.67,1
2458.2187,104.0,-21.5,-297.1,10.72,13.66,1
2458.3540,108.2,-22.5,-297.1,10.88,13.64,1
2458.4900,105.0,-18.6,-294.2,9.21,13.63,1
2458.6242,105.0,-23.5,-296.1,11.63,13.63,1
2458.7594,102.9,-21.5,-294.2,10.91,13.63,1
2458.8967,107.1,-20.5,-291.3,10.07,13.62,1
2459.0223,101.9,-20.5,-296.1,10.57,13.61,1
2459.1573,100.8,-18.6,-294.2,9.69,13.59,1
2459.2946,101.9,-19.5,-293.2,10.06,13.58,1
2459.4287,102.9,-25.4,-298.1,12.89,13.58,1
2459.5648,105.0,-20.5,-299.1,10.29,13.57,1
2459.7017,101.9,-22.5,-299.1,11.55,13.56,1
2459.8388,101.9,-18.6,-293.2,9.60,13.55,1
2459.9756,108.2,-19.5,-297.1,9.58,13.53,1
2460.1122,102.9,-18.6,-294.2,9.50,13.51,1
2460.2489,105.0,-23.5,-295.2,11.72,13.50,1
2460.3819,102.9,-23.5,-297.1,11.93,13.53,1
2460.5169,101.9,-22.5,-295.2,11.48,13.56,1
2460.6546,104.0,-21.5,-297.1,10.81,13.56,1
2460.7874,104.0,-21.5,-295.2,10.84,13.56,1
2460.9284,104.0,-21.5,-294.2,10.85,13.57,1
2461.0516,105.0,-20.5,-292.2,10.29,13.56,1
2461.1859,102.9,-24.4,-294.2,12.45,13.58,1
2461.3212,101.9,-21.5,-292.2,11.12,13.58,1
2461.4581,101.9,-20.5,-291.3,10.58,13.56,1
2461.5933,100.8,-18.6,-297.1,9.68,13.54,1
2461.7271,108.2,-23.5,-295.2,11.49,13.53,1
2461.8641,100.8,-22.5,-300.0,11.75,13.53,1
2462.0017,104.0,-19.5,-302.0,10.07,13.52,1
2462.1359,107.1,-18.6,-298.1,9.35,13.50,1
2462.2742,100.8,-24.4,-300.0,12.87,13.59,1
2462.4094,107.1,-22.5,-300.0,11.28,13.60,1
2462.5437,104.0,-24.4,-294.2,12.60,13.59,1
2462.6799,101.9,-23.5,-295.2,12.33,13.60,1
2462.8155,108.2,-23.5,-295.2,11.66,13.59,1
2462.9552,102.9,-19.5,-298.1,10.28,13.59,1
2463.0759,104.0,-26.4,-296.1,13.60,13.60,1
2463.2109,104.0,-22.5,-298.1,11.71,13.60,1
2463.3475,105.0,-19.5,-295.2,10.15,13.59,1
2463.4817,106.1,-23.5,-294.2,11.97,13.58,1
2463.6162,105.0,-19.5,-296.1,10.16,13.56,1
2463.7532,106.1,-24.4,-299.1,12.34,13.57,1
2463.8894,100.8,-18.6,-298.1,10.01,13.55,1
2464.0268,100.8,-17.6,-292.2,9.54,13.52,1
2464.1633,104.0,-23.5,-297.1,12.21,13.52,1
2464.2980,100.8,-16.6,-293.2,9.03,13.49,1
2464.4332,102.9,-23.5,-291.3,12.35,13.49,1
2464.5693,106.1,-21.5,-295.2,11.07,13.49,1
2464.7058,101.9,-19.5,-295.2,10.53,13.47,1
2464.8391,105.0,-21.5,-296.1,11.22,13.46,1
2464.9664,102.9,-20.5,-292.2,10.96,13.37,1
2465.1034,105.0,-20.5,-294.2,10.73,13.35,1
2465.2362,104.0,-21.5,-296.1,11.31,13.35,1
2465.3732,102.9,-23.5,-296.1,12.39,13.35,1
2465.5112,101.9,-24.4,-297.1,13.01,13.36,1
2465.6438,101.9,-20.5,-294.2,11.03,13.35,1
2465.7789,105.0,-26.4,-295.2,13.79,13.37,1
2465.9161,105.0,-21.5,-293.2,11.41,13.37,1
2466.0524,99.8,-25.4,-293.2,13.91,13.38,1
2466.1884,105.0,-19.5,-296.1,10.36,13.36,1
2466.3253,104.0,-20.5,-294.2,10.92,13.35,1
2466.4606,104.0,-22.5,-298.1,11.92,13.34,1
2466.5943,106.1,-20.5,-293.2,10.78,13.33,1
2466.7308,101.9,-19.5,-295.2,10.63,13.31,1
2466.8667,105.0,-24.4,-298.1,12.73,13.32,1
2467.0050,106.1,-19.5,-296.1,10.22,13.31,1
2467.1405,108.2,-25.4,-294.2,12.86,13.32,1
2467.2763,102.9,-23.5,-296.1,12.47,13.32,1
2467.4106,102.9,-22.5,-295.2,11.97,13.32,1
2467.5468,104.0,-23.5,-292.2,12.33,13.33,1
2467.6818,107.1,-22.5,-296.1,11.51,13.33,1
2467.8181,108.2,-22.5,-295.2,11.36,13.33,1
2467.9558,100.8,-17.6,-298.1,9.64,13.31,1
2468.0901,102.9,-20.5,-294.2,11.15,13.30,1
2468.2286,102.9,-21.5,-293.2,11.62,13.29,1
2468.3607,102.9,-23.5,-292.2,12.58,13.30,1
2468.4958,105.0,-21.5,-297.1,11.43,13.29,1
2468.6326,104.0,-20.5,-289.3,11.02,13.27,1
2468.7681,105.0,-25.4,-297.1,13.24,13.28,1
2468.9035,100.8,-21.5,-298.1,11.77,13.28,1
2469.0284,105.0,-22.5,-298.1,11.77,13.27,1
2469.1628,102.9,-22.5,-294.2,11.91,13.27,1
2469.2991,101.9,-26.4,-295.2,13.95,13.28,1
2469.4357,100.8,-23.5,-296.1,12.58,13.26,1
2469.5720,100.8,-17.6,-296.1,9.58,13.24,1
2469.7048,104.0,-19.5,-293.2,10.32,13.23,1
2469.8413,105.0,-20.5,-299.1,10.69,13.22,1
2469.9815,104.0,-23.5,-297.1,12.19,13.24,1
2470.1146,110.3,-23.5,-297.1,11.57,13.23,1
2470.2516,105.0,-19.5,-298.1,10.14,13.22,1
2470.3891,101.9,-24.4,-296.1,12.87,13.22,1
2470.5218,101.9,-22.5,-298.1,11.84,13.22,1
2470.6566,104.0,-16.6,-298.1,8.73,13.19,1
2470.7929,99.8,-22.5,-296.1,12.05,13.20,1
2470.9334,101.9,-20.5,-296.1,10.74,13.19,1
2471.0525,106.1,-24.4,-294.2,12.21,13.16,1
2471.1894,106.1,-21.5,-295.2,10.80,13.14,1
2471.3245,105.0,-21.5,-294.2,10.90,13.13,1
2471.4583,108.2,-23.5,-293.2,11.55,13.12,1
2471.5949,104.0,-22.5,-295.2,11.48,13.12,1
2471.7297,106.1,-21.5,-294.2,10.83,13.11,1
2471.8644,104.0,-22.5,-297.1,11.46,13.10,1
2471.9924,108.2,-20.5,-299.1,10.11,13.09,1
2472.1278,102.9,-21.5,-297.1,11.05,13.08,1
2472.2610,101.9,-23.5,-295.2,12.10,13.06,1
2472.3974,100.8,-22.5,-296.1,11.66,13.05,1
2472.5351,102.9,-18.6,-293.2,9.58,13.03,1
2472.6677,100.8,-23.5,-293.2,12.25,13.03,1
2472.8046,104.0,-22.5,-292.2,11.41,13.01,1
2472.9446,99.8,-18.6,-294.2,9.87,13.00,1
2473.0802,104.0,-23.5,-298.1,11.89,13.01,1
2473.2143,105.0,-24.4,-300.0,12.24,13.01,1
2473.3509,105.0,-22.5,-297.1,11.38,13.02,1
2473.4863,107.1,-19.5,-293.2,9.82,13.01,1
2473.6198,105.0,-25.4,-295.2,12.84,13.02,1
2473.7564,107.1,-21.5,-293.2,10.77,13.01,1
2473.8927,104.0,-22.5,-297.1,11.57,12.98,1
2474.0309,102.9,-20.5,-295.2,10.74,12.97,1
2474.1662,101.9,-22.5,-297.1,11.84,12.96,1
2474.3016,104.0,-18.6,-294.2,9.66,12.91,1
2474.4383,104.0,-23.5,-295.2,11.77,12.91,1
2474.5722,104.0,-23.5,-295.2,11.77,12.94,1
2474.7072,104.0,-23.5,-296.1,11.75,12.93,1
2474.8435,100.8,-17.6,-298.1,9.10,12.91,1
2474.9815,105.0,-20.5,-296.1,10.22,12.90,1
2475.1168,109.2,-25.4,-296.1,12.17,12.89,1
2475.2556,102.9,-21.5,-298.1,10.95,12.89,1
2475.3897,100.8,-24.4,-293.2,12.64,12.87,1
2475.5251,105.0,-21.5,-295.2,10.76,12.86,1
2475.6621,104.0,-21.5,-293.2,10.89,12.85,1
2475.8000,100.8,-17.6,-296.1,9.16,12.81,1
2475.9368,104.0,-18.6,-295.2,9.11,12.79,1
2476.0585,105.0,-22.5,-298.1,10.88,12.79,1
2476.1954,101.9,-23.5,-294.2,11.70,12.79,1
2476.3293,98.7,-19.5,-298.1,10.00,12.78,1
2476.4647,104.0,-22.5,-294.2,11.02,12.79,1
2476.6014,102.9,-22.5,-294.2,11.12,12.78,1
2476.7356,104.0,-22.5,-299.1,10.92,12.79,1
2476.8712,104.0,-20.5,-295.2,10.02,12.77,1
2476.9973,106.1,-16.6,-297.1,7.98,12.74,1
2477.1291,104.0,-24.4,-292.2,12.01,12.71,1
2477.2641,105.0,-25.4,-292.2,12.43,12.69,1
2477.4008,102.9,-20.5,-290.3,10.30,12.67,1
2477.5347,100.8,-23.5,-295.2,12.02,12.67,1
2477.6709,105.0,-18.6,-294.2,9.23,12.67,1
2477.8059,106.1,-27.4,-298.1,13.10,12.69,1
2477.9480,100.8,-22.5,-292.2,11.27,12.68,1
2478.0686,102.9,-18.6,-292.2,8.84,12.65,1
2478.2036,102.9,-19.5,-294.2,9.36,12.64,1
2478.3406,105.0,-20.5,-295.2,9.73,12.62,1
2478.4763,99.8,-21.5,-294.2,10.72,12.61,1
2478.6101,104.0,-21.5,-298.1,10.29,12.60,1
2478.7455,105.0,-18.6,-296.1,8.82,12.58,1
2478.8786,102.9,-21.5,-294.2,10.46,12.56,1
2479.0078,105.0,-19.5,-296.1,9.40,12.56,1
2479.1431,98.7,-19.5,-297.1,9.97,12.53,1
2479.2778,101.9,-24.4,-297.1,12.12,12.54,1
2479.4147,102.9,-22.5,-296.1,11.15,12.53,1
2479.5509,101.9,-21.5,-299.1,10.90,12.52,1
2479.6853,104.0,-20.5,-292.2,10.37,12.51,1
2479.8223,106.1,-21.5,-299.1,10.66,12.50,1
2479.9611,105.0,-22.5,-294.2,11.35,12.50,1
2480.0977,104.0,-22.5,-294.2,11.52,12.50,1
2480.2322,104.0,-16.6,-294.2,8.67,12.47,1
2480.3674,104.0,-24.4,-301.0,12.61,12.47,1
2480.5042,98.7,-21.5,-301.0,11.69,12.47,1
2480.6395,102.9,-22.5,-297.1,11.76,12.47,1
2480.7745,106.1,-20.5,-296.1,10.44,12.45,1
2480.9120,104.0,-21.5,-299.1,11.19,12.41,1
2481.0500,98.7,-25.4,-293.2,13.76,12.44,1
2481.1853,101.9,-19.5,-292.2,10.44,12.42,1
2481.3220,101.9,-25.4,-291.3,13.41,12.44,1
2481.4584,104.0,-25.4,-292.2,13.20,12.42,1
2481.5911,102.9,-22.5,-296.1,11.87,12.42,1
2481.7271,104.0,-18.6,-298.1,9.79,12.41,1
2481.8640,102.9,-20.5,-295.2,10.92,12.40,1
2482.0009,101.9,-22.5,-293.2,12.03,12.42,1
2482.1359,106.1,-24.4,-296.1,12.53,12.43,1
2482.2739,101.9,-24.4,-294.2,13.00,12.45,1
2482.4068,108.2,-19.5,-296.1,9.95,12.43,1
2482.5436,100.8,-19.5,-293.2,10.68,12.41,1
2482.6800,104.0,-20.5,-294.2,10.86,12.41,1
2482.8165,102.9,-22.5,-296.1,11.70,12.41,1
2482.9547,107.1,-21.5,-295.2,10.82,12.40,1
2483.0778,101.9,-20.5,-295.2,10.86,12.40,1
2483.2137,104.0,-21.5,-291.3,11.07,12.38,1
2483.3478,106.1,-20.5,-297.1,10.39,12.36,1
2483.4845,108.2,-18.6,-298.1,9.29,12.33,1
2483.6197,98.7,-20.5,-296.1,11.14,12.34,1
2483.7543,100.8,-21.5,-296.1,11.48,12.34,1
2483.8792,104.0,-20.5,-294.2,10.71,12.33,1
2484.0167,101.9,-24.4,-298.1,12.85,12.34,1
2484.1503,102.9,-20.5,-295.2,10.84,12.33,1
2484.2880,99.8,-23.5,-297.1,12.78,12.34,1
2484.4241,106.1,-24.4,-294.2,12.55,12.34,1
2484.5569,100.8,-23.5,-290.3,12.65,12.34,1
2484.6936,105.0,-18.6,-297.1,9.69,12.32,1
2484.8303,98.7,-21.5,-296.1,11.82,12.40,1
2484.9708,104.0,-21.5,-295.2,11.29,12.40,1
2485.0899,105.0,-22.5,-295.2,11.66,12.41,1
2485.2270,102.9,-24.4,-296.1,12.84,12.40,1
2485.3622,101.9,-22.5,-299.1,12.03,12.37,1
2485.4959,102.9,-21.5,-296.1,11.40,12.37,1
2485.6326,106.1,-20.5,-296.1,10.59,12.35,1
2485.7680,102.9,-23.5,-296.1,12.24,12.36,1
2485.9013,104.0,-20.5,-292.2,10.70,12.34,1
2486.0295,104.0,-21.5,-296.1,11.16,12.34,1
2486.1632,104.0,-25.4,-296.1,13.13,12.35,1
2486.2977,100.8,-23.5,-295.2,12.53,12.36,1
2486.4346,106.1,-20.5,-295.2,10.54,12.35,1
2486.5696,105.0,-16.6,-298.1,8.70,12.32,1
2486.7030,102.9,-24.4,-297.1,12.74,12.33,1
2486.8398,102.9,-19.5,-295.2,10.31,12.31,1
2486.9786,104.0,-22.5,-299.1,11.68,12.34,1
2487.1151,104.0,-21.5,-296.1,11.20,12.33,1
2487.2495,102.9,-21.5,-294.2,11.33,12.33,1
2487.3846,107.1,-25.4,-293.2,12.80,12.33,1
2487.5215,104.0,-22.5,-295.2,11.74,12.34,1
2487.6569,104.0,-20.5,-293.2,10.77,12.33,1
2487.7919,104.0,-22.5,-298.1,11.76,12.32,1
2487.9295,100.8,-20.5,-294.2,11.08,12.33,1
2488.0673,104.0,-26.4,-295.2,13.64,12.35,1
2488.2042,104.0,-20.5,-299.1,10.80,12.34,1
2488.3414,107.1,-22.5,-295.2,11.33,12.33,1
2488.4780,101.9,-16.6,-296.1,8.88,12.31,1
2488.6107,106.1,-21.5,-297.1,10.89,12.30,1
2488.7468,106.1,-21.5,-295.2,10.86,12.29,1
2488.8837,101.9,-22.5,-296.1,11.73,12.29,1
2489.0190,104.0,-22.5,-299.1,11.55,12.29,1
2489.1553,102.9,-26.4,-295.2,13.63,12.31,1
2489.2905,105.0,-16.6,-294.2,8.59,12.29,1
2489.4234,100.8,-21.5,-300.0,11.42,12.28,1
2489.5601,105.0,-21.5,-299.1,11.00,12.28,1
2489.6965,101.9,-21.5,-296.1,11.28,12.26,1
2489.8334,104.0,-23.5,-297.1,12.01,12.29,1
2489.9716,98.7,-16.6,-297.1,9.05,12.27,1
2490.0952,102.9,-19.5,-298.1,10.19,12.26,1
2490.2320,98.7,-19.5,-292.2,10.62,12.25,1
2490.3665,100.8,-19.5,-296.1,10.17,12.25,1
2490.5034,104.0,-21.5,-293.2,10.95,12.24,1
2490.6391,101.9,-22.5,-295.2,11.64,12.24,1
2490.7737,107.1,-19.5,-298.1,9.74,12.22,1
2490.8986,101.9,-19.5,-294.2,10.23,12.29,1
2491.0376,102.9,-21.5,-294.2,11.11,12.28,1
2491.1706,102.9,-22.5,-292.2,11.54,12.28,1
2491.3077,108.2,-21.5,-297.1,10.61,12.27,1
2491.4441,102.9,-24.4,-298.1,12.56,12.28,1
2491.5767,105.0,-19.5,-293.2,10.02,12.23,1
2491.7132,99.8,-24.4,-292.2,12.98,12.24,1
2491.8485,98.7,-24.4,-298.1,13.10,12.23,1
2491.9907,105.0,-19.5,-298.1,10.08,12.22,1
2492.1226,99.8,-19.5,-298.1,10.64,12.21,1
2492.2582,99.8,-19.5,-297.1,10.67,12.20,1
2492.3950,101.9,-20.5,-299.1,10.95,12.20,1
2492.5303,106.1,-20.5,-298.1,10.51,12.19,1
2492.6652,104.0,-20.5,-295.2,10.69,12.17,1
2492.8030,102.9,-18.6,-298.1,9.80,12.15,1
2492.9385,98.7,-26.4,-293.2,14.14,12.16,1
2493.0605,101.9,-24.4,-296.1,12.84,12.20,1
2493.1969,99.8,-21.5,-298.1,11.61,12.20,1
2493.3313,110.3,-22.5,-293.2,11.06,12.18,1
2493.4664,100.8,-19.5,-296.1,10.51,12.17,1
2493.6026,107.1,-23.5,-293.2,11.77,12.18,1
2493.7392,104.0,-20.5,-298.1,10.65,12.20,1
2493.8726,101.9,-21.5,-291.3,11.36,12.15,1
2494.0000,98.7,-20.5,-290.3,11.19,12.15,1
2494.1362,110.3,-25.4,-294.2,12.42,12.11,1
2494.2691,104.0,-22.5,-297.1,11.32,12.10,1
2494.4060,101.9,-21.5,-298.1,11.06,12.11,1
2494.5431,99.8,-21.5,-296.1,11.25,12.10,1
2494.6776,105.0,-20.5,-296.1,10.24,12.08,1
2494.8126,101.9,-20.5,-298.1,10.53,12.07,1
2494.9529,102.9,-20.5,-299.1,10.50,12.06,1
2495.0848,105.0,-20.5,-290.3,10.33,12.02,1
2495.2219,100.8,-22.5,-298.1,11.67,12.02,1
2495.3587,104.0,-20.5,-294.2,10.45,12.01,1
2495.4938,104.0,-20.5,-294.2,10.34,12.00,1
2495.6279,101.9,-25.4,-294.2,12.98,12.01,1
2495.7656,99.8,-21.5,-296.1,11.26,12.01,1
2495.9016,106.1,-21.5,-294.2,10.66,12.00,1
2496.0401,102.9,-23.5,-293.2,11.95,12.02,1
2496.1742,101.9,-22.5,-295.2,11.54,12.01,1
2496.3122,105.0,-22.5,-297.1,11.23,12.00,1
2496.4444,104.0,-22.5,-296.1,11.34,11.99,1
2496.5805,104.0,-21.5,-297.1,10.87,11.99,1
2496.7158,101.9,-21.5,-293.2,11.06,11.97,1
2496.8528,106.1,-19.5,-298.1,9.71,11.95,1
2496.9908,102.9,-22.5,-297.1,11.44,11.95,1
2497.1262,101.9,-24.4,-294.2,12.55,11.96,1
2497.2636,107.1,-22.5,-298.1,11.31,11.95,1
2497.3991,105.0,-24.4,-295.2,12.54,11.96,1
2497.5341,101.9,-20.5,-293.2,10.94,11.97,1
2497.6710,107.1,-22.5,-292.2,11.45,11.96,1
2497.8049,100.8,-21.5,-295.2,11.61,11.96,1
2497.9435,100.8,-20.5,-296.1,11.14,11.95,1
2498.0662,102.9,-22.5,-290.3,11.90,11.95,1
2498.2008,101.9,-22.5,-295.2,12.00,11.95,1
2498.3357,106.1,-23.5,-296.1,12.02,11.96,1
2498.4739,105.0,-18.6,-296.1,9.73,11.94,1
2498.6104,101.9,-23.5,-295.2,12.41,11.99,1
2498.7431,99.8,-20.5,-295.2,11.19,11.98,1
2498.8804,105.0,-18.6,-299.1,9.76,11.96,1
2499.0089,107.1,-19.5,-294.2,10.04,11.95,1
2499.1402,106.1,-20.5,-297.1,10.62,11.94,1
2499.2775,101.9,-21.5,-294.2,11.53,11.94,1
2499.4143,101.9,-19.5,-299.1,10.56,11.93,1
2499.5482,102.9,-18.6,-292.2,10.02,11.92,1
2499.6833,100.8,-23.5,-292.2,12.68,11.93,1
2499.8203,102.9,-20.5,-297.1,10.96,11.92,1
2499.9572,105.0,-21.5,-296.1,11.23,11.90,1
2500.0806,107.1,-20.5,-295.2,10.57,11.84,1
2500.2173,102.9,-22.5,-296.1,11.94,11.85,1
2500.3501,105.0,-21.5,-298.1,11.22,11.84,1
2500.4856,101.9,-23.5,-295.2,12.39,11.84,1
2500.6238,98.7,-22.5,-300.0,12.24,11.83,1
2500.7580,106.1,-21.5,-298.1,11.01,11.81,1
2500.8913,99.8,-19.5,-294.2,10.86,11.81,1
2501.0184,100.8,-18.6,-298.1,10.24,11.80,1
2501.1539,99.8,-20.5,-291.3,11.32,11.79,1
2501.2866,98.7,-21.5,-298.1,11.94,11.80,1
2501.4234,102.9,-21.5,-294.2,11.51,11.79,1
2501.5603,105.0,-26.4,-298.1,13.62,11.80,1
2501.6942,104.0,-21.5,-299.1,11.34,11.80,1
2501.8296,108.2,-23.5,-298.1,11.84,11.81,1
2501.9700,101.9,-22.5,-293.2,12.01,11.81,1
2502.1031,101.9,-21.5,-298.1,11.45,11.81,1
2502.2399,100.8,-22.5,-295.2,12.08,11.81,1
2502.3769,100.8,-18.6,-296.1,10.09,11.80,1
2502.5119,100.8,-22.5,-298.1,12.04,11.80,1
2502.6443,105.0,-23.5,-292.2,12.17,11.81,1
2502.7821,104.0,-22.5,-292.2,11.80,11.81,1
2502.9180,105.0,-21.5,-296.1,11.24,11.84,1
2503.0543,109.2,-21.5,-294.2,10.89,11.84,1
2503.1911,101.9,-22.5,-297.1,12.09,11.84,1
2503.3284,99.8,-22.5,-294.2,12.29,11.84,1
2503.4628,102.9,-19.5,-296.1,10.46,11.83,1
2503.5990,102.9,-19.5,-296.1,10.44,11.81,1
2503.7343,107.1,-21.5,-295.2,10.95,11.80,1
2503.8710,104.0,-22.5,-293.2,11.71,11.82,1
2503.9953,100.8,-20.5,-296.1,11.02,11.80,1
2504.1302,102.9,-21.5,-294.2,11.32,11.79,1
2504.2673,106.1,-19.5,-297.1,10.10,11.78,1
2504.4029,105.0,-20.5,-296.1,10.66,11.76,1
2504.5367,104.0,-23.5,-299.1,12.24,11.67,1
2504.6719,104.0,-24.4,-297.1,12.71,11.68,1
2504.8046,105.0,-17.6,-294.2,9.25,11.66,1
2504.9462,104.0,-20.5,-297.1,10.78,11.66,1
2505.0818,105.0,-18.6,-296.1,9.77,11.64,1
2505.2165,101.9,-22.5,-293.2,11.98,11.65,1
2505.3529,104.0,-22.5,-297.1,11.74,11.66,1
2505.4897,101.9,-27.4,-293.2,14.43,11.69,1
2505.6264,109.2,-23.5,-297.1,11.73,11.68,1
2505.7606,100.8,-20.5,-299.1,11.12,11.67,1
2505.8963,106.1,-22.5,-297.1,11.54,11.66,1
2506.0246,106.1,-20.5,-297.1,10.60,11.70,1
2506.1567,99.8,-23.5,-297.1,12.72,11.70,1
2506.2922,105.0,-22.5,-293.2,11.66,11.70,1
2506.4290,102.9,-18.6,-296.1,9.94,11.68,1
2506.5644,104.0,-24.4,-295.2,12.73,11.69,1
2506.6993,100.8,-17.6,-298.1,9.60,11.67,1
2506.8364,105.0,-24.4,-293.2,12.66,11.68,1
2506.9742,102.9,-21.5,-298.1,11.42,11.68,1
2507.0962,101.9,-19.5,-299.1,10.51,11.67,1
2507.2324,106.1,-19.5,-297.1,10.12,11.66,1
2507.3669,110.3,-20.5,-296.1,10.27,11.65,1
2507.5015,110.3,-21.5,-294.2,10.76,11.65,1
2507.6398,100.8,-22.5,-291.3,12.14,11.66,1
2507.7762,102.9,-20.5,-295.2,10.94,11.65,1
2507.9095,105.0,-21.5,-298.1,11.15,11.65,1
2508.0347,104.0,-24.4,-295.2,12.70,11.66,1
2508.1729,102.9,-22.5,-295.2,11.77,11.65,1
2508.3058,102.9,-21.5,-298.1,11.28,11.65,1
2508.4412,105.0,-20.5,-294.2,10.34,11.63,1
2508.5779,99.8,-20.5,-295.2,10.84,11.62,1
2508.7130,105.0,-23.5,-295.2,11.74,11.63,1
2508.8484,104.0,-18.6,-293.2,9.42,11.61,1
2508.9892,102.9,-18.6,-295.2,9.54,11.60,1
2509.1215,107.1,-24.4,-293.2,12.05,11.60,1
2509.2583,104.0,-20.5,-298.1,10.44,11.59,1
2509.3946,105.0,-20.5,-292.2,10.34,11.59,1
2509.5292,101.9,-25.4,-294.2,13.02,11.60,1
2509.6633,102.9,-19.5,-296.1,10.02,11.59,1
2509.8014,102.9,-21.5,-300.0,11.03,11.59,1
2509.9390,101.9,-24.4,-293.2,12.64,11.60,1
2510.0724,101.9,-21.5,-295.2,11.15,11.59,1
2510.2096,101.9,-19.5,-295.2,10.14,11.57,1
2510.3477,102.9,-19.5,-298.1,10.02,11.55,1
2510.4804,101.9,-26.4,-294.2,13.58,11.58,1
2510.6170,97.7,-19.5,-297.1,10.56,11.57,1
2510.7536,100.8,-22.5,-298.1,11.74,11.57,1
2510.8906,100.8,-21.5,-292.2,11.03,11.55,1
2511.0151,98.7,-18.6,-295.2,9.74,11.54,1
2511.1493,105.0,-19.5,-296.1,9.67,11.52,1
2511.2845,105.0,-19.5,-289.3,9.75,11.50,1
2511.4185,96.6,-20.5,-296.1,10.95,11.49,1
2511.5552,102.9,-23.5,-295.2,11.89,11.51,1
2511.6901,101.9,-18.6,-297.1,9.58,11.50,1
2511.8247,107.1,-21.5,-294.2,10.64,11.49,1
2511.9665,106.1,-22.5,-294.2,11.27,11.49,1
2512.0884,105.0,-25.4,-295.2,12.83,11.50,1
2512.2232,102.9,-21.5,-297.1,11.19,11.49,1
2512.3603,102.9,-22.5,-295.2,11.70,11.49,1
2512.4954,102.9,-24.4,-295.2,12.70,11.50,1
2512.6292,99.8,-19.5,-294.2,10.57,11.51,1
2512.7661,106.1,-17.6,-295.2,9.03,11.48,1
2512.9013,105.0,-23.5,-296.1,12.03,11.50,1
2513.0412,99.8,-19.5,-293.2,10.58,11.49,1
2513.1756,102.9,-18.6,-294.2,9.81,11.48,1
2513.3110,101.9,-21.5,-297.1,11.40,11.48,1
2513.4477,105.0,-23.5,-298.1,12.05,11.49,1
2513.5829,102.9,-18.6,-293.2,9.81,11.48,1
2513.7178,106.1,-16.6,-295.2,8.57,11.46,1
2513.8551,98.7,-21.5,-297.1,11.70,11.47,1
2513.9931,102.9,-23.5,-293.2,12.22,11.46,1
2514.1286,101.9,-18.6,-293.2,9.90,11.44,1
2514.2650,107.1,-23.5,-293.2,11.82,11.45,1
2514.4012,106.1,-23.5,-297.1,11.91,11.44,1
2514.5340,100.8,-21.5,-297.1,11.49,11.45,1
2514.6591,105.0,-20.5,-294.2,10.59,11.44,1
2514.7956,94.5,-18.6,-294.2,10.55,11.43,1
2514.9323,104.0,-19.5,-295.2,10.23,11.42,1
2515.0556,101.9,-21.5,-293.2,11.34,11.41,1
2515.1936,99.8,-24.4,-297.1,13.09,11.40,1
2515.3261,102.9,-19.5,-295.2,10.25,11.40,1
2515.4630,100.8,-18.6,-296.1,9.98,11.39,1
2515.5996,102.9,-17.6,-299.1,9.23,11.39,1
2515.7348,106.1,-24.4,-296.1,12.22,11.38,1
2515.8703,104.0,-20.5,-297.1,10.60,11.37,1
2515.9972,101.9,-17.6,-296.1,9.34,11.35,1
2516.1294,102.9,-21.5,-292.2,11.24,11.34,1
2516.2670,105.0,-22.5,-293.2,11.70,11.34,1
2516.4030,100.8,-22.5,-299.1,12.12,11.35,1
2516.5373,106.1,-22.5,-294.2,11.58,11.34,1
2516.6735,100.8,-20.5,-295.2,11.14,11.35,1
2516.8086,105.0,-20.5,-296.1,10.96,11.34,1
2516.9485,100.8,-22.5,-298.1,12.35,11.35,1
2517.0691,101.9,-22.5,-295.2,12.28,11.36,1
2517.2042,101.9,-20.5,-298.1,11.31,11.35,1
2517.3425,105.0,-19.5,-296.1,10.50,11.34,1
2517.4767,100.8,-21.5,-297.1,11.93,11.35,1
2517.6113,106.1,-23.5,-295.2,12.26,11.35,1
2517.7481,99.8,-23.5,-296.1,12.94,11.36,1
2517.8841,101.9,-19.5,-300.0,10.70,11.26,1
2518.0216,101.9,-19.5,-302.0,10.68,11.26,1
2518.1579,105.0,-20.5,-299.1,10.88,11.25,1
2518.2923,102.9,-21.5,-297.1,11.63,11.25,1
2518.4284,104.0,-20.5,-299.1,11.04,11.24,1
2518.5653,105.0,-22.5,-294.2,11.89,11.24,1
2518.7018,100.8,-21.5,-296.1,11.83,11.25,1
2518.8349,98.7,-16.6,-301.0,9.47,11.24,1
2518.9749,100.8,-24.4,-290.3,13.24,11.26,1
2519.1116,101.9,-22.5,-295.2,11.83,11.25,1
2519.2448,100.8,-22.5,-297.1,11.99,11.26,1
2519.3818,102.9,-21.5,-297.1,11.25,11.26,1
2519.5197,106.1,-18.6,-294.2,9.51,11.21,1
2519.6522,107.1,-21.5,-292.2,10.84,11.21,1
2519.7890,105.0,-18.6,-296.1,9.56,11.19,1
2519.9257,104.0,-20.5,-294.2,10.58,11.18,1
2520.0654,106.1,-16.6,-297.1,8.41,11.16,1
2520.1995,108.2,-16.6,-297.1,8.28,11.15,1
2520.3363,101.9,-19.5,-298.1,10.25,11.15,1
2520.4716,105.0,-18.6,-297.1,9.47,11.13,1
2520.6053,98.7,-20.5,-295.2,11.06,11.14,1
2520.7417,101.9,-19.5,-295.2,10.26,11.10,1
2520.8776,104.0,-22.5,-294.2,11.56,11.11,1
2521.0158,104.0,-17.6,-294.2,9.14,11.09,1
2521.1510,104.0,-21.5,-293.2,11.08,11.08,1
2521.2863,98.7,-23.5,-290.3,12.67,11.10,1
2521.4231,105.0,-22.5,-295.2,11.47,11.09,1
2521.5569,102.9,-23.5,-291.3,12.20,11.10,1
2521.6919,104.0,-20.5,-296.1,10.68,11.09,1
2521.8285,106.1,-21.5,-300.0,10.92,11.10,1
2521.9662,100.8,-21.5,-299.1,11.51,11.10,1
2522.1004,101.9,-23.5,-294.2,12.47,11.11,1
2522.2380,102.9,-20.5,-296.1,10.85,11.10,1
2522.3698,100.8,-24.4,-299.1,13.00,11.12,1
2522.5048,95.6,-22.5,-295.2,12.61,11.14,1
2522.6414,105.0,-18.6,-290.3,9.64,11.13,1
2522.7792,106.1,-21.5,-294.2,10.95,11.13,1
2522.9127,105.0,-23.5,-290.3,12.02,11.03,1
2523.0396,104.0,-19.5,-296.1,10.23,11.03,1
2523.1737,98.7,-15.6,-297.1,8.72,11.01,1
2523.3078,99.8,-20.5,-297.1,11.17,11.04,1
2523.4446,102.9,-21.5,-294.2,11.33,11.05,1
2523.5812,101.9,-24.4,-295.2,12.86,11.06,1
2523.7139,104.0,-23.5,-298.1,12.13,11.03,1
2523.8506,102.9,-22.5,-294.2,11.75,11.04,1
2523.9910,106.1,-22.5,-299.1,11.41,11.04,1
2524.1222,106.1,-19.5,-295.2,9.98,11.02,1
2524.2594,107.1,-21.5,-294.2,10.87,11.02,1
2524.3851,107.1,-20.5,-295.2,10.39,11.02,1
2524.5165,109.2,-22.5,-294.2,11.11,11.02,1
2524.6514,101.9,-17.6,-298.1,9.35,11.00,1
2524.7885,104.0,-26.4,-297.1,13.52,11.02,1
2524.9268,100.8,-19.5,-293.2,10.41,11.01,1
2525.0618,97.7,-23.5,-297.1,12.70,11.03,1
2525.1985,106.1,-20.5,-294.2,10.42,11.01,1
2525.3352,106.1,-20.5,-294.2,10.39,11.01,1
2525.4693,102.9,-21.5,-295.2,11.17,11.01,1
2525.6064,100.8,-22.5,-292.2,11.87,11.01,1
2525.7429,102.9,-21.5,-294.2,11.24,11.02,1
                                                                                                                                                                                                                                                                                                                                                                                                                                                                                                                                                                                                                                                                                                                                                                                                                                                                                                                                                                                                                                                                                                                                                                                                                                                                                                                                                                                                                                                                                                                                                                                                                                                                                                                                                                         